ts,url,credits_used,cost_usd,key_remaining_credits,key_remaining_usd
2026-09-28T11:30:00Z,probe: /rate-limit x3 + sample per_page=200 test,1,0.0001,8297,0.8297
2026-09-28T11:30:10Z,probe: title_and_abstract.search group_by test,1,0.0001,8296,0.8296
2026-09-28T11:31:00Z,probe: .no_stem (400 error) + .exact group_by test,1,0.0001,,
2026-09-28T11:26:14.850095+00:00,"https://api.openalex.org/works?filter=has_abstract:true,language:en,type:article|review,publication_year:1995&group_by=primary_topic.field.id",1,0.0001,8288,0.8288
2026-09-28T11:26:14.873311+00:00,"https://api.openalex.org/works?filter=has_abstract:true,language:en,type:article|review,publication_year:1996&group_by=primary_topic.field.id",1,0.0001,8287,0.8287
2026-09-28T11:26:14.919629+00:00,"https://api.openalex.org/works?filter=has_abstract:true,language:en,type:article|review,publication_year:1997&group_by=primary_topic.field.id",1,0.0001,8286,0.8286
2026-09-28T11:26:14.937605+00:00,"https://api.openalex.org/works?filter=has_abstract:true,language:en,type:article|review,publication_year:1999&group_by=primary_topic.field.id",1,0.0001,8284,0.8284
2026-09-28T11:26:14.956159+00:00,"https://api.openalex.org/works?filter=has_abstract:true,language:en,type:article|review,publication_year:1998&group_by=primary_topic.field.id",1,0.0001,8285,0.8285
2026-09-28T11:26:15.021064+00:00,"https://api.openalex.org/works?filter=has_abstract:true,language:en,type:article|review,publication_year:2000&group_by=primary_topic.field.id",1,0.0001,8283,0.8283
2026-09-28T11:26:15.066096+00:00,"https://api.openalex.org/works?filter=has_abstract:true,language:en,type:article|review,publication_year:2001&group_by=primary_topic.field.id",1,0.0001,8282,0.8282
2026-09-28T11:26:15.318171+00:00,"https://api.openalex.org/works?filter=has_abstract:true,language:en,type:article|review,publication_year:2003&group_by=primary_topic.field.id",1,0.0001,8280,0.828
2026-09-28T11:26:15.431031+00:00,"https://api.openalex.org/works?filter=has_abstract:true,language:en,type:article|review,publication_year:2004&group_by=primary_topic.field.id",1,0.0001,8279,0.8279
2026-09-28T11:26:15.476922+00:00,"https://api.openalex.org/works?filter=has_abstract:true,language:en,type:article|review,publication_year:2002&group_by=primary_topic.field.id",1,0.0001,8281,0.8281
2026-09-28T11:26:15.572265+00:00,"https://api.openalex.org/works?filter=has_abstract:true,language:en,type:article|review,publication_year:2005&group_by=primary_topic.field.id",1,0.0001,8278,0.8278
2026-09-28T11:26:15.716447+00:00,"https://api.openalex.org/works?filter=has_abstract:true,language:en,type:article|review,publication_year:2006&group_by=primary_topic.field.id",1,0.0001,8277,0.8277
2026-09-28T11:26:15.932883+00:00,"https://api.openalex.org/works?filter=has_abstract:true,language:en,type:article|review,publication_year:2007&group_by=primary_topic.field.id",1,0.0001,8276,0.8276
2026-09-28T11:26:16.117974+00:00,"https://api.openalex.org/works?filter=has_abstract:true,language:en,type:article|review,publication_year:2008&group_by=primary_topic.field.id",1,0.0001,8275,0.8275
2026-09-28T11:26:16.220734+00:00,"https://api.openalex.org/works?filter=has_abstract:true,language:en,type:article|review,publication_year:2009&group_by=primary_topic.field.id",1,0.0001,8274,0.8274
2026-09-28T11:26:16.368730+00:00,"https://api.openalex.org/works?filter=has_abstract:true,language:en,type:article|review,publication_year:2011&group_by=primary_topic.field.id",1,0.0001,8272,0.8272
2026-09-28T11:26:16.422647+00:00,"https://api.openalex.org/works?filter=has_abstract:true,language:en,type:article|review,publication_year:2010&group_by=primary_topic.field.id",1,0.0001,8273,0.8273
2026-09-28T11:26:16.447094+00:00,"https://api.openalex.org/works?filter=has_abstract:true,language:en,type:article|review,publication_year:2012&group_by=primary_topic.field.id",1,0.0001,8271,0.8271
2026-09-28T11:26:16.522898+00:00,"https://api.openalex.org/works?filter=has_abstract:true,language:en,type:article|review,publication_year:2013&group_by=primary_topic.field.id",1,0.0001,8270,0.827
2026-09-28T11:26:16.752564+00:00,"https://api.openalex.org/works?filter=has_abstract:true,language:en,type:article|review,publication_year:2014&group_by=primary_topic.field.id",1,0.0001,8269,0.8269
2026-09-28T11:26:17.018440+00:00,"https://api.openalex.org/works?filter=has_abstract:true,language:en,type:article|review,publication_year:2016&group_by=primary_topic.field.id",1,0.0001,8267,0.8267
2026-09-28T11:26:17.038176+00:00,"https://api.openalex.org/works?filter=has_abstract:true,language:en,type:article|review,publication_year:2015&group_by=primary_topic.field.id",1,0.0001,8268,0.8268
2026-09-28T11:26:17.992167+00:00,"https://api.openalex.org/works?filter=language:en,type:article|review,publication_year:1995&group_by=has_abstract",1,0.0001,8266,0.8266
2026-09-28T11:26:18.029688+00:00,"https://api.openalex.org/works?filter=language:en,type:article|review,publication_year:1996&group_by=has_abstract",1,0.0001,8265,0.8265
2026-09-28T11:26:18.065436+00:00,"https://api.openalex.org/works?filter=language:en,type:article|review,publication_year:1997&group_by=has_abstract",1,0.0001,8264,0.8264
2026-09-28T11:26:18.087709+00:00,"https://api.openalex.org/works?filter=language:en,type:article|review,publication_year:1998&group_by=has_abstract",1,0.0001,8263,0.8263
2026-09-28T11:26:18.122189+00:00,"https://api.openalex.org/works?filter=language:en,type:article|review,publication_year:1999&group_by=has_abstract",1,0.0001,8262,0.8262
2026-09-28T11:26:18.140184+00:00,"https://api.openalex.org/works?filter=language:en,type:article|review,publication_year:2000&group_by=has_abstract",1,0.0001,8261,0.8261
2026-09-28T11:26:18.170489+00:00,"https://api.openalex.org/works?filter=language:en,type:article|review,publication_year:2001&group_by=has_abstract",1,0.0001,8260,0.826
2026-09-28T11:26:18.256695+00:00,"https://api.openalex.org/works?filter=language:en,type:article|review,publication_year:2002&group_by=has_abstract",1,0.0001,8259,0.8259
2026-09-28T11:26:18.424990+00:00,"https://api.openalex.org/works?filter=language:en,type:article|review,publication_year:2004&group_by=has_abstract",1,0.0001,8257,0.8257
2026-09-28T11:26:18.488507+00:00,"https://api.openalex.org/works?filter=language:en,type:article|review,publication_year:2005&group_by=has_abstract",1,0.0001,8256,0.8256
2026-09-28T11:26:18.525494+00:00,"https://api.openalex.org/works?filter=language:en,type:article|review,publication_year:2003&group_by=has_abstract",1,0.0001,8258,0.8258
2026-09-28T11:26:18.638701+00:00,"https://api.openalex.org/works?filter=language:en,type:article|review,publication_year:2006&group_by=has_abstract",1,0.0001,8255,0.8255
2026-09-28T11:26:18.819657+00:00,"https://api.openalex.org/works?filter=language:en,type:article|review,publication_year:2007&group_by=has_abstract",1,0.0001,8254,0.8254
2026-09-28T11:26:19.119670+00:00,"https://api.openalex.org/works?filter=language:en,type:article|review,publication_year:2008&group_by=has_abstract",1,0.0001,8253,0.8253
2026-09-28T11:26:19.154893+00:00,"https://api.openalex.org/works?filter=language:en,type:article|review,publication_year:2009&group_by=has_abstract",1,0.0001,8252,0.8252
2026-09-28T11:26:19.217405+00:00,"https://api.openalex.org/works?filter=language:en,type:article|review,publication_year:2010&group_by=has_abstract",1,0.0001,8251,0.8251
2026-09-28T11:26:19.328346+00:00,"https://api.openalex.org/works?filter=language:en,type:article|review,publication_year:2011&group_by=has_abstract",1,0.0001,8250,0.825
2026-09-28T11:26:19.585843+00:00,"https://api.openalex.org/works?filter=language:en,type:article|review,publication_year:2012&group_by=has_abstract",1,0.0001,8249,0.8249
2026-09-28T11:26:19.742612+00:00,"https://api.openalex.org/works?filter=language:en,type:article|review,publication_year:2013&group_by=has_abstract",1,0.0001,8248,0.8248
2026-09-28T11:26:19.826422+00:00,"https://api.openalex.org/works?filter=language:en,type:article|review,publication_year:2014&group_by=has_abstract",1,0.0001,8247,0.8247
2026-09-28T11:26:19.848160+00:00,"https://api.openalex.org/works?filter=language:en,type:article|review,publication_year:2015&group_by=has_abstract",1,0.0001,8246,0.8246
2026-09-28T11:26:20.075242+00:00,"https://api.openalex.org/works?filter=language:en,type:article|review,publication_year:2016&group_by=has_abstract",1,0.0001,8245,0.8245
2026-09-28T11:26:21.420223+00:00,"https://api.openalex.org/works?filter=primary_topic.field.id:11,publication_year:2003,has_abstract:true,language:en,type:article|review&sample=150&seed=112003&per_page=150&select=id,doi,display_name,publication_year,publication_date,primary_topic,primary_location,keywords,concepts,abstract_inverted_index,referenced_works_count,authorships",1,0.0001,8244,0.8244
2026-09-28T11:26:21.571532+00:00,"https://api.openalex.org/works?filter=primary_topic.field.id:12,publication_year:2003,has_abstract:true,language:en,type:article|review&sample=150&seed=122003&per_page=150&select=id,doi,display_name,publication_year,publication_date,primary_topic,primary_location,keywords,concepts,abstract_inverted_index,referenced_works_count,authorships",1,0.0001,8243,0.8243
2026-09-28T11:26:21.786034+00:00,"https://api.openalex.org/works?filter=primary_topic.field.id:13,publication_year:2003,has_abstract:true,language:en,type:article|review&sample=150&seed=132003&per_page=150&select=id,doi,display_name,publication_year,publication_date,primary_topic,primary_location,keywords,concepts,abstract_inverted_index,referenced_works_count,authorships",1,0.0001,8242,0.8242
2026-09-28T11:26:21.928550+00:00,"https://api.openalex.org/works?filter=primary_topic.field.id:15,publication_year:2003,has_abstract:true,language:en,type:article|review&sample=150&seed=152003&per_page=150&select=id,doi,display_name,publication_year,publication_date,primary_topic,primary_location,keywords,concepts,abstract_inverted_index,referenced_works_count,authorships",1,0.0001,8240,0.824
2026-09-28T11:26:21.977595+00:00,"https://api.openalex.org/works?filter=primary_topic.field.id:14,publication_year:2003,has_abstract:true,language:en,type:article|review&sample=150&seed=142003&per_page=150&select=id,doi,display_name,publication_year,publication_date,primary_topic,primary_location,keywords,concepts,abstract_inverted_index,referenced_works_count,authorships",1,0.0001,8241,0.8241
2026-09-28T11:26:22.217832+00:00,"https://api.openalex.org/works?filter=primary_topic.field.id:16,publication_year:2003,has_abstract:true,language:en,type:article|review&sample=150&seed=162003&per_page=150&select=id,doi,display_name,publication_year,publication_date,primary_topic,primary_location,keywords,concepts,abstract_inverted_index,referenced_works_count,authorships",1,0.0001,8239,0.8239
2026-09-28T11:26:22.262067+00:00,"https://api.openalex.org/works?filter=primary_topic.field.id:17,publication_year:2003,has_abstract:true,language:en,type:article|review&sample=150&seed=172003&per_page=150&select=id,doi,display_name,publication_year,publication_date,primary_topic,primary_location,keywords,concepts,abstract_inverted_index,referenced_works_count,authorships",1,0.0001,8238,0.8238
2026-09-28T11:26:22.337608+00:00,"https://api.openalex.org/works?filter=primary_topic.field.id:18,publication_year:2003,has_abstract:true,language:en,type:article|review&sample=150&seed=182003&per_page=150&select=id,doi,display_name,publication_year,publication_date,primary_topic,primary_location,keywords,concepts,abstract_inverted_index,referenced_works_count,authorships",1,0.0001,8237,0.8237
2026-09-28T11:26:22.628518+00:00,"https://api.openalex.org/works?filter=primary_topic.field.id:19,publication_year:2003,has_abstract:true,language:en,type:article|review&sample=150&seed=192003&per_page=150&select=id,doi,display_name,publication_year,publication_date,primary_topic,primary_location,keywords,concepts,abstract_inverted_index,referenced_works_count,authorships",1,0.0001,8236,0.8236
2026-09-28T11:26:22.828770+00:00,"https://api.openalex.org/works?filter=primary_topic.field.id:20,publication_year:2003,has_abstract:true,language:en,type:article|review&sample=150&seed=202003&per_page=150&select=id,doi,display_name,publication_year,publication_date,primary_topic,primary_location,keywords,concepts,abstract_inverted_index,referenced_works_count,authorships",1,0.0001,8235,0.8235
2026-09-28T11:26:22.967852+00:00,"https://api.openalex.org/works?filter=primary_topic.field.id:21,publication_year:2003,has_abstract:true,language:en,type:article|review&sample=150&seed=212003&per_page=150&select=id,doi,display_name,publication_year,publication_date,primary_topic,primary_location,keywords,concepts,abstract_inverted_index,referenced_works_count,authorships",1,0.0001,8234,0.8234
2026-09-28T11:26:23.042782+00:00,"https://api.openalex.org/works?filter=primary_topic.field.id:22,publication_year:2003,has_abstract:true,language:en,type:article|review&sample=150&seed=222003&per_page=150&select=id,doi,display_name,publication_year,publication_date,primary_topic,primary_location,keywords,concepts,abstract_inverted_index,referenced_works_count,authorships",1,0.0001,8233,0.8233
2026-09-28T11:26:23.161668+00:00,"https://api.openalex.org/works?filter=primary_topic.field.id:25,publication_year:2003,has_abstract:true,language:en,type:article|review&sample=150&seed=252003&per_page=150&select=id,doi,display_name,publication_year,publication_date,primary_topic,primary_location,keywords,concepts,abstract_inverted_index,referenced_works_count,authorships",1,0.0001,8230,0.823
2026-09-28T11:26:23.282623+00:00,"https://api.openalex.org/works?filter=primary_topic.field.id:23,publication_year:2003,has_abstract:true,language:en,type:article|review&sample=150&seed=232003&per_page=150&select=id,doi,display_name,publication_year,publication_date,primary_topic,primary_location,keywords,concepts,abstract_inverted_index,referenced_works_count,authorships",1,0.0001,8232,0.8232
2026-09-28T11:26:23.585444+00:00,"https://api.openalex.org/works?filter=primary_topic.field.id:24,publication_year:2003,has_abstract:true,language:en,type:article|review&sample=150&seed=242003&per_page=150&select=id,doi,display_name,publication_year,publication_date,primary_topic,primary_location,keywords,concepts,abstract_inverted_index,referenced_works_count,authorships",1,0.0001,8231,0.8231
2026-09-28T11:26:23.656395+00:00,"https://api.openalex.org/works?filter=primary_topic.field.id:26,publication_year:2003,has_abstract:true,language:en,type:article|review&sample=150&seed=262003&per_page=150&select=id,doi,display_name,publication_year,publication_date,primary_topic,primary_location,keywords,concepts,abstract_inverted_index,referenced_works_count,authorships",1,0.0001,8229,0.8229
2026-09-28T11:26:23.789413+00:00,"https://api.openalex.org/works?filter=primary_topic.field.id:29,publication_year:2003,has_abstract:true,language:en,type:article|review&sample=150&seed=292003&per_page=150&select=id,doi,display_name,publication_year,publication_date,primary_topic,primary_location,keywords,concepts,abstract_inverted_index,referenced_works_count,authorships",1,0.0001,8226,0.8226
2026-09-28T11:26:23.890418+00:00,"https://api.openalex.org/works?filter=primary_topic.field.id:27,publication_year:2003,has_abstract:true,language:en,type:article|review&sample=150&seed=272003&per_page=150&select=id,doi,display_name,publication_year,publication_date,primary_topic,primary_location,keywords,concepts,abstract_inverted_index,referenced_works_count,authorships",1,0.0001,8228,0.8228
2026-09-28T11:26:23.955883+00:00,"https://api.openalex.org/works?filter=primary_topic.field.id:28,publication_year:2003,has_abstract:true,language:en,type:article|review&sample=150&seed=282003&per_page=150&select=id,doi,display_name,publication_year,publication_date,primary_topic,primary_location,keywords,concepts,abstract_inverted_index,referenced_works_count,authorships",1,0.0001,8227,0.8227
2026-09-28T11:26:24.317797+00:00,"https://api.openalex.org/works?filter=primary_topic.field.id:30,publication_year:2003,has_abstract:true,language:en,type:article|review&sample=150&seed=302003&per_page=150&select=id,doi,display_name,publication_year,publication_date,primary_topic,primary_location,keywords,concepts,abstract_inverted_index,referenced_works_count,authorships",1,0.0001,8225,0.8225
2026-09-28T11:26:24.483041+00:00,"https://api.openalex.org/works?filter=primary_topic.field.id:31,publication_year:2003,has_abstract:true,language:en,type:article|review&sample=150&seed=312003&per_page=150&select=id,doi,display_name,publication_year,publication_date,primary_topic,primary_location,keywords,concepts,abstract_inverted_index,referenced_works_count,authorships",1,0.0001,8224,0.8224
2026-09-28T11:26:24.544826+00:00,"https://api.openalex.org/works?filter=primary_topic.field.id:32,publication_year:2003,has_abstract:true,language:en,type:article|review&sample=150&seed=322003&per_page=150&select=id,doi,display_name,publication_year,publication_date,primary_topic,primary_location,keywords,concepts,abstract_inverted_index,referenced_works_count,authorships",1,0.0001,8223,0.8223
2026-09-28T11:26:24.651467+00:00,"https://api.openalex.org/works?filter=primary_topic.field.id:33,publication_year:2003,has_abstract:true,language:en,type:article|review&sample=150&seed=332003&per_page=150&select=id,doi,display_name,publication_year,publication_date,primary_topic,primary_location,keywords,concepts,abstract_inverted_index,referenced_works_count,authorships",1,0.0001,8222,0.8222
2026-09-28T11:26:24.927581+00:00,"https://api.openalex.org/works?filter=primary_topic.field.id:34,publication_year:2003,has_abstract:true,language:en,type:article|review&sample=150&seed=342003&per_page=150&select=id,doi,display_name,publication_year,publication_date,primary_topic,primary_location,keywords,concepts,abstract_inverted_index,referenced_works_count,authorships",1,0.0001,8221,0.8221
2026-09-28T11:26:25.150000+00:00,"https://api.openalex.org/works?filter=primary_topic.field.id:35,publication_year:2003,has_abstract:true,language:en,type:article|review&sample=150&seed=352003&per_page=150&select=id,doi,display_name,publication_year,publication_date,primary_topic,primary_location,keywords,concepts,abstract_inverted_index,referenced_works_count,authorships",1,0.0001,8220,0.822
2026-09-28T11:26:25.198179+00:00,"https://api.openalex.org/works?filter=primary_topic.field.id:36,publication_year:2003,has_abstract:true,language:en,type:article|review&sample=150&seed=362003&per_page=150&select=id,doi,display_name,publication_year,publication_date,primary_topic,primary_location,keywords,concepts,abstract_inverted_index,referenced_works_count,authorships",1,0.0001,8219,0.8219
2026-09-28T11:26:25.417950+00:00,"https://api.openalex.org/works?filter=primary_topic.field.id:11,publication_year:2004,has_abstract:true,language:en,type:article|review&sample=150&seed=112004&per_page=150&select=id,doi,display_name,publication_year,publication_date,primary_topic,primary_location,keywords,concepts,abstract_inverted_index,referenced_works_count,authorships",1,0.0001,8218,0.8218
2026-09-28T11:26:25.495897+00:00,"https://api.openalex.org/works?filter=primary_topic.field.id:12,publication_year:2004,has_abstract:true,language:en,type:article|review&sample=150&seed=122004&per_page=150&select=id,doi,display_name,publication_year,publication_date,primary_topic,primary_location,keywords,concepts,abstract_inverted_index,referenced_works_count,authorships",1,0.0001,8217,0.8217
2026-09-28T11:26:25.546480+00:00,"https://api.openalex.org/works?filter=primary_topic.field.id:14,publication_year:2004,has_abstract:true,language:en,type:article|review&sample=150&seed=142004&per_page=150&select=id,doi,display_name,publication_year,publication_date,primary_topic,primary_location,keywords,concepts,abstract_inverted_index,referenced_works_count,authorships",1,0.0001,8215,0.8215
2026-09-28T11:26:25.728729+00:00,"https://api.openalex.org/works?filter=primary_topic.field.id:13,publication_year:2004,has_abstract:true,language:en,type:article|review&sample=150&seed=132004&per_page=150&select=id,doi,display_name,publication_year,publication_date,primary_topic,primary_location,keywords,concepts,abstract_inverted_index,referenced_works_count,authorships",1,0.0001,8216,0.8216
2026-09-28T11:26:25.896467+00:00,"https://api.openalex.org/works?filter=primary_topic.field.id:15,publication_year:2004,has_abstract:true,language:en,type:article|review&sample=150&seed=152004&per_page=150&select=id,doi,display_name,publication_year,publication_date,primary_topic,primary_location,keywords,concepts,abstract_inverted_index,referenced_works_count,authorships",1,0.0001,8214,0.8214
2026-09-28T11:26:26.227745+00:00,"https://api.openalex.org/works?filter=primary_topic.field.id:16,publication_year:2004,has_abstract:true,language:en,type:article|review&sample=150&seed=162004&per_page=150&select=id,doi,display_name,publication_year,publication_date,primary_topic,primary_location,keywords,concepts,abstract_inverted_index,referenced_works_count,authorships",1,0.0001,8213,0.8213
2026-09-28T11:26:26.271480+00:00,"https://api.openalex.org/works?filter=primary_topic.field.id:17,publication_year:2004,has_abstract:true,language:en,type:article|review&sample=150&seed=172004&per_page=150&select=id,doi,display_name,publication_year,publication_date,primary_topic,primary_location,keywords,concepts,abstract_inverted_index,referenced_works_count,authorships",1,0.0001,8212,0.8212
2026-09-28T11:26:26.387648+00:00,"https://api.openalex.org/works?filter=primary_topic.field.id:18,publication_year:2004,has_abstract:true,language:en,type:article|review&sample=150&seed=182004&per_page=150&select=id,doi,display_name,publication_year,publication_date,primary_topic,primary_location,keywords,concepts,abstract_inverted_index,referenced_works_count,authorships",1,0.0001,8211,0.8211
2026-09-28T11:26:26.695603+00:00,"https://api.openalex.org/works?filter=primary_topic.field.id:20,publication_year:2004,has_abstract:true,language:en,type:article|review&sample=150&seed=202004&per_page=150&select=id,doi,display_name,publication_year,publication_date,primary_topic,primary_location,keywords,concepts,abstract_inverted_index,referenced_works_count,authorships",1,0.0001,8209,0.8209
2026-09-28T11:26:26.776969+00:00,"https://api.openalex.org/works?filter=primary_topic.field.id:19,publication_year:2004,has_abstract:true,language:en,type:article|review&sample=150&seed=192004&per_page=150&select=id,doi,display_name,publication_year,publication_date,primary_topic,primary_location,keywords,concepts,abstract_inverted_index,referenced_works_count,authorships",1,0.0001,8210,0.821
2026-09-28T11:26:26.864612+00:00,"https://api.openalex.org/works?filter=primary_topic.field.id:21,publication_year:2004,has_abstract:true,language:en,type:article|review&sample=150&seed=212004&per_page=150&select=id,doi,display_name,publication_year,publication_date,primary_topic,primary_location,keywords,concepts,abstract_inverted_index,referenced_works_count,authorships",1,0.0001,8208,0.8208
2026-09-28T11:26:26.990161+00:00,"https://api.openalex.org/works?filter=primary_topic.field.id:22,publication_year:2004,has_abstract:true,language:en,type:article|review&sample=150&seed=222004&per_page=150&select=id,doi,display_name,publication_year,publication_date,primary_topic,primary_location,keywords,concepts,abstract_inverted_index,referenced_works_count,authorships",1,0.0001,8207,0.8207
2026-09-28T11:26:27.049814+00:00,"https://api.openalex.org/works?filter=primary_topic.field.id:23,publication_year:2004,has_abstract:true,language:en,type:article|review&sample=150&seed=232004&per_page=150&select=id,doi,display_name,publication_year,publication_date,primary_topic,primary_location,keywords,concepts,abstract_inverted_index,referenced_works_count,authorships",1,0.0001,8206,0.8206
2026-09-28T11:26:27.482078+00:00,"https://api.openalex.org/works?filter=primary_topic.field.id:24,publication_year:2004,has_abstract:true,language:en,type:article|review&sample=150&seed=242004&per_page=150&select=id,doi,display_name,publication_year,publication_date,primary_topic,primary_location,keywords,concepts,abstract_inverted_index,referenced_works_count,authorships",1,0.0001,8205,0.8205
2026-09-28T11:26:27.542984+00:00,"https://api.openalex.org/works?filter=primary_topic.field.id:26,publication_year:2004,has_abstract:true,language:en,type:article|review&sample=150&seed=262004&per_page=150&select=id,doi,display_name,publication_year,publication_date,primary_topic,primary_location,keywords,concepts,abstract_inverted_index,referenced_works_count,authorships",1,0.0001,8203,0.8203
2026-09-28T11:26:27.622542+00:00,"https://api.openalex.org/works?filter=primary_topic.field.id:25,publication_year:2004,has_abstract:true,language:en,type:article|review&sample=150&seed=252004&per_page=150&select=id,doi,display_name,publication_year,publication_date,primary_topic,primary_location,keywords,concepts,abstract_inverted_index,referenced_works_count,authorships",1,0.0001,8204,0.8204
2026-09-28T11:26:28.193026+00:00,"https://api.openalex.org/works?filter=primary_topic.field.id:28,publication_year:2004,has_abstract:true,language:en,type:article|review&sample=150&seed=282004&per_page=150&select=id,doi,display_name,publication_year,publication_date,primary_topic,primary_location,keywords,concepts,abstract_inverted_index,referenced_works_count,authorships",1,0.0001,8201,0.8201
2026-09-28T11:26:28.253092+00:00,"https://api.openalex.org/works?filter=primary_topic.field.id:27,publication_year:2004,has_abstract:true,language:en,type:article|review&sample=150&seed=272004&per_page=150&select=id,doi,display_name,publication_year,publication_date,primary_topic,primary_location,keywords,concepts,abstract_inverted_index,referenced_works_count,authorships",1,0.0001,8202,0.8202
2026-09-28T11:26:28.422524+00:00,"https://api.openalex.org/works?filter=primary_topic.field.id:29,publication_year:2004,has_abstract:true,language:en,type:article|review&sample=150&seed=292004&per_page=150&select=id,doi,display_name,publication_year,publication_date,primary_topic,primary_location,keywords,concepts,abstract_inverted_index,referenced_works_count,authorships",1,0.0001,8200,0.82
2026-09-28T11:26:29.298148+00:00,"https://api.openalex.org/works?filter=primary_topic.field.id:33,publication_year:2004,has_abstract:true,language:en,type:article|review&sample=150&seed=332004&per_page=150&select=id,doi,display_name,publication_year,publication_date,primary_topic,primary_location,keywords,concepts,abstract_inverted_index,referenced_works_count,authorships",1,0.0001,8196,0.8196
2026-09-28T11:26:29.360368+00:00,"https://api.openalex.org/works?filter=primary_topic.field.id:32,publication_year:2004,has_abstract:true,language:en,type:article|review&sample=150&seed=322004&per_page=150&select=id,doi,display_name,publication_year,publication_date,primary_topic,primary_location,keywords,concepts,abstract_inverted_index,referenced_works_count,authorships",1,0.0001,8197,0.8197
2026-09-28T11:26:29.425606+00:00,"https://api.openalex.org/works?filter=primary_topic.field.id:30,publication_year:2004,has_abstract:true,language:en,type:article|review&sample=150&seed=302004&per_page=150&select=id,doi,display_name,publication_year,publication_date,primary_topic,primary_location,keywords,concepts,abstract_inverted_index,referenced_works_count,authorships",1,0.0001,8199,0.8199
2026-09-28T11:26:29.470060+00:00,"https://api.openalex.org/works?filter=primary_topic.field.id:31,publication_year:2004,has_abstract:true,language:en,type:article|review&sample=150&seed=312004&per_page=150&select=id,doi,display_name,publication_year,publication_date,primary_topic,primary_location,keywords,concepts,abstract_inverted_index,referenced_works_count,authorships",1,0.0001,8198,0.8198
2026-09-28T11:26:29.567650+00:00,"https://api.openalex.org/works?filter=primary_topic.field.id:34,publication_year:2004,has_abstract:true,language:en,type:article|review&sample=150&seed=342004&per_page=150&select=id,doi,display_name,publication_year,publication_date,primary_topic,primary_location,keywords,concepts,abstract_inverted_index,referenced_works_count,authorships",1,0.0001,8195,0.8195
2026-09-28T11:26:29.739371+00:00,"https://api.openalex.org/works?filter=primary_topic.field.id:36,publication_year:2004,has_abstract:true,language:en,type:article|review&sample=150&seed=362004&per_page=150&select=id,doi,display_name,publication_year,publication_date,primary_topic,primary_location,keywords,concepts,abstract_inverted_index,referenced_works_count,authorships",1,0.0001,8193,0.8193
2026-09-28T11:26:29.789719+00:00,"https://api.openalex.org/works?filter=primary_topic.field.id:35,publication_year:2004,has_abstract:true,language:en,type:article|review&sample=150&seed=352004&per_page=150&select=id,doi,display_name,publication_year,publication_date,primary_topic,primary_location,keywords,concepts,abstract_inverted_index,referenced_works_count,authorships",1,0.0001,8194,0.8194
2026-09-28T11:26:29.931244+00:00,"https://api.openalex.org/works?filter=primary_topic.field.id:11,publication_year:2005,has_abstract:true,language:en,type:article|review&sample=150&seed=112005&per_page=150&select=id,doi,display_name,publication_year,publication_date,primary_topic,primary_location,keywords,concepts,abstract_inverted_index,referenced_works_count,authorships",1,0.0001,8192,0.8192
2026-09-28T11:26:30.433095+00:00,"https://api.openalex.org/works?filter=primary_topic.field.id:12,publication_year:2005,has_abstract:true,language:en,type:article|review&sample=150&seed=122005&per_page=150&select=id,doi,display_name,publication_year,publication_date,primary_topic,primary_location,keywords,concepts,abstract_inverted_index,referenced_works_count,authorships",1,0.0001,8191,0.8191
2026-09-28T11:26:30.694889+00:00,"https://api.openalex.org/works?filter=primary_topic.field.id:13,publication_year:2005,has_abstract:true,language:en,type:article|review&sample=150&seed=132005&per_page=150&select=id,doi,display_name,publication_year,publication_date,primary_topic,primary_location,keywords,concepts,abstract_inverted_index,referenced_works_count,authorships",1,0.0001,8190,0.819
2026-09-28T11:26:30.749779+00:00,"https://api.openalex.org/works?filter=primary_topic.field.id:14,publication_year:2005,has_abstract:true,language:en,type:article|review&sample=150&seed=142005&per_page=150&select=id,doi,display_name,publication_year,publication_date,primary_topic,primary_location,keywords,concepts,abstract_inverted_index,referenced_works_count,authorships",1,0.0001,8189,0.8189
2026-09-28T11:26:31.336022+00:00,"https://api.openalex.org/works?filter=primary_topic.field.id:15,publication_year:2005,has_abstract:true,language:en,type:article|review&sample=150&seed=152005&per_page=150&select=id,doi,display_name,publication_year,publication_date,primary_topic,primary_location,keywords,concepts,abstract_inverted_index,referenced_works_count,authorships",1,0.0001,8188,0.8188
2026-09-28T11:26:31.416565+00:00,"https://api.openalex.org/works?filter=primary_topic.field.id:18,publication_year:2005,has_abstract:true,language:en,type:article|review&sample=150&seed=182005&per_page=150&select=id,doi,display_name,publication_year,publication_date,primary_topic,primary_location,keywords,concepts,abstract_inverted_index,referenced_works_count,authorships",1,0.0001,8185,0.8185
2026-09-28T11:26:31.518041+00:00,"https://api.openalex.org/works?filter=primary_topic.field.id:16,publication_year:2005,has_abstract:true,language:en,type:article|review&sample=150&seed=162005&per_page=150&select=id,doi,display_name,publication_year,publication_date,primary_topic,primary_location,keywords,concepts,abstract_inverted_index,referenced_works_count,authorships",1,0.0001,8187,0.8187
2026-09-28T11:26:31.565009+00:00,"https://api.openalex.org/works?filter=primary_topic.field.id:19,publication_year:2005,has_abstract:true,language:en,type:article|review&sample=150&seed=192005&per_page=150&select=id,doi,display_name,publication_year,publication_date,primary_topic,primary_location,keywords,concepts,abstract_inverted_index,referenced_works_count,authorships",1,0.0001,8184,0.8184
2026-09-28T11:26:31.618400+00:00,"https://api.openalex.org/works?filter=primary_topic.field.id:17,publication_year:2005,has_abstract:true,language:en,type:article|review&sample=150&seed=172005&per_page=150&select=id,doi,display_name,publication_year,publication_date,primary_topic,primary_location,keywords,concepts,abstract_inverted_index,referenced_works_count,authorships",1,0.0001,8186,0.8186
2026-09-28T11:26:32.034187+00:00,"https://api.openalex.org/works?filter=primary_topic.field.id:20,publication_year:2005,has_abstract:true,language:en,type:article|review&sample=150&seed=202005&per_page=150&select=id,doi,display_name,publication_year,publication_date,primary_topic,primary_location,keywords,concepts,abstract_inverted_index,referenced_works_count,authorships",1,0.0001,8183,0.8183
2026-09-28T11:26:32.117330+00:00,"https://api.openalex.org/works?filter=primary_topic.field.id:21,publication_year:2005,has_abstract:true,language:en,type:article|review&sample=150&seed=212005&per_page=150&select=id,doi,display_name,publication_year,publication_date,primary_topic,primary_location,keywords,concepts,abstract_inverted_index,referenced_works_count,authorships",1,0.0001,8182,0.8182
2026-09-28T11:26:32.161980+00:00,"https://api.openalex.org/works?filter=primary_topic.field.id:22,publication_year:2005,has_abstract:true,language:en,type:article|review&sample=150&seed=222005&per_page=150&select=id,doi,display_name,publication_year,publication_date,primary_topic,primary_location,keywords,concepts,abstract_inverted_index,referenced_works_count,authorships",1,0.0001,8181,0.8181
2026-09-28T11:26:32.897113+00:00,"https://api.openalex.org/works?filter=primary_topic.field.id:26,publication_year:2005,has_abstract:true,language:en,type:article|review&sample=150&seed=262005&per_page=150&select=id,doi,display_name,publication_year,publication_date,primary_topic,primary_location,keywords,concepts,abstract_inverted_index,referenced_works_count,authorships",1,0.0001,8177,0.8177
2026-09-28T11:26:32.960590+00:00,"https://api.openalex.org/works?filter=primary_topic.field.id:24,publication_year:2005,has_abstract:true,language:en,type:article|review&sample=150&seed=242005&per_page=150&select=id,doi,display_name,publication_year,publication_date,primary_topic,primary_location,keywords,concepts,abstract_inverted_index,referenced_works_count,authorships",1,0.0001,8179,0.8179
2026-09-28T11:26:33.073022+00:00,"https://api.openalex.org/works?filter=primary_topic.field.id:25,publication_year:2005,has_abstract:true,language:en,type:article|review&sample=150&seed=252005&per_page=150&select=id,doi,display_name,publication_year,publication_date,primary_topic,primary_location,keywords,concepts,abstract_inverted_index,referenced_works_count,authorships",1,0.0001,8178,0.8178
2026-09-28T11:26:33.146723+00:00,"https://api.openalex.org/works?filter=primary_topic.field.id:27,publication_year:2005,has_abstract:true,language:en,type:article|review&sample=150&seed=272005&per_page=150&select=id,doi,display_name,publication_year,publication_date,primary_topic,primary_location,keywords,concepts,abstract_inverted_index,referenced_works_count,authorships",1,0.0001,8176,0.8176
2026-09-28T11:26:33.335234+00:00,"https://api.openalex.org/works?filter=primary_topic.field.id:30,publication_year:2005,has_abstract:true,language:en,type:article|review&sample=150&seed=302005&per_page=150&select=id,doi,display_name,publication_year,publication_date,primary_topic,primary_location,keywords,concepts,abstract_inverted_index,referenced_works_count,authorships",1,0.0001,8173,0.8173
2026-09-28T11:26:33.381440+00:00,"https://api.openalex.org/works?filter=primary_topic.field.id:28,publication_year:2005,has_abstract:true,language:en,type:article|review&sample=150&seed=282005&per_page=150&select=id,doi,display_name,publication_year,publication_date,primary_topic,primary_location,keywords,concepts,abstract_inverted_index,referenced_works_count,authorships",1,0.0001,8175,0.8175
2026-09-28T11:26:33.448359+00:00,"https://api.openalex.org/works?filter=primary_topic.field.id:29,publication_year:2005,has_abstract:true,language:en,type:article|review&sample=150&seed=292005&per_page=150&select=id,doi,display_name,publication_year,publication_date,primary_topic,primary_location,keywords,concepts,abstract_inverted_index,referenced_works_count,authorships",1,0.0001,8174,0.8174
2026-09-28T11:26:34.258607+00:00,"https://api.openalex.org/works?filter=primary_topic.field.id:32,publication_year:2005,has_abstract:true,language:en,type:article|review&sample=150&seed=322005&per_page=150&select=id,doi,display_name,publication_year,publication_date,primary_topic,primary_location,keywords,concepts,abstract_inverted_index,referenced_works_count,authorships",1,0.0001,8171,0.8171
2026-09-28T11:26:34.318674+00:00,"https://api.openalex.org/works?filter=primary_topic.field.id:34,publication_year:2005,has_abstract:true,language:en,type:article|review&sample=150&seed=342005&per_page=150&select=id,doi,display_name,publication_year,publication_date,primary_topic,primary_location,keywords,concepts,abstract_inverted_index,referenced_works_count,authorships",1,0.0001,8169,0.8169
2026-09-28T11:26:34.417555+00:00,"https://api.openalex.org/works?filter=primary_topic.field.id:33,publication_year:2005,has_abstract:true,language:en,type:article|review&sample=150&seed=332005&per_page=150&select=id,doi,display_name,publication_year,publication_date,primary_topic,primary_location,keywords,concepts,abstract_inverted_index,referenced_works_count,authorships",1,0.0001,8170,0.817
2026-09-28T11:26:34.743048+00:00,"https://api.openalex.org/works?filter=primary_topic.field.id:35,publication_year:2005,has_abstract:true,language:en,type:article|review&sample=150&seed=352005&per_page=150&select=id,doi,display_name,publication_year,publication_date,primary_topic,primary_location,keywords,concepts,abstract_inverted_index,referenced_works_count,authorships",1,0.0001,8168,0.8168
2026-09-28T11:26:34.892213+00:00,"https://api.openalex.org/works?filter=primary_topic.field.id:36,publication_year:2005,has_abstract:true,language:en,type:article|review&sample=150&seed=362005&per_page=150&select=id,doi,display_name,publication_year,publication_date,primary_topic,primary_location,keywords,concepts,abstract_inverted_index,referenced_works_count,authorships",1,0.0001,8167,0.8167
2026-09-28T11:26:35.040637+00:00,"https://api.openalex.org/works?filter=primary_topic.field.id:11,publication_year:2006,has_abstract:true,language:en,type:article|review&sample=150&seed=112006&per_page=150&select=id,doi,display_name,publication_year,publication_date,primary_topic,primary_location,keywords,concepts,abstract_inverted_index,referenced_works_count,authorships",1,0.0001,8166,0.8166
2026-09-28T11:26:35.380869+00:00,"https://api.openalex.org/works?filter=primary_topic.field.id:12,publication_year:2006,has_abstract:true,language:en,type:article|review&sample=150&seed=122006&per_page=150&select=id,doi,display_name,publication_year,publication_date,primary_topic,primary_location,keywords,concepts,abstract_inverted_index,referenced_works_count,authorships",1,0.0001,8165,0.8165
2026-09-28T11:26:35.663238+00:00,"https://api.openalex.org/works?filter=primary_topic.field.id:14,publication_year:2006,has_abstract:true,language:en,type:article|review&sample=150&seed=142006&per_page=150&select=id,doi,display_name,publication_year,publication_date,primary_topic,primary_location,keywords,concepts,abstract_inverted_index,referenced_works_count,authorships",1,0.0001,8163,0.8163
2026-09-28T11:26:35.771332+00:00,"https://api.openalex.org/works?filter=primary_topic.field.id:13,publication_year:2006,has_abstract:true,language:en,type:article|review&sample=150&seed=132006&per_page=150&select=id,doi,display_name,publication_year,publication_date,primary_topic,primary_location,keywords,concepts,abstract_inverted_index,referenced_works_count,authorships",1,0.0001,8164,0.8164
2026-09-28T11:26:35.994698+00:00,"https://api.openalex.org/works?filter=primary_topic.field.id:15,publication_year:2006,has_abstract:true,language:en,type:article|review&sample=150&seed=152006&per_page=150&select=id,doi,display_name,publication_year,publication_date,primary_topic,primary_location,keywords,concepts,abstract_inverted_index,referenced_works_count,authorships",1,0.0001,8162,0.8162
2026-09-28T11:26:36.068339+00:00,"https://api.openalex.org/works?filter=primary_topic.field.id:18,publication_year:2006,has_abstract:true,language:en,type:article|review&sample=150&seed=182006&per_page=150&select=id,doi,display_name,publication_year,publication_date,primary_topic,primary_location,keywords,concepts,abstract_inverted_index,referenced_works_count,authorships",1,0.0001,8159,0.8159
2026-09-28T11:26:36.130898+00:00,"https://api.openalex.org/works?filter=primary_topic.field.id:16,publication_year:2006,has_abstract:true,language:en,type:article|review&sample=150&seed=162006&per_page=150&select=id,doi,display_name,publication_year,publication_date,primary_topic,primary_location,keywords,concepts,abstract_inverted_index,referenced_works_count,authorships",1,0.0001,8161,0.8161
2026-09-28T11:26:36.180826+00:00,"https://api.openalex.org/works?filter=primary_topic.field.id:17,publication_year:2006,has_abstract:true,language:en,type:article|review&sample=150&seed=172006&per_page=150&select=id,doi,display_name,publication_year,publication_date,primary_topic,primary_location,keywords,concepts,abstract_inverted_index,referenced_works_count,authorships",1,0.0001,8160,0.816
2026-09-28T11:26:36.547613+00:00,"https://api.openalex.org/works?filter=primary_topic.field.id:19,publication_year:2006,has_abstract:true,language:en,type:article|review&sample=150&seed=192006&per_page=150&select=id,doi,display_name,publication_year,publication_date,primary_topic,primary_location,keywords,concepts,abstract_inverted_index,referenced_works_count,authorships",1,0.0001,8158,0.8158
2026-09-28T11:26:36.960907+00:00,"https://api.openalex.org/works?filter=primary_topic.field.id:22,publication_year:2006,has_abstract:true,language:en,type:article|review&sample=150&seed=222006&per_page=150&select=id,doi,display_name,publication_year,publication_date,primary_topic,primary_location,keywords,concepts,abstract_inverted_index,referenced_works_count,authorships",1,0.0001,8155,0.8155
2026-09-28T11:26:37.121572+00:00,"https://api.openalex.org/works?filter=primary_topic.field.id:23,publication_year:2005,has_abstract:true,language:en,type:article|review&sample=150&seed=232005&per_page=150&select=id,doi,display_name,publication_year,publication_date,primary_topic,primary_location,keywords,concepts,abstract_inverted_index,referenced_works_count,authorships",1,0.0001,8180,0.818
2026-09-28T11:26:37.174695+00:00,"https://api.openalex.org/works?filter=primary_topic.field.id:21,publication_year:2006,has_abstract:true,language:en,type:article|review&sample=150&seed=212006&per_page=150&select=id,doi,display_name,publication_year,publication_date,primary_topic,primary_location,keywords,concepts,abstract_inverted_index,referenced_works_count,authorships",1,0.0001,8156,0.8156
2026-09-28T11:26:37.238615+00:00,"https://api.openalex.org/works?filter=primary_topic.field.id:20,publication_year:2006,has_abstract:true,language:en,type:article|review&sample=150&seed=202006&per_page=150&select=id,doi,display_name,publication_year,publication_date,primary_topic,primary_location,keywords,concepts,abstract_inverted_index,referenced_works_count,authorships",1,0.0001,8157,0.8157
2026-09-28T11:26:37.286100+00:00,"https://api.openalex.org/works?filter=primary_topic.field.id:31,publication_year:2005,has_abstract:true,language:en,type:article|review&sample=150&seed=312005&per_page=150&select=id,doi,display_name,publication_year,publication_date,primary_topic,primary_location,keywords,concepts,abstract_inverted_index,referenced_works_count,authorships",1,0.0001,8172,0.8172
2026-09-28T11:26:37.520509+00:00,"https://api.openalex.org/works?filter=primary_topic.field.id:23,publication_year:2006,has_abstract:true,language:en,type:article|review&sample=150&seed=232006&per_page=150&select=id,doi,display_name,publication_year,publication_date,primary_topic,primary_location,keywords,concepts,abstract_inverted_index,referenced_works_count,authorships",1,0.0001,8154,0.8154
2026-09-28T11:26:37.750242+00:00,"https://api.openalex.org/works?filter=primary_topic.field.id:24,publication_year:2006,has_abstract:true,language:en,type:article|review&sample=150&seed=242006&per_page=150&select=id,doi,display_name,publication_year,publication_date,primary_topic,primary_location,keywords,concepts,abstract_inverted_index,referenced_works_count,authorships",1,0.0001,8153,0.8153
2026-09-28T11:26:37.817554+00:00,"https://api.openalex.org/works?filter=primary_topic.field.id:25,publication_year:2006,has_abstract:true,language:en,type:article|review&sample=150&seed=252006&per_page=150&select=id,doi,display_name,publication_year,publication_date,primary_topic,primary_location,keywords,concepts,abstract_inverted_index,referenced_works_count,authorships",1,0.0001,8152,0.8152
2026-09-28T11:26:38.316682+00:00,"https://api.openalex.org/works?filter=primary_topic.field.id:26,publication_year:2006,has_abstract:true,language:en,type:article|review&sample=150&seed=262006&per_page=150&select=id,doi,display_name,publication_year,publication_date,primary_topic,primary_location,keywords,concepts,abstract_inverted_index,referenced_works_count,authorships",1,0.0001,8151,0.8151
2026-09-28T11:26:38.539399+00:00,"https://api.openalex.org/works?filter=primary_topic.field.id:27,publication_year:2006,has_abstract:true,language:en,type:article|review&sample=150&seed=272006&per_page=150&select=id,doi,display_name,publication_year,publication_date,primary_topic,primary_location,keywords,concepts,abstract_inverted_index,referenced_works_count,authorships",1,0.0001,8150,0.815
2026-09-28T11:26:38.649872+00:00,"https://api.openalex.org/works?filter=primary_topic.field.id:28,publication_year:2006,has_abstract:true,language:en,type:article|review&sample=150&seed=282006&per_page=150&select=id,doi,display_name,publication_year,publication_date,primary_topic,primary_location,keywords,concepts,abstract_inverted_index,referenced_works_count,authorships",1,0.0001,8149,0.8149
2026-09-28T11:26:38.720017+00:00,"https://api.openalex.org/works?filter=primary_topic.field.id:30,publication_year:2006,has_abstract:true,language:en,type:article|review&sample=150&seed=302006&per_page=150&select=id,doi,display_name,publication_year,publication_date,primary_topic,primary_location,keywords,concepts,abstract_inverted_index,referenced_works_count,authorships",1,0.0001,8147,0.8147
2026-09-28T11:26:38.780012+00:00,"https://api.openalex.org/works?filter=primary_topic.field.id:29,publication_year:2006,has_abstract:true,language:en,type:article|review&sample=150&seed=292006&per_page=150&select=id,doi,display_name,publication_year,publication_date,primary_topic,primary_location,keywords,concepts,abstract_inverted_index,referenced_works_count,authorships",1,0.0001,8148,0.8148
2026-09-28T11:26:38.876515+00:00,"https://api.openalex.org/works?filter=primary_topic.field.id:31,publication_year:2006,has_abstract:true,language:en,type:article|review&sample=150&seed=312006&per_page=150&select=id,doi,display_name,publication_year,publication_date,primary_topic,primary_location,keywords,concepts,abstract_inverted_index,referenced_works_count,authorships",1,0.0001,8146,0.8146
2026-09-28T11:26:38.965809+00:00,"https://api.openalex.org/works?filter=primary_topic.field.id:32,publication_year:2006,has_abstract:true,language:en,type:article|review&sample=150&seed=322006&per_page=150&select=id,doi,display_name,publication_year,publication_date,primary_topic,primary_location,keywords,concepts,abstract_inverted_index,referenced_works_count,authorships",1,0.0001,8145,0.8145
2026-09-28T11:26:39.250768+00:00,"https://api.openalex.org/works?filter=primary_topic.field.id:33,publication_year:2006,has_abstract:true,language:en,type:article|review&sample=150&seed=332006&per_page=150&select=id,doi,display_name,publication_year,publication_date,primary_topic,primary_location,keywords,concepts,abstract_inverted_index,referenced_works_count,authorships",1,0.0001,8144,0.8144
2026-09-28T11:26:39.546780+00:00,"https://api.openalex.org/works?filter=primary_topic.field.id:34,publication_year:2006,has_abstract:true,language:en,type:article|review&sample=150&seed=342006&per_page=150&select=id,doi,display_name,publication_year,publication_date,primary_topic,primary_location,keywords,concepts,abstract_inverted_index,referenced_works_count,authorships",1,0.0001,8143,0.8143
2026-09-28T11:26:39.833923+00:00,"https://api.openalex.org/works?filter=primary_topic.field.id:35,publication_year:2006,has_abstract:true,language:en,type:article|review&sample=150&seed=352006&per_page=150&select=id,doi,display_name,publication_year,publication_date,primary_topic,primary_location,keywords,concepts,abstract_inverted_index,referenced_works_count,authorships",1,0.0001,8142,0.8142
2026-09-28T11:26:39.964787+00:00,"https://api.openalex.org/works?filter=primary_topic.field.id:36,publication_year:2006,has_abstract:true,language:en,type:article|review&sample=150&seed=362006&per_page=150&select=id,doi,display_name,publication_year,publication_date,primary_topic,primary_location,keywords,concepts,abstract_inverted_index,referenced_works_count,authorships",1,0.0001,8141,0.8141
2026-09-28T11:26:40.082208+00:00,"https://api.openalex.org/works?filter=primary_topic.field.id:11,publication_year:2007,has_abstract:true,language:en,type:article|review&sample=150&seed=112007&per_page=150&select=id,doi,display_name,publication_year,publication_date,primary_topic,primary_location,keywords,concepts,abstract_inverted_index,referenced_works_count,authorships",1,0.0001,8140,0.814
2026-09-28T11:26:40.138237+00:00,"https://api.openalex.org/works?filter=primary_topic.field.id:15,publication_year:2007,has_abstract:true,language:en,type:article|review&sample=150&seed=152007&per_page=150&select=id,doi,display_name,publication_year,publication_date,primary_topic,primary_location,keywords,concepts,abstract_inverted_index,referenced_works_count,authorships",1,0.0001,8136,0.8136
2026-09-28T11:26:40.225544+00:00,"https://api.openalex.org/works?filter=primary_topic.field.id:12,publication_year:2007,has_abstract:true,language:en,type:article|review&sample=150&seed=122007&per_page=150&select=id,doi,display_name,publication_year,publication_date,primary_topic,primary_location,keywords,concepts,abstract_inverted_index,referenced_works_count,authorships",1,0.0001,8139,0.8139
2026-09-28T11:26:40.449005+00:00,"https://api.openalex.org/works?filter=primary_topic.field.id:13,publication_year:2007,has_abstract:true,language:en,type:article|review&sample=150&seed=132007&per_page=150&select=id,doi,display_name,publication_year,publication_date,primary_topic,primary_location,keywords,concepts,abstract_inverted_index,referenced_works_count,authorships",1,0.0001,8138,0.8138
2026-09-28T11:26:40.497855+00:00,"https://api.openalex.org/works?filter=primary_topic.field.id:14,publication_year:2007,has_abstract:true,language:en,type:article|review&sample=150&seed=142007&per_page=150&select=id,doi,display_name,publication_year,publication_date,primary_topic,primary_location,keywords,concepts,abstract_inverted_index,referenced_works_count,authorships",1,0.0001,8137,0.8137
2026-09-28T11:26:40.890563+00:00,"https://api.openalex.org/works?filter=primary_topic.field.id:16,publication_year:2007,has_abstract:true,language:en,type:article|review&sample=150&seed=162007&per_page=150&select=id,doi,display_name,publication_year,publication_date,primary_topic,primary_location,keywords,concepts,abstract_inverted_index,referenced_works_count,authorships",1,0.0001,8135,0.8135
2026-09-28T11:26:41.232665+00:00,"https://api.openalex.org/works?filter=primary_topic.field.id:18,publication_year:2007,has_abstract:true,language:en,type:article|review&sample=150&seed=182007&per_page=150&select=id,doi,display_name,publication_year,publication_date,primary_topic,primary_location,keywords,concepts,abstract_inverted_index,referenced_works_count,authorships",1,0.0001,8133,0.8133
2026-09-28T11:26:41.487314+00:00,"https://api.openalex.org/works?filter=primary_topic.field.id:17,publication_year:2007,has_abstract:true,language:en,type:article|review&sample=150&seed=172007&per_page=150&select=id,doi,display_name,publication_year,publication_date,primary_topic,primary_location,keywords,concepts,abstract_inverted_index,referenced_works_count,authorships",1,0.0001,8134,0.8134
2026-09-28T11:26:41.618229+00:00,"https://api.openalex.org/works?filter=primary_topic.field.id:19,publication_year:2007,has_abstract:true,language:en,type:article|review&sample=150&seed=192007&per_page=150&select=id,doi,display_name,publication_year,publication_date,primary_topic,primary_location,keywords,concepts,abstract_inverted_index,referenced_works_count,authorships",1,0.0001,8132,0.8132
2026-09-28T11:26:41.671826+00:00,"https://api.openalex.org/works?filter=primary_topic.field.id:20,publication_year:2007,has_abstract:true,language:en,type:article|review&sample=150&seed=202007&per_page=150&select=id,doi,display_name,publication_year,publication_date,primary_topic,primary_location,keywords,concepts,abstract_inverted_index,referenced_works_count,authorships",1,0.0001,8131,0.8131
2026-09-28T11:26:41.770483+00:00,"https://api.openalex.org/works?filter=primary_topic.field.id:22,publication_year:2007,has_abstract:true,language:en,type:article|review&sample=150&seed=222007&per_page=150&select=id,doi,display_name,publication_year,publication_date,primary_topic,primary_location,keywords,concepts,abstract_inverted_index,referenced_works_count,authorships",1,0.0001,8129,0.8129
2026-09-28T11:26:41.817161+00:00,"https://api.openalex.org/works?filter=primary_topic.field.id:23,publication_year:2007,has_abstract:true,language:en,type:article|review&sample=150&seed=232007&per_page=150&select=id,doi,display_name,publication_year,publication_date,primary_topic,primary_location,keywords,concepts,abstract_inverted_index,referenced_works_count,authorships",1,0.0001,8128,0.8128
2026-09-28T11:26:41.861533+00:00,"https://api.openalex.org/works?filter=primary_topic.field.id:21,publication_year:2007,has_abstract:true,language:en,type:article|review&sample=150&seed=212007&per_page=150&select=id,doi,display_name,publication_year,publication_date,primary_topic,primary_location,keywords,concepts,abstract_inverted_index,referenced_works_count,authorships",1,0.0001,8130,0.813
2026-09-28T11:26:42.127696+00:00,"https://api.openalex.org/works?filter=primary_topic.field.id:24,publication_year:2007,has_abstract:true,language:en,type:article|review&sample=150&seed=242007&per_page=150&select=id,doi,display_name,publication_year,publication_date,primary_topic,primary_location,keywords,concepts,abstract_inverted_index,referenced_works_count,authorships",1,0.0001,8127,0.8127
2026-09-28T11:26:42.190368+00:00,"https://api.openalex.org/works?filter=primary_topic.field.id:26,publication_year:2007,has_abstract:true,language:en,type:article|review&sample=150&seed=262007&per_page=150&select=id,doi,display_name,publication_year,publication_date,primary_topic,primary_location,keywords,concepts,abstract_inverted_index,referenced_works_count,authorships",1,0.0001,8125,0.8125
2026-09-28T11:26:42.456400+00:00,"https://api.openalex.org/works?filter=primary_topic.field.id:25,publication_year:2007,has_abstract:true,language:en,type:article|review&sample=150&seed=252007&per_page=150&select=id,doi,display_name,publication_year,publication_date,primary_topic,primary_location,keywords,concepts,abstract_inverted_index,referenced_works_count,authorships",1,0.0001,8126,0.8126
2026-09-28T11:26:42.957344+00:00,"https://api.openalex.org/works?filter=primary_topic.field.id:27,publication_year:2007,has_abstract:true,language:en,type:article|review&sample=150&seed=272007&per_page=150&select=id,doi,display_name,publication_year,publication_date,primary_topic,primary_location,keywords,concepts,abstract_inverted_index,referenced_works_count,authorships",1,0.0001,8124,0.8124
2026-09-28T11:26:43.197674+00:00,"https://api.openalex.org/works?filter=primary_topic.field.id:28,publication_year:2007,has_abstract:true,language:en,type:article|review&sample=150&seed=282007&per_page=150&select=id,doi,display_name,publication_year,publication_date,primary_topic,primary_location,keywords,concepts,abstract_inverted_index,referenced_works_count,authorships",1,0.0001,8123,0.8123
2026-09-28T11:26:43.260390+00:00,"https://api.openalex.org/works?filter=primary_topic.field.id:29,publication_year:2007,has_abstract:true,language:en,type:article|review&sample=150&seed=292007&per_page=150&select=id,doi,display_name,publication_year,publication_date,primary_topic,primary_location,keywords,concepts,abstract_inverted_index,referenced_works_count,authorships",1,0.0001,8122,0.8122
2026-09-28T11:26:43.421280+00:00,"https://api.openalex.org/works?filter=primary_topic.field.id:30,publication_year:2007,has_abstract:true,language:en,type:article|review&sample=150&seed=302007&per_page=150&select=id,doi,display_name,publication_year,publication_date,primary_topic,primary_location,keywords,concepts,abstract_inverted_index,referenced_works_count,authorships",1,0.0001,8121,0.8121
2026-09-28T11:26:43.632698+00:00,"https://api.openalex.org/works?filter=primary_topic.field.id:32,publication_year:2007,has_abstract:true,language:en,type:article|review&sample=150&seed=322007&per_page=150&select=id,doi,display_name,publication_year,publication_date,primary_topic,primary_location,keywords,concepts,abstract_inverted_index,referenced_works_count,authorships",1,0.0001,8119,0.8119
2026-09-28T11:26:43.756673+00:00,"https://api.openalex.org/works?filter=primary_topic.field.id:31,publication_year:2007,has_abstract:true,language:en,type:article|review&sample=150&seed=312007&per_page=150&select=id,doi,display_name,publication_year,publication_date,primary_topic,primary_location,keywords,concepts,abstract_inverted_index,referenced_works_count,authorships",1,0.0001,8120,0.812
2026-09-28T11:26:43.858076+00:00,"https://api.openalex.org/works?filter=primary_topic.field.id:33,publication_year:2007,has_abstract:true,language:en,type:article|review&sample=150&seed=332007&per_page=150&select=id,doi,display_name,publication_year,publication_date,primary_topic,primary_location,keywords,concepts,abstract_inverted_index,referenced_works_count,authorships",1,0.0001,8118,0.8118
2026-09-28T11:26:43.917851+00:00,"https://api.openalex.org/works?filter=primary_topic.field.id:34,publication_year:2007,has_abstract:true,language:en,type:article|review&sample=150&seed=342007&per_page=150&select=id,doi,display_name,publication_year,publication_date,primary_topic,primary_location,keywords,concepts,abstract_inverted_index,referenced_works_count,authorships",1,0.0001,8117,0.8117
2026-09-28T11:26:44.117007+00:00,"https://api.openalex.org/works?filter=primary_topic.field.id:35,publication_year:2007,has_abstract:true,language:en,type:article|review&sample=150&seed=352007&per_page=150&select=id,doi,display_name,publication_year,publication_date,primary_topic,primary_location,keywords,concepts,abstract_inverted_index,referenced_works_count,authorships",1,0.0001,8116,0.8116
2026-09-28T11:26:44.433393+00:00,"https://api.openalex.org/works?filter=primary_topic.field.id:36,publication_year:2007,has_abstract:true,language:en,type:article|review&sample=150&seed=362007&per_page=150&select=id,doi,display_name,publication_year,publication_date,primary_topic,primary_location,keywords,concepts,abstract_inverted_index,referenced_works_count,authorships",1,0.0001,8115,0.8115
2026-09-28T11:26:44.483512+00:00,"https://api.openalex.org/works?filter=primary_topic.field.id:11,publication_year:2008,has_abstract:true,language:en,type:article|review&sample=150&seed=112008&per_page=150&select=id,doi,display_name,publication_year,publication_date,primary_topic,primary_location,keywords,concepts,abstract_inverted_index,referenced_works_count,authorships",1,0.0001,8114,0.8114
2026-09-28T11:26:44.555306+00:00,"https://api.openalex.org/works?filter=primary_topic.field.id:12,publication_year:2008,has_abstract:true,language:en,type:article|review&sample=150&seed=122008&per_page=150&select=id,doi,display_name,publication_year,publication_date,primary_topic,primary_location,keywords,concepts,abstract_inverted_index,referenced_works_count,authorships",1,0.0001,8113,0.8113
2026-09-28T11:26:44.618281+00:00,"https://api.openalex.org/works?filter=primary_topic.field.id:13,publication_year:2008,has_abstract:true,language:en,type:article|review&sample=150&seed=132008&per_page=150&select=id,doi,display_name,publication_year,publication_date,primary_topic,primary_location,keywords,concepts,abstract_inverted_index,referenced_works_count,authorships",1,0.0001,8112,0.8112
2026-09-28T11:26:44.874587+00:00,"https://api.openalex.org/works?filter=primary_topic.field.id:14,publication_year:2008,has_abstract:true,language:en,type:article|review&sample=150&seed=142008&per_page=150&select=id,doi,display_name,publication_year,publication_date,primary_topic,primary_location,keywords,concepts,abstract_inverted_index,referenced_works_count,authorships",1,0.0001,8111,0.8111
2026-09-28T11:26:45.085852+00:00,"https://api.openalex.org/works?filter=primary_topic.field.id:15,publication_year:2008,has_abstract:true,language:en,type:article|review&sample=150&seed=152008&per_page=150&select=id,doi,display_name,publication_year,publication_date,primary_topic,primary_location,keywords,concepts,abstract_inverted_index,referenced_works_count,authorships",1,0.0001,8110,0.811
2026-09-28T11:26:45.146495+00:00,"https://api.openalex.org/works?filter=primary_topic.field.id:16,publication_year:2008,has_abstract:true,language:en,type:article|review&sample=150&seed=162008&per_page=150&select=id,doi,display_name,publication_year,publication_date,primary_topic,primary_location,keywords,concepts,abstract_inverted_index,referenced_works_count,authorships",1,0.0001,8109,0.8109
2026-09-28T11:26:45.491874+00:00,"https://api.openalex.org/works?filter=primary_topic.field.id:18,publication_year:2008,has_abstract:true,language:en,type:article|review&sample=150&seed=182008&per_page=150&select=id,doi,display_name,publication_year,publication_date,primary_topic,primary_location,keywords,concepts,abstract_inverted_index,referenced_works_count,authorships",1,0.0001,8107,0.8107
2026-09-28T11:26:45.822298+00:00,"https://api.openalex.org/works?filter=primary_topic.field.id:19,publication_year:2008,has_abstract:true,language:en,type:article|review&sample=150&seed=192008&per_page=150&select=id,doi,display_name,publication_year,publication_date,primary_topic,primary_location,keywords,concepts,abstract_inverted_index,referenced_works_count,authorships",1,0.0001,8106,0.8106
2026-09-28T11:26:45.917043+00:00,"https://api.openalex.org/works?filter=primary_topic.field.id:20,publication_year:2008,has_abstract:true,language:en,type:article|review&sample=150&seed=202008&per_page=150&select=id,doi,display_name,publication_year,publication_date,primary_topic,primary_location,keywords,concepts,abstract_inverted_index,referenced_works_count,authorships",1,0.0001,8105,0.8105
2026-09-28T11:26:45.986454+00:00,"https://api.openalex.org/works?filter=primary_topic.field.id:21,publication_year:2008,has_abstract:true,language:en,type:article|review&sample=150&seed=212008&per_page=150&select=id,doi,display_name,publication_year,publication_date,primary_topic,primary_location,keywords,concepts,abstract_inverted_index,referenced_works_count,authorships",1,0.0001,8104,0.8104
2026-09-28T11:26:46.053587+00:00,"https://api.openalex.org/works?filter=primary_topic.field.id:22,publication_year:2008,has_abstract:true,language:en,type:article|review&sample=150&seed=222008&per_page=150&select=id,doi,display_name,publication_year,publication_date,primary_topic,primary_location,keywords,concepts,abstract_inverted_index,referenced_works_count,authorships",1,0.0001,8103,0.8103
2026-09-28T11:26:46.320937+00:00,"https://api.openalex.org/works?filter=primary_topic.field.id:23,publication_year:2008,has_abstract:true,language:en,type:article|review&sample=150&seed=232008&per_page=150&select=id,doi,display_name,publication_year,publication_date,primary_topic,primary_location,keywords,concepts,abstract_inverted_index,referenced_works_count,authorships",1,0.0001,8102,0.8102
2026-09-28T11:26:46.386043+00:00,"https://api.openalex.org/works?filter=primary_topic.field.id:17,publication_year:2008,has_abstract:true,language:en,type:article|review&sample=150&seed=172008&per_page=150&select=id,doi,display_name,publication_year,publication_date,primary_topic,primary_location,keywords,concepts,abstract_inverted_index,referenced_works_count,authorships",1,0.0001,8108,0.8108
2026-09-28T11:26:46.453209+00:00,"https://api.openalex.org/works?filter=primary_topic.field.id:24,publication_year:2008,has_abstract:true,language:en,type:article|review&sample=150&seed=242008&per_page=150&select=id,doi,display_name,publication_year,publication_date,primary_topic,primary_location,keywords,concepts,abstract_inverted_index,referenced_works_count,authorships",1,0.0001,8101,0.8101
2026-09-28T11:26:46.820229+00:00,"https://api.openalex.org/works?filter=primary_topic.field.id:25,publication_year:2008,has_abstract:true,language:en,type:article|review&sample=150&seed=252008&per_page=150&select=id,doi,display_name,publication_year,publication_date,primary_topic,primary_location,keywords,concepts,abstract_inverted_index,referenced_works_count,authorships",1,0.0001,8100,0.81
2026-09-28T11:26:46.947691+00:00,"https://api.openalex.org/works?filter=primary_topic.field.id:26,publication_year:2008,has_abstract:true,language:en,type:article|review&sample=150&seed=262008&per_page=150&select=id,doi,display_name,publication_year,publication_date,primary_topic,primary_location,keywords,concepts,abstract_inverted_index,referenced_works_count,authorships",1,0.0001,8099,0.8099
2026-09-28T11:26:47.330256+00:00,"https://api.openalex.org/works?filter=primary_topic.field.id:27,publication_year:2008,has_abstract:true,language:en,type:article|review&sample=150&seed=272008&per_page=150&select=id,doi,display_name,publication_year,publication_date,primary_topic,primary_location,keywords,concepts,abstract_inverted_index,referenced_works_count,authorships",1,0.0001,8098,0.8098
2026-09-28T11:26:47.384558+00:00,"https://api.openalex.org/works?filter=primary_topic.field.id:28,publication_year:2008,has_abstract:true,language:en,type:article|review&sample=150&seed=282008&per_page=150&select=id,doi,display_name,publication_year,publication_date,primary_topic,primary_location,keywords,concepts,abstract_inverted_index,referenced_works_count,authorships",1,0.0001,8097,0.8097
2026-09-28T11:26:47.556740+00:00,"https://api.openalex.org/works?filter=primary_topic.field.id:30,publication_year:2008,has_abstract:true,language:en,type:article|review&sample=150&seed=302008&per_page=150&select=id,doi,display_name,publication_year,publication_date,primary_topic,primary_location,keywords,concepts,abstract_inverted_index,referenced_works_count,authorships",1,0.0001,8095,0.8095
2026-09-28T11:26:47.617006+00:00,"https://api.openalex.org/works?filter=primary_topic.field.id:32,publication_year:2008,has_abstract:true,language:en,type:article|review&sample=150&seed=322008&per_page=150&select=id,doi,display_name,publication_year,publication_date,primary_topic,primary_location,keywords,concepts,abstract_inverted_index,referenced_works_count,authorships",1,0.0001,8093,0.8093
2026-09-28T11:26:47.729641+00:00,"https://api.openalex.org/works?filter=primary_topic.field.id:29,publication_year:2008,has_abstract:true,language:en,type:article|review&sample=150&seed=292008&per_page=150&select=id,doi,display_name,publication_year,publication_date,primary_topic,primary_location,keywords,concepts,abstract_inverted_index,referenced_works_count,authorships",1,0.0001,8096,0.8096
2026-09-28T11:26:47.780834+00:00,"https://api.openalex.org/works?filter=primary_topic.field.id:31,publication_year:2008,has_abstract:true,language:en,type:article|review&sample=150&seed=312008&per_page=150&select=id,doi,display_name,publication_year,publication_date,primary_topic,primary_location,keywords,concepts,abstract_inverted_index,referenced_works_count,authorships",1,0.0001,8094,0.8094
2026-09-28T11:26:47.847000+00:00,"https://api.openalex.org/works?filter=primary_topic.field.id:33,publication_year:2008,has_abstract:true,language:en,type:article|review&sample=150&seed=332008&per_page=150&select=id,doi,display_name,publication_year,publication_date,primary_topic,primary_location,keywords,concepts,abstract_inverted_index,referenced_works_count,authorships",1,0.0001,8092,0.8092
2026-09-28T11:26:48.119801+00:00,"https://api.openalex.org/works?filter=primary_topic.field.id:34,publication_year:2008,has_abstract:true,language:en,type:article|review&sample=150&seed=342008&per_page=150&select=id,doi,display_name,publication_year,publication_date,primary_topic,primary_location,keywords,concepts,abstract_inverted_index,referenced_works_count,authorships",1,0.0001,8091,0.8091
2026-09-28T11:26:48.341418+00:00,"https://api.openalex.org/works?filter=primary_topic.field.id:36,publication_year:2008,has_abstract:true,language:en,type:article|review&sample=150&seed=362008&per_page=150&select=id,doi,display_name,publication_year,publication_date,primary_topic,primary_location,keywords,concepts,abstract_inverted_index,referenced_works_count,authorships",1,0.0001,8089,0.8089
2026-09-28T11:26:48.672956+00:00,"https://api.openalex.org/works?filter=primary_topic.field.id:35,publication_year:2008,has_abstract:true,language:en,type:article|review&sample=150&seed=352008&per_page=150&select=id,doi,display_name,publication_year,publication_date,primary_topic,primary_location,keywords,concepts,abstract_inverted_index,referenced_works_count,authorships",1,0.0001,8090,0.809
2026-09-28T11:26:48.787066+00:00,"https://api.openalex.org/works?filter=primary_topic.field.id:11,publication_year:2009,has_abstract:true,language:en,type:article|review&sample=150&seed=112009&per_page=150&select=id,doi,display_name,publication_year,publication_date,primary_topic,primary_location,keywords,concepts,abstract_inverted_index,referenced_works_count,authorships",1,0.0001,8088,0.8088
2026-09-28T11:26:48.877618+00:00,"https://api.openalex.org/works?filter=primary_topic.field.id:12,publication_year:2009,has_abstract:true,language:en,type:article|review&sample=150&seed=122009&per_page=150&select=id,doi,display_name,publication_year,publication_date,primary_topic,primary_location,keywords,concepts,abstract_inverted_index,referenced_works_count,authorships",1,0.0001,8087,0.8087
2026-09-28T11:26:49.091907+00:00,"https://api.openalex.org/works?filter=primary_topic.field.id:14,publication_year:2009,has_abstract:true,language:en,type:article|review&sample=150&seed=142009&per_page=150&select=id,doi,display_name,publication_year,publication_date,primary_topic,primary_location,keywords,concepts,abstract_inverted_index,referenced_works_count,authorships",1,0.0001,8085,0.8085
2026-09-28T11:26:49.193008+00:00,"https://api.openalex.org/works?filter=primary_topic.field.id:15,publication_year:2009,has_abstract:true,language:en,type:article|review&sample=150&seed=152009&per_page=150&select=id,doi,display_name,publication_year,publication_date,primary_topic,primary_location,keywords,concepts,abstract_inverted_index,referenced_works_count,authorships",1,0.0001,8084,0.8084
2026-09-28T11:26:49.250842+00:00,"https://api.openalex.org/works?filter=primary_topic.field.id:13,publication_year:2009,has_abstract:true,language:en,type:article|review&sample=150&seed=132009&per_page=150&select=id,doi,display_name,publication_year,publication_date,primary_topic,primary_location,keywords,concepts,abstract_inverted_index,referenced_works_count,authorships",1,0.0001,8086,0.8086
2026-09-28T11:26:49.469879+00:00,"https://api.openalex.org/works?filter=primary_topic.field.id:17,publication_year:2009,has_abstract:true,language:en,type:article|review&sample=150&seed=172009&per_page=150&select=id,doi,display_name,publication_year,publication_date,primary_topic,primary_location,keywords,concepts,abstract_inverted_index,referenced_works_count,authorships",1,0.0001,8082,0.8082
2026-09-28T11:26:49.573693+00:00,"https://api.openalex.org/works?filter=primary_topic.field.id:16,publication_year:2009,has_abstract:true,language:en,type:article|review&sample=150&seed=162009&per_page=150&select=id,doi,display_name,publication_year,publication_date,primary_topic,primary_location,keywords,concepts,abstract_inverted_index,referenced_works_count,authorships",1,0.0001,8083,0.8083
2026-09-28T11:26:49.785342+00:00,"https://api.openalex.org/works?filter=primary_topic.field.id:18,publication_year:2009,has_abstract:true,language:en,type:article|review&sample=150&seed=182009&per_page=150&select=id,doi,display_name,publication_year,publication_date,primary_topic,primary_location,keywords,concepts,abstract_inverted_index,referenced_works_count,authorships",1,0.0001,8081,0.8081
2026-09-28T11:26:50.019991+00:00,"https://api.openalex.org/works?filter=primary_topic.field.id:20,publication_year:2009,has_abstract:true,language:en,type:article|review&sample=150&seed=202009&per_page=150&select=id,doi,display_name,publication_year,publication_date,primary_topic,primary_location,keywords,concepts,abstract_inverted_index,referenced_works_count,authorships",1,0.0001,8079,0.8079
2026-09-28T11:26:50.066165+00:00,"https://api.openalex.org/works?filter=primary_topic.field.id:19,publication_year:2009,has_abstract:true,language:en,type:article|review&sample=150&seed=192009&per_page=150&select=id,doi,display_name,publication_year,publication_date,primary_topic,primary_location,keywords,concepts,abstract_inverted_index,referenced_works_count,authorships",1,0.0001,8080,0.808
2026-09-28T11:26:50.217173+00:00,"https://api.openalex.org/works?filter=primary_topic.field.id:21,publication_year:2009,has_abstract:true,language:en,type:article|review&sample=150&seed=212009&per_page=150&select=id,doi,display_name,publication_year,publication_date,primary_topic,primary_location,keywords,concepts,abstract_inverted_index,referenced_works_count,authorships",1,0.0001,8078,0.8078
2026-09-28T11:26:50.426974+00:00,"https://api.openalex.org/works?filter=primary_topic.field.id:22,publication_year:2009,has_abstract:true,language:en,type:article|review&sample=150&seed=222009&per_page=150&select=id,doi,display_name,publication_year,publication_date,primary_topic,primary_location,keywords,concepts,abstract_inverted_index,referenced_works_count,authorships",1,0.0001,8077,0.8077
2026-09-28T11:26:50.550282+00:00,"https://api.openalex.org/works?filter=primary_topic.field.id:23,publication_year:2009,has_abstract:true,language:en,type:article|review&sample=150&seed=232009&per_page=150&select=id,doi,display_name,publication_year,publication_date,primary_topic,primary_location,keywords,concepts,abstract_inverted_index,referenced_works_count,authorships",1,0.0001,8076,0.8076
2026-09-28T11:26:50.617162+00:00,"https://api.openalex.org/works?filter=primary_topic.field.id:26,publication_year:2009,has_abstract:true,language:en,type:article|review&sample=150&seed=262009&per_page=150&select=id,doi,display_name,publication_year,publication_date,primary_topic,primary_location,keywords,concepts,abstract_inverted_index,referenced_works_count,authorships",1,0.0001,8067,0.8067
2026-09-28T11:26:50.720754+00:00,"https://api.openalex.org/works?filter=primary_topic.field.id:24,publication_year:2009,has_abstract:true,language:en,type:article|review&sample=150&seed=242009&per_page=150&select=id,doi,display_name,publication_year,publication_date,primary_topic,primary_location,keywords,concepts,abstract_inverted_index,referenced_works_count,authorships",1,0.0001,8075,0.8075
2026-09-28T11:26:50.917742+00:00,"https://api.openalex.org/works?filter=primary_topic.field.id:29,publication_year:2009,has_abstract:true,language:en,type:article|review&sample=150&seed=292009&per_page=150&select=id,doi,display_name,publication_year,publication_date,primary_topic,primary_location,keywords,concepts,abstract_inverted_index,referenced_works_count,authorships",1,0.0001,8064,0.8064
2026-09-28T11:26:50.980315+00:00,"https://api.openalex.org/works?filter=primary_topic.field.id:25,publication_year:2009,has_abstract:true,language:en,type:article|review&sample=150&seed=252009&per_page=150&select=id,doi,display_name,publication_year,publication_date,primary_topic,primary_location,keywords,concepts,abstract_inverted_index,referenced_works_count,authorships",1,0.0001,8074,0.8074
2026-09-28T11:26:51.256161+00:00,"https://api.openalex.org/works?filter=primary_topic.field.id:27,publication_year:2009,has_abstract:true,language:en,type:article|review&sample=150&seed=272009&per_page=150&select=id,doi,display_name,publication_year,publication_date,primary_topic,primary_location,keywords,concepts,abstract_inverted_index,referenced_works_count,authorships",1,0.0001,8066,0.8066
2026-09-28T11:26:51.444321+00:00,"https://api.openalex.org/works?filter=primary_topic.field.id:32,publication_year:2009,has_abstract:true,language:en,type:article|review&sample=150&seed=322009&per_page=150&select=id,doi,display_name,publication_year,publication_date,primary_topic,primary_location,keywords,concepts,abstract_inverted_index,referenced_works_count,authorships",1,0.0001,8061,0.8061
2026-09-28T11:26:52.417043+00:00,"https://api.openalex.org/works?filter=primary_topic.field.id:30,publication_year:2009,has_abstract:true,language:en,type:article|review&sample=150&seed=302009&per_page=150&select=id,doi,display_name,publication_year,publication_date,primary_topic,primary_location,keywords,concepts,abstract_inverted_index,referenced_works_count,authorships",1,0.0001,8063,0.8063
2026-09-28T11:26:52.471505+00:00,"https://api.openalex.org/works?filter=primary_topic.field.id:33,publication_year:2009,has_abstract:true,language:en,type:article|review&sample=150&seed=332009&per_page=150&select=id,doi,display_name,publication_year,publication_date,primary_topic,primary_location,keywords,concepts,abstract_inverted_index,referenced_works_count,authorships",1,0.0001,8059,0.8059
2026-09-28T11:26:52.535854+00:00,"https://api.openalex.org/works?filter=primary_topic.field.id:31,publication_year:2009,has_abstract:true,language:en,type:article|review&sample=150&seed=312009&per_page=150&select=id,doi,display_name,publication_year,publication_date,primary_topic,primary_location,keywords,concepts,abstract_inverted_index,referenced_works_count,authorships",1,0.0001,8062,0.8062
2026-09-28T11:26:52.594339+00:00,"https://api.openalex.org/works?filter=primary_topic.field.id:34,publication_year:2009,has_abstract:true,language:en,type:article|review&sample=150&seed=342009&per_page=150&select=id,doi,display_name,publication_year,publication_date,primary_topic,primary_location,keywords,concepts,abstract_inverted_index,referenced_works_count,authorships",1,0.0001,8057,0.8057
2026-09-28T11:26:52.653241+00:00,"https://api.openalex.org/works?filter=primary_topic.field.id:35,publication_year:2009,has_abstract:true,language:en,type:article|review&sample=150&seed=352009&per_page=150&select=id,doi,display_name,publication_year,publication_date,primary_topic,primary_location,keywords,concepts,abstract_inverted_index,referenced_works_count,authorships",1,0.0001,8056,0.8056
2026-09-28T11:26:52.717458+00:00,"https://api.openalex.org/works?filter=primary_topic.field.id:36,publication_year:2009,has_abstract:true,language:en,type:article|review&sample=150&seed=362009&per_page=150&select=id,doi,display_name,publication_year,publication_date,primary_topic,primary_location,keywords,concepts,abstract_inverted_index,referenced_works_count,authorships",1,0.0001,8055,0.8055
2026-09-28T11:26:52.768099+00:00,"https://api.openalex.org/works?filter=primary_topic.field.id:11,publication_year:2010,has_abstract:true,language:en,type:article|review&sample=150&seed=112010&per_page=150&select=id,doi,display_name,publication_year,publication_date,primary_topic,primary_location,keywords,concepts,abstract_inverted_index,referenced_works_count,authorships",1,0.0001,8054,0.8054
2026-09-28T11:26:53.269678+00:00,"https://api.openalex.org/works?filter=primary_topic.field.id:28,publication_year:2009,has_abstract:true,language:en,type:article|review&sample=150&seed=282009&per_page=150&select=id,doi,display_name,publication_year,publication_date,primary_topic,primary_location,keywords,concepts,abstract_inverted_index,referenced_works_count,authorships",1,0.0001,8065,0.8065
2026-09-28T11:26:53.617385+00:00,"https://api.openalex.org/works?filter=primary_topic.field.id:12,publication_year:2010,has_abstract:true,language:en,type:article|review&sample=150&seed=122010&per_page=150&select=id,doi,display_name,publication_year,publication_date,primary_topic,primary_location,keywords,concepts,abstract_inverted_index,referenced_works_count,authorships",1,0.0001,8049,0.8049
2026-09-28T11:26:53.738506+00:00,"https://api.openalex.org/works?filter=primary_topic.field.id:13,publication_year:2010,has_abstract:true,language:en,type:article|review&sample=150&seed=132010&per_page=150&select=id,doi,display_name,publication_year,publication_date,primary_topic,primary_location,keywords,concepts,abstract_inverted_index,referenced_works_count,authorships",1,0.0001,8048,0.8048
2026-09-28T11:26:53.976494+00:00,"https://api.openalex.org/works?filter=primary_topic.field.id:15,publication_year:2010,has_abstract:true,language:en,type:article|review&sample=150&seed=152010&per_page=150&select=id,doi,display_name,publication_year,publication_date,primary_topic,primary_location,keywords,concepts,abstract_inverted_index,referenced_works_count,authorships",1,0.0001,8046,0.8046
2026-09-28T11:26:54.040924+00:00,"https://api.openalex.org/works?filter=primary_topic.field.id:14,publication_year:2010,has_abstract:true,language:en,type:article|review&sample=150&seed=142010&per_page=150&select=id,doi,display_name,publication_year,publication_date,primary_topic,primary_location,keywords,concepts,abstract_inverted_index,referenced_works_count,authorships",1,0.0001,8047,0.8047
2026-09-28T11:26:54.257075+00:00,"https://api.openalex.org/works?filter=primary_topic.field.id:16,publication_year:2010,has_abstract:true,language:en,type:article|review&sample=150&seed=162010&per_page=150&select=id,doi,display_name,publication_year,publication_date,primary_topic,primary_location,keywords,concepts,abstract_inverted_index,referenced_works_count,authorships",1,0.0001,8045,0.8045
2026-09-28T11:26:54.345426+00:00,"https://api.openalex.org/works?filter=primary_topic.field.id:17,publication_year:2010,has_abstract:true,language:en,type:article|review&sample=150&seed=172010&per_page=150&select=id,doi,display_name,publication_year,publication_date,primary_topic,primary_location,keywords,concepts,abstract_inverted_index,referenced_works_count,authorships",1,0.0001,8044,0.8044
2026-09-28T11:26:54.419695+00:00,"https://api.openalex.org/works?filter=primary_topic.field.id:18,publication_year:2010,has_abstract:true,language:en,type:article|review&sample=150&seed=182010&per_page=150&select=id,doi,display_name,publication_year,publication_date,primary_topic,primary_location,keywords,concepts,abstract_inverted_index,referenced_works_count,authorships",1,0.0001,8043,0.8043
2026-09-28T11:26:54.493617+00:00,"https://api.openalex.org/works?filter=primary_topic.field.id:21,publication_year:2010,has_abstract:true,language:en,type:article|review&sample=150&seed=212010&per_page=150&select=id,doi,display_name,publication_year,publication_date,primary_topic,primary_location,keywords,concepts,abstract_inverted_index,referenced_works_count,authorships",1,0.0001,8040,0.804
2026-09-28T11:26:54.658397+00:00,"https://api.openalex.org/works?filter=primary_topic.field.id:19,publication_year:2010,has_abstract:true,language:en,type:article|review&sample=150&seed=192010&per_page=150&select=id,doi,display_name,publication_year,publication_date,primary_topic,primary_location,keywords,concepts,abstract_inverted_index,referenced_works_count,authorships",1,0.0001,8042,0.8042
2026-09-28T11:26:54.727578+00:00,"https://api.openalex.org/works?filter=primary_topic.field.id:20,publication_year:2010,has_abstract:true,language:en,type:article|review&sample=150&seed=202010&per_page=150&select=id,doi,display_name,publication_year,publication_date,primary_topic,primary_location,keywords,concepts,abstract_inverted_index,referenced_works_count,authorships",1,0.0001,8041,0.8041
2026-09-28T11:26:55.124787+00:00,"https://api.openalex.org/works?filter=primary_topic.field.id:22,publication_year:2010,has_abstract:true,language:en,type:article|review&sample=150&seed=222010&per_page=150&select=id,doi,display_name,publication_year,publication_date,primary_topic,primary_location,keywords,concepts,abstract_inverted_index,referenced_works_count,authorships",1,0.0001,8039,0.8039
2026-09-28T11:26:55.489674+00:00,"https://api.openalex.org/works?filter=primary_topic.field.id:23,publication_year:2010,has_abstract:true,language:en,type:article|review&sample=150&seed=232010&per_page=150&select=id,doi,display_name,publication_year,publication_date,primary_topic,primary_location,keywords,concepts,abstract_inverted_index,referenced_works_count,authorships",1,0.0001,8038,0.8038
2026-09-28T11:26:55.562467+00:00,"https://api.openalex.org/works?filter=primary_topic.field.id:26,publication_year:2010,has_abstract:true,language:en,type:article|review&sample=150&seed=262010&per_page=150&select=id,doi,display_name,publication_year,publication_date,primary_topic,primary_location,keywords,concepts,abstract_inverted_index,referenced_works_count,authorships",1,0.0001,8035,0.8035
2026-09-28T11:26:55.662818+00:00,"https://api.openalex.org/works?filter=primary_topic.field.id:24,publication_year:2010,has_abstract:true,language:en,type:article|review&sample=150&seed=242010&per_page=150&select=id,doi,display_name,publication_year,publication_date,primary_topic,primary_location,keywords,concepts,abstract_inverted_index,referenced_works_count,authorships",1,0.0001,8037,0.8037
2026-09-28T11:26:55.717269+00:00,"https://api.openalex.org/works?filter=primary_topic.field.id:25,publication_year:2010,has_abstract:true,language:en,type:article|review&sample=150&seed=252010&per_page=150&select=id,doi,display_name,publication_year,publication_date,primary_topic,primary_location,keywords,concepts,abstract_inverted_index,referenced_works_count,authorships",1,0.0001,8036,0.8036
2026-09-28T11:26:56.019637+00:00,"https://api.openalex.org/works?filter=primary_topic.field.id:28,publication_year:2010,has_abstract:true,language:en,type:article|review&sample=150&seed=282010&per_page=150&select=id,doi,display_name,publication_year,publication_date,primary_topic,primary_location,keywords,concepts,abstract_inverted_index,referenced_works_count,authorships",1,0.0001,8033,0.8033
2026-09-28T11:26:56.167435+00:00,"https://api.openalex.org/works?filter=primary_topic.field.id:29,publication_year:2010,has_abstract:true,language:en,type:article|review&sample=150&seed=292010&per_page=150&select=id,doi,display_name,publication_year,publication_date,primary_topic,primary_location,keywords,concepts,abstract_inverted_index,referenced_works_count,authorships",1,0.0001,8032,0.8032
2026-09-28T11:26:56.353327+00:00,"https://api.openalex.org/works?filter=primary_topic.field.id:30,publication_year:2010,has_abstract:true,language:en,type:article|review&sample=150&seed=302010&per_page=150&select=id,doi,display_name,publication_year,publication_date,primary_topic,primary_location,keywords,concepts,abstract_inverted_index,referenced_works_count,authorships",1,0.0001,8031,0.8031
2026-09-28T11:26:56.618175+00:00,"https://api.openalex.org/works?filter=primary_topic.field.id:27,publication_year:2010,has_abstract:true,language:en,type:article|review&sample=150&seed=272010&per_page=150&select=id,doi,display_name,publication_year,publication_date,primary_topic,primary_location,keywords,concepts,abstract_inverted_index,referenced_works_count,authorships",1,0.0001,8034,0.8034
2026-09-28T11:26:56.964830+00:00,"https://api.openalex.org/works?filter=primary_topic.field.id:31,publication_year:2010,has_abstract:true,language:en,type:article|review&sample=150&seed=312010&per_page=150&select=id,doi,display_name,publication_year,publication_date,primary_topic,primary_location,keywords,concepts,abstract_inverted_index,referenced_works_count,authorships",1,0.0001,8030,0.803
2026-09-28T11:26:57.035610+00:00,"https://api.openalex.org/works?filter=primary_topic.field.id:32,publication_year:2010,has_abstract:true,language:en,type:article|review&sample=150&seed=322010&per_page=150&select=id,doi,display_name,publication_year,publication_date,primary_topic,primary_location,keywords,concepts,abstract_inverted_index,referenced_works_count,authorships",1,0.0001,8029,0.8029
2026-09-28T11:26:57.117670+00:00,"https://api.openalex.org/works?filter=primary_topic.field.id:33,publication_year:2010,has_abstract:true,language:en,type:article|review&sample=150&seed=332010&per_page=150&select=id,doi,display_name,publication_year,publication_date,primary_topic,primary_location,keywords,concepts,abstract_inverted_index,referenced_works_count,authorships",1,0.0001,8028,0.8028
2026-09-28T11:26:57.168742+00:00,"https://api.openalex.org/works?filter=primary_topic.field.id:34,publication_year:2010,has_abstract:true,language:en,type:article|review&sample=150&seed=342010&per_page=150&select=id,doi,display_name,publication_year,publication_date,primary_topic,primary_location,keywords,concepts,abstract_inverted_index,referenced_works_count,authorships",1,0.0001,8027,0.8027
2026-09-28T11:26:57.233754+00:00,"https://api.openalex.org/works?filter=primary_topic.field.id:35,publication_year:2010,has_abstract:true,language:en,type:article|review&sample=150&seed=352010&per_page=150&select=id,doi,display_name,publication_year,publication_date,primary_topic,primary_location,keywords,concepts,abstract_inverted_index,referenced_works_count,authorships",1,0.0001,8026,0.8026
2026-09-28T11:26:57.348761+00:00,"https://api.openalex.org/works?filter=primary_topic.field.id:36,publication_year:2010,has_abstract:true,language:en,type:article|review&sample=150&seed=362010&per_page=150&select=id,doi,display_name,publication_year,publication_date,primary_topic,primary_location,keywords,concepts,abstract_inverted_index,referenced_works_count,authorships",1,0.0001,8025,0.8025
2026-09-28T11:26:57.641009+00:00,"https://api.openalex.org/works?filter=primary_topic.field.id:12,publication_year:2011,has_abstract:true,language:en,type:article|review&sample=150&seed=122011&per_page=150&select=id,doi,display_name,publication_year,publication_date,primary_topic,primary_location,keywords,concepts,abstract_inverted_index,referenced_works_count,authorships",1,0.0001,8023,0.8023
2026-09-28T11:26:58.217601+00:00,"https://api.openalex.org/works?filter=primary_topic.field.id:11,publication_year:2011,has_abstract:true,language:en,type:article|review&sample=150&seed=112011&per_page=150&select=id,doi,display_name,publication_year,publication_date,primary_topic,primary_location,keywords,concepts,abstract_inverted_index,referenced_works_count,authorships",1,0.0001,8024,0.8024
2026-09-28T11:26:58.271708+00:00,"https://api.openalex.org/works?filter=primary_topic.field.id:13,publication_year:2011,has_abstract:true,language:en,type:article|review&sample=150&seed=132011&per_page=150&select=id,doi,display_name,publication_year,publication_date,primary_topic,primary_location,keywords,concepts,abstract_inverted_index,referenced_works_count,authorships",1,0.0001,8022,0.8022
2026-09-28T11:26:58.382342+00:00,"https://api.openalex.org/works?filter=primary_topic.field.id:17,publication_year:2011,has_abstract:true,language:en,type:article|review&sample=150&seed=172011&per_page=150&select=id,doi,display_name,publication_year,publication_date,primary_topic,primary_location,keywords,concepts,abstract_inverted_index,referenced_works_count,authorships",1,0.0001,8018,0.8018
2026-09-28T11:26:58.436601+00:00,"https://api.openalex.org/works?filter=primary_topic.field.id:14,publication_year:2011,has_abstract:true,language:en,type:article|review&sample=150&seed=142011&per_page=150&select=id,doi,display_name,publication_year,publication_date,primary_topic,primary_location,keywords,concepts,abstract_inverted_index,referenced_works_count,authorships",1,0.0001,8021,0.8021
2026-09-28T11:26:58.534676+00:00,"https://api.openalex.org/works?filter=primary_topic.field.id:15,publication_year:2011,has_abstract:true,language:en,type:article|review&sample=150&seed=152011&per_page=150&select=id,doi,display_name,publication_year,publication_date,primary_topic,primary_location,keywords,concepts,abstract_inverted_index,referenced_works_count,authorships",1,0.0001,8020,0.802
2026-09-28T11:26:58.736861+00:00,"https://api.openalex.org/works?filter=primary_topic.field.id:18,publication_year:2011,has_abstract:true,language:en,type:article|review&sample=150&seed=182011&per_page=150&select=id,doi,display_name,publication_year,publication_date,primary_topic,primary_location,keywords,concepts,abstract_inverted_index,referenced_works_count,authorships",1,0.0001,8017,0.8017
2026-09-28T11:26:58.867185+00:00,"https://api.openalex.org/works?filter=primary_topic.field.id:16,publication_year:2011,has_abstract:true,language:en,type:article|review&sample=150&seed=162011&per_page=150&select=id,doi,display_name,publication_year,publication_date,primary_topic,primary_location,keywords,concepts,abstract_inverted_index,referenced_works_count,authorships",1,0.0001,8019,0.8019
2026-09-28T11:26:59.270362+00:00,"https://api.openalex.org/works?filter=primary_topic.field.id:19,publication_year:2011,has_abstract:true,language:en,type:article|review&sample=150&seed=192011&per_page=150&select=id,doi,display_name,publication_year,publication_date,primary_topic,primary_location,keywords,concepts,abstract_inverted_index,referenced_works_count,authorships",1,0.0001,8016,0.8016
2026-09-28T11:26:59.633602+00:00,"https://api.openalex.org/works?filter=primary_topic.field.id:20,publication_year:2011,has_abstract:true,language:en,type:article|review&sample=150&seed=202011&per_page=150&select=id,doi,display_name,publication_year,publication_date,primary_topic,primary_location,keywords,concepts,abstract_inverted_index,referenced_works_count,authorships",1,0.0001,8015,0.8015
2026-09-28T11:26:59.680146+00:00,"https://api.openalex.org/works?filter=primary_topic.field.id:22,publication_year:2011,has_abstract:true,language:en,type:article|review&sample=150&seed=222011&per_page=150&select=id,doi,display_name,publication_year,publication_date,primary_topic,primary_location,keywords,concepts,abstract_inverted_index,referenced_works_count,authorships",1,0.0001,8013,0.8013
2026-09-28T11:26:59.738144+00:00,"https://api.openalex.org/works?filter=primary_topic.field.id:21,publication_year:2011,has_abstract:true,language:en,type:article|review&sample=150&seed=212011&per_page=150&select=id,doi,display_name,publication_year,publication_date,primary_topic,primary_location,keywords,concepts,abstract_inverted_index,referenced_works_count,authorships",1,0.0001,8014,0.8014
2026-09-28T11:26:59.920048+00:00,"https://api.openalex.org/works?filter=primary_topic.field.id:23,publication_year:2011,has_abstract:true,language:en,type:article|review&sample=150&seed=232011&per_page=150&select=id,doi,display_name,publication_year,publication_date,primary_topic,primary_location,keywords,concepts,abstract_inverted_index,referenced_works_count,authorships",1,0.0001,8012,0.8012
2026-09-28T11:27:00.076058+00:00,"https://api.openalex.org/works?filter=primary_topic.field.id:25,publication_year:2011,has_abstract:true,language:en,type:article|review&sample=150&seed=252011&per_page=150&select=id,doi,display_name,publication_year,publication_date,primary_topic,primary_location,keywords,concepts,abstract_inverted_index,referenced_works_count,authorships",1,0.0001,8010,0.801
2026-09-28T11:27:00.137711+00:00,"https://api.openalex.org/works?filter=primary_topic.field.id:24,publication_year:2011,has_abstract:true,language:en,type:article|review&sample=150&seed=242011&per_page=150&select=id,doi,display_name,publication_year,publication_date,primary_topic,primary_location,keywords,concepts,abstract_inverted_index,referenced_works_count,authorships",1,0.0001,8011,0.8011
2026-09-28T11:27:00.586524+00:00,"https://api.openalex.org/works?filter=primary_topic.field.id:26,publication_year:2011,has_abstract:true,language:en,type:article|review&sample=150&seed=262011&per_page=150&select=id,doi,display_name,publication_year,publication_date,primary_topic,primary_location,keywords,concepts,abstract_inverted_index,referenced_works_count,authorships",1,0.0001,8009,0.8009
2026-09-28T11:27:01.219745+00:00,"https://api.openalex.org/works?filter=primary_topic.field.id:29,publication_year:2011,has_abstract:true,language:en,type:article|review&sample=150&seed=292011&per_page=150&select=id,doi,display_name,publication_year,publication_date,primary_topic,primary_location,keywords,concepts,abstract_inverted_index,referenced_works_count,authorships",1,0.0001,8006,0.8006
2026-09-28T11:27:01.395766+00:00,"https://api.openalex.org/works?filter=primary_topic.field.id:30,publication_year:2011,has_abstract:true,language:en,type:article|review&sample=150&seed=302011&per_page=150&select=id,doi,display_name,publication_year,publication_date,primary_topic,primary_location,keywords,concepts,abstract_inverted_index,referenced_works_count,authorships",1,0.0001,8005,0.8005
2026-09-28T11:27:01.465394+00:00,"https://api.openalex.org/works?filter=primary_topic.field.id:27,publication_year:2011,has_abstract:true,language:en,type:article|review&sample=150&seed=272011&per_page=150&select=id,doi,display_name,publication_year,publication_date,primary_topic,primary_location,keywords,concepts,abstract_inverted_index,referenced_works_count,authorships",1,0.0001,8008,0.8008
2026-09-28T11:27:01.533034+00:00,"https://api.openalex.org/works?filter=primary_topic.field.id:28,publication_year:2011,has_abstract:true,language:en,type:article|review&sample=150&seed=282011&per_page=150&select=id,doi,display_name,publication_year,publication_date,primary_topic,primary_location,keywords,concepts,abstract_inverted_index,referenced_works_count,authorships",1,0.0001,8007,0.8007
2026-09-28T11:27:01.636235+00:00,"https://api.openalex.org/works?filter=primary_topic.field.id:32,publication_year:2011,has_abstract:true,language:en,type:article|review&sample=150&seed=322011&per_page=150&select=id,doi,display_name,publication_year,publication_date,primary_topic,primary_location,keywords,concepts,abstract_inverted_index,referenced_works_count,authorships",1,0.0001,8003,0.8003
2026-09-28T11:27:01.691367+00:00,"https://api.openalex.org/works?filter=primary_topic.field.id:31,publication_year:2011,has_abstract:true,language:en,type:article|review&sample=150&seed=312011&per_page=150&select=id,doi,display_name,publication_year,publication_date,primary_topic,primary_location,keywords,concepts,abstract_inverted_index,referenced_works_count,authorships",1,0.0001,8004,0.8004
2026-09-28T11:27:02.116647+00:00,"https://api.openalex.org/works?filter=primary_topic.field.id:34,publication_year:2011,has_abstract:true,language:en,type:article|review&sample=150&seed=342011&per_page=150&select=id,doi,display_name,publication_year,publication_date,primary_topic,primary_location,keywords,concepts,abstract_inverted_index,referenced_works_count,authorships",1,0.0001,8001,0.8001
2026-09-28T11:27:02.335144+00:00,"https://api.openalex.org/works?filter=primary_topic.field.id:33,publication_year:2011,has_abstract:true,language:en,type:article|review&sample=150&seed=332011&per_page=150&select=id,doi,display_name,publication_year,publication_date,primary_topic,primary_location,keywords,concepts,abstract_inverted_index,referenced_works_count,authorships",1,0.0001,8002,0.8002
2026-09-28T11:27:02.745653+00:00,"https://api.openalex.org/works?filter=primary_topic.field.id:35,publication_year:2011,has_abstract:true,language:en,type:article|review&sample=150&seed=352011&per_page=150&select=id,doi,display_name,publication_year,publication_date,primary_topic,primary_location,keywords,concepts,abstract_inverted_index,referenced_works_count,authorships",1,0.0001,7999,0.7999
2026-09-28T11:27:02.961738+00:00,"https://api.openalex.org/works?filter=primary_topic.field.id:36,publication_year:2011,has_abstract:true,language:en,type:article|review&sample=150&seed=362011&per_page=150&select=id,doi,display_name,publication_year,publication_date,primary_topic,primary_location,keywords,concepts,abstract_inverted_index,referenced_works_count,authorships",1,0.0001,7998,0.7998
2026-09-28T11:27:03.391123+00:00,"https://api.openalex.org/works?filter=primary_topic.field.id:11,publication_year:2012,has_abstract:true,language:en,type:article|review&sample=150&seed=112012&per_page=150&select=id,doi,display_name,publication_year,publication_date,primary_topic,primary_location,keywords,concepts,abstract_inverted_index,referenced_works_count,authorships",1,0.0001,7997,0.7997
2026-09-28T11:27:03.890417+00:00,"https://api.openalex.org/works?filter=primary_topic.field.id:12,publication_year:2012,has_abstract:true,language:en,type:article|review&sample=150&seed=122012&per_page=150&select=id,doi,display_name,publication_year,publication_date,primary_topic,primary_location,keywords,concepts,abstract_inverted_index,referenced_works_count,authorships",1,0.0001,7996,0.7996
2026-09-28T11:27:04.171477+00:00,"https://api.openalex.org/works?filter=primary_topic.field.id:13,publication_year:2012,has_abstract:true,language:en,type:article|review&sample=150&seed=132012&per_page=150&select=id,doi,display_name,publication_year,publication_date,primary_topic,primary_location,keywords,concepts,abstract_inverted_index,referenced_works_count,authorships",1,0.0001,7995,0.7995
2026-09-28T11:27:04.230908+00:00,"https://api.openalex.org/works?filter=primary_topic.field.id:14,publication_year:2012,has_abstract:true,language:en,type:article|review&sample=150&seed=142012&per_page=150&select=id,doi,display_name,publication_year,publication_date,primary_topic,primary_location,keywords,concepts,abstract_inverted_index,referenced_works_count,authorships",1,0.0001,7994,0.7994
2026-09-28T11:27:04.732482+00:00,"https://api.openalex.org/works?filter=primary_topic.field.id:16,publication_year:2012,has_abstract:true,language:en,type:article|review&sample=150&seed=162012&per_page=150&select=id,doi,display_name,publication_year,publication_date,primary_topic,primary_location,keywords,concepts,abstract_inverted_index,referenced_works_count,authorships",1,0.0001,7992,0.7992
2026-09-28T11:27:04.819516+00:00,"https://api.openalex.org/works?filter=primary_topic.field.id:15,publication_year:2012,has_abstract:true,language:en,type:article|review&sample=150&seed=152012&per_page=150&select=id,doi,display_name,publication_year,publication_date,primary_topic,primary_location,keywords,concepts,abstract_inverted_index,referenced_works_count,authorships",1,0.0001,7993,0.7993
2026-09-28T11:27:05.063076+00:00,"https://api.openalex.org/works?filter=primary_topic.field.id:17,publication_year:2012,has_abstract:true,language:en,type:article|review&sample=150&seed=172012&per_page=150&select=id,doi,display_name,publication_year,publication_date,primary_topic,primary_location,keywords,concepts,abstract_inverted_index,referenced_works_count,authorships",1,0.0001,7990,0.799
2026-09-28T11:27:05.181543+00:00,"https://api.openalex.org/works?filter=primary_topic.field.id:18,publication_year:2012,has_abstract:true,language:en,type:article|review&sample=150&seed=182012&per_page=150&select=id,doi,display_name,publication_year,publication_date,primary_topic,primary_location,keywords,concepts,abstract_inverted_index,referenced_works_count,authorships",1,0.0001,7989,0.7989
2026-09-28T11:27:05.417490+00:00,"https://api.openalex.org/works?filter=primary_topic.field.id:19,publication_year:2012,has_abstract:true,language:en,type:article|review&sample=150&seed=192012&per_page=150&select=id,doi,display_name,publication_year,publication_date,primary_topic,primary_location,keywords,concepts,abstract_inverted_index,referenced_works_count,authorships",1,0.0001,7988,0.7988
2026-09-28T11:27:05.851200+00:00,"https://api.openalex.org/works?filter=primary_topic.field.id:20,publication_year:2012,has_abstract:true,language:en,type:article|review&sample=150&seed=202012&per_page=150&select=id,doi,display_name,publication_year,publication_date,primary_topic,primary_location,keywords,concepts,abstract_inverted_index,referenced_works_count,authorships",1,0.0001,7987,0.7987
2026-09-28T11:27:06.417340+00:00,"https://api.openalex.org/works?filter=primary_topic.field.id:21,publication_year:2012,has_abstract:true,language:en,type:article|review&sample=150&seed=212012&per_page=150&select=id,doi,display_name,publication_year,publication_date,primary_topic,primary_location,keywords,concepts,abstract_inverted_index,referenced_works_count,authorships",1,0.0001,7986,0.7986
2026-09-28T11:27:06.685540+00:00,"https://api.openalex.org/works?filter=primary_topic.field.id:22,publication_year:2012,has_abstract:true,language:en,type:article|review&sample=150&seed=222012&per_page=150&select=id,doi,display_name,publication_year,publication_date,primary_topic,primary_location,keywords,concepts,abstract_inverted_index,referenced_works_count,authorships",1,0.0001,7985,0.7985
2026-09-28T11:27:07.118620+00:00,"https://api.openalex.org/works?filter=primary_topic.field.id:23,publication_year:2012,has_abstract:true,language:en,type:article|review&sample=150&seed=232012&per_page=150&select=id,doi,display_name,publication_year,publication_date,primary_topic,primary_location,keywords,concepts,abstract_inverted_index,referenced_works_count,authorships",1,0.0001,7984,0.7984
2026-09-28T11:27:07.229969+00:00,"https://api.openalex.org/works?filter=primary_topic.field.id:26,publication_year:2012,has_abstract:true,language:en,type:article|review&sample=150&seed=262012&per_page=150&select=id,doi,display_name,publication_year,publication_date,primary_topic,primary_location,keywords,concepts,abstract_inverted_index,referenced_works_count,authorships",1,0.0001,7981,0.7981
2026-09-28T11:27:07.317470+00:00,"https://api.openalex.org/works?filter=primary_topic.field.id:24,publication_year:2012,has_abstract:true,language:en,type:article|review&sample=150&seed=242012&per_page=150&select=id,doi,display_name,publication_year,publication_date,primary_topic,primary_location,keywords,concepts,abstract_inverted_index,referenced_works_count,authorships",1,0.0001,7983,0.7983
2026-09-28T11:27:07.519995+00:00,"https://api.openalex.org/works?filter=primary_topic.field.id:25,publication_year:2012,has_abstract:true,language:en,type:article|review&sample=150&seed=252012&per_page=150&select=id,doi,display_name,publication_year,publication_date,primary_topic,primary_location,keywords,concepts,abstract_inverted_index,referenced_works_count,authorships",1,0.0001,7982,0.7982
2026-09-28T11:27:07.591550+00:00,"https://api.openalex.org/works?filter=primary_topic.field.id:28,publication_year:2012,has_abstract:true,language:en,type:article|review&sample=150&seed=282012&per_page=150&select=id,doi,display_name,publication_year,publication_date,primary_topic,primary_location,keywords,concepts,abstract_inverted_index,referenced_works_count,authorships",1,0.0001,7977,0.7977
2026-09-28T11:27:07.651220+00:00,"https://api.openalex.org/works?filter=primary_topic.field.id:27,publication_year:2012,has_abstract:true,language:en,type:article|review&sample=150&seed=272012&per_page=150&select=id,doi,display_name,publication_year,publication_date,primary_topic,primary_location,keywords,concepts,abstract_inverted_index,referenced_works_count,authorships",1,0.0001,7978,0.7978
2026-09-28T11:27:08.432091+00:00,"https://api.openalex.org/works?filter=primary_topic.field.id:29,publication_year:2012,has_abstract:true,language:en,type:article|review&sample=150&seed=292012&per_page=150&select=id,doi,display_name,publication_year,publication_date,primary_topic,primary_location,keywords,concepts,abstract_inverted_index,referenced_works_count,authorships",1,0.0001,7973,0.7973
2026-09-28T11:27:09.155237+00:00,"https://api.openalex.org/works?filter=primary_topic.field.id:30,publication_year:2012,has_abstract:true,language:en,type:article|review&sample=150&seed=302012&per_page=150&select=id,doi,display_name,publication_year,publication_date,primary_topic,primary_location,keywords,concepts,abstract_inverted_index,referenced_works_count,authorships",1,0.0001,7968,0.7968
2026-09-28T11:27:09.495772+00:00,"https://api.openalex.org/works?filter=primary_topic.field.id:32,publication_year:2012,has_abstract:true,language:en,type:article|review&sample=150&seed=322012&per_page=150&select=id,doi,display_name,publication_year,publication_date,primary_topic,primary_location,keywords,concepts,abstract_inverted_index,referenced_works_count,authorships",1,0.0001,7966,0.7966
2026-09-28T11:27:09.786784+00:00,"https://api.openalex.org/works?filter=primary_topic.field.id:31,publication_year:2012,has_abstract:true,language:en,type:article|review&sample=150&seed=312012&per_page=150&select=id,doi,display_name,publication_year,publication_date,primary_topic,primary_location,keywords,concepts,abstract_inverted_index,referenced_works_count,authorships",1,0.0001,7967,0.7967
2026-09-28T11:27:09.884394+00:00,"https://api.openalex.org/works?filter=primary_topic.field.id:33,publication_year:2012,has_abstract:true,language:en,type:article|review&sample=150&seed=332012&per_page=150&select=id,doi,display_name,publication_year,publication_date,primary_topic,primary_location,keywords,concepts,abstract_inverted_index,referenced_works_count,authorships",1,0.0001,7965,0.7965
2026-09-28T11:27:10.018443+00:00,"https://api.openalex.org/works?filter=primary_topic.field.id:34,publication_year:2012,has_abstract:true,language:en,type:article|review&sample=150&seed=342012&per_page=150&select=id,doi,display_name,publication_year,publication_date,primary_topic,primary_location,keywords,concepts,abstract_inverted_index,referenced_works_count,authorships",1,0.0001,7964,0.7964
2026-09-28T11:27:10.082103+00:00,"https://api.openalex.org/works?filter=primary_topic.field.id:35,publication_year:2012,has_abstract:true,language:en,type:article|review&sample=150&seed=352012&per_page=150&select=id,doi,display_name,publication_year,publication_date,primary_topic,primary_location,keywords,concepts,abstract_inverted_index,referenced_works_count,authorships",1,0.0001,7963,0.7963
2026-09-28T11:27:10.216910+00:00,"https://api.openalex.org/works?filter=primary_topic.field.id:36,publication_year:2012,has_abstract:true,language:en,type:article|review&sample=150&seed=362012&per_page=150&select=id,doi,display_name,publication_year,publication_date,primary_topic,primary_location,keywords,concepts,abstract_inverted_index,referenced_works_count,authorships",1,0.0001,7962,0.7962
2026-09-28T11:27:10.452469+00:00,"https://api.openalex.org/works?filter=primary_topic.field.id:12,publication_year:2013,has_abstract:true,language:en,type:article|review&sample=150&seed=122013&per_page=150&select=id,doi,display_name,publication_year,publication_date,primary_topic,primary_location,keywords,concepts,abstract_inverted_index,referenced_works_count,authorships",1,0.0001,7958,0.7958
2026-09-28T11:27:10.513532+00:00,"https://api.openalex.org/works?filter=primary_topic.field.id:11,publication_year:2013,has_abstract:true,language:en,type:article|review&sample=150&seed=112013&per_page=150&select=id,doi,display_name,publication_year,publication_date,primary_topic,primary_location,keywords,concepts,abstract_inverted_index,referenced_works_count,authorships",1,0.0001,7961,0.7961
2026-09-28T11:27:11.018473+00:00,"https://api.openalex.org/works?filter=primary_topic.field.id:14,publication_year:2013,has_abstract:true,language:en,type:article|review&sample=150&seed=142013&per_page=150&select=id,doi,display_name,publication_year,publication_date,primary_topic,primary_location,keywords,concepts,abstract_inverted_index,referenced_works_count,authorships",1,0.0001,7951,0.7951
2026-09-28T11:27:11.224109+00:00,"https://api.openalex.org/works?filter=primary_topic.field.id:15,publication_year:2013,has_abstract:true,language:en,type:article|review&sample=150&seed=152013&per_page=150&select=id,doi,display_name,publication_year,publication_date,primary_topic,primary_location,keywords,concepts,abstract_inverted_index,referenced_works_count,authorships",1,0.0001,7950,0.795
2026-09-28T11:27:11.283657+00:00,"https://api.openalex.org/works?filter=primary_topic.field.id:13,publication_year:2013,has_abstract:true,language:en,type:article|review&sample=150&seed=132013&per_page=150&select=id,doi,display_name,publication_year,publication_date,primary_topic,primary_location,keywords,concepts,abstract_inverted_index,referenced_works_count,authorships",1,0.0001,7953,0.7953
2026-09-28T11:27:11.350991+00:00,"https://api.openalex.org/works?filter=primary_topic.field.id:16,publication_year:2013,has_abstract:true,language:en,type:article|review&sample=150&seed=162013&per_page=150&select=id,doi,display_name,publication_year,publication_date,primary_topic,primary_location,keywords,concepts,abstract_inverted_index,referenced_works_count,authorships",1,0.0001,7948,0.7948
2026-09-28T11:27:11.418862+00:00,"https://api.openalex.org/works?filter=primary_topic.field.id:17,publication_year:2013,has_abstract:true,language:en,type:article|review&sample=150&seed=172013&per_page=150&select=id,doi,display_name,publication_year,publication_date,primary_topic,primary_location,keywords,concepts,abstract_inverted_index,referenced_works_count,authorships",1,0.0001,7947,0.7947
2026-09-28T11:27:11.595608+00:00,"https://api.openalex.org/works?filter=primary_topic.field.id:19,publication_year:2013,has_abstract:true,language:en,type:article|review&sample=150&seed=192013&per_page=150&select=id,doi,display_name,publication_year,publication_date,primary_topic,primary_location,keywords,concepts,abstract_inverted_index,referenced_works_count,authorships",1,0.0001,7944,0.7944
2026-09-28T11:27:12.449782+00:00,"https://api.openalex.org/works?filter=primary_topic.field.id:20,publication_year:2013,has_abstract:true,language:en,type:article|review&sample=150&seed=202013&per_page=150&select=id,doi,display_name,publication_year,publication_date,primary_topic,primary_location,keywords,concepts,abstract_inverted_index,referenced_works_count,authorships",1,0.0001,7943,0.7943
2026-09-28T11:27:12.497041+00:00,"https://api.openalex.org/works?filter=primary_topic.field.id:18,publication_year:2013,has_abstract:true,language:en,type:article|review&sample=150&seed=182013&per_page=150&select=id,doi,display_name,publication_year,publication_date,primary_topic,primary_location,keywords,concepts,abstract_inverted_index,referenced_works_count,authorships",1,0.0001,7946,0.7946
2026-09-28T11:27:12.563654+00:00,"https://api.openalex.org/works?filter=primary_topic.field.id:21,publication_year:2013,has_abstract:true,language:en,type:article|review&sample=150&seed=212013&per_page=150&select=id,doi,display_name,publication_year,publication_date,primary_topic,primary_location,keywords,concepts,abstract_inverted_index,referenced_works_count,authorships",1,0.0001,7941,0.7941
2026-09-28T11:27:12.816652+00:00,"https://api.openalex.org/works?filter=primary_topic.field.id:23,publication_year:2013,has_abstract:true,language:en,type:article|review&sample=150&seed=232013&per_page=150&select=id,doi,display_name,publication_year,publication_date,primary_topic,primary_location,keywords,concepts,abstract_inverted_index,referenced_works_count,authorships",1,0.0001,7939,0.7939
2026-09-28T11:27:12.865596+00:00,"https://api.openalex.org/works?filter=primary_topic.field.id:22,publication_year:2013,has_abstract:true,language:en,type:article|review&sample=150&seed=222013&per_page=150&select=id,doi,display_name,publication_year,publication_date,primary_topic,primary_location,keywords,concepts,abstract_inverted_index,referenced_works_count,authorships",1,0.0001,7940,0.794
2026-09-28T11:27:12.958360+00:00,"https://api.openalex.org/works?filter=primary_topic.field.id:25,publication_year:2013,has_abstract:true,language:en,type:article|review&sample=150&seed=252013&per_page=150&select=id,doi,display_name,publication_year,publication_date,primary_topic,primary_location,keywords,concepts,abstract_inverted_index,referenced_works_count,authorships",1,0.0001,7936,0.7936
2026-09-28T11:27:13.071633+00:00,"https://api.openalex.org/works?filter=primary_topic.field.id:24,publication_year:2013,has_abstract:true,language:en,type:article|review&sample=150&seed=242013&per_page=150&select=id,doi,display_name,publication_year,publication_date,primary_topic,primary_location,keywords,concepts,abstract_inverted_index,referenced_works_count,authorships",1,0.0001,7937,0.7937
2026-09-28T11:27:13.145294+00:00,"https://api.openalex.org/works?filter=primary_topic.field.id:26,publication_year:2013,has_abstract:true,language:en,type:article|review&sample=150&seed=262013&per_page=150&select=id,doi,display_name,publication_year,publication_date,primary_topic,primary_location,keywords,concepts,abstract_inverted_index,referenced_works_count,authorships",1,0.0001,7935,0.7935
2026-09-28T11:27:14.020791+00:00,"https://api.openalex.org/works?filter=primary_topic.field.id:27,publication_year:2013,has_abstract:true,language:en,type:article|review&sample=150&seed=272013&per_page=150&select=id,doi,display_name,publication_year,publication_date,primary_topic,primary_location,keywords,concepts,abstract_inverted_index,referenced_works_count,authorships",1,0.0001,7932,0.7932
2026-09-28T11:27:14.196396+00:00,"https://api.openalex.org/works?filter=primary_topic.field.id:28,publication_year:2013,has_abstract:true,language:en,type:article|review&sample=150&seed=282013&per_page=150&select=id,doi,display_name,publication_year,publication_date,primary_topic,primary_location,keywords,concepts,abstract_inverted_index,referenced_works_count,authorships",1,0.0001,7931,0.7931
2026-09-28T11:27:14.431215+00:00,"https://api.openalex.org/works?filter=primary_topic.field.id:30,publication_year:2013,has_abstract:true,language:en,type:article|review&sample=150&seed=302013&per_page=150&select=id,doi,display_name,publication_year,publication_date,primary_topic,primary_location,keywords,concepts,abstract_inverted_index,referenced_works_count,authorships",1,0.0001,7929,0.7929
2026-09-28T11:27:14.845816+00:00,"https://api.openalex.org/works?filter=primary_topic.field.id:31,publication_year:2013,has_abstract:true,language:en,type:article|review&sample=150&seed=312013&per_page=150&select=id,doi,display_name,publication_year,publication_date,primary_topic,primary_location,keywords,concepts,abstract_inverted_index,referenced_works_count,authorships",1,0.0001,7927,0.7927
2026-09-28T11:27:15.569545+00:00,"https://api.openalex.org/works?filter=primary_topic.field.id:32,publication_year:2013,has_abstract:true,language:en,type:article|review&sample=150&seed=322013&per_page=150&select=id,doi,display_name,publication_year,publication_date,primary_topic,primary_location,keywords,concepts,abstract_inverted_index,referenced_works_count,authorships",1,0.0001,7925,0.7925
2026-09-28T11:27:15.635870+00:00,"https://api.openalex.org/works?filter=primary_topic.field.id:29,publication_year:2013,has_abstract:true,language:en,type:article|review&sample=150&seed=292013&per_page=150&select=id,doi,display_name,publication_year,publication_date,primary_topic,primary_location,keywords,concepts,abstract_inverted_index,referenced_works_count,authorships",1,0.0001,7930,0.793
2026-09-28T11:27:15.717463+00:00,"https://api.openalex.org/works?filter=primary_topic.field.id:33,publication_year:2013,has_abstract:true,language:en,type:article|review&sample=150&seed=332013&per_page=150&select=id,doi,display_name,publication_year,publication_date,primary_topic,primary_location,keywords,concepts,abstract_inverted_index,referenced_works_count,authorships",1,0.0001,7924,0.7924
2026-09-28T11:27:15.938105+00:00,"https://api.openalex.org/works?filter=primary_topic.field.id:34,publication_year:2013,has_abstract:true,language:en,type:article|review&sample=150&seed=342013&per_page=150&select=id,doi,display_name,publication_year,publication_date,primary_topic,primary_location,keywords,concepts,abstract_inverted_index,referenced_works_count,authorships",1,0.0001,7923,0.7923
2026-09-28T11:27:16.772718+00:00,"https://api.openalex.org/works?filter=primary_topic.field.id:35,publication_year:2013,has_abstract:true,language:en,type:article|review&sample=150&seed=352013&per_page=150&select=id,doi,display_name,publication_year,publication_date,primary_topic,primary_location,keywords,concepts,abstract_inverted_index,referenced_works_count,authorships",1,0.0001,7921,0.7921
2026-09-28T11:27:16.832914+00:00,"https://api.openalex.org/works?filter=primary_topic.field.id:36,publication_year:2013,has_abstract:true,language:en,type:article|review&sample=150&seed=362013&per_page=150&select=id,doi,display_name,publication_year,publication_date,primary_topic,primary_location,keywords,concepts,abstract_inverted_index,referenced_works_count,authorships",1,0.0001,7919,0.7919
2026-09-28T11:27:17.268580+00:00,"https://api.openalex.org/works?filter=primary_topic.field.id:11,publication_year:2014,has_abstract:true,language:en,type:article|review&sample=150&seed=112014&per_page=150&select=id,doi,display_name,publication_year,publication_date,primary_topic,primary_location,keywords,concepts,abstract_inverted_index,referenced_works_count,authorships",1,0.0001,7918,0.7918
2026-09-28T11:27:17.341391+00:00,"https://api.openalex.org/works?filter=primary_topic.field.id:12,publication_year:2014,has_abstract:true,language:en,type:article|review&sample=150&seed=122014&per_page=150&select=id,doi,display_name,publication_year,publication_date,primary_topic,primary_location,keywords,concepts,abstract_inverted_index,referenced_works_count,authorships",1,0.0001,7917,0.7917
2026-09-28T11:27:17.393783+00:00,"https://api.openalex.org/works?filter=primary_topic.field.id:13,publication_year:2014,has_abstract:true,language:en,type:article|review&sample=150&seed=132014&per_page=150&select=id,doi,display_name,publication_year,publication_date,primary_topic,primary_location,keywords,concepts,abstract_inverted_index,referenced_works_count,authorships",1,0.0001,7910,0.791
2026-09-28T11:27:17.466004+00:00,"https://api.openalex.org/works?filter=primary_topic.field.id:15,publication_year:2014,has_abstract:true,language:en,type:article|review&sample=150&seed=152014&per_page=150&select=id,doi,display_name,publication_year,publication_date,primary_topic,primary_location,keywords,concepts,abstract_inverted_index,referenced_works_count,authorships",1,0.0001,7907,0.7907
2026-09-28T11:27:17.562741+00:00,"https://api.openalex.org/works?filter=primary_topic.field.id:14,publication_year:2014,has_abstract:true,language:en,type:article|review&sample=150&seed=142014&per_page=150&select=id,doi,display_name,publication_year,publication_date,primary_topic,primary_location,keywords,concepts,abstract_inverted_index,referenced_works_count,authorships",1,0.0001,7908,0.7908
2026-09-28T11:27:17.937649+00:00,"https://api.openalex.org/works?filter=primary_topic.field.id:16,publication_year:2014,has_abstract:true,language:en,type:article|review&sample=150&seed=162014&per_page=150&select=id,doi,display_name,publication_year,publication_date,primary_topic,primary_location,keywords,concepts,abstract_inverted_index,referenced_works_count,authorships",1,0.0001,7906,0.7906
2026-09-28T11:27:18.418662+00:00,"https://api.openalex.org/works?filter=primary_topic.field.id:17,publication_year:2014,has_abstract:true,language:en,type:article|review&sample=150&seed=172014&per_page=150&select=id,doi,display_name,publication_year,publication_date,primary_topic,primary_location,keywords,concepts,abstract_inverted_index,referenced_works_count,authorships",1,0.0001,7904,0.7904
2026-09-28T11:27:18.465815+00:00,"https://api.openalex.org/works?filter=primary_topic.field.id:18,publication_year:2014,has_abstract:true,language:en,type:article|review&sample=150&seed=182014&per_page=150&select=id,doi,display_name,publication_year,publication_date,primary_topic,primary_location,keywords,concepts,abstract_inverted_index,referenced_works_count,authorships",1,0.0001,7903,0.7903
2026-09-28T11:27:18.866225+00:00,"https://api.openalex.org/works?filter=primary_topic.field.id:19,publication_year:2014,has_abstract:true,language:en,type:article|review&sample=150&seed=192014&per_page=150&select=id,doi,display_name,publication_year,publication_date,primary_topic,primary_location,keywords,concepts,abstract_inverted_index,referenced_works_count,authorships",1,0.0001,7901,0.7901
2026-09-28T11:27:19.326072+00:00,"https://api.openalex.org/works?filter=primary_topic.field.id:20,publication_year:2014,has_abstract:true,language:en,type:article|review&sample=150&seed=202014&per_page=150&select=id,doi,display_name,publication_year,publication_date,primary_topic,primary_location,keywords,concepts,abstract_inverted_index,referenced_works_count,authorships",1,0.0001,7900,0.79
2026-09-28T11:27:19.379851+00:00,"https://api.openalex.org/works?filter=primary_topic.field.id:21,publication_year:2014,has_abstract:true,language:en,type:article|review&sample=150&seed=212014&per_page=150&select=id,doi,display_name,publication_year,publication_date,primary_topic,primary_location,keywords,concepts,abstract_inverted_index,referenced_works_count,authorships",1,0.0001,7899,0.7899
2026-09-28T11:27:19.441222+00:00,"https://api.openalex.org/works?filter=primary_topic.field.id:22,publication_year:2014,has_abstract:true,language:en,type:article|review&sample=150&seed=222014&per_page=150&select=id,doi,display_name,publication_year,publication_date,primary_topic,primary_location,keywords,concepts,abstract_inverted_index,referenced_works_count,authorships",1,0.0001,7898,0.7898
2026-09-28T11:27:19.616492+00:00,"https://api.openalex.org/works?filter=primary_topic.field.id:23,publication_year:2014,has_abstract:true,language:en,type:article|review&sample=150&seed=232014&per_page=150&select=id,doi,display_name,publication_year,publication_date,primary_topic,primary_location,keywords,concepts,abstract_inverted_index,referenced_works_count,authorships",1,0.0001,7895,0.7895
2026-09-28T11:27:19.716588+00:00,"https://api.openalex.org/works?filter=primary_topic.field.id:24,publication_year:2014,has_abstract:true,language:en,type:article|review&sample=150&seed=242014&per_page=150&select=id,doi,display_name,publication_year,publication_date,primary_topic,primary_location,keywords,concepts,abstract_inverted_index,referenced_works_count,authorships",1,0.0001,7894,0.7894
2026-09-28T11:27:19.852656+00:00,"https://api.openalex.org/works?filter=primary_topic.field.id:26,publication_year:2014,has_abstract:true,language:en,type:article|review&sample=150&seed=262014&per_page=150&select=id,doi,display_name,publication_year,publication_date,primary_topic,primary_location,keywords,concepts,abstract_inverted_index,referenced_works_count,authorships",1,0.0001,7891,0.7891
2026-09-28T11:27:19.972845+00:00,"https://api.openalex.org/works?filter=primary_topic.field.id:25,publication_year:2014,has_abstract:true,language:en,type:article|review&sample=150&seed=252014&per_page=150&select=id,doi,display_name,publication_year,publication_date,primary_topic,primary_location,keywords,concepts,abstract_inverted_index,referenced_works_count,authorships",1,0.0001,7892,0.7892
2026-09-28T11:27:20.737006+00:00,"https://api.openalex.org/works?filter=primary_topic.field.id:27,publication_year:2014,has_abstract:true,language:en,type:article|review&sample=150&seed=272014&per_page=150&select=id,doi,display_name,publication_year,publication_date,primary_topic,primary_location,keywords,concepts,abstract_inverted_index,referenced_works_count,authorships",1,0.0001,7890,0.789
2026-09-28T11:27:21.539815+00:00,"https://api.openalex.org/works?filter=primary_topic.field.id:28,publication_year:2014,has_abstract:true,language:en,type:article|review&sample=150&seed=282014&per_page=150&select=id,doi,display_name,publication_year,publication_date,primary_topic,primary_location,keywords,concepts,abstract_inverted_index,referenced_works_count,authorships",1,0.0001,7887,0.7887
2026-09-28T11:27:21.757774+00:00,"https://api.openalex.org/works?filter=primary_topic.field.id:29,publication_year:2014,has_abstract:true,language:en,type:article|review&sample=150&seed=292014&per_page=150&select=id,doi,display_name,publication_year,publication_date,primary_topic,primary_location,keywords,concepts,abstract_inverted_index,referenced_works_count,authorships",1,0.0001,7884,0.7884
2026-09-28T11:27:22.261018+00:00,"https://api.openalex.org/works?filter=primary_topic.field.id:30,publication_year:2014,has_abstract:true,language:en,type:article|review&sample=150&seed=302014&per_page=150&select=id,doi,display_name,publication_year,publication_date,primary_topic,primary_location,keywords,concepts,abstract_inverted_index,referenced_works_count,authorships",1,0.0001,7882,0.7882
2026-09-28T11:27:22.436782+00:00,"https://api.openalex.org/works?filter=primary_topic.field.id:31,publication_year:2014,has_abstract:true,language:en,type:article|review&sample=150&seed=312014&per_page=150&select=id,doi,display_name,publication_year,publication_date,primary_topic,primary_location,keywords,concepts,abstract_inverted_index,referenced_works_count,authorships",1,0.0001,7881,0.7881
2026-09-28T11:27:22.631786+00:00,"https://api.openalex.org/works?filter=primary_topic.field.id:32,publication_year:2014,has_abstract:true,language:en,type:article|review&sample=150&seed=322014&per_page=150&select=id,doi,display_name,publication_year,publication_date,primary_topic,primary_location,keywords,concepts,abstract_inverted_index,referenced_works_count,authorships",1,0.0001,7880,0.788
2026-09-28T11:27:25.332462+00:00,"https://api.openalex.org/works?filter=primary_topic.field.id:33,publication_year:2014,has_abstract:true,language:en,type:article|review&sample=150&seed=332014&per_page=150&select=id,doi,display_name,publication_year,publication_date,primary_topic,primary_location,keywords,concepts,abstract_inverted_index,referenced_works_count,authorships",1,0.0001,7879,0.7879
2026-09-28T11:27:25.395425+00:00,"https://api.openalex.org/works?filter=primary_topic.field.id:34,publication_year:2014,has_abstract:true,language:en,type:article|review&sample=150&seed=342014&per_page=150&select=id,doi,display_name,publication_year,publication_date,primary_topic,primary_location,keywords,concepts,abstract_inverted_index,referenced_works_count,authorships",1,0.0001,7878,0.7878
2026-09-28T11:27:25.461003+00:00,"https://api.openalex.org/works?filter=primary_topic.field.id:35,publication_year:2014,has_abstract:true,language:en,type:article|review&sample=150&seed=352014&per_page=150&select=id,doi,display_name,publication_year,publication_date,primary_topic,primary_location,keywords,concepts,abstract_inverted_index,referenced_works_count,authorships",1,0.0001,7875,0.7875
2026-09-28T11:27:25.518749+00:00,"https://api.openalex.org/works?filter=primary_topic.field.id:36,publication_year:2014,has_abstract:true,language:en,type:article|review&sample=150&seed=362014&per_page=150&select=id,doi,display_name,publication_year,publication_date,primary_topic,primary_location,keywords,concepts,abstract_inverted_index,referenced_works_count,authorships",1,0.0001,7872,0.7872
2026-09-28T11:27:25.592723+00:00,"https://api.openalex.org/works?filter=primary_topic.field.id:11,publication_year:2015,has_abstract:true,language:en,type:article|review&sample=150&seed=112015&per_page=150&select=id,doi,display_name,publication_year,publication_date,primary_topic,primary_location,keywords,concepts,abstract_inverted_index,referenced_works_count,authorships",1,0.0001,7870,0.787
2026-09-28T11:27:25.885679+00:00,"https://api.openalex.org/works?filter=primary_topic.field.id:12,publication_year:2015,has_abstract:true,language:en,type:article|review&sample=150&seed=122015&per_page=150&select=id,doi,display_name,publication_year,publication_date,primary_topic,primary_location,keywords,concepts,abstract_inverted_index,referenced_works_count,authorships",1,0.0001,7868,0.7868
2026-09-28T11:27:25.966407+00:00,"https://api.openalex.org/works?filter=primary_topic.field.id:14,publication_year:2015,has_abstract:true,language:en,type:article|review&sample=150&seed=142015&per_page=150&select=id,doi,display_name,publication_year,publication_date,primary_topic,primary_location,keywords,concepts,abstract_inverted_index,referenced_works_count,authorships",1,0.0001,7865,0.7865
2026-09-28T11:27:26.148521+00:00,"https://api.openalex.org/works?filter=primary_topic.field.id:13,publication_year:2015,has_abstract:true,language:en,type:article|review&sample=150&seed=132015&per_page=150&select=id,doi,display_name,publication_year,publication_date,primary_topic,primary_location,keywords,concepts,abstract_inverted_index,referenced_works_count,authorships",1,0.0001,7867,0.7867
2026-09-28T11:27:29.519943+00:00,"https://api.openalex.org/works?filter=primary_topic.field.id:15,publication_year:2015,has_abstract:true,language:en,type:article|review&sample=150&seed=152015&per_page=150&select=id,doi,display_name,publication_year,publication_date,primary_topic,primary_location,keywords,concepts,abstract_inverted_index,referenced_works_count,authorships",1,0.0001,7860,0.786
2026-09-28T11:27:29.665688+00:00,"https://api.openalex.org/works?filter=primary_topic.field.id:16,publication_year:2015,has_abstract:true,language:en,type:article|review&sample=150&seed=162015&per_page=150&select=id,doi,display_name,publication_year,publication_date,primary_topic,primary_location,keywords,concepts,abstract_inverted_index,referenced_works_count,authorships",1,0.0001,7859,0.7859
2026-09-28T11:27:29.780467+00:00,"https://api.openalex.org/works?filter=primary_topic.field.id:17,publication_year:2015,has_abstract:true,language:en,type:article|review&sample=150&seed=172015&per_page=150&select=id,doi,display_name,publication_year,publication_date,primary_topic,primary_location,keywords,concepts,abstract_inverted_index,referenced_works_count,authorships",1,0.0001,7858,0.7858
2026-09-28T11:27:29.890995+00:00,"https://api.openalex.org/works?filter=primary_topic.field.id:18,publication_year:2015,has_abstract:true,language:en,type:article|review&sample=150&seed=182015&per_page=150&select=id,doi,display_name,publication_year,publication_date,primary_topic,primary_location,keywords,concepts,abstract_inverted_index,referenced_works_count,authorships",1,0.0001,7856,0.7856
2026-09-28T11:27:30.019852+00:00,"https://api.openalex.org/works?filter=primary_topic.field.id:20,publication_year:2015,has_abstract:true,language:en,type:article|review&sample=150&seed=202015&per_page=150&select=id,doi,display_name,publication_year,publication_date,primary_topic,primary_location,keywords,concepts,abstract_inverted_index,referenced_works_count,authorships",1,0.0001,7854,0.7854
2026-09-28T11:27:30.070098+00:00,"https://api.openalex.org/works?filter=primary_topic.field.id:19,publication_year:2015,has_abstract:true,language:en,type:article|review&sample=150&seed=192015&per_page=150&select=id,doi,display_name,publication_year,publication_date,primary_topic,primary_location,keywords,concepts,abstract_inverted_index,referenced_works_count,authorships",1,0.0001,7855,0.7855
2026-09-28T11:27:30.198184+00:00,"https://api.openalex.org/works?filter=primary_topic.field.id:21,publication_year:2015,has_abstract:true,language:en,type:article|review&sample=150&seed=212015&per_page=150&select=id,doi,display_name,publication_year,publication_date,primary_topic,primary_location,keywords,concepts,abstract_inverted_index,referenced_works_count,authorships",1,0.0001,7853,0.7853
2026-09-28T11:27:30.360137+00:00,"https://api.openalex.org/works?filter=primary_topic.field.id:22,publication_year:2015,has_abstract:true,language:en,type:article|review&sample=150&seed=222015&per_page=150&select=id,doi,display_name,publication_year,publication_date,primary_topic,primary_location,keywords,concepts,abstract_inverted_index,referenced_works_count,authorships",1,0.0001,7851,0.7851
2026-09-28T11:27:31.891154+00:00,"https://api.openalex.org/works?filter=primary_topic.field.id:23,publication_year:2015,has_abstract:true,language:en,type:article|review&sample=150&seed=232015&per_page=150&select=id,doi,display_name,publication_year,publication_date,primary_topic,primary_location,keywords,concepts,abstract_inverted_index,referenced_works_count,authorships",1,0.0001,7843,0.7843
2026-09-28T11:27:32.055501+00:00,"https://api.openalex.org/works?filter=primary_topic.field.id:26,publication_year:2015,has_abstract:true,language:en,type:article|review&sample=150&seed=262015&per_page=150&select=id,doi,display_name,publication_year,publication_date,primary_topic,primary_location,keywords,concepts,abstract_inverted_index,referenced_works_count,authorships",1,0.0001,7839,0.7839
2026-09-28T11:27:32.217037+00:00,"https://api.openalex.org/works?filter=primary_topic.field.id:24,publication_year:2015,has_abstract:true,language:en,type:article|review&sample=150&seed=242015&per_page=150&select=id,doi,display_name,publication_year,publication_date,primary_topic,primary_location,keywords,concepts,abstract_inverted_index,referenced_works_count,authorships",1,0.0001,7842,0.7842
2026-09-28T11:27:32.421951+00:00,"https://api.openalex.org/works?filter=primary_topic.field.id:25,publication_year:2015,has_abstract:true,language:en,type:article|review&sample=150&seed=252015&per_page=150&select=id,doi,display_name,publication_year,publication_date,primary_topic,primary_location,keywords,concepts,abstract_inverted_index,referenced_works_count,authorships",1,0.0001,7841,0.7841
2026-09-28T11:27:32.493685+00:00,"https://api.openalex.org/works?filter=primary_topic.field.id:30,publication_year:2015,has_abstract:true,language:en,type:article|review&sample=150&seed=302015&per_page=150&select=id,doi,display_name,publication_year,publication_date,primary_topic,primary_location,keywords,concepts,abstract_inverted_index,referenced_works_count,authorships",1,0.0001,7834,0.7834
2026-09-28T11:27:32.572747+00:00,"https://api.openalex.org/works?filter=primary_topic.field.id:27,publication_year:2015,has_abstract:true,language:en,type:article|review&sample=150&seed=272015&per_page=150&select=id,doi,display_name,publication_year,publication_date,primary_topic,primary_location,keywords,concepts,abstract_inverted_index,referenced_works_count,authorships",1,0.0001,7838,0.7838
2026-09-28T11:27:32.635699+00:00,"https://api.openalex.org/works?filter=primary_topic.field.id:28,publication_year:2015,has_abstract:true,language:en,type:article|review&sample=150&seed=282015&per_page=150&select=id,doi,display_name,publication_year,publication_date,primary_topic,primary_location,keywords,concepts,abstract_inverted_index,referenced_works_count,authorships",1,0.0001,7836,0.7836
2026-09-28T11:27:32.688295+00:00,"https://api.openalex.org/works?filter=primary_topic.field.id:29,publication_year:2015,has_abstract:true,language:en,type:article|review&sample=150&seed=292015&per_page=150&select=id,doi,display_name,publication_year,publication_date,primary_topic,primary_location,keywords,concepts,abstract_inverted_index,referenced_works_count,authorships",1,0.0001,7835,0.7835
2026-09-28T11:27:35.252038+00:00,"https://api.openalex.org/works?filter=primary_topic.field.id:33,publication_year:2015,has_abstract:true,language:en,type:article|review&sample=150&seed=332015&per_page=150&select=id,doi,display_name,publication_year,publication_date,primary_topic,primary_location,keywords,concepts,abstract_inverted_index,referenced_works_count,authorships",1,0.0001,7823,0.7823
2026-09-28T11:27:35.321155+00:00,"https://api.openalex.org/works?filter=primary_topic.field.id:32,publication_year:2015,has_abstract:true,language:en,type:article|review&sample=150&seed=322015&per_page=150&select=id,doi,display_name,publication_year,publication_date,primary_topic,primary_location,keywords,concepts,abstract_inverted_index,referenced_works_count,authorships",1,0.0001,7824,0.7824
2026-09-28T11:27:35.373553+00:00,"https://api.openalex.org/works?filter=primary_topic.field.id:34,publication_year:2015,has_abstract:true,language:en,type:article|review&sample=150&seed=342015&per_page=150&select=id,doi,display_name,publication_year,publication_date,primary_topic,primary_location,keywords,concepts,abstract_inverted_index,referenced_works_count,authorships",1,0.0001,7821,0.7821
2026-09-28T11:27:35.447612+00:00,"https://api.openalex.org/works?filter=primary_topic.field.id:35,publication_year:2015,has_abstract:true,language:en,type:article|review&sample=150&seed=352015&per_page=150&select=id,doi,display_name,publication_year,publication_date,primary_topic,primary_location,keywords,concepts,abstract_inverted_index,referenced_works_count,authorships",1,0.0001,7819,0.7819
2026-09-28T11:27:35.516046+00:00,"https://api.openalex.org/works?filter=primary_topic.field.id:12,publication_year:2016,has_abstract:true,language:en,type:article|review&sample=150&seed=122016&per_page=150&select=id,doi,display_name,publication_year,publication_date,primary_topic,primary_location,keywords,concepts,abstract_inverted_index,referenced_works_count,authorships",1,0.0001,7814,0.7814
2026-09-28T11:27:35.585708+00:00,"https://api.openalex.org/works?filter=primary_topic.field.id:31,publication_year:2015,has_abstract:true,language:en,type:article|review&sample=150&seed=312015&per_page=150&select=id,doi,display_name,publication_year,publication_date,primary_topic,primary_location,keywords,concepts,abstract_inverted_index,referenced_works_count,authorships",1,0.0001,7826,0.7826
2026-09-28T11:27:35.651534+00:00,"https://api.openalex.org/works?filter=primary_topic.field.id:11,publication_year:2016,has_abstract:true,language:en,type:article|review&sample=150&seed=112016&per_page=150&select=id,doi,display_name,publication_year,publication_date,primary_topic,primary_location,keywords,concepts,abstract_inverted_index,referenced_works_count,authorships",1,0.0001,7815,0.7815
2026-09-28T11:27:35.697615+00:00,"https://api.openalex.org/works?filter=primary_topic.field.id:36,publication_year:2015,has_abstract:true,language:en,type:article|review&sample=150&seed=362015&per_page=150&select=id,doi,display_name,publication_year,publication_date,primary_topic,primary_location,keywords,concepts,abstract_inverted_index,referenced_works_count,authorships",1,0.0001,7818,0.7818
2026-09-28T11:27:36.698220+00:00,"https://api.openalex.org/works?filter=primary_topic.field.id:14,publication_year:2016,has_abstract:true,language:en,type:article|review&sample=150&seed=142016&per_page=150&select=id,doi,display_name,publication_year,publication_date,primary_topic,primary_location,keywords,concepts,abstract_inverted_index,referenced_works_count,authorships",1,0.0001,7805,0.7805
2026-09-28T11:27:36.783538+00:00,"https://api.openalex.org/works?filter=primary_topic.field.id:13,publication_year:2016,has_abstract:true,language:en,type:article|review&sample=150&seed=132016&per_page=150&select=id,doi,display_name,publication_year,publication_date,primary_topic,primary_location,keywords,concepts,abstract_inverted_index,referenced_works_count,authorships",1,0.0001,7808,0.7808
2026-09-28T11:27:37.019740+00:00,"https://api.openalex.org/works?filter=primary_topic.field.id:16,publication_year:2016,has_abstract:true,language:en,type:article|review&sample=150&seed=162016&per_page=150&select=id,doi,display_name,publication_year,publication_date,primary_topic,primary_location,keywords,concepts,abstract_inverted_index,referenced_works_count,authorships",1,0.0001,7801,0.7801
2026-09-28T11:27:37.241132+00:00,"https://api.openalex.org/works?filter=primary_topic.field.id:15,publication_year:2016,has_abstract:true,language:en,type:article|review&sample=150&seed=152016&per_page=150&select=id,doi,display_name,publication_year,publication_date,primary_topic,primary_location,keywords,concepts,abstract_inverted_index,referenced_works_count,authorships",1,0.0001,7802,0.7802
2026-09-28T11:27:37.373292+00:00,"https://api.openalex.org/works?filter=primary_topic.field.id:17,publication_year:2016,has_abstract:true,language:en,type:article|review&sample=150&seed=172016&per_page=150&select=id,doi,display_name,publication_year,publication_date,primary_topic,primary_location,keywords,concepts,abstract_inverted_index,referenced_works_count,authorships",1,0.0001,7800,0.78
2026-09-28T11:27:37.431054+00:00,"https://api.openalex.org/works?filter=primary_topic.field.id:18,publication_year:2016,has_abstract:true,language:en,type:article|review&sample=150&seed=182016&per_page=150&select=id,doi,display_name,publication_year,publication_date,primary_topic,primary_location,keywords,concepts,abstract_inverted_index,referenced_works_count,authorships",1,0.0001,7797,0.7797
2026-09-28T11:27:37.491826+00:00,"https://api.openalex.org/works?filter=primary_topic.field.id:19,publication_year:2016,has_abstract:true,language:en,type:article|review&sample=150&seed=192016&per_page=150&select=id,doi,display_name,publication_year,publication_date,primary_topic,primary_location,keywords,concepts,abstract_inverted_index,referenced_works_count,authorships",1,0.0001,7796,0.7796
2026-09-28T11:27:37.542959+00:00,"https://api.openalex.org/works?filter=primary_topic.field.id:20,publication_year:2016,has_abstract:true,language:en,type:article|review&sample=150&seed=202016&per_page=150&select=id,doi,display_name,publication_year,publication_date,primary_topic,primary_location,keywords,concepts,abstract_inverted_index,referenced_works_count,authorships",1,0.0001,7793,0.7793
2026-09-28T11:27:38.369800+00:00,"https://api.openalex.org/works?filter=primary_topic.field.id:22,publication_year:2016,has_abstract:true,language:en,type:article|review&sample=150&seed=222016&per_page=150&select=id,doi,display_name,publication_year,publication_date,primary_topic,primary_location,keywords,concepts,abstract_inverted_index,referenced_works_count,authorships",1,0.0001,7789,0.7789
2026-09-28T11:27:38.433163+00:00,"https://api.openalex.org/works?filter=primary_topic.field.id:21,publication_year:2016,has_abstract:true,language:en,type:article|review&sample=150&seed=212016&per_page=150&select=id,doi,display_name,publication_year,publication_date,primary_topic,primary_location,keywords,concepts,abstract_inverted_index,referenced_works_count,authorships",1,0.0001,7790,0.779
2026-09-28T11:27:38.638516+00:00,"https://api.openalex.org/works?filter=primary_topic.field.id:23,publication_year:2016,has_abstract:true,language:en,type:article|review&sample=150&seed=232016&per_page=150&select=id,doi,display_name,publication_year,publication_date,primary_topic,primary_location,keywords,concepts,abstract_inverted_index,referenced_works_count,authorships",1,0.0001,7788,0.7788
2026-09-28T11:27:39.041230+00:00,"https://api.openalex.org/works?filter=primary_topic.field.id:28,publication_year:2016,has_abstract:true,language:en,type:article|review&sample=150&seed=282016&per_page=150&select=id,doi,display_name,publication_year,publication_date,primary_topic,primary_location,keywords,concepts,abstract_inverted_index,referenced_works_count,authorships",1,0.0001,7780,0.778
2026-09-28T11:27:39.087165+00:00,"https://api.openalex.org/works?filter=primary_topic.field.id:26,publication_year:2016,has_abstract:true,language:en,type:article|review&sample=150&seed=262016&per_page=150&select=id,doi,display_name,publication_year,publication_date,primary_topic,primary_location,keywords,concepts,abstract_inverted_index,referenced_works_count,authorships",1,0.0001,7782,0.7782
2026-09-28T11:27:39.150493+00:00,"https://api.openalex.org/works?filter=primary_topic.field.id:25,publication_year:2016,has_abstract:true,language:en,type:article|review&sample=150&seed=252016&per_page=150&select=id,doi,display_name,publication_year,publication_date,primary_topic,primary_location,keywords,concepts,abstract_inverted_index,referenced_works_count,authorships",1,0.0001,7783,0.7783
2026-09-28T11:27:39.218701+00:00,"https://api.openalex.org/works?filter=primary_topic.field.id:24,publication_year:2016,has_abstract:true,language:en,type:article|review&sample=150&seed=242016&per_page=150&select=id,doi,display_name,publication_year,publication_date,primary_topic,primary_location,keywords,concepts,abstract_inverted_index,referenced_works_count,authorships",1,0.0001,7786,0.7786
2026-09-28T11:27:39.357161+00:00,"https://api.openalex.org/works?filter=primary_topic.field.id:27,publication_year:2016,has_abstract:true,language:en,type:article|review&sample=150&seed=272016&per_page=150&select=id,doi,display_name,publication_year,publication_date,primary_topic,primary_location,keywords,concepts,abstract_inverted_index,referenced_works_count,authorships",1,0.0001,7781,0.7781
2026-09-28T11:27:39.794558+00:00,"https://api.openalex.org/works?filter=primary_topic.field.id:29,publication_year:2016,has_abstract:true,language:en,type:article|review&sample=150&seed=292016&per_page=150&select=id,doi,display_name,publication_year,publication_date,primary_topic,primary_location,keywords,concepts,abstract_inverted_index,referenced_works_count,authorships",1,0.0001,7772,0.7772
2026-09-28T11:27:39.860855+00:00,"https://api.openalex.org/works?filter=primary_topic.field.id:30,publication_year:2016,has_abstract:true,language:en,type:article|review&sample=150&seed=302016&per_page=150&select=id,doi,display_name,publication_year,publication_date,primary_topic,primary_location,keywords,concepts,abstract_inverted_index,referenced_works_count,authorships",1,0.0001,7771,0.7771
2026-09-28T11:27:39.933327+00:00,"https://api.openalex.org/works?filter=primary_topic.field.id:31,publication_year:2016,has_abstract:true,language:en,type:article|review&sample=150&seed=312016&per_page=150&select=id,doi,display_name,publication_year,publication_date,primary_topic,primary_location,keywords,concepts,abstract_inverted_index,referenced_works_count,authorships",1,0.0001,7770,0.777
2026-09-28T11:27:40.463575+00:00,"https://api.openalex.org/works?filter=primary_topic.field.id:35,publication_year:2016,has_abstract:true,language:en,type:article|review&sample=150&seed=352016&per_page=150&select=id,doi,display_name,publication_year,publication_date,primary_topic,primary_location,keywords,concepts,abstract_inverted_index,referenced_works_count,authorships",1,0.0001,7762,0.7762
2026-09-28T11:27:40.530869+00:00,"https://api.openalex.org/works?filter=primary_topic.field.id:32,publication_year:2016,has_abstract:true,language:en,type:article|review&sample=150&seed=322016&per_page=150&select=id,doi,display_name,publication_year,publication_date,primary_topic,primary_location,keywords,concepts,abstract_inverted_index,referenced_works_count,authorships",1,0.0001,7768,0.7768
2026-09-28T11:27:40.740903+00:00,"https://api.openalex.org/works?filter=primary_topic.field.id:34,publication_year:2016,has_abstract:true,language:en,type:article|review&sample=150&seed=342016&per_page=150&select=id,doi,display_name,publication_year,publication_date,primary_topic,primary_location,keywords,concepts,abstract_inverted_index,referenced_works_count,authorships",1,0.0001,7763,0.7763
2026-09-28T11:27:40.790371+00:00,"https://api.openalex.org/works?filter=primary_topic.field.id:33,publication_year:2016,has_abstract:true,language:en,type:article|review&sample=150&seed=332016&per_page=150&select=id,doi,display_name,publication_year,publication_date,primary_topic,primary_location,keywords,concepts,abstract_inverted_index,referenced_works_count,authorships",1,0.0001,7766,0.7766
2026-09-28T11:27:40.973486+00:00,"https://api.openalex.org/works?filter=primary_topic.field.id:11,publication_year:1995,has_abstract:true,language:en,type:article|review&sample=150&seed=783965&per_page=150&select=id,doi,display_name,publication_year,publication_date,primary_topic,primary_location,keywords,concepts,abstract_inverted_index,referenced_works_count,authorships",1,0.0001,7760,0.776
2026-09-28T11:27:41.040046+00:00,"https://api.openalex.org/works?filter=primary_topic.field.id:36,publication_year:2016,has_abstract:true,language:en,type:article|review&sample=150&seed=362016&per_page=150&select=id,doi,display_name,publication_year,publication_date,primary_topic,primary_location,keywords,concepts,abstract_inverted_index,referenced_works_count,authorships",1,0.0001,7761,0.7761
2026-09-28T11:27:41.091166+00:00,"https://api.openalex.org/works?filter=primary_topic.field.id:12,publication_year:1995,has_abstract:true,language:en,type:article|review&sample=150&seed=853965&per_page=150&select=id,doi,display_name,publication_year,publication_date,primary_topic,primary_location,keywords,concepts,abstract_inverted_index,referenced_works_count,authorships",1,0.0001,7755,0.7755
2026-09-28T11:27:41.416603+00:00,"https://api.openalex.org/works?filter=primary_topic.field.id:13,publication_year:1995,has_abstract:true,language:en,type:article|review&sample=150&seed=923965&per_page=150&select=id,doi,display_name,publication_year,publication_date,primary_topic,primary_location,keywords,concepts,abstract_inverted_index,referenced_works_count,authorships",1,0.0001,7754,0.7754
2026-09-28T11:27:41.580901+00:00,"https://api.openalex.org/works?filter=primary_topic.field.id:14,publication_year:1995,has_abstract:true,language:en,type:article|review&sample=150&seed=993965&per_page=150&select=id,doi,display_name,publication_year,publication_date,primary_topic,primary_location,keywords,concepts,abstract_inverted_index,referenced_works_count,authorships",1,0.0001,7751,0.7751
2026-09-28T11:27:41.996993+00:00,"https://api.openalex.org/works?filter=primary_topic.field.id:15,publication_year:1995,has_abstract:true,language:en,type:article|review&sample=150&seed=63962&per_page=150&select=id,doi,display_name,publication_year,publication_date,primary_topic,primary_location,keywords,concepts,abstract_inverted_index,referenced_works_count,authorships",1,0.0001,7749,0.7749
2026-09-28T11:27:42.056080+00:00,"https://api.openalex.org/works?filter=primary_topic.field.id:16,publication_year:1995,has_abstract:true,language:en,type:article|review&sample=150&seed=133962&per_page=150&select=id,doi,display_name,publication_year,publication_date,primary_topic,primary_location,keywords,concepts,abstract_inverted_index,referenced_works_count,authorships",1,0.0001,7747,0.7747
2026-09-28T11:27:42.424651+00:00,"https://api.openalex.org/works?filter=primary_topic.field.id:17,publication_year:1995,has_abstract:true,language:en,type:article|review&sample=150&seed=203962&per_page=150&select=id,doi,display_name,publication_year,publication_date,primary_topic,primary_location,keywords,concepts,abstract_inverted_index,referenced_works_count,authorships",1,0.0001,7746,0.7746
2026-09-28T11:27:42.594426+00:00,"https://api.openalex.org/works?filter=primary_topic.field.id:18,publication_year:1995,has_abstract:true,language:en,type:article|review&sample=150&seed=273962&per_page=150&select=id,doi,display_name,publication_year,publication_date,primary_topic,primary_location,keywords,concepts,abstract_inverted_index,referenced_works_count,authorships",1,0.0001,7745,0.7745
2026-09-28T11:27:42.819683+00:00,"https://api.openalex.org/works?filter=primary_topic.field.id:19,publication_year:1995,has_abstract:true,language:en,type:article|review&sample=150&seed=343962&per_page=150&select=id,doi,display_name,publication_year,publication_date,primary_topic,primary_location,keywords,concepts,abstract_inverted_index,referenced_works_count,authorships",1,0.0001,7744,0.7744
2026-09-28T11:27:42.868147+00:00,"https://api.openalex.org/works?filter=primary_topic.field.id:22,publication_year:1995,has_abstract:true,language:en,type:article|review&sample=150&seed=553962&per_page=150&select=id,doi,display_name,publication_year,publication_date,primary_topic,primary_location,keywords,concepts,abstract_inverted_index,referenced_works_count,authorships",1,0.0001,7737,0.7737
2026-09-28T11:27:42.934927+00:00,"https://api.openalex.org/works?filter=primary_topic.field.id:20,publication_year:1995,has_abstract:true,language:en,type:article|review&sample=150&seed=413962&per_page=150&select=id,doi,display_name,publication_year,publication_date,primary_topic,primary_location,keywords,concepts,abstract_inverted_index,referenced_works_count,authorships",1,0.0001,7741,0.7741
2026-09-28T11:27:43.030717+00:00,"https://api.openalex.org/works?filter=primary_topic.field.id:21,publication_year:1995,has_abstract:true,language:en,type:article|review&sample=150&seed=483962&per_page=150&select=id,doi,display_name,publication_year,publication_date,primary_topic,primary_location,keywords,concepts,abstract_inverted_index,referenced_works_count,authorships",1,0.0001,7740,0.774
2026-09-28T11:27:43.216702+00:00,"https://api.openalex.org/works?filter=primary_topic.field.id:23,publication_year:1995,has_abstract:true,language:en,type:article|review&sample=150&seed=623962&per_page=150&select=id,doi,display_name,publication_year,publication_date,primary_topic,primary_location,keywords,concepts,abstract_inverted_index,referenced_works_count,authorships",1,0.0001,7736,0.7736
2026-09-28T11:27:43.325336+00:00,"https://api.openalex.org/works?filter=primary_topic.field.id:25,publication_year:1995,has_abstract:true,language:en,type:article|review&sample=150&seed=763962&per_page=150&select=id,doi,display_name,publication_year,publication_date,primary_topic,primary_location,keywords,concepts,abstract_inverted_index,referenced_works_count,authorships",1,0.0001,7732,0.7732
2026-09-28T11:27:43.517672+00:00,"https://api.openalex.org/works?filter=primary_topic.field.id:24,publication_year:1995,has_abstract:true,language:en,type:article|review&sample=150&seed=693962&per_page=150&select=id,doi,display_name,publication_year,publication_date,primary_topic,primary_location,keywords,concepts,abstract_inverted_index,referenced_works_count,authorships",1,0.0001,7735,0.7735
2026-09-28T11:27:43.768436+00:00,"https://api.openalex.org/works?filter=primary_topic.field.id:26,publication_year:1995,has_abstract:true,language:en,type:article|review&sample=150&seed=833962&per_page=150&select=id,doi,display_name,publication_year,publication_date,primary_topic,primary_location,keywords,concepts,abstract_inverted_index,referenced_works_count,authorships",1,0.0001,7730,0.773
2026-09-28T11:27:44.149519+00:00,"https://api.openalex.org/works?filter=primary_topic.field.id:27,publication_year:1995,has_abstract:true,language:en,type:article|review&sample=150&seed=903962&per_page=150&select=id,doi,display_name,publication_year,publication_date,primary_topic,primary_location,keywords,concepts,abstract_inverted_index,referenced_works_count,authorships",1,0.0001,7728,0.7728
2026-09-28T11:27:44.241012+00:00,"https://api.openalex.org/works?filter=primary_topic.field.id:31,publication_year:1995,has_abstract:true,language:en,type:article|review&sample=150&seed=183959&per_page=150&select=id,doi,display_name,publication_year,publication_date,primary_topic,primary_location,keywords,concepts,abstract_inverted_index,referenced_works_count,authorships",1,0.0001,7723,0.7723
2026-09-28T11:27:44.316155+00:00,"https://api.openalex.org/works?filter=primary_topic.field.id:28,publication_year:1995,has_abstract:true,language:en,type:article|review&sample=150&seed=973962&per_page=150&select=id,doi,display_name,publication_year,publication_date,primary_topic,primary_location,keywords,concepts,abstract_inverted_index,referenced_works_count,authorships",1,0.0001,7727,0.7727
2026-09-28T11:27:44.360598+00:00,"https://api.openalex.org/works?filter=primary_topic.field.id:32,publication_year:1995,has_abstract:true,language:en,type:article|review&sample=150&seed=253959&per_page=150&select=id,doi,display_name,publication_year,publication_date,primary_topic,primary_location,keywords,concepts,abstract_inverted_index,referenced_works_count,authorships",1,0.0001,7720,0.772
2026-09-28T11:27:44.416454+00:00,"https://api.openalex.org/works?filter=primary_topic.field.id:29,publication_year:1995,has_abstract:true,language:en,type:article|review&sample=150&seed=43959&per_page=150&select=id,doi,display_name,publication_year,publication_date,primary_topic,primary_location,keywords,concepts,abstract_inverted_index,referenced_works_count,authorships",1,0.0001,7726,0.7726
2026-09-28T11:27:44.487546+00:00,"https://api.openalex.org/works?filter=primary_topic.field.id:30,publication_year:1995,has_abstract:true,language:en,type:article|review&sample=150&seed=113959&per_page=150&select=id,doi,display_name,publication_year,publication_date,primary_topic,primary_location,keywords,concepts,abstract_inverted_index,referenced_works_count,authorships",1,0.0001,7724,0.7724
2026-09-28T11:27:44.751030+00:00,"https://api.openalex.org/works?filter=primary_topic.field.id:33,publication_year:1995,has_abstract:true,language:en,type:article|review&sample=150&seed=323959&per_page=150&select=id,doi,display_name,publication_year,publication_date,primary_topic,primary_location,keywords,concepts,abstract_inverted_index,referenced_works_count,authorships",1,0.0001,7718,0.7718
2026-09-28T11:27:44.880106+00:00,"https://api.openalex.org/works?filter=primary_topic.field.id:34,publication_year:1995,has_abstract:true,language:en,type:article|review&sample=150&seed=393959&per_page=150&select=id,doi,display_name,publication_year,publication_date,primary_topic,primary_location,keywords,concepts,abstract_inverted_index,referenced_works_count,authorships",1,0.0001,7717,0.7717
2026-09-28T11:27:45.494991+00:00,"https://api.openalex.org/works?filter=primary_topic.field.id:35,publication_year:1995,has_abstract:true,language:en,type:article|review&sample=150&seed=463959&per_page=150&select=id,doi,display_name,publication_year,publication_date,primary_topic,primary_location,keywords,concepts,abstract_inverted_index,referenced_works_count,authorships",1,0.0001,7715,0.7715
2026-09-28T11:27:45.622470+00:00,"https://api.openalex.org/works?filter=primary_topic.field.id:36,publication_year:1995,has_abstract:true,language:en,type:article|review&sample=150&seed=533959&per_page=150&select=id,doi,display_name,publication_year,publication_date,primary_topic,primary_location,keywords,concepts,abstract_inverted_index,referenced_works_count,authorships",1,0.0001,7713,0.7713
2026-09-28T11:27:45.790210+00:00,"https://api.openalex.org/works?filter=primary_topic.field.id:11,publication_year:1996,has_abstract:true,language:en,type:article|review&sample=150&seed=783972&per_page=150&select=id,doi,display_name,publication_year,publication_date,primary_topic,primary_location,keywords,concepts,abstract_inverted_index,referenced_works_count,authorships",1,0.0001,7712,0.7712
2026-09-28T11:27:45.873031+00:00,"https://api.openalex.org/works?filter=primary_topic.field.id:12,publication_year:1996,has_abstract:true,language:en,type:article|review&sample=150&seed=853972&per_page=150&select=id,doi,display_name,publication_year,publication_date,primary_topic,primary_location,keywords,concepts,abstract_inverted_index,referenced_works_count,authorships",1,0.0001,7711,0.7711
2026-09-28T11:27:46.021669+00:00,"https://api.openalex.org/works?filter=primary_topic.field.id:14,publication_year:1996,has_abstract:true,language:en,type:article|review&sample=150&seed=993972&per_page=150&select=id,doi,display_name,publication_year,publication_date,primary_topic,primary_location,keywords,concepts,abstract_inverted_index,referenced_works_count,authorships",1,0.0001,7709,0.7709
2026-09-28T11:27:46.070642+00:00,"https://api.openalex.org/works?filter=primary_topic.field.id:13,publication_year:1996,has_abstract:true,language:en,type:article|review&sample=150&seed=923972&per_page=150&select=id,doi,display_name,publication_year,publication_date,primary_topic,primary_location,keywords,concepts,abstract_inverted_index,referenced_works_count,authorships",1,0.0001,7710,0.771
2026-09-28T11:27:46.129814+00:00,"https://api.openalex.org/works?filter=primary_topic.field.id:16,publication_year:1996,has_abstract:true,language:en,type:article|review&sample=150&seed=133969&per_page=150&select=id,doi,display_name,publication_year,publication_date,primary_topic,primary_location,keywords,concepts,abstract_inverted_index,referenced_works_count,authorships",1,0.0001,7706,0.7706
2026-09-28T11:27:46.216729+00:00,"https://api.openalex.org/works?filter=primary_topic.field.id:15,publication_year:1996,has_abstract:true,language:en,type:article|review&sample=150&seed=63969&per_page=150&select=id,doi,display_name,publication_year,publication_date,primary_topic,primary_location,keywords,concepts,abstract_inverted_index,referenced_works_count,authorships",1,0.0001,7707,0.7707
2026-09-28T11:27:46.673474+00:00,"https://api.openalex.org/works?filter=primary_topic.field.id:17,publication_year:1996,has_abstract:true,language:en,type:article|review&sample=150&seed=203969&per_page=150&select=id,doi,display_name,publication_year,publication_date,primary_topic,primary_location,keywords,concepts,abstract_inverted_index,referenced_works_count,authorships",1,0.0001,7703,0.7703
2026-09-28T11:27:46.740858+00:00,"https://api.openalex.org/works?filter=primary_topic.field.id:18,publication_year:1996,has_abstract:true,language:en,type:article|review&sample=150&seed=273969&per_page=150&select=id,doi,display_name,publication_year,publication_date,primary_topic,primary_location,keywords,concepts,abstract_inverted_index,referenced_works_count,authorships",1,0.0001,7702,0.7702
2026-09-28T11:27:46.890408+00:00,"https://api.openalex.org/works?filter=primary_topic.field.id:19,publication_year:1996,has_abstract:true,language:en,type:article|review&sample=150&seed=343969&per_page=150&select=id,doi,display_name,publication_year,publication_date,primary_topic,primary_location,keywords,concepts,abstract_inverted_index,referenced_works_count,authorships",1,0.0001,7701,0.7701
2026-09-28T11:27:46.943654+00:00,"https://api.openalex.org/works?filter=primary_topic.field.id:20,publication_year:1996,has_abstract:true,language:en,type:article|review&sample=150&seed=413969&per_page=150&select=id,doi,display_name,publication_year,publication_date,primary_topic,primary_location,keywords,concepts,abstract_inverted_index,referenced_works_count,authorships",1,0.0001,7699,0.7699
2026-09-28T11:27:47.270700+00:00,"https://api.openalex.org/works?filter=primary_topic.field.id:21,publication_year:1996,has_abstract:true,language:en,type:article|review&sample=150&seed=483969&per_page=150&select=id,doi,display_name,publication_year,publication_date,primary_topic,primary_location,keywords,concepts,abstract_inverted_index,referenced_works_count,authorships",1,0.0001,7697,0.7697
2026-09-28T11:27:47.397683+00:00,"https://api.openalex.org/works?filter=primary_topic.field.id:22,publication_year:1996,has_abstract:true,language:en,type:article|review&sample=150&seed=553969&per_page=150&select=id,doi,display_name,publication_year,publication_date,primary_topic,primary_location,keywords,concepts,abstract_inverted_index,referenced_works_count,authorships",1,0.0001,7696,0.7696
2026-09-28T11:27:47.474560+00:00,"https://api.openalex.org/works?filter=primary_topic.field.id:23,publication_year:1996,has_abstract:true,language:en,type:article|review&sample=150&seed=623969&per_page=150&select=id,doi,display_name,publication_year,publication_date,primary_topic,primary_location,keywords,concepts,abstract_inverted_index,referenced_works_count,authorships",1,0.0001,7695,0.7695
2026-09-28T11:27:47.743028+00:00,"https://api.openalex.org/works?filter=primary_topic.field.id:24,publication_year:1996,has_abstract:true,language:en,type:article|review&sample=150&seed=693969&per_page=150&select=id,doi,display_name,publication_year,publication_date,primary_topic,primary_location,keywords,concepts,abstract_inverted_index,referenced_works_count,authorships",1,0.0001,7694,0.7694
2026-09-28T11:27:47.942685+00:00,"https://api.openalex.org/works?filter=primary_topic.field.id:26,publication_year:1996,has_abstract:true,language:en,type:article|review&sample=150&seed=833969&per_page=150&select=id,doi,display_name,publication_year,publication_date,primary_topic,primary_location,keywords,concepts,abstract_inverted_index,referenced_works_count,authorships",1,0.0001,7691,0.7691
2026-09-28T11:27:47.988172+00:00,"https://api.openalex.org/works?filter=primary_topic.field.id:25,publication_year:1996,has_abstract:true,language:en,type:article|review&sample=150&seed=763969&per_page=150&select=id,doi,display_name,publication_year,publication_date,primary_topic,primary_location,keywords,concepts,abstract_inverted_index,referenced_works_count,authorships",1,0.0001,7692,0.7692
2026-09-28T11:27:48.096615+00:00,"https://api.openalex.org/works?filter=primary_topic.field.id:27,publication_year:1996,has_abstract:true,language:en,type:article|review&sample=150&seed=903969&per_page=150&select=id,doi,display_name,publication_year,publication_date,primary_topic,primary_location,keywords,concepts,abstract_inverted_index,referenced_works_count,authorships",1,0.0001,7689,0.7689
2026-09-28T11:27:48.218179+00:00,"https://api.openalex.org/works?filter=primary_topic.field.id:28,publication_year:1996,has_abstract:true,language:en,type:article|review&sample=150&seed=973969&per_page=150&select=id,doi,display_name,publication_year,publication_date,primary_topic,primary_location,keywords,concepts,abstract_inverted_index,referenced_works_count,authorships",1,0.0001,7688,0.7688
2026-09-28T11:27:48.483493+00:00,"https://api.openalex.org/works?filter=primary_topic.field.id:29,publication_year:1996,has_abstract:true,language:en,type:article|review&sample=150&seed=43966&per_page=150&select=id,doi,display_name,publication_year,publication_date,primary_topic,primary_location,keywords,concepts,abstract_inverted_index,referenced_works_count,authorships",1,0.0001,7687,0.7687
2026-09-28T11:27:48.551290+00:00,"https://api.openalex.org/works?filter=primary_topic.field.id:30,publication_year:1996,has_abstract:true,language:en,type:article|review&sample=150&seed=113966&per_page=150&select=id,doi,display_name,publication_year,publication_date,primary_topic,primary_location,keywords,concepts,abstract_inverted_index,referenced_works_count,authorships",1,0.0001,7686,0.7686
2026-09-28T11:27:48.720831+00:00,"https://api.openalex.org/works?filter=primary_topic.field.id:31,publication_year:1996,has_abstract:true,language:en,type:article|review&sample=150&seed=183966&per_page=150&select=id,doi,display_name,publication_year,publication_date,primary_topic,primary_location,keywords,concepts,abstract_inverted_index,referenced_works_count,authorships",1,0.0001,7685,0.7685
2026-09-28T11:27:48.928410+00:00,"https://api.openalex.org/works?filter=primary_topic.field.id:32,publication_year:1996,has_abstract:true,language:en,type:article|review&sample=150&seed=253966&per_page=150&select=id,doi,display_name,publication_year,publication_date,primary_topic,primary_location,keywords,concepts,abstract_inverted_index,referenced_works_count,authorships",1,0.0001,7681,0.7681
2026-09-28T11:27:49.052544+00:00,"https://api.openalex.org/works?filter=primary_topic.field.id:33,publication_year:1996,has_abstract:true,language:en,type:article|review&sample=150&seed=323966&per_page=150&select=id,doi,display_name,publication_year,publication_date,primary_topic,primary_location,keywords,concepts,abstract_inverted_index,referenced_works_count,authorships",1,0.0001,7680,0.768
2026-09-28T11:27:49.382541+00:00,"https://api.openalex.org/works?filter=primary_topic.field.id:34,publication_year:1996,has_abstract:true,language:en,type:article|review&sample=150&seed=393966&per_page=150&select=id,doi,display_name,publication_year,publication_date,primary_topic,primary_location,keywords,concepts,abstract_inverted_index,referenced_works_count,authorships",1,0.0001,7679,0.7679
2026-09-28T11:27:49.496142+00:00,"https://api.openalex.org/works?filter=primary_topic.field.id:35,publication_year:1996,has_abstract:true,language:en,type:article|review&sample=150&seed=463966&per_page=150&select=id,doi,display_name,publication_year,publication_date,primary_topic,primary_location,keywords,concepts,abstract_inverted_index,referenced_works_count,authorships",1,0.0001,7678,0.7678
2026-09-28T11:27:49.555230+00:00,"https://api.openalex.org/works?filter=primary_topic.field.id:36,publication_year:1996,has_abstract:true,language:en,type:article|review&sample=150&seed=533966&per_page=150&select=id,doi,display_name,publication_year,publication_date,primary_topic,primary_location,keywords,concepts,abstract_inverted_index,referenced_works_count,authorships",1,0.0001,7677,0.7677
2026-09-28T11:27:49.670384+00:00,"https://api.openalex.org/works?filter=primary_topic.field.id:11,publication_year:1997,has_abstract:true,language:en,type:article|review&sample=150&seed=783979&per_page=150&select=id,doi,display_name,publication_year,publication_date,primary_topic,primary_location,keywords,concepts,abstract_inverted_index,referenced_works_count,authorships",1,0.0001,7676,0.7676
2026-09-28T11:27:49.716972+00:00,"https://api.openalex.org/works?filter=primary_topic.field.id:12,publication_year:1997,has_abstract:true,language:en,type:article|review&sample=150&seed=853979&per_page=150&select=id,doi,display_name,publication_year,publication_date,primary_topic,primary_location,keywords,concepts,abstract_inverted_index,referenced_works_count,authorships",1,0.0001,7674,0.7674
2026-09-28T11:27:49.946450+00:00,"https://api.openalex.org/works?filter=primary_topic.field.id:13,publication_year:1997,has_abstract:true,language:en,type:article|review&sample=150&seed=923979&per_page=150&select=id,doi,display_name,publication_year,publication_date,primary_topic,primary_location,keywords,concepts,abstract_inverted_index,referenced_works_count,authorships",1,0.0001,7672,0.7672
2026-09-28T11:27:50.235705+00:00,"https://api.openalex.org/works?filter=primary_topic.field.id:15,publication_year:1997,has_abstract:true,language:en,type:article|review&sample=150&seed=63976&per_page=150&select=id,doi,display_name,publication_year,publication_date,primary_topic,primary_location,keywords,concepts,abstract_inverted_index,referenced_works_count,authorships",1,0.0001,7670,0.767
2026-09-28T11:27:50.316856+00:00,"https://api.openalex.org/works?filter=primary_topic.field.id:14,publication_year:1997,has_abstract:true,language:en,type:article|review&sample=150&seed=993979&per_page=150&select=id,doi,display_name,publication_year,publication_date,primary_topic,primary_location,keywords,concepts,abstract_inverted_index,referenced_works_count,authorships",1,0.0001,7671,0.7671
2026-09-28T11:27:50.516174+00:00,"https://api.openalex.org/works?filter=primary_topic.field.id:16,publication_year:1997,has_abstract:true,language:en,type:article|review&sample=150&seed=133976&per_page=150&select=id,doi,display_name,publication_year,publication_date,primary_topic,primary_location,keywords,concepts,abstract_inverted_index,referenced_works_count,authorships",1,0.0001,7667,0.7667
2026-09-28T11:27:50.769274+00:00,"https://api.openalex.org/works?filter=primary_topic.field.id:17,publication_year:1997,has_abstract:true,language:en,type:article|review&sample=150&seed=203976&per_page=150&select=id,doi,display_name,publication_year,publication_date,primary_topic,primary_location,keywords,concepts,abstract_inverted_index,referenced_works_count,authorships",1,0.0001,7664,0.7664
2026-09-28T11:27:50.995834+00:00,"https://api.openalex.org/works?filter=primary_topic.field.id:20,publication_year:1997,has_abstract:true,language:en,type:article|review&sample=150&seed=413976&per_page=150&select=id,doi,display_name,publication_year,publication_date,primary_topic,primary_location,keywords,concepts,abstract_inverted_index,referenced_works_count,authorships",1,0.0001,7661,0.7661
2026-09-28T11:27:51.067571+00:00,"https://api.openalex.org/works?filter=primary_topic.field.id:19,publication_year:1997,has_abstract:true,language:en,type:article|review&sample=150&seed=343976&per_page=150&select=id,doi,display_name,publication_year,publication_date,primary_topic,primary_location,keywords,concepts,abstract_inverted_index,referenced_works_count,authorships",1,0.0001,7662,0.7662
2026-09-28T11:27:51.116302+00:00,"https://api.openalex.org/works?filter=primary_topic.field.id:18,publication_year:1997,has_abstract:true,language:en,type:article|review&sample=150&seed=273976&per_page=150&select=id,doi,display_name,publication_year,publication_date,primary_topic,primary_location,keywords,concepts,abstract_inverted_index,referenced_works_count,authorships",1,0.0001,7663,0.7663
2026-09-28T11:27:51.426242+00:00,"https://api.openalex.org/works?filter=primary_topic.field.id:23,publication_year:1997,has_abstract:true,language:en,type:article|review&sample=150&seed=623976&per_page=150&select=id,doi,display_name,publication_year,publication_date,primary_topic,primary_location,keywords,concepts,abstract_inverted_index,referenced_works_count,authorships",1,0.0001,7657,0.7657
2026-09-28T11:27:51.472293+00:00,"https://api.openalex.org/works?filter=primary_topic.field.id:22,publication_year:1997,has_abstract:true,language:en,type:article|review&sample=150&seed=553976&per_page=150&select=id,doi,display_name,publication_year,publication_date,primary_topic,primary_location,keywords,concepts,abstract_inverted_index,referenced_works_count,authorships",1,0.0001,7659,0.7659
2026-09-28T11:27:51.576713+00:00,"https://api.openalex.org/works?filter=primary_topic.field.id:21,publication_year:1997,has_abstract:true,language:en,type:article|review&sample=150&seed=483976&per_page=150&select=id,doi,display_name,publication_year,publication_date,primary_topic,primary_location,keywords,concepts,abstract_inverted_index,referenced_works_count,authorships",1,0.0001,7660,0.766
2026-09-28T11:27:51.950629+00:00,"https://api.openalex.org/works?filter=primary_topic.field.id:24,publication_year:1997,has_abstract:true,language:en,type:article|review&sample=150&seed=693976&per_page=150&select=id,doi,display_name,publication_year,publication_date,primary_topic,primary_location,keywords,concepts,abstract_inverted_index,referenced_works_count,authorships",1,0.0001,7654,0.7654
2026-09-28T11:27:52.017392+00:00,"https://api.openalex.org/works?filter=primary_topic.field.id:25,publication_year:1997,has_abstract:true,language:en,type:article|review&sample=150&seed=763976&per_page=150&select=id,doi,display_name,publication_year,publication_date,primary_topic,primary_location,keywords,concepts,abstract_inverted_index,referenced_works_count,authorships",1,0.0001,7653,0.7653
2026-09-28T11:27:52.147220+00:00,"https://api.openalex.org/works?filter=primary_topic.field.id:26,publication_year:1997,has_abstract:true,language:en,type:article|review&sample=150&seed=833976&per_page=150&select=id,doi,display_name,publication_year,publication_date,primary_topic,primary_location,keywords,concepts,abstract_inverted_index,referenced_works_count,authorships",1,0.0001,7652,0.7652
2026-09-28T11:27:52.365351+00:00,"https://api.openalex.org/works?filter=primary_topic.field.id:27,publication_year:1997,has_abstract:true,language:en,type:article|review&sample=150&seed=903976&per_page=150&select=id,doi,display_name,publication_year,publication_date,primary_topic,primary_location,keywords,concepts,abstract_inverted_index,referenced_works_count,authorships",1,0.0001,7651,0.7651
2026-09-28T11:27:52.433232+00:00,"https://api.openalex.org/works?filter=primary_topic.field.id:28,publication_year:1997,has_abstract:true,language:en,type:article|review&sample=150&seed=973976&per_page=150&select=id,doi,display_name,publication_year,publication_date,primary_topic,primary_location,keywords,concepts,abstract_inverted_index,referenced_works_count,authorships",1,0.0001,7649,0.7649
2026-09-28T11:27:52.528167+00:00,"https://api.openalex.org/works?filter=primary_topic.field.id:29,publication_year:1997,has_abstract:true,language:en,type:article|review&sample=150&seed=43973&per_page=150&select=id,doi,display_name,publication_year,publication_date,primary_topic,primary_location,keywords,concepts,abstract_inverted_index,referenced_works_count,authorships",1,0.0001,7648,0.7648
2026-09-28T11:27:52.718604+00:00,"https://api.openalex.org/works?filter=primary_topic.field.id:30,publication_year:1997,has_abstract:true,language:en,type:article|review&sample=150&seed=113973&per_page=150&select=id,doi,display_name,publication_year,publication_date,primary_topic,primary_location,keywords,concepts,abstract_inverted_index,referenced_works_count,authorships",1,0.0001,7646,0.7646
2026-09-28T11:27:52.888101+00:00,"https://api.openalex.org/works?filter=primary_topic.field.id:31,publication_year:1997,has_abstract:true,language:en,type:article|review&sample=150&seed=183973&per_page=150&select=id,doi,display_name,publication_year,publication_date,primary_topic,primary_location,keywords,concepts,abstract_inverted_index,referenced_works_count,authorships",1,0.0001,7645,0.7645
2026-09-28T11:27:53.116702+00:00,"https://api.openalex.org/works?filter=primary_topic.field.id:32,publication_year:1997,has_abstract:true,language:en,type:article|review&sample=150&seed=253973&per_page=150&select=id,doi,display_name,publication_year,publication_date,primary_topic,primary_location,keywords,concepts,abstract_inverted_index,referenced_works_count,authorships",1,0.0001,7643,0.7643
2026-09-28T11:27:53.198226+00:00,"https://api.openalex.org/works?filter=primary_topic.field.id:33,publication_year:1997,has_abstract:true,language:en,type:article|review&sample=150&seed=323973&per_page=150&select=id,doi,display_name,publication_year,publication_date,primary_topic,primary_location,keywords,concepts,abstract_inverted_index,referenced_works_count,authorships",1,0.0001,7641,0.7641
2026-09-28T11:27:53.428878+00:00,"https://api.openalex.org/works?filter=primary_topic.field.id:34,publication_year:1997,has_abstract:true,language:en,type:article|review&sample=150&seed=393973&per_page=150&select=id,doi,display_name,publication_year,publication_date,primary_topic,primary_location,keywords,concepts,abstract_inverted_index,referenced_works_count,authorships",1,0.0001,7640,0.764
2026-09-28T11:27:53.542776+00:00,"https://api.openalex.org/works?filter=primary_topic.field.id:36,publication_year:1997,has_abstract:true,language:en,type:article|review&sample=150&seed=533973&per_page=150&select=id,doi,display_name,publication_year,publication_date,primary_topic,primary_location,keywords,concepts,abstract_inverted_index,referenced_works_count,authorships",1,0.0001,7637,0.7637
2026-09-28T11:27:56.087654+00:00,"https://api.openalex.org/works?filter=primary_topic.field.id:35,publication_year:1997,has_abstract:true,language:en,type:article|review&sample=150&seed=463973&per_page=150&select=id,doi,display_name,publication_year,publication_date,primary_topic,primary_location,keywords,concepts,abstract_inverted_index,referenced_works_count,authorships",1,0.0001,7638,0.7638
2026-09-28T11:27:56.168258+00:00,"https://api.openalex.org/works?filter=primary_topic.field.id:11,publication_year:1998,has_abstract:true,language:en,type:article|review&sample=150&seed=783986&per_page=150&select=id,doi,display_name,publication_year,publication_date,primary_topic,primary_location,keywords,concepts,abstract_inverted_index,referenced_works_count,authorships",1,0.0001,7636,0.7636
2026-09-28T11:27:56.227675+00:00,"https://api.openalex.org/works?filter=primary_topic.field.id:14,publication_year:1998,has_abstract:true,language:en,type:article|review&sample=150&seed=993986&per_page=150&select=id,doi,display_name,publication_year,publication_date,primary_topic,primary_location,keywords,concepts,abstract_inverted_index,referenced_works_count,authorships",1,0.0001,7632,0.7632
2026-09-28T11:27:56.271035+00:00,"https://api.openalex.org/works?filter=primary_topic.field.id:12,publication_year:1998,has_abstract:true,language:en,type:article|review&sample=150&seed=853986&per_page=150&select=id,doi,display_name,publication_year,publication_date,primary_topic,primary_location,keywords,concepts,abstract_inverted_index,referenced_works_count,authorships",1,0.0001,7635,0.7635
2026-09-28T11:27:56.319995+00:00,"https://api.openalex.org/works?filter=primary_topic.field.id:16,publication_year:1998,has_abstract:true,language:en,type:article|review&sample=150&seed=133983&per_page=150&select=id,doi,display_name,publication_year,publication_date,primary_topic,primary_location,keywords,concepts,abstract_inverted_index,referenced_works_count,authorships",1,0.0001,7628,0.7628
2026-09-28T11:27:56.362254+00:00,"https://api.openalex.org/works?filter=primary_topic.field.id:17,publication_year:1998,has_abstract:true,language:en,type:article|review&sample=150&seed=203983&per_page=150&select=id,doi,display_name,publication_year,publication_date,primary_topic,primary_location,keywords,concepts,abstract_inverted_index,referenced_works_count,authorships",1,0.0001,7627,0.7627
2026-09-28T11:27:56.416459+00:00,"https://api.openalex.org/works?filter=primary_topic.field.id:13,publication_year:1998,has_abstract:true,language:en,type:article|review&sample=150&seed=923986&per_page=150&select=id,doi,display_name,publication_year,publication_date,primary_topic,primary_location,keywords,concepts,abstract_inverted_index,referenced_works_count,authorships",1,0.0001,7633,0.7633
2026-09-28T11:27:56.462429+00:00,"https://api.openalex.org/works?filter=primary_topic.field.id:15,publication_year:1998,has_abstract:true,language:en,type:article|review&sample=150&seed=63983&per_page=150&select=id,doi,display_name,publication_year,publication_date,primary_topic,primary_location,keywords,concepts,abstract_inverted_index,referenced_works_count,authorships",1,0.0001,7629,0.7629
2026-09-28T11:27:57.636198+00:00,"https://api.openalex.org/works?filter=primary_topic.field.id:18,publication_year:1998,has_abstract:true,language:en,type:article|review&sample=150&seed=273983&per_page=150&select=id,doi,display_name,publication_year,publication_date,primary_topic,primary_location,keywords,concepts,abstract_inverted_index,referenced_works_count,authorships",1,0.0001,7614,0.7614
2026-09-28T11:27:57.718833+00:00,"https://api.openalex.org/works?filter=primary_topic.field.id:20,publication_year:1998,has_abstract:true,language:en,type:article|review&sample=150&seed=413983&per_page=150&select=id,doi,display_name,publication_year,publication_date,primary_topic,primary_location,keywords,concepts,abstract_inverted_index,referenced_works_count,authorships",1,0.0001,7611,0.7611
2026-09-28T11:27:57.779735+00:00,"https://api.openalex.org/works?filter=primary_topic.field.id:19,publication_year:1998,has_abstract:true,language:en,type:article|review&sample=150&seed=343983&per_page=150&select=id,doi,display_name,publication_year,publication_date,primary_topic,primary_location,keywords,concepts,abstract_inverted_index,referenced_works_count,authorships",1,0.0001,7613,0.7613
2026-09-28T11:27:58.021815+00:00,"https://api.openalex.org/works?filter=primary_topic.field.id:21,publication_year:1998,has_abstract:true,language:en,type:article|review&sample=150&seed=483983&per_page=150&select=id,doi,display_name,publication_year,publication_date,primary_topic,primary_location,keywords,concepts,abstract_inverted_index,referenced_works_count,authorships",1,0.0001,7610,0.761
2026-09-28T11:27:58.118030+00:00,"https://api.openalex.org/works?filter=primary_topic.field.id:22,publication_year:1998,has_abstract:true,language:en,type:article|review&sample=150&seed=553983&per_page=150&select=id,doi,display_name,publication_year,publication_date,primary_topic,primary_location,keywords,concepts,abstract_inverted_index,referenced_works_count,authorships",1,0.0001,7609,0.7609
2026-09-28T11:27:58.166289+00:00,"https://api.openalex.org/works?filter=primary_topic.field.id:23,publication_year:1998,has_abstract:true,language:en,type:article|review&sample=150&seed=623983&per_page=150&select=id,doi,display_name,publication_year,publication_date,primary_topic,primary_location,keywords,concepts,abstract_inverted_index,referenced_works_count,authorships",1,0.0001,7608,0.7608
2026-09-28T11:27:58.482849+00:00,"https://api.openalex.org/works?filter=primary_topic.field.id:24,publication_year:1998,has_abstract:true,language:en,type:article|review&sample=150&seed=693983&per_page=150&select=id,doi,display_name,publication_year,publication_date,primary_topic,primary_location,keywords,concepts,abstract_inverted_index,referenced_works_count,authorships",1,0.0001,7607,0.7607
2026-09-28T11:27:59.095223+00:00,"https://api.openalex.org/works?filter=primary_topic.field.id:25,publication_year:1998,has_abstract:true,language:en,type:article|review&sample=150&seed=763983&per_page=150&select=id,doi,display_name,publication_year,publication_date,primary_topic,primary_location,keywords,concepts,abstract_inverted_index,referenced_works_count,authorships",1,0.0001,7605,0.7605
2026-09-28T11:27:59.517697+00:00,"https://api.openalex.org/works?filter=primary_topic.field.id:26,publication_year:1998,has_abstract:true,language:en,type:article|review&sample=150&seed=833983&per_page=150&select=id,doi,display_name,publication_year,publication_date,primary_topic,primary_location,keywords,concepts,abstract_inverted_index,referenced_works_count,authorships",1,0.0001,7601,0.7601
2026-09-28T11:27:59.628219+00:00,"https://api.openalex.org/works?filter=primary_topic.field.id:27,publication_year:1998,has_abstract:true,language:en,type:article|review&sample=150&seed=903983&per_page=150&select=id,doi,display_name,publication_year,publication_date,primary_topic,primary_location,keywords,concepts,abstract_inverted_index,referenced_works_count,authorships",1,0.0001,7598,0.7598
2026-09-28T11:27:59.816853+00:00,"https://api.openalex.org/works?filter=primary_topic.field.id:28,publication_year:1998,has_abstract:true,language:en,type:article|review&sample=150&seed=973983&per_page=150&select=id,doi,display_name,publication_year,publication_date,primary_topic,primary_location,keywords,concepts,abstract_inverted_index,referenced_works_count,authorships",1,0.0001,7597,0.7597
2026-09-28T11:27:59.863321+00:00,"https://api.openalex.org/works?filter=primary_topic.field.id:32,publication_year:1998,has_abstract:true,language:en,type:article|review&sample=150&seed=253980&per_page=150&select=id,doi,display_name,publication_year,publication_date,primary_topic,primary_location,keywords,concepts,abstract_inverted_index,referenced_works_count,authorships",1,0.0001,7588,0.7588
2026-09-28T11:27:59.919964+00:00,"https://api.openalex.org/works?filter=primary_topic.field.id:30,publication_year:1998,has_abstract:true,language:en,type:article|review&sample=150&seed=113980&per_page=150&select=id,doi,display_name,publication_year,publication_date,primary_topic,primary_location,keywords,concepts,abstract_inverted_index,referenced_works_count,authorships",1,0.0001,7593,0.7593
2026-09-28T11:27:59.968346+00:00,"https://api.openalex.org/works?filter=primary_topic.field.id:29,publication_year:1998,has_abstract:true,language:en,type:article|review&sample=150&seed=43980&per_page=150&select=id,doi,display_name,publication_year,publication_date,primary_topic,primary_location,keywords,concepts,abstract_inverted_index,referenced_works_count,authorships",1,0.0001,7596,0.7596
2026-09-28T11:28:00.090489+00:00,"https://api.openalex.org/works?filter=primary_topic.field.id:31,publication_year:1998,has_abstract:true,language:en,type:article|review&sample=150&seed=183980&per_page=150&select=id,doi,display_name,publication_year,publication_date,primary_topic,primary_location,keywords,concepts,abstract_inverted_index,referenced_works_count,authorships",1,0.0001,7591,0.7591
2026-09-28T11:28:00.197285+00:00,"https://api.openalex.org/works?filter=primary_topic.field.id:33,publication_year:1998,has_abstract:true,language:en,type:article|review&sample=150&seed=323980&per_page=150&select=id,doi,display_name,publication_year,publication_date,primary_topic,primary_location,keywords,concepts,abstract_inverted_index,referenced_works_count,authorships",1,0.0001,7587,0.7587
2026-09-28T11:28:00.818107+00:00,"https://api.openalex.org/works?filter=primary_topic.field.id:34,publication_year:1998,has_abstract:true,language:en,type:article|review&sample=150&seed=393980&per_page=150&select=id,doi,display_name,publication_year,publication_date,primary_topic,primary_location,keywords,concepts,abstract_inverted_index,referenced_works_count,authorships",1,0.0001,7583,0.7583
2026-09-28T11:28:00.951069+00:00,"https://api.openalex.org/works?filter=primary_topic.field.id:36,publication_year:1998,has_abstract:true,language:en,type:article|review&sample=150&seed=533980&per_page=150&select=id,doi,display_name,publication_year,publication_date,primary_topic,primary_location,keywords,concepts,abstract_inverted_index,referenced_works_count,authorships",1,0.0001,7579,0.7579
2026-09-28T11:28:00.998599+00:00,"https://api.openalex.org/works?filter=primary_topic.field.id:35,publication_year:1998,has_abstract:true,language:en,type:article|review&sample=150&seed=463980&per_page=150&select=id,doi,display_name,publication_year,publication_date,primary_topic,primary_location,keywords,concepts,abstract_inverted_index,referenced_works_count,authorships",1,0.0001,7580,0.758
2026-09-28T11:28:01.354609+00:00,"https://api.openalex.org/works?filter=primary_topic.field.id:13,publication_year:1999,has_abstract:true,language:en,type:article|review&sample=150&seed=923993&per_page=150&select=id,doi,display_name,publication_year,publication_date,primary_topic,primary_location,keywords,concepts,abstract_inverted_index,referenced_works_count,authorships",1,0.0001,7575,0.7575
2026-09-28T11:28:01.431033+00:00,"https://api.openalex.org/works?filter=primary_topic.field.id:12,publication_year:1999,has_abstract:true,language:en,type:article|review&sample=150&seed=853993&per_page=150&select=id,doi,display_name,publication_year,publication_date,primary_topic,primary_location,keywords,concepts,abstract_inverted_index,referenced_works_count,authorships",1,0.0001,7576,0.7576
2026-09-28T11:28:01.470920+00:00,"https://api.openalex.org/works?filter=primary_topic.field.id:15,publication_year:1999,has_abstract:true,language:en,type:article|review&sample=150&seed=63990&per_page=150&select=id,doi,display_name,publication_year,publication_date,primary_topic,primary_location,keywords,concepts,abstract_inverted_index,referenced_works_count,authorships",1,0.0001,7572,0.7572
2026-09-28T11:28:01.567469+00:00,"https://api.openalex.org/works?filter=primary_topic.field.id:11,publication_year:1999,has_abstract:true,language:en,type:article|review&sample=150&seed=783993&per_page=150&select=id,doi,display_name,publication_year,publication_date,primary_topic,primary_location,keywords,concepts,abstract_inverted_index,referenced_works_count,authorships",1,0.0001,7578,0.7578
2026-09-28T11:28:01.720388+00:00,"https://api.openalex.org/works?filter=primary_topic.field.id:16,publication_year:1999,has_abstract:true,language:en,type:article|review&sample=150&seed=133990&per_page=150&select=id,doi,display_name,publication_year,publication_date,primary_topic,primary_location,keywords,concepts,abstract_inverted_index,referenced_works_count,authorships",1,0.0001,7569,0.7569
2026-09-28T11:28:01.791834+00:00,"https://api.openalex.org/works?filter=primary_topic.field.id:14,publication_year:1999,has_abstract:true,language:en,type:article|review&sample=150&seed=993993&per_page=150&select=id,doi,display_name,publication_year,publication_date,primary_topic,primary_location,keywords,concepts,abstract_inverted_index,referenced_works_count,authorships",1,0.0001,7574,0.7574
2026-09-28T11:28:02.028881+00:00,"https://api.openalex.org/works?filter=primary_topic.field.id:17,publication_year:1999,has_abstract:true,language:en,type:article|review&sample=150&seed=203990&per_page=150&select=id,doi,display_name,publication_year,publication_date,primary_topic,primary_location,keywords,concepts,abstract_inverted_index,referenced_works_count,authorships",1,0.0001,7567,0.7567
2026-09-28T11:28:02.176059+00:00,"https://api.openalex.org/works?filter=primary_topic.field.id:18,publication_year:1999,has_abstract:true,language:en,type:article|review&sample=150&seed=273990&per_page=150&select=id,doi,display_name,publication_year,publication_date,primary_topic,primary_location,keywords,concepts,abstract_inverted_index,referenced_works_count,authorships",1,0.0001,7565,0.7565
2026-09-28T11:28:02.556736+00:00,"https://api.openalex.org/works?filter=primary_topic.field.id:19,publication_year:1999,has_abstract:true,language:en,type:article|review&sample=150&seed=343990&per_page=150&select=id,doi,display_name,publication_year,publication_date,primary_topic,primary_location,keywords,concepts,abstract_inverted_index,referenced_works_count,authorships",1,0.0001,7561,0.7561
2026-09-28T11:28:03.366733+00:00,"https://api.openalex.org/works?filter=primary_topic.field.id:20,publication_year:1999,has_abstract:true,language:en,type:article|review&sample=150&seed=413990&per_page=150&select=id,doi,display_name,publication_year,publication_date,primary_topic,primary_location,keywords,concepts,abstract_inverted_index,referenced_works_count,authorships",1,0.0001,7559,0.7559
2026-09-28T11:28:03.420023+00:00,"https://api.openalex.org/works?filter=primary_topic.field.id:21,publication_year:1999,has_abstract:true,language:en,type:article|review&sample=150&seed=483990&per_page=150&select=id,doi,display_name,publication_year,publication_date,primary_topic,primary_location,keywords,concepts,abstract_inverted_index,referenced_works_count,authorships",1,0.0001,7558,0.7558
2026-09-28T11:28:03.492737+00:00,"https://api.openalex.org/works?filter=primary_topic.field.id:23,publication_year:1999,has_abstract:true,language:en,type:article|review&sample=150&seed=623990&per_page=150&select=id,doi,display_name,publication_year,publication_date,primary_topic,primary_location,keywords,concepts,abstract_inverted_index,referenced_works_count,authorships",1,0.0001,7556,0.7556
2026-09-28T11:28:03.667362+00:00,"https://api.openalex.org/works?filter=primary_topic.field.id:26,publication_year:1999,has_abstract:true,language:en,type:article|review&sample=150&seed=833990&per_page=150&select=id,doi,display_name,publication_year,publication_date,primary_topic,primary_location,keywords,concepts,abstract_inverted_index,referenced_works_count,authorships",1,0.0001,7552,0.7552
2026-09-28T11:28:03.720485+00:00,"https://api.openalex.org/works?filter=primary_topic.field.id:24,publication_year:1999,has_abstract:true,language:en,type:article|review&sample=150&seed=693990&per_page=150&select=id,doi,display_name,publication_year,publication_date,primary_topic,primary_location,keywords,concepts,abstract_inverted_index,referenced_works_count,authorships",1,0.0001,7555,0.7555
2026-09-28T11:28:03.817982+00:00,"https://api.openalex.org/works?filter=primary_topic.field.id:27,publication_year:1999,has_abstract:true,language:en,type:article|review&sample=150&seed=903990&per_page=150&select=id,doi,display_name,publication_year,publication_date,primary_topic,primary_location,keywords,concepts,abstract_inverted_index,referenced_works_count,authorships",1,0.0001,7548,0.7548
2026-09-28T11:28:03.871551+00:00,"https://api.openalex.org/works?filter=primary_topic.field.id:22,publication_year:1999,has_abstract:true,language:en,type:article|review&sample=150&seed=553990&per_page=150&select=id,doi,display_name,publication_year,publication_date,primary_topic,primary_location,keywords,concepts,abstract_inverted_index,referenced_works_count,authorships",1,0.0001,7557,0.7557
2026-09-28T11:28:03.932615+00:00,"https://api.openalex.org/works?filter=primary_topic.field.id:25,publication_year:1999,has_abstract:true,language:en,type:article|review&sample=150&seed=763990&per_page=150&select=id,doi,display_name,publication_year,publication_date,primary_topic,primary_location,keywords,concepts,abstract_inverted_index,referenced_works_count,authorships",1,0.0001,7553,0.7553
2026-09-28T11:28:04.751999+00:00,"https://api.openalex.org/works?filter=primary_topic.field.id:28,publication_year:1999,has_abstract:true,language:en,type:article|review&sample=150&seed=973990&per_page=150&select=id,doi,display_name,publication_year,publication_date,primary_topic,primary_location,keywords,concepts,abstract_inverted_index,referenced_works_count,authorships",1,0.0001,7545,0.7545
2026-09-28T11:28:04.827760+00:00,"https://api.openalex.org/works?filter=primary_topic.field.id:29,publication_year:1999,has_abstract:true,language:en,type:article|review&sample=150&seed=43987&per_page=150&select=id,doi,display_name,publication_year,publication_date,primary_topic,primary_location,keywords,concepts,abstract_inverted_index,referenced_works_count,authorships",1,0.0001,7540,0.754
2026-09-28T11:28:04.876367+00:00,"https://api.openalex.org/works?filter=primary_topic.field.id:32,publication_year:1999,has_abstract:true,language:en,type:article|review&sample=150&seed=253987&per_page=150&select=id,doi,display_name,publication_year,publication_date,primary_topic,primary_location,keywords,concepts,abstract_inverted_index,referenced_works_count,authorships",1,0.0001,7537,0.7537
2026-09-28T11:28:04.930196+00:00,"https://api.openalex.org/works?filter=primary_topic.field.id:30,publication_year:1999,has_abstract:true,language:en,type:article|review&sample=150&seed=113987&per_page=150&select=id,doi,display_name,publication_year,publication_date,primary_topic,primary_location,keywords,concepts,abstract_inverted_index,referenced_works_count,authorships",1,0.0001,7539,0.7539
2026-09-28T11:28:05.228817+00:00,"https://api.openalex.org/works?filter=primary_topic.field.id:31,publication_year:1999,has_abstract:true,language:en,type:article|review&sample=150&seed=183987&per_page=150&select=id,doi,display_name,publication_year,publication_date,primary_topic,primary_location,keywords,concepts,abstract_inverted_index,referenced_works_count,authorships",1,0.0001,7538,0.7538
2026-09-28T11:28:05.275407+00:00,"https://api.openalex.org/works?filter=primary_topic.field.id:33,publication_year:1999,has_abstract:true,language:en,type:article|review&sample=150&seed=323987&per_page=150&select=id,doi,display_name,publication_year,publication_date,primary_topic,primary_location,keywords,concepts,abstract_inverted_index,referenced_works_count,authorships",1,0.0001,7535,0.7535
2026-09-28T11:28:05.856869+00:00,"https://api.openalex.org/works?filter=primary_topic.field.id:35,publication_year:1999,has_abstract:true,language:en,type:article|review&sample=150&seed=463987&per_page=150&select=id,doi,display_name,publication_year,publication_date,primary_topic,primary_location,keywords,concepts,abstract_inverted_index,referenced_works_count,authorships",1,0.0001,7531,0.7531
2026-09-28T11:28:05.917846+00:00,"https://api.openalex.org/works?filter=primary_topic.field.id:34,publication_year:1999,has_abstract:true,language:en,type:article|review&sample=150&seed=393987&per_page=150&select=id,doi,display_name,publication_year,publication_date,primary_topic,primary_location,keywords,concepts,abstract_inverted_index,referenced_works_count,authorships",1,0.0001,7533,0.7533
2026-09-28T11:28:05.963682+00:00,"https://api.openalex.org/works?filter=primary_topic.field.id:12,publication_year:2000,has_abstract:true,language:en,type:article|review&sample=150&seed=854000&per_page=150&select=id,doi,display_name,publication_year,publication_date,primary_topic,primary_location,keywords,concepts,abstract_inverted_index,referenced_works_count,authorships",1,0.0001,7526,0.7526
2026-09-28T11:28:06.051585+00:00,"https://api.openalex.org/works?filter=primary_topic.field.id:11,publication_year:2000,has_abstract:true,language:en,type:article|review&sample=150&seed=784000&per_page=150&select=id,doi,display_name,publication_year,publication_date,primary_topic,primary_location,keywords,concepts,abstract_inverted_index,referenced_works_count,authorships",1,0.0001,7527,0.7527
2026-09-28T11:28:06.097754+00:00,"https://api.openalex.org/works?filter=primary_topic.field.id:36,publication_year:1999,has_abstract:true,language:en,type:article|review&sample=150&seed=533987&per_page=150&select=id,doi,display_name,publication_year,publication_date,primary_topic,primary_location,keywords,concepts,abstract_inverted_index,referenced_works_count,authorships",1,0.0001,7528,0.7528
2026-09-28T11:28:06.742794+00:00,"https://api.openalex.org/works?filter=primary_topic.field.id:17,publication_year:2000,has_abstract:true,language:en,type:article|review&sample=150&seed=203997&per_page=150&select=id,doi,display_name,publication_year,publication_date,primary_topic,primary_location,keywords,concepts,abstract_inverted_index,referenced_works_count,authorships",1,0.0001,7515,0.7515
2026-09-28T11:28:06.875384+00:00,"https://api.openalex.org/works?filter=primary_topic.field.id:14,publication_year:2000,has_abstract:true,language:en,type:article|review&sample=150&seed=994000&per_page=150&select=id,doi,display_name,publication_year,publication_date,primary_topic,primary_location,keywords,concepts,abstract_inverted_index,referenced_works_count,authorships",1,0.0001,7521,0.7521
2026-09-28T11:28:06.935795+00:00,"https://api.openalex.org/works?filter=primary_topic.field.id:13,publication_year:2000,has_abstract:true,language:en,type:article|review&sample=150&seed=924000&per_page=150&select=id,doi,display_name,publication_year,publication_date,primary_topic,primary_location,keywords,concepts,abstract_inverted_index,referenced_works_count,authorships",1,0.0001,7524,0.7524
2026-09-28T11:28:07.063796+00:00,"https://api.openalex.org/works?filter=primary_topic.field.id:15,publication_year:2000,has_abstract:true,language:en,type:article|review&sample=150&seed=63997&per_page=150&select=id,doi,display_name,publication_year,publication_date,primary_topic,primary_location,keywords,concepts,abstract_inverted_index,referenced_works_count,authorships",1,0.0001,7520,0.752
2026-09-28T11:28:07.138316+00:00,"https://api.openalex.org/works?filter=primary_topic.field.id:16,publication_year:2000,has_abstract:true,language:en,type:article|review&sample=150&seed=133997&per_page=150&select=id,doi,display_name,publication_year,publication_date,primary_topic,primary_location,keywords,concepts,abstract_inverted_index,referenced_works_count,authorships",1,0.0001,7518,0.7518
2026-09-28T11:28:07.238972+00:00,"https://api.openalex.org/works?filter=primary_topic.field.id:18,publication_year:2000,has_abstract:true,language:en,type:article|review&sample=150&seed=273997&per_page=150&select=id,doi,display_name,publication_year,publication_date,primary_topic,primary_location,keywords,concepts,abstract_inverted_index,referenced_works_count,authorships",1,0.0001,7514,0.7514
2026-09-28T11:28:07.418857+00:00,"https://api.openalex.org/works?filter=primary_topic.field.id:20,publication_year:2000,has_abstract:true,language:en,type:article|review&sample=150&seed=413997&per_page=150&select=id,doi,display_name,publication_year,publication_date,primary_topic,primary_location,keywords,concepts,abstract_inverted_index,referenced_works_count,authorships",1,0.0001,7509,0.7509
2026-09-28T11:28:07.470267+00:00,"https://api.openalex.org/works?filter=primary_topic.field.id:19,publication_year:2000,has_abstract:true,language:en,type:article|review&sample=150&seed=343997&per_page=150&select=id,doi,display_name,publication_year,publication_date,primary_topic,primary_location,keywords,concepts,abstract_inverted_index,referenced_works_count,authorships",1,0.0001,7513,0.7513
2026-09-28T11:28:08.055412+00:00,"https://api.openalex.org/works?filter=primary_topic.field.id:22,publication_year:2000,has_abstract:true,language:en,type:article|review&sample=150&seed=553997&per_page=150&select=id,doi,display_name,publication_year,publication_date,primary_topic,primary_location,keywords,concepts,abstract_inverted_index,referenced_works_count,authorships",1,0.0001,7506,0.7506
2026-09-28T11:28:08.116293+00:00,"https://api.openalex.org/works?filter=primary_topic.field.id:21,publication_year:2000,has_abstract:true,language:en,type:article|review&sample=150&seed=483997&per_page=150&select=id,doi,display_name,publication_year,publication_date,primary_topic,primary_location,keywords,concepts,abstract_inverted_index,referenced_works_count,authorships",1,0.0001,7507,0.7507
2026-09-28T11:28:08.165012+00:00,"https://api.openalex.org/works?filter=primary_topic.field.id:23,publication_year:2000,has_abstract:true,language:en,type:article|review&sample=150&seed=623997&per_page=150&select=id,doi,display_name,publication_year,publication_date,primary_topic,primary_location,keywords,concepts,abstract_inverted_index,referenced_works_count,authorships",1,0.0001,7504,0.7504
2026-09-28T11:28:08.542479+00:00,"https://api.openalex.org/works?filter=primary_topic.field.id:24,publication_year:2000,has_abstract:true,language:en,type:article|review&sample=150&seed=693997&per_page=150&select=id,doi,display_name,publication_year,publication_date,primary_topic,primary_location,keywords,concepts,abstract_inverted_index,referenced_works_count,authorships",1,0.0001,7503,0.7503
2026-09-28T11:28:08.636683+00:00,"https://api.openalex.org/works?filter=primary_topic.field.id:25,publication_year:2000,has_abstract:true,language:en,type:article|review&sample=150&seed=763997&per_page=150&select=id,doi,display_name,publication_year,publication_date,primary_topic,primary_location,keywords,concepts,abstract_inverted_index,referenced_works_count,authorships",1,0.0001,7500,0.75
2026-09-28T11:28:08.791315+00:00,"https://api.openalex.org/works?filter=primary_topic.field.id:26,publication_year:2000,has_abstract:true,language:en,type:article|review&sample=150&seed=833997&per_page=150&select=id,doi,display_name,publication_year,publication_date,primary_topic,primary_location,keywords,concepts,abstract_inverted_index,referenced_works_count,authorships",1,0.0001,7498,0.7498
2026-09-28T11:28:08.961472+00:00,"https://api.openalex.org/works?filter=primary_topic.field.id:27,publication_year:2000,has_abstract:true,language:en,type:article|review&sample=150&seed=903997&per_page=150&select=id,doi,display_name,publication_year,publication_date,primary_topic,primary_location,keywords,concepts,abstract_inverted_index,referenced_works_count,authorships",1,0.0001,7497,0.7497
2026-09-28T11:28:09.148921+00:00,"https://api.openalex.org/works?filter=primary_topic.field.id:28,publication_year:2000,has_abstract:true,language:en,type:article|review&sample=150&seed=973997&per_page=150&select=id,doi,display_name,publication_year,publication_date,primary_topic,primary_location,keywords,concepts,abstract_inverted_index,referenced_works_count,authorships",1,0.0001,7495,0.7495
2026-09-28T11:28:09.355769+00:00,"https://api.openalex.org/works?filter=primary_topic.field.id:29,publication_year:2000,has_abstract:true,language:en,type:article|review&sample=150&seed=43994&per_page=150&select=id,doi,display_name,publication_year,publication_date,primary_topic,primary_location,keywords,concepts,abstract_inverted_index,referenced_works_count,authorships",1,0.0001,7493,0.7493
2026-09-28T11:28:10.057318+00:00,"https://api.openalex.org/works?filter=primary_topic.field.id:35,publication_year:2000,has_abstract:true,language:en,type:article|review&sample=150&seed=463994&per_page=150&select=id,doi,display_name,publication_year,publication_date,primary_topic,primary_location,keywords,concepts,abstract_inverted_index,referenced_works_count,authorships",1,0.0001,7483,0.7483
2026-09-28T11:28:10.348145+00:00,"https://api.openalex.org/works?filter=primary_topic.field.id:31,publication_year:2000,has_abstract:true,language:en,type:article|review&sample=150&seed=183994&per_page=150&select=id,doi,display_name,publication_year,publication_date,primary_topic,primary_location,keywords,concepts,abstract_inverted_index,referenced_works_count,authorships",1,0.0001,7488,0.7488
2026-09-28T11:28:10.521711+00:00,"https://api.openalex.org/works?filter=primary_topic.field.id:33,publication_year:2000,has_abstract:true,language:en,type:article|review&sample=150&seed=323994&per_page=150&select=id,doi,display_name,publication_year,publication_date,primary_topic,primary_location,keywords,concepts,abstract_inverted_index,referenced_works_count,authorships",1,0.0001,7485,0.7485
2026-09-28T11:28:10.718471+00:00,"https://api.openalex.org/works?filter=primary_topic.field.id:32,publication_year:2000,has_abstract:true,language:en,type:article|review&sample=150&seed=253994&per_page=150&select=id,doi,display_name,publication_year,publication_date,primary_topic,primary_location,keywords,concepts,abstract_inverted_index,referenced_works_count,authorships",1,0.0001,7486,0.7486
2026-09-28T11:28:10.862912+00:00,"https://api.openalex.org/works?filter=primary_topic.field.id:30,publication_year:2000,has_abstract:true,language:en,type:article|review&sample=150&seed=113994&per_page=150&select=id,doi,display_name,publication_year,publication_date,primary_topic,primary_location,keywords,concepts,abstract_inverted_index,referenced_works_count,authorships",1,0.0001,7490,0.749
2026-09-28T11:28:11.058252+00:00,"https://api.openalex.org/works?filter=primary_topic.field.id:34,publication_year:2000,has_abstract:true,language:en,type:article|review&sample=150&seed=393994&per_page=150&select=id,doi,display_name,publication_year,publication_date,primary_topic,primary_location,keywords,concepts,abstract_inverted_index,referenced_works_count,authorships",1,0.0001,7484,0.7484
2026-09-28T11:28:11.285233+00:00,"https://api.openalex.org/works?filter=primary_topic.field.id:36,publication_year:2000,has_abstract:true,language:en,type:article|review&sample=150&seed=533994&per_page=150&select=id,doi,display_name,publication_year,publication_date,primary_topic,primary_location,keywords,concepts,abstract_inverted_index,referenced_works_count,authorships",1,0.0001,7482,0.7482
2026-09-28T11:28:11.452003+00:00,"https://api.openalex.org/works?filter=primary_topic.field.id:11,publication_year:2001,has_abstract:true,language:en,type:article|review&sample=150&seed=784007&per_page=150&select=id,doi,display_name,publication_year,publication_date,primary_topic,primary_location,keywords,concepts,abstract_inverted_index,referenced_works_count,authorships",1,0.0001,7480,0.748
2026-09-28T11:28:12.421002+00:00,"https://api.openalex.org/works?filter=primary_topic.field.id:12,publication_year:2001,has_abstract:true,language:en,type:article|review&sample=150&seed=854007&per_page=150&select=id,doi,display_name,publication_year,publication_date,primary_topic,primary_location,keywords,concepts,abstract_inverted_index,referenced_works_count,authorships",1,0.0001,7476,0.7476
2026-09-28T11:28:12.997377+00:00,"https://api.openalex.org/works?filter=primary_topic.field.id:13,publication_year:2001,has_abstract:true,language:en,type:article|review&sample=150&seed=924007&per_page=150&select=id,doi,display_name,publication_year,publication_date,primary_topic,primary_location,keywords,concepts,abstract_inverted_index,referenced_works_count,authorships",1,0.0001,7469,0.7469
2026-09-28T11:28:13.220642+00:00,"https://api.openalex.org/works?filter=primary_topic.field.id:14,publication_year:2001,has_abstract:true,language:en,type:article|review&sample=150&seed=994007&per_page=150&select=id,doi,display_name,publication_year,publication_date,primary_topic,primary_location,keywords,concepts,abstract_inverted_index,referenced_works_count,authorships",1,0.0001,7468,0.7468
2026-09-28T11:28:13.318789+00:00,"https://api.openalex.org/works?filter=primary_topic.field.id:15,publication_year:2001,has_abstract:true,language:en,type:article|review&sample=150&seed=64004&per_page=150&select=id,doi,display_name,publication_year,publication_date,primary_topic,primary_location,keywords,concepts,abstract_inverted_index,referenced_works_count,authorships",1,0.0001,7467,0.7467
2026-09-28T11:28:13.418619+00:00,"https://api.openalex.org/works?filter=primary_topic.field.id:18,publication_year:2001,has_abstract:true,language:en,type:article|review&sample=150&seed=274004&per_page=150&select=id,doi,display_name,publication_year,publication_date,primary_topic,primary_location,keywords,concepts,abstract_inverted_index,referenced_works_count,authorships",1,0.0001,7462,0.7462
2026-09-28T11:28:13.462493+00:00,"https://api.openalex.org/works?filter=primary_topic.field.id:17,publication_year:2001,has_abstract:true,language:en,type:article|review&sample=150&seed=204004&per_page=150&select=id,doi,display_name,publication_year,publication_date,primary_topic,primary_location,keywords,concepts,abstract_inverted_index,referenced_works_count,authorships",1,0.0001,7463,0.7463
2026-09-28T11:28:13.532244+00:00,"https://api.openalex.org/works?filter=primary_topic.field.id:16,publication_year:2001,has_abstract:true,language:en,type:article|review&sample=150&seed=134004&per_page=150&select=id,doi,display_name,publication_year,publication_date,primary_topic,primary_location,keywords,concepts,abstract_inverted_index,referenced_works_count,authorships",1,0.0001,7464,0.7464
2026-09-28T11:28:13.781543+00:00,"https://api.openalex.org/works?filter=primary_topic.field.id:19,publication_year:2001,has_abstract:true,language:en,type:article|review&sample=150&seed=344004&per_page=150&select=id,doi,display_name,publication_year,publication_date,primary_topic,primary_location,keywords,concepts,abstract_inverted_index,referenced_works_count,authorships",1,0.0001,7461,0.7461
2026-09-28T11:28:13.986141+00:00,"https://api.openalex.org/works?filter=primary_topic.field.id:20,publication_year:2001,has_abstract:true,language:en,type:article|review&sample=150&seed=414004&per_page=150&select=id,doi,display_name,publication_year,publication_date,primary_topic,primary_location,keywords,concepts,abstract_inverted_index,referenced_works_count,authorships",1,0.0001,7459,0.7459
2026-09-28T11:28:14.997545+00:00,"https://api.openalex.org/works?filter=primary_topic.field.id:21,publication_year:2001,has_abstract:true,language:en,type:article|review&sample=150&seed=484004&per_page=150&select=id,doi,display_name,publication_year,publication_date,primary_topic,primary_location,keywords,concepts,abstract_inverted_index,referenced_works_count,authorships",1,0.0001,7456,0.7456
2026-09-28T11:28:15.270220+00:00,"https://api.openalex.org/works?filter=primary_topic.field.id:22,publication_year:2001,has_abstract:true,language:en,type:article|review&sample=150&seed=554004&per_page=150&select=id,doi,display_name,publication_year,publication_date,primary_topic,primary_location,keywords,concepts,abstract_inverted_index,referenced_works_count,authorships",1,0.0001,7453,0.7453
2026-09-28T11:28:15.362552+00:00,"https://api.openalex.org/works?filter=primary_topic.field.id:26,publication_year:2001,has_abstract:true,language:en,type:article|review&sample=150&seed=834004&per_page=150&select=id,doi,display_name,publication_year,publication_date,primary_topic,primary_location,keywords,concepts,abstract_inverted_index,referenced_works_count,authorships",1,0.0001,7445,0.7445
2026-09-28T11:28:15.437502+00:00,"https://api.openalex.org/works?filter=primary_topic.field.id:25,publication_year:2001,has_abstract:true,language:en,type:article|review&sample=150&seed=764004&per_page=150&select=id,doi,display_name,publication_year,publication_date,primary_topic,primary_location,keywords,concepts,abstract_inverted_index,referenced_works_count,authorships",1,0.0001,7446,0.7446
2026-09-28T11:28:15.494875+00:00,"https://api.openalex.org/works?filter=primary_topic.field.id:23,publication_year:2001,has_abstract:true,language:en,type:article|review&sample=150&seed=624004&per_page=150&select=id,doi,display_name,publication_year,publication_date,primary_topic,primary_location,keywords,concepts,abstract_inverted_index,referenced_works_count,authorships",1,0.0001,7451,0.7451
2026-09-28T11:28:15.568902+00:00,"https://api.openalex.org/works?filter=primary_topic.field.id:24,publication_year:2001,has_abstract:true,language:en,type:article|review&sample=150&seed=694004&per_page=150&select=id,doi,display_name,publication_year,publication_date,primary_topic,primary_location,keywords,concepts,abstract_inverted_index,referenced_works_count,authorships",1,0.0001,7447,0.7447
2026-09-28T11:28:15.631858+00:00,"https://api.openalex.org/works?filter=primary_topic.field.id:28,publication_year:2001,has_abstract:true,language:en,type:article|review&sample=150&seed=974004&per_page=150&select=id,doi,display_name,publication_year,publication_date,primary_topic,primary_location,keywords,concepts,abstract_inverted_index,referenced_works_count,authorships",1,0.0001,7443,0.7443
2026-09-28T11:28:15.740606+00:00,"https://api.openalex.org/works?filter=primary_topic.field.id:27,publication_year:2001,has_abstract:true,language:en,type:article|review&sample=150&seed=904004&per_page=150&select=id,doi,display_name,publication_year,publication_date,primary_topic,primary_location,keywords,concepts,abstract_inverted_index,referenced_works_count,authorships",1,0.0001,7444,0.7444
2026-09-28T11:28:16.568370+00:00,"https://api.openalex.org/works?filter=primary_topic.field.id:29,publication_year:2001,has_abstract:true,language:en,type:article|review&sample=150&seed=44001&per_page=150&select=id,doi,display_name,publication_year,publication_date,primary_topic,primary_location,keywords,concepts,abstract_inverted_index,referenced_works_count,authorships",1,0.0001,7439,0.7439
2026-09-28T11:28:16.887044+00:00,"https://api.openalex.org/works?filter=primary_topic.field.id:30,publication_year:2001,has_abstract:true,language:en,type:article|review&sample=150&seed=114001&per_page=150&select=id,doi,display_name,publication_year,publication_date,primary_topic,primary_location,keywords,concepts,abstract_inverted_index,referenced_works_count,authorships",1,0.0001,7436,0.7436
2026-09-28T11:28:17.577442+00:00,"https://api.openalex.org/works?filter=primary_topic.field.id:31,publication_year:2001,has_abstract:true,language:en,type:article|review&sample=150&seed=184001&per_page=150&select=id,doi,display_name,publication_year,publication_date,primary_topic,primary_location,keywords,concepts,abstract_inverted_index,referenced_works_count,authorships",1,0.0001,7435,0.7435
2026-09-28T11:28:17.881546+00:00,"https://api.openalex.org/works?filter=primary_topic.field.id:32,publication_year:2001,has_abstract:true,language:en,type:article|review&sample=150&seed=254001&per_page=150&select=id,doi,display_name,publication_year,publication_date,primary_topic,primary_location,keywords,concepts,abstract_inverted_index,referenced_works_count,authorships",1,0.0001,7432,0.7432
2026-09-28T11:28:17.986273+00:00,"https://api.openalex.org/works?filter=primary_topic.field.id:33,publication_year:2001,has_abstract:true,language:en,type:article|review&sample=150&seed=324001&per_page=150&select=id,doi,display_name,publication_year,publication_date,primary_topic,primary_location,keywords,concepts,abstract_inverted_index,referenced_works_count,authorships",1,0.0001,7430,0.743
2026-09-28T11:28:18.118111+00:00,"https://api.openalex.org/works?filter=primary_topic.field.id:34,publication_year:2001,has_abstract:true,language:en,type:article|review&sample=150&seed=394001&per_page=150&select=id,doi,display_name,publication_year,publication_date,primary_topic,primary_location,keywords,concepts,abstract_inverted_index,referenced_works_count,authorships",1,0.0001,7429,0.7429
2026-09-28T11:28:18.171422+00:00,"https://api.openalex.org/works?filter=primary_topic.field.id:35,publication_year:2001,has_abstract:true,language:en,type:article|review&sample=150&seed=464001&per_page=150&select=id,doi,display_name,publication_year,publication_date,primary_topic,primary_location,keywords,concepts,abstract_inverted_index,referenced_works_count,authorships",1,0.0001,7428,0.7428
2026-09-28T11:28:18.642501+00:00,"https://api.openalex.org/works?filter=primary_topic.field.id:36,publication_year:2001,has_abstract:true,language:en,type:article|review&sample=150&seed=534001&per_page=150&select=id,doi,display_name,publication_year,publication_date,primary_topic,primary_location,keywords,concepts,abstract_inverted_index,referenced_works_count,authorships",1,0.0001,7427,0.7427
2026-09-28T11:28:18.686503+00:00,"https://api.openalex.org/works?filter=primary_topic.field.id:11,publication_year:2002,has_abstract:true,language:en,type:article|review&sample=150&seed=784014&per_page=150&select=id,doi,display_name,publication_year,publication_date,primary_topic,primary_location,keywords,concepts,abstract_inverted_index,referenced_works_count,authorships",1,0.0001,7422,0.7422
2026-09-28T11:28:18.852853+00:00,"https://api.openalex.org/works?filter=primary_topic.field.id:12,publication_year:2002,has_abstract:true,language:en,type:article|review&sample=150&seed=854014&per_page=150&select=id,doi,display_name,publication_year,publication_date,primary_topic,primary_location,keywords,concepts,abstract_inverted_index,referenced_works_count,authorships",1,0.0001,7420,0.742
2026-09-28T11:28:18.920040+00:00,"https://api.openalex.org/works?filter=primary_topic.field.id:13,publication_year:2002,has_abstract:true,language:en,type:article|review&sample=150&seed=924014&per_page=150&select=id,doi,display_name,publication_year,publication_date,primary_topic,primary_location,keywords,concepts,abstract_inverted_index,referenced_works_count,authorships",1,0.0001,7418,0.7418
2026-09-28T11:28:19.245009+00:00,"https://api.openalex.org/works?filter=primary_topic.field.id:14,publication_year:2002,has_abstract:true,language:en,type:article|review&sample=150&seed=994014&per_page=150&select=id,doi,display_name,publication_year,publication_date,primary_topic,primary_location,keywords,concepts,abstract_inverted_index,referenced_works_count,authorships",1,0.0001,7415,0.7415
2026-09-28T11:28:19.296999+00:00,"https://api.openalex.org/works?filter=primary_topic.field.id:15,publication_year:2002,has_abstract:true,language:en,type:article|review&sample=150&seed=64011&per_page=150&select=id,doi,display_name,publication_year,publication_date,primary_topic,primary_location,keywords,concepts,abstract_inverted_index,referenced_works_count,authorships",1,0.0001,7414,0.7414
2026-09-28T11:28:19.437848+00:00,"https://api.openalex.org/works?filter=primary_topic.field.id:16,publication_year:2002,has_abstract:true,language:en,type:article|review&sample=150&seed=134011&per_page=150&select=id,doi,display_name,publication_year,publication_date,primary_topic,primary_location,keywords,concepts,abstract_inverted_index,referenced_works_count,authorships",1,0.0001,7413,0.7413
2026-09-28T11:28:19.737192+00:00,"https://api.openalex.org/works?filter=primary_topic.field.id:17,publication_year:2002,has_abstract:true,language:en,type:article|review&sample=150&seed=204011&per_page=150&select=id,doi,display_name,publication_year,publication_date,primary_topic,primary_location,keywords,concepts,abstract_inverted_index,referenced_works_count,authorships",1,0.0001,7412,0.7412
2026-09-28T11:28:20.391358+00:00,"https://api.openalex.org/works?filter=primary_topic.field.id:18,publication_year:2002,has_abstract:true,language:en,type:article|review&sample=150&seed=274011&per_page=150&select=id,doi,display_name,publication_year,publication_date,primary_topic,primary_location,keywords,concepts,abstract_inverted_index,referenced_works_count,authorships",1,0.0001,7410,0.741
2026-09-28T11:28:20.581046+00:00,"https://api.openalex.org/works?filter=primary_topic.field.id:20,publication_year:2002,has_abstract:true,language:en,type:article|review&sample=150&seed=414011&per_page=150&select=id,doi,display_name,publication_year,publication_date,primary_topic,primary_location,keywords,concepts,abstract_inverted_index,referenced_works_count,authorships",1,0.0001,7407,0.7407
2026-09-28T11:28:20.685224+00:00,"https://api.openalex.org/works?filter=primary_topic.field.id:21,publication_year:2002,has_abstract:true,language:en,type:article|review&sample=150&seed=484011&per_page=150&select=id,doi,display_name,publication_year,publication_date,primary_topic,primary_location,keywords,concepts,abstract_inverted_index,referenced_works_count,authorships",1,0.0001,7406,0.7406
2026-09-28T11:28:20.746405+00:00,"https://api.openalex.org/works?filter=primary_topic.field.id:23,publication_year:2002,has_abstract:true,language:en,type:article|review&sample=150&seed=624011&per_page=150&select=id,doi,display_name,publication_year,publication_date,primary_topic,primary_location,keywords,concepts,abstract_inverted_index,referenced_works_count,authorships",1,0.0001,7401,0.7401
2026-09-28T11:28:20.792209+00:00,"https://api.openalex.org/works?filter=primary_topic.field.id:22,publication_year:2002,has_abstract:true,language:en,type:article|review&sample=150&seed=554011&per_page=150&select=id,doi,display_name,publication_year,publication_date,primary_topic,primary_location,keywords,concepts,abstract_inverted_index,referenced_works_count,authorships",1,0.0001,7402,0.7402
2026-09-28T11:28:20.870463+00:00,"https://api.openalex.org/works?filter=primary_topic.field.id:19,publication_year:2002,has_abstract:true,language:en,type:article|review&sample=150&seed=344011&per_page=150&select=id,doi,display_name,publication_year,publication_date,primary_topic,primary_location,keywords,concepts,abstract_inverted_index,referenced_works_count,authorships",1,0.0001,7409,0.7409
2026-09-28T11:28:20.996513+00:00,"https://api.openalex.org/works?filter=primary_topic.field.id:25,publication_year:2002,has_abstract:true,language:en,type:article|review&sample=150&seed=764011&per_page=150&select=id,doi,display_name,publication_year,publication_date,primary_topic,primary_location,keywords,concepts,abstract_inverted_index,referenced_works_count,authorships",1,0.0001,7395,0.7395
2026-09-28T11:28:21.066010+00:00,"https://api.openalex.org/works?filter=primary_topic.field.id:24,publication_year:2002,has_abstract:true,language:en,type:article|review&sample=150&seed=694011&per_page=150&select=id,doi,display_name,publication_year,publication_date,primary_topic,primary_location,keywords,concepts,abstract_inverted_index,referenced_works_count,authorships",1,0.0001,7397,0.7397
2026-09-28T11:28:21.417839+00:00,"https://api.openalex.org/works?filter=primary_topic.field.id:26,publication_year:2002,has_abstract:true,language:en,type:article|review&sample=150&seed=834011&per_page=150&select=id,doi,display_name,publication_year,publication_date,primary_topic,primary_location,keywords,concepts,abstract_inverted_index,referenced_works_count,authorships",1,0.0001,7393,0.7393
2026-09-28T11:28:21.957502+00:00,"https://api.openalex.org/works?filter=primary_topic.field.id:27,publication_year:2002,has_abstract:true,language:en,type:article|review&sample=150&seed=904011&per_page=150&select=id,doi,display_name,publication_year,publication_date,primary_topic,primary_location,keywords,concepts,abstract_inverted_index,referenced_works_count,authorships",1,0.0001,7391,0.7391
2026-09-28T11:28:22.019958+00:00,"https://api.openalex.org/works?filter=primary_topic.field.id:29,publication_year:2002,has_abstract:true,language:en,type:article|review&sample=150&seed=44008&per_page=150&select=id,doi,display_name,publication_year,publication_date,primary_topic,primary_location,keywords,concepts,abstract_inverted_index,referenced_works_count,authorships",1,0.0001,7388,0.7388
2026-09-28T11:28:22.075111+00:00,"https://api.openalex.org/works?filter=primary_topic.field.id:28,publication_year:2002,has_abstract:true,language:en,type:article|review&sample=150&seed=974011&per_page=150&select=id,doi,display_name,publication_year,publication_date,primary_topic,primary_location,keywords,concepts,abstract_inverted_index,referenced_works_count,authorships",1,0.0001,7390,0.739
2026-09-28T11:28:22.568729+00:00,"https://api.openalex.org/works?filter=primary_topic.field.id:30,publication_year:2002,has_abstract:true,language:en,type:article|review&sample=150&seed=114008&per_page=150&select=id,doi,display_name,publication_year,publication_date,primary_topic,primary_location,keywords,concepts,abstract_inverted_index,referenced_works_count,authorships",1,0.0001,7387,0.7387
2026-09-28T11:28:23.076875+00:00,"https://api.openalex.org/works?filter=primary_topic.field.id:31,publication_year:2002,has_abstract:true,language:en,type:article|review&sample=150&seed=184008&per_page=150&select=id,doi,display_name,publication_year,publication_date,primary_topic,primary_location,keywords,concepts,abstract_inverted_index,referenced_works_count,authorships",1,0.0001,7385,0.7385
2026-09-28T11:28:23.136688+00:00,"https://api.openalex.org/works?filter=primary_topic.field.id:32,publication_year:2002,has_abstract:true,language:en,type:article|review&sample=150&seed=254008&per_page=150&select=id,doi,display_name,publication_year,publication_date,primary_topic,primary_location,keywords,concepts,abstract_inverted_index,referenced_works_count,authorships",1,0.0001,7383,0.7383
2026-09-28T11:28:23.546631+00:00,"https://api.openalex.org/works?filter=primary_topic.field.id:33,publication_year:2002,has_abstract:true,language:en,type:article|review&sample=150&seed=324008&per_page=150&select=id,doi,display_name,publication_year,publication_date,primary_topic,primary_location,keywords,concepts,abstract_inverted_index,referenced_works_count,authorships",1,0.0001,7381,0.7381
2026-09-28T11:28:23.617021+00:00,"https://api.openalex.org/works?filter=primary_topic.field.id:34,publication_year:2002,has_abstract:true,language:en,type:article|review&sample=150&seed=394008&per_page=150&select=id,doi,display_name,publication_year,publication_date,primary_topic,primary_location,keywords,concepts,abstract_inverted_index,referenced_works_count,authorships",1,0.0001,7379,0.7379
2026-09-28T11:28:23.966871+00:00,"https://api.openalex.org/works?filter=primary_topic.field.id:35,publication_year:2002,has_abstract:true,language:en,type:article|review&sample=150&seed=464008&per_page=150&select=id,doi,display_name,publication_year,publication_date,primary_topic,primary_location,keywords,concepts,abstract_inverted_index,referenced_works_count,authorships",1,0.0001,7375,0.7375
2026-09-28T11:28:24.038029+00:00,"https://api.openalex.org/works?filter=primary_topic.field.id:11,publication_year:2003,has_abstract:true,language:en,type:article|review&sample=150&seed=784021&per_page=150&select=id,doi,display_name,publication_year,publication_date,primary_topic,primary_location,keywords,concepts,abstract_inverted_index,referenced_works_count,authorships",1,0.0001,7372,0.7372
2026-09-28T11:28:24.081507+00:00,"https://api.openalex.org/works?filter=primary_topic.field.id:36,publication_year:2002,has_abstract:true,language:en,type:article|review&sample=150&seed=534008&per_page=150&select=id,doi,display_name,publication_year,publication_date,primary_topic,primary_location,keywords,concepts,abstract_inverted_index,referenced_works_count,authorships",1,0.0001,7374,0.7374
2026-09-28T11:28:24.182933+00:00,"https://api.openalex.org/works?filter=primary_topic.field.id:12,publication_year:2003,has_abstract:true,language:en,type:article|review&sample=150&seed=854021&per_page=150&select=id,doi,display_name,publication_year,publication_date,primary_topic,primary_location,keywords,concepts,abstract_inverted_index,referenced_works_count,authorships",1,0.0001,7371,0.7371
2026-09-28T11:28:28.681951+00:00,"https://api.openalex.org/works?filter=primary_topic.field.id:13,publication_year:2003,has_abstract:true,language:en,type:article|review&sample=150&seed=924021&per_page=150&select=id,doi,display_name,publication_year,publication_date,primary_topic,primary_location,keywords,concepts,abstract_inverted_index,referenced_works_count,authorships",1,0.0001,7368,0.7368
2026-09-28T11:28:28.939719+00:00,"https://api.openalex.org/works?filter=primary_topic.field.id:15,publication_year:2003,has_abstract:true,language:en,type:article|review&sample=150&seed=64018&per_page=150&select=id,doi,display_name,publication_year,publication_date,primary_topic,primary_location,keywords,concepts,abstract_inverted_index,referenced_works_count,authorships",1,0.0001,7365,0.7365
2026-09-28T11:28:29.125212+00:00,"https://api.openalex.org/works?filter=primary_topic.field.id:14,publication_year:2003,has_abstract:true,language:en,type:article|review&sample=150&seed=994021&per_page=150&select=id,doi,display_name,publication_year,publication_date,primary_topic,primary_location,keywords,concepts,abstract_inverted_index,referenced_works_count,authorships",1,0.0001,7367,0.7367
2026-09-28T11:28:29.258114+00:00,"https://api.openalex.org/works?filter=primary_topic.field.id:17,publication_year:2003,has_abstract:true,language:en,type:article|review&sample=150&seed=204018&per_page=150&select=id,doi,display_name,publication_year,publication_date,primary_topic,primary_location,keywords,concepts,abstract_inverted_index,referenced_works_count,authorships",1,0.0001,7360,0.736
2026-09-28T11:28:29.427208+00:00,"https://api.openalex.org/works?filter=primary_topic.field.id:18,publication_year:2003,has_abstract:true,language:en,type:article|review&sample=150&seed=274018&per_page=150&select=id,doi,display_name,publication_year,publication_date,primary_topic,primary_location,keywords,concepts,abstract_inverted_index,referenced_works_count,authorships",1,0.0001,7359,0.7359
2026-09-28T11:28:29.626594+00:00,"https://api.openalex.org/works?filter=primary_topic.field.id:16,publication_year:2003,has_abstract:true,language:en,type:article|review&sample=150&seed=134018&per_page=150&select=id,doi,display_name,publication_year,publication_date,primary_topic,primary_location,keywords,concepts,abstract_inverted_index,referenced_works_count,authorships",1,0.0001,7364,0.7364
2026-09-28T11:28:29.763575+00:00,"https://api.openalex.org/works?filter=primary_topic.field.id:20,publication_year:2003,has_abstract:true,language:en,type:article|review&sample=150&seed=414018&per_page=150&select=id,doi,display_name,publication_year,publication_date,primary_topic,primary_location,keywords,concepts,abstract_inverted_index,referenced_works_count,authorships",1,0.0001,7356,0.7356
2026-09-28T11:28:29.867615+00:00,"https://api.openalex.org/works?filter=primary_topic.field.id:19,publication_year:2003,has_abstract:true,language:en,type:article|review&sample=150&seed=344018&per_page=150&select=id,doi,display_name,publication_year,publication_date,primary_topic,primary_location,keywords,concepts,abstract_inverted_index,referenced_works_count,authorships",1,0.0001,7358,0.7358
2026-09-28T11:28:30.170849+00:00,"https://api.openalex.org/works?filter=primary_topic.field.id:21,publication_year:2003,has_abstract:true,language:en,type:article|review&sample=150&seed=484018&per_page=150&select=id,doi,display_name,publication_year,publication_date,primary_topic,primary_location,keywords,concepts,abstract_inverted_index,referenced_works_count,authorships",1,0.0001,7340,0.734
2026-09-28T11:28:31.020301+00:00,"https://api.openalex.org/works?filter=primary_topic.field.id:22,publication_year:2003,has_abstract:true,language:en,type:article|review&sample=150&seed=554018&per_page=150&select=id,doi,display_name,publication_year,publication_date,primary_topic,primary_location,keywords,concepts,abstract_inverted_index,referenced_works_count,authorships",1,0.0001,7336,0.7336
2026-09-28T11:28:31.564922+00:00,"https://api.openalex.org/works?filter=primary_topic.field.id:25,publication_year:2003,has_abstract:true,language:en,type:article|review&sample=150&seed=764018&per_page=150&select=id,doi,display_name,publication_year,publication_date,primary_topic,primary_location,keywords,concepts,abstract_inverted_index,referenced_works_count,authorships",1,0.0001,7330,0.733
2026-09-28T11:28:31.656660+00:00,"https://api.openalex.org/works?filter=primary_topic.field.id:26,publication_year:2003,has_abstract:true,language:en,type:article|review&sample=150&seed=834018&per_page=150&select=id,doi,display_name,publication_year,publication_date,primary_topic,primary_location,keywords,concepts,abstract_inverted_index,referenced_works_count,authorships",1,0.0001,7327,0.7327
2026-09-28T11:28:31.739964+00:00,"https://api.openalex.org/works?filter=primary_topic.field.id:23,publication_year:2003,has_abstract:true,language:en,type:article|review&sample=150&seed=624018&per_page=150&select=id,doi,display_name,publication_year,publication_date,primary_topic,primary_location,keywords,concepts,abstract_inverted_index,referenced_works_count,authorships",1,0.0001,7334,0.7334
2026-09-28T11:28:31.820029+00:00,"https://api.openalex.org/works?filter=primary_topic.field.id:24,publication_year:2003,has_abstract:true,language:en,type:article|review&sample=150&seed=694018&per_page=150&select=id,doi,display_name,publication_year,publication_date,primary_topic,primary_location,keywords,concepts,abstract_inverted_index,referenced_works_count,authorships",1,0.0001,7331,0.7331
2026-09-28T11:28:31.959510+00:00,"https://api.openalex.org/works?filter=primary_topic.field.id:27,publication_year:2003,has_abstract:true,language:en,type:article|review&sample=150&seed=904018&per_page=150&select=id,doi,display_name,publication_year,publication_date,primary_topic,primary_location,keywords,concepts,abstract_inverted_index,referenced_works_count,authorships",1,0.0001,7326,0.7326
2026-09-28T11:28:32.252042+00:00,"https://api.openalex.org/works?filter=primary_topic.field.id:28,publication_year:2003,has_abstract:true,language:en,type:article|review&sample=150&seed=974018&per_page=150&select=id,doi,display_name,publication_year,publication_date,primary_topic,primary_location,keywords,concepts,abstract_inverted_index,referenced_works_count,authorships",1,0.0001,7324,0.7324
2026-09-28T11:28:32.376652+00:00,"https://api.openalex.org/works?filter=primary_topic.field.id:29,publication_year:2003,has_abstract:true,language:en,type:article|review&sample=150&seed=44015&per_page=150&select=id,doi,display_name,publication_year,publication_date,primary_topic,primary_location,keywords,concepts,abstract_inverted_index,referenced_works_count,authorships",1,0.0001,7323,0.7323
2026-09-28T11:28:32.496982+00:00,"https://api.openalex.org/works?filter=primary_topic.field.id:30,publication_year:2003,has_abstract:true,language:en,type:article|review&sample=150&seed=114015&per_page=150&select=id,doi,display_name,publication_year,publication_date,primary_topic,primary_location,keywords,concepts,abstract_inverted_index,referenced_works_count,authorships",1,0.0001,7319,0.7319
2026-09-28T11:28:33.021023+00:00,"https://api.openalex.org/works?filter=primary_topic.field.id:31,publication_year:2003,has_abstract:true,language:en,type:article|review&sample=150&seed=184015&per_page=150&select=id,doi,display_name,publication_year,publication_date,primary_topic,primary_location,keywords,concepts,abstract_inverted_index,referenced_works_count,authorships",1,0.0001,7317,0.7317
2026-09-28T11:28:33.327215+00:00,"https://api.openalex.org/works?filter=primary_topic.field.id:33,publication_year:2003,has_abstract:true,language:en,type:article|review&sample=150&seed=324015&per_page=150&select=id,doi,display_name,publication_year,publication_date,primary_topic,primary_location,keywords,concepts,abstract_inverted_index,referenced_works_count,authorships",1,0.0001,7313,0.7313
2026-09-28T11:28:33.520574+00:00,"https://api.openalex.org/works?filter=primary_topic.field.id:32,publication_year:2003,has_abstract:true,language:en,type:article|review&sample=150&seed=254015&per_page=150&select=id,doi,display_name,publication_year,publication_date,primary_topic,primary_location,keywords,concepts,abstract_inverted_index,referenced_works_count,authorships",1,0.0001,7314,0.7314
2026-09-28T11:28:33.576041+00:00,"https://api.openalex.org/works?filter=primary_topic.field.id:34,publication_year:2003,has_abstract:true,language:en,type:article|review&sample=150&seed=394015&per_page=150&select=id,doi,display_name,publication_year,publication_date,primary_topic,primary_location,keywords,concepts,abstract_inverted_index,referenced_works_count,authorships",1,0.0001,7311,0.7311
2026-09-28T11:28:33.652944+00:00,"https://api.openalex.org/works?filter=primary_topic.field.id:36,publication_year:2003,has_abstract:true,language:en,type:article|review&sample=150&seed=534015&per_page=150&select=id,doi,display_name,publication_year,publication_date,primary_topic,primary_location,keywords,concepts,abstract_inverted_index,referenced_works_count,authorships",1,0.0001,7308,0.7308
2026-09-28T11:28:33.696939+00:00,"https://api.openalex.org/works?filter=primary_topic.field.id:35,publication_year:2003,has_abstract:true,language:en,type:article|review&sample=150&seed=464015&per_page=150&select=id,doi,display_name,publication_year,publication_date,primary_topic,primary_location,keywords,concepts,abstract_inverted_index,referenced_works_count,authorships",1,0.0001,7310,0.731
2026-09-28T11:28:34.572115+00:00,"https://api.openalex.org/works?filter=primary_topic.field.id:11,publication_year:2004,has_abstract:true,language:en,type:article|review&sample=150&seed=784028&per_page=150&select=id,doi,display_name,publication_year,publication_date,primary_topic,primary_location,keywords,concepts,abstract_inverted_index,referenced_works_count,authorships",1,0.0001,7307,0.7307
2026-09-28T11:28:35.166250+00:00,"https://api.openalex.org/works?filter=primary_topic.field.id:14,publication_year:2004,has_abstract:true,language:en,type:article|review&sample=150&seed=994028&per_page=150&select=id,doi,display_name,publication_year,publication_date,primary_topic,primary_location,keywords,concepts,abstract_inverted_index,referenced_works_count,authorships",1,0.0001,7298,0.7298
2026-09-28T11:28:35.222980+00:00,"https://api.openalex.org/works?filter=primary_topic.field.id:12,publication_year:2004,has_abstract:true,language:en,type:article|review&sample=150&seed=854028&per_page=150&select=id,doi,display_name,publication_year,publication_date,primary_topic,primary_location,keywords,concepts,abstract_inverted_index,referenced_works_count,authorships",1,0.0001,7304,0.7304
2026-09-28T11:28:35.336220+00:00,"https://api.openalex.org/works?filter=primary_topic.field.id:16,publication_year:2004,has_abstract:true,language:en,type:article|review&sample=150&seed=134025&per_page=150&select=id,doi,display_name,publication_year,publication_date,primary_topic,primary_location,keywords,concepts,abstract_inverted_index,referenced_works_count,authorships",1,0.0001,7294,0.7294
2026-09-28T11:28:35.380392+00:00,"https://api.openalex.org/works?filter=primary_topic.field.id:17,publication_year:2004,has_abstract:true,language:en,type:article|review&sample=150&seed=204025&per_page=150&select=id,doi,display_name,publication_year,publication_date,primary_topic,primary_location,keywords,concepts,abstract_inverted_index,referenced_works_count,authorships",1,0.0001,7293,0.7293
2026-09-28T11:28:35.472025+00:00,"https://api.openalex.org/works?filter=primary_topic.field.id:15,publication_year:2004,has_abstract:true,language:en,type:article|review&sample=150&seed=64025&per_page=150&select=id,doi,display_name,publication_year,publication_date,primary_topic,primary_location,keywords,concepts,abstract_inverted_index,referenced_works_count,authorships",1,0.0001,7297,0.7297
2026-09-28T11:28:35.544889+00:00,"https://api.openalex.org/works?filter=primary_topic.field.id:18,publication_year:2004,has_abstract:true,language:en,type:article|review&sample=150&seed=274025&per_page=150&select=id,doi,display_name,publication_year,publication_date,primary_topic,primary_location,keywords,concepts,abstract_inverted_index,referenced_works_count,authorships",1,0.0001,7291,0.7291
2026-09-28T11:28:35.673782+00:00,"https://api.openalex.org/works?filter=primary_topic.field.id:13,publication_year:2004,has_abstract:true,language:en,type:article|review&sample=150&seed=924028&per_page=150&select=id,doi,display_name,publication_year,publication_date,primary_topic,primary_location,keywords,concepts,abstract_inverted_index,referenced_works_count,authorships",1,0.0001,7301,0.7301
2026-09-28T11:28:36.268314+00:00,"https://api.openalex.org/works?filter=primary_topic.field.id:19,publication_year:2004,has_abstract:true,language:en,type:article|review&sample=150&seed=344025&per_page=150&select=id,doi,display_name,publication_year,publication_date,primary_topic,primary_location,keywords,concepts,abstract_inverted_index,referenced_works_count,authorships",1,0.0001,7289,0.7289
2026-09-28T11:28:37.023950+00:00,"https://api.openalex.org/works?filter=primary_topic.field.id:20,publication_year:2004,has_abstract:true,language:en,type:article|review&sample=150&seed=414025&per_page=150&select=id,doi,display_name,publication_year,publication_date,primary_topic,primary_location,keywords,concepts,abstract_inverted_index,referenced_works_count,authorships",1,0.0001,7287,0.7287
2026-09-28T11:28:37.317364+00:00,"https://api.openalex.org/works?filter=primary_topic.field.id:21,publication_year:2004,has_abstract:true,language:en,type:article|review&sample=150&seed=484025&per_page=150&select=id,doi,display_name,publication_year,publication_date,primary_topic,primary_location,keywords,concepts,abstract_inverted_index,referenced_works_count,authorships",1,0.0001,7285,0.7285
2026-09-28T11:28:37.417903+00:00,"https://api.openalex.org/works?filter=primary_topic.field.id:22,publication_year:2004,has_abstract:true,language:en,type:article|review&sample=150&seed=554025&per_page=150&select=id,doi,display_name,publication_year,publication_date,primary_topic,primary_location,keywords,concepts,abstract_inverted_index,referenced_works_count,authorships",1,0.0001,7284,0.7284
2026-09-28T11:28:37.557634+00:00,"https://api.openalex.org/works?filter=primary_topic.field.id:23,publication_year:2004,has_abstract:true,language:en,type:article|review&sample=150&seed=624025&per_page=150&select=id,doi,display_name,publication_year,publication_date,primary_topic,primary_location,keywords,concepts,abstract_inverted_index,referenced_works_count,authorships",1,0.0001,7281,0.7281
2026-09-28T11:28:37.877304+00:00,"https://api.openalex.org/works?filter=primary_topic.field.id:26,publication_year:2004,has_abstract:true,language:en,type:article|review&sample=150&seed=834025&per_page=150&select=id,doi,display_name,publication_year,publication_date,primary_topic,primary_location,keywords,concepts,abstract_inverted_index,referenced_works_count,authorships",1,0.0001,7275,0.7275
2026-09-28T11:28:37.937738+00:00,"https://api.openalex.org/works?filter=primary_topic.field.id:24,publication_year:2004,has_abstract:true,language:en,type:article|review&sample=150&seed=694025&per_page=150&select=id,doi,display_name,publication_year,publication_date,primary_topic,primary_location,keywords,concepts,abstract_inverted_index,referenced_works_count,authorships",1,0.0001,7279,0.7279
2026-09-28T11:28:37.985350+00:00,"https://api.openalex.org/works?filter=primary_topic.field.id:25,publication_year:2004,has_abstract:true,language:en,type:article|review&sample=150&seed=764025&per_page=150&select=id,doi,display_name,publication_year,publication_date,primary_topic,primary_location,keywords,concepts,abstract_inverted_index,referenced_works_count,authorships",1,0.0001,7277,0.7277
2026-09-28T11:28:38.492333+00:00,"https://api.openalex.org/works?filter=primary_topic.field.id:27,publication_year:2004,has_abstract:true,language:en,type:article|review&sample=150&seed=904025&per_page=150&select=id,doi,display_name,publication_year,publication_date,primary_topic,primary_location,keywords,concepts,abstract_inverted_index,referenced_works_count,authorships",1,0.0001,7274,0.7274
2026-09-28T11:28:39.297170+00:00,"https://api.openalex.org/works?filter=primary_topic.field.id:28,publication_year:2004,has_abstract:true,language:en,type:article|review&sample=150&seed=974025&per_page=150&select=id,doi,display_name,publication_year,publication_date,primary_topic,primary_location,keywords,concepts,abstract_inverted_index,referenced_works_count,authorships",1,0.0001,7271,0.7271
2026-09-28T11:28:39.657067+00:00,"https://api.openalex.org/works?filter=primary_topic.field.id:29,publication_year:2004,has_abstract:true,language:en,type:article|review&sample=150&seed=44022&per_page=150&select=id,doi,display_name,publication_year,publication_date,primary_topic,primary_location,keywords,concepts,abstract_inverted_index,referenced_works_count,authorships",1,0.0001,7269,0.7269
2026-09-28T11:28:39.880291+00:00,"https://api.openalex.org/works?filter=primary_topic.field.id:30,publication_year:2004,has_abstract:true,language:en,type:article|review&sample=150&seed=114022&per_page=150&select=id,doi,display_name,publication_year,publication_date,primary_topic,primary_location,keywords,concepts,abstract_inverted_index,referenced_works_count,authorships",1,0.0001,7268,0.7268
2026-09-28T11:28:39.937328+00:00,"https://api.openalex.org/works?filter=primary_topic.field.id:32,publication_year:2004,has_abstract:true,language:en,type:article|review&sample=150&seed=254022&per_page=150&select=id,doi,display_name,publication_year,publication_date,primary_topic,primary_location,keywords,concepts,abstract_inverted_index,referenced_works_count,authorships",1,0.0001,7264,0.7264
2026-09-28T11:28:39.977108+00:00,"https://api.openalex.org/works?filter=primary_topic.field.id:33,publication_year:2004,has_abstract:true,language:en,type:article|review&sample=150&seed=324022&per_page=150&select=id,doi,display_name,publication_year,publication_date,primary_topic,primary_location,keywords,concepts,abstract_inverted_index,referenced_works_count,authorships",1,0.0001,7263,0.7263
2026-09-28T11:28:40.036256+00:00,"https://api.openalex.org/works?filter=primary_topic.field.id:31,publication_year:2004,has_abstract:true,language:en,type:article|review&sample=150&seed=184022&per_page=150&select=id,doi,display_name,publication_year,publication_date,primary_topic,primary_location,keywords,concepts,abstract_inverted_index,referenced_works_count,authorships",1,0.0001,7267,0.7267
2026-09-28T11:28:40.086617+00:00,"https://api.openalex.org/works?filter=primary_topic.field.id:34,publication_year:2004,has_abstract:true,language:en,type:article|review&sample=150&seed=394022&per_page=150&select=id,doi,display_name,publication_year,publication_date,primary_topic,primary_location,keywords,concepts,abstract_inverted_index,referenced_works_count,authorships",1,0.0001,7262,0.7262
2026-09-28T11:28:40.388812+00:00,"https://api.openalex.org/works?filter=primary_topic.field.id:35,publication_year:2004,has_abstract:true,language:en,type:article|review&sample=150&seed=464022&per_page=150&select=id,doi,display_name,publication_year,publication_date,primary_topic,primary_location,keywords,concepts,abstract_inverted_index,referenced_works_count,authorships",1,0.0001,7258,0.7258
2026-09-28T11:28:40.943561+00:00,"https://api.openalex.org/works?filter=primary_topic.field.id:36,publication_year:2004,has_abstract:true,language:en,type:article|review&sample=150&seed=534022&per_page=150&select=id,doi,display_name,publication_year,publication_date,primary_topic,primary_location,keywords,concepts,abstract_inverted_index,referenced_works_count,authorships",1,0.0001,7255,0.7255
2026-09-28T11:37:49Z,probe: OR-syntax test for exact filter,1,0.0001,,
2026-09-28T11:42:21.161727+00:00,"https://api.openalex.org/works?filter=language:en,type:article|review,publication_year:1995-2016&group_by=publication_year",1,0.0001,4567,0.4567
2026-09-28T11:42:21.447699+00:00,"https://api.openalex.org/works?filter=language:en,type:article|review,publication_year:1995-2016,has_abstract:true&group_by=publication_year",1,0.0001,4566,0.4566
2026-09-28T11:46:23.137362+00:00,"https://api.openalex.org/works?filter=title_and_abstract.search.exact:""AC.The+calcination+temperature""&group_by=publication_year",1,0.0001,4562,0.4562
2026-09-28T11:46:23.429059+00:00,"https://api.openalex.org/works?filter=title_and_abstract.search.exact:""acceptable+sources""&group_by=publication_year",1,0.0001,4560,0.456
2026-09-28T11:46:23.620817+00:00,"https://api.openalex.org/works?filter=title_and_abstract.search.exact:""arithmetical+applications""&group_by=publication_year",1,0.0001,4557,0.4557
2026-09-28T11:46:23.761211+00:00,"https://api.openalex.org/works?filter=title_and_abstract.search.exact:""accurate+and+efficient+assembly""&group_by=publication_year",1,0.0001,4559,0.4559
2026-09-28T11:46:23.841250+00:00,"https://api.openalex.org/works?filter=title_and_abstract.search.exact:""Benedict+Anderson""&group_by=publication_year",1,0.0001,4556,0.4556
2026-09-28T11:46:24.117982+00:00,"https://api.openalex.org/works?filter=title_and_abstract.search.exact:""about+13+percent""&group_by=publication_year",1,0.0001,4561,0.4561
2026-09-28T11:46:24.691908+00:00,"https://api.openalex.org/works?filter=title_and_abstract.search.exact:""annual+will+indexes""&group_by=publication_year",1,0.0001,4558,0.4558
2026-09-28T11:46:25.097729+00:00,"https://api.openalex.org/works?filter=title_and_abstract.search.exact:""CFH+mutations""&group_by=publication_year",1,0.0001,4552,0.4552
2026-09-28T11:46:25.131647+00:00,"https://api.openalex.org/works?filter=title_and_abstract.search.exact:""carbon+isotope+signal""&group_by=publication_year",1,0.0001,4553,0.4553
2026-09-28T11:46:25.158768+00:00,"https://api.openalex.org/works?filter=title_and_abstract.search.exact:""committed+socialist""&group_by=publication_year",1,0.0001,4551,0.4551
2026-09-28T11:46:25.196059+00:00,"https://api.openalex.org/works?filter=title_and_abstract.search.exact:""C.+J.+J.+Phys""&group_by=publication_year",1,0.0001,4554,0.4554
2026-09-28T11:46:25.276025+00:00,"https://api.openalex.org/works?filter=title_and_abstract.search.exact:""commonly+encountered+Brucella+spp""&group_by=publication_year",1,0.0001,4550,0.455
2026-09-28T11:46:25.318860+00:00,"https://api.openalex.org/works?filter=title_and_abstract.search.exact:""completing+tasks""&group_by=publication_year",1,0.0001,4549,0.4549
2026-09-28T11:46:25.381391+00:00,"https://api.openalex.org/works?filter=title_and_abstract.search.exact:""Compound+Radix+Sophorae+Flavescentis+Injection""&group_by=publication_year",1,0.0001,4548,0.4548
2026-09-28T11:46:25.693885+00:00,"https://api.openalex.org/works?filter=title_and_abstract.search.exact:""constant+debate""&group_by=publication_year",1,0.0001,4547,0.4547
2026-09-28T11:46:25.818320+00:00,"https://api.openalex.org/works?filter=title_and_abstract.search.exact:""Business+in+Context""&group_by=publication_year",1,0.0001,4555,0.4555
2026-09-28T11:46:25.872159+00:00,"https://api.openalex.org/works?filter=title_and_abstract.search.exact:""continuous+text""&group_by=publication_year",1,0.0001,4546,0.4546
2026-09-28T11:46:26.078946+00:00,"https://api.openalex.org/works?filter=title_and_abstract.search.exact:""cut%E2%80%90anddried+answer""&group_by=publication_year",1,0.0001,4542,0.4542
2026-09-28T11:46:26.124509+00:00,"https://api.openalex.org/works?filter=title_and_abstract.search.exact:""corrupted+files""&group_by=publication_year",1,0.0001,4545,0.4545
2026-09-28T11:46:26.393372+00:00,"https://api.openalex.org/works?filter=title_and_abstract.search.exact:""D+-+aldohexopyranose+isomers""&group_by=publication_year",1,0.0001,4541,0.4541
2026-09-28T11:46:26.518427+00:00,"https://api.openalex.org/works?filter=title_and_abstract.search.exact:""DM+%2F+LDR.The+mice""&group_by=publication_year",1,0.0001,4538,0.4538
2026-09-28T11:46:26.555880+00:00,"https://api.openalex.org/works?filter=title_and_abstract.search.exact:""culturally+different+environment""&group_by=publication_year",1,0.0001,4543,0.4543
2026-09-28T11:46:26.577287+00:00,"https://api.openalex.org/works?filter=title_and_abstract.search.exact:""Dislocation+Focus+Construction""&group_by=publication_year",1,0.0001,4540,0.454
2026-09-28T11:46:26.618732+00:00,"https://api.openalex.org/works?filter=title_and_abstract.search.exact:""disposable+low+-+cost+implementation""&group_by=publication_year",1,0.0001,4539,0.4539
2026-09-28T11:46:26.648887+00:00,"https://api.openalex.org/works?filter=title_and_abstract.search.exact:""credit+risk+management+issues""&group_by=publication_year",1,0.0001,4544,0.4544
2026-09-28T11:46:27.081980+00:00,"https://api.openalex.org/works?filter=title_and_abstract.search.exact:""dose%E2%80%90volume""&group_by=publication_year",1,0.0001,4537,0.4537
2026-09-28T11:46:27.147532+00:00,"https://api.openalex.org/works?filter=title_and_abstract.search.exact:""Electronic+Stabilization""&group_by=publication_year",1,0.0001,4534,0.4534
2026-09-28T11:46:27.170461+00:00,"https://api.openalex.org/works?filter=title_and_abstract.search.exact:""effects+estimation""&group_by=publication_year",1,0.0001,4535,0.4535
2026-09-28T11:46:27.347970+00:00,"https://api.openalex.org/works?filter=title_and_abstract.search.exact:""E+-+Services+Design""&group_by=publication_year",1,0.0001,4536,0.4536
2026-09-28T11:46:27.371100+00:00,"https://api.openalex.org/works?filter=title_and_abstract.search.exact:""elemental+Zn""&group_by=publication_year",1,0.0001,4533,0.4533
2026-09-28T11:46:27.583731+00:00,"https://api.openalex.org/works?filter=title_and_abstract.search.exact:""engine+thermal+efficiency""&group_by=publication_year",1,0.0001,4532,0.4532
2026-09-28T11:46:27.819164+00:00,"https://api.openalex.org/works?filter=title_and_abstract.search.exact:""experiment+performance+results""&group_by=publication_year",1,0.0001,4531,0.4531
2026-09-28T11:46:27.934342+00:00,"https://api.openalex.org/works?filter=title_and_abstract.search.exact:""femoral+endothelial+cells""&group_by=publication_year",1,0.0001,4530,0.453
2026-09-28T11:46:28.050384+00:00,"https://api.openalex.org/works?filter=title_and_abstract.search.exact:""Final+mean+body+weight""&group_by=publication_year",1,0.0001,4529,0.4529
2026-09-28T11:46:28.076951+00:00,"https://api.openalex.org/works?filter=title_and_abstract.search.exact:""fine+particle+suspension""&group_by=publication_year",1,0.0001,4528,0.4528
2026-09-28T11:46:28.219367+00:00,"https://api.openalex.org/works?filter=title_and_abstract.search.exact:""finite+element+investigation""&group_by=publication_year",1,0.0001,4527,0.4527
2026-09-28T11:46:28.245316+00:00,"https://api.openalex.org/works?filter=title_and_abstract.search.exact:""fish+%2F+shellfish""&group_by=publication_year",1,0.0001,4526,0.4526
2026-09-28T11:46:28.648389+00:00,"https://api.openalex.org/works?filter=title_and_abstract.search.exact:""fMRI+-+adaptation+protocol""&group_by=publication_year",1,0.0001,4525,0.4525
2026-09-28T11:46:29.023456+00:00,"https://api.openalex.org/works?filter=title_and_abstract.search.exact:""Functionalized+Porous+Carbon""&group_by=publication_year",1,0.0001,4524,0.4524
2026-09-28T11:46:29.348734+00:00,"https://api.openalex.org/works?filter=title_and_abstract.search.exact:""general+initial+states""&group_by=publication_year",1,0.0001,4523,0.4523
2026-09-28T11:46:29.762713+00:00,"https://api.openalex.org/works?filter=title_and_abstract.search.exact:""geometric+and+or+control+problems""&group_by=publication_year",1,0.0001,4522,0.4522
2026-09-28T11:46:29.822597+00:00,"https://api.openalex.org/works?filter=title_and_abstract.search.exact:""harvesting+modes""&group_by=publication_year",1,0.0001,4520,0.452
2026-09-28T11:46:29.919039+00:00,"https://api.openalex.org/works?filter=title_and_abstract.search.exact:""gram+-+negative+bacterium+Anaplasma+phagocytophilum""&group_by=publication_year",1,0.0001,4521,0.4521
2026-09-28T11:46:29.956810+00:00,"https://api.openalex.org/works?filter=title_and_abstract.search.exact:""historical+cultural+and+folklore+characteristics""&group_by=publication_year",1,0.0001,4518,0.4518
2026-09-28T11:46:30.052725+00:00,"https://api.openalex.org/works?filter=title_and_abstract.search.exact:""heart+rate+varibirity""&group_by=publication_year",1,0.0001,4519,0.4519
2026-09-28T11:46:30.287953+00:00,"https://api.openalex.org/works?filter=title_and_abstract.search.exact:""infrared+irradiation+heating""&group_by=publication_year",1,0.0001,4516,0.4516
2026-09-28T11:46:30.424225+00:00,"https://api.openalex.org/works?filter=title_and_abstract.search.exact:""human+DLG4+SNPs""&group_by=publication_year",1,0.0001,4517,0.4517
2026-09-28T11:46:30.717714+00:00,"https://api.openalex.org/works?filter=title_and_abstract.search.exact:""inside+surface""&group_by=publication_year",1,0.0001,4515,0.4515
2026-09-28T11:46:30.923601+00:00,"https://api.openalex.org/works?filter=title_and_abstract.search.exact:""ionotropic+gelation+technique""&group_by=publication_year",1,0.0001,4512,0.4512
2026-09-28T11:46:30.947949+00:00,"https://api.openalex.org/works?filter=title_and_abstract.search.exact:""jructus+pilosus""&group_by=publication_year",1,0.0001,4511,0.4511
2026-09-28T11:46:30.968189+00:00,"https://api.openalex.org/works?filter=title_and_abstract.search.exact:""Kn%C3%BAtr+Sveinsson""&group_by=publication_year",1,0.0001,4509,0.4509
2026-09-28T11:46:30.995486+00:00,"https://api.openalex.org/works?filter=title_and_abstract.search.exact:""international+scholars""&group_by=publication_year",1,0.0001,4514,0.4514
2026-09-28T11:46:31.040843+00:00,"https://api.openalex.org/works?filter=title_and_abstract.search.exact:""KIVA+-+CFD+code""&group_by=publication_year",1,0.0001,4510,0.451
2026-09-28T11:46:31.085439+00:00,"https://api.openalex.org/works?filter=title_and_abstract.search.exact:""intracellular+signaling+and+transcriptional+control""&group_by=publication_year",1,0.0001,4513,0.4513
2026-09-28T11:46:31.425521+00:00,"https://api.openalex.org/works?filter=title_and_abstract.search.exact:""Local+folk+wisdom""&group_by=publication_year",1,0.0001,4507,0.4507
2026-09-28T11:46:31.467601+00:00,"https://api.openalex.org/works?filter=title_and_abstract.search.exact:""Lyle+Eslinger""&group_by=publication_year",1,0.0001,4505,0.4505
2026-09-28T11:46:31.489037+00:00,"https://api.openalex.org/works?filter=title_and_abstract.search.exact:""lumbosacral+enlargement""&group_by=publication_year",1,0.0001,4506,0.4506
2026-09-28T11:46:31.524094+00:00,"https://api.openalex.org/works?filter=title_and_abstract.search.exact:""light+aircraft""&group_by=publication_year",1,0.0001,4508,0.4508
2026-09-28T11:46:32.021985+00:00,"https://api.openalex.org/works?filter=title_and_abstract.search.exact:""marginal+budget+shares""&group_by=publication_year",1,0.0001,4504,0.4504
2026-09-28T11:46:32.042794+00:00,"https://api.openalex.org/works?filter=title_and_abstract.search.exact:""MHGIS.Its+application""&group_by=publication_year",1,0.0001,4502,0.4502
2026-09-28T11:46:32.380861+00:00,"https://api.openalex.org/works?filter=title_and_abstract.search.exact:""MEDLINE+In+-+Process""&group_by=publication_year",1,0.0001,4503,0.4503
2026-09-28T11:46:32.498235+00:00,"https://api.openalex.org/works?filter=title_and_abstract.search.exact:""oral+MPA+dosage""&group_by=publication_year",1,0.0001,4496,0.4496
2026-09-28T11:46:32.572553+00:00,"https://api.openalex.org/works?filter=title_and_abstract.search.exact:""non+-+psychiatric+healthcare+settings""&group_by=publication_year",1,0.0001,4498,0.4498
2026-09-28T11:46:32.594703+00:00,"https://api.openalex.org/works?filter=title_and_abstract.search.exact:""nearer+nodes""&group_by=publication_year",1,0.0001,4499,0.4499
2026-09-28T11:46:32.633366+00:00,"https://api.openalex.org/works?filter=title_and_abstract.search.exact:""MW+steam+turbine""&group_by=publication_year",1,0.0001,4500,0.45
2026-09-28T11:46:32.654176+00:00,"https://api.openalex.org/works?filter=title_and_abstract.search.exact:""MTT+chromatography""&group_by=publication_year",1,0.0001,4501,0.4501
2026-09-28T11:46:32.765781+00:00,"https://api.openalex.org/works?filter=title_and_abstract.search.exact:""normal+dispersion+photonic+crystal+fiber""&group_by=publication_year",1,0.0001,4497,0.4497
2026-09-28T11:46:32.818300+00:00,"https://api.openalex.org/works?filter=title_and_abstract.search.exact:""paleontological+and+Sporopollen+study""&group_by=publication_year",1,0.0001,4495,0.4495
2026-09-28T11:46:32.933380+00:00,"https://api.openalex.org/works?filter=title_and_abstract.search.exact:""Pauli+repulsion""&group_by=publication_year",1,0.0001,4493,0.4493
2026-09-28T11:46:32.953599+00:00,"https://api.openalex.org/works?filter=title_and_abstract.search.exact:""patient+chance""&group_by=publication_year",1,0.0001,4494,0.4494
2026-09-28T11:46:33.021924+00:00,"https://api.openalex.org/works?filter=title_and_abstract.search.exact:""phenylthiohydantoin+amino+acid+standards""&group_by=publication_year",1,0.0001,4491,0.4491
2026-09-28T11:46:33.431549+00:00,"https://api.openalex.org/works?filter=title_and_abstract.search.exact:""pristine+flora""&group_by=publication_year",1,0.0001,4490,0.449
2026-09-28T11:46:33.464351+00:00,"https://api.openalex.org/works?filter=title_and_abstract.search.exact:""quartz+crystal+microgravimetry""&group_by=publication_year",1,0.0001,4488,0.4488
2026-09-28T11:46:33.520867+00:00,"https://api.openalex.org/works?filter=title_and_abstract.search.exact:""publicly+insured+and+uninsured+children""&group_by=publication_year",1,0.0001,4489,0.4489
2026-09-28T11:46:33.544043+00:00,"https://api.openalex.org/works?filter=title_and_abstract.search.exact:""peritoneal+dialysis+treatment""&group_by=publication_year",1,0.0001,4492,0.4492
2026-09-28T11:46:33.819607+00:00,"https://api.openalex.org/works?filter=title_and_abstract.search.exact:""reduced+color+shift""&group_by=publication_year",1,0.0001,4486,0.4486
2026-09-28T11:46:33.932116+00:00,"https://api.openalex.org/works?filter=title_and_abstract.search.exact:""rickettsial+intracellular+survival""&group_by=publication_year",1,0.0001,4484,0.4484
2026-09-28T11:46:33.952486+00:00,"https://api.openalex.org/works?filter=title_and_abstract.search.exact:""Richard+Connors""&group_by=publication_year",1,0.0001,4485,0.4485
2026-09-28T11:46:33.972429+00:00,"https://api.openalex.org/works?filter=title_and_abstract.search.exact:""recommended+precautions""&group_by=publication_year",1,0.0001,4487,0.4487
2026-09-28T11:46:34.318490+00:00,"https://api.openalex.org/works?filter=title_and_abstract.search.exact:""Rigid+Triaxial+Deformation""&group_by=publication_year",1,0.0001,4483,0.4483
2026-09-28T11:46:34.399451+00:00,"https://api.openalex.org/works?filter=title_and_abstract.search.exact:""rubberized+cloth""&group_by=publication_year",1,0.0001,4481,0.4481
2026-09-28T11:46:34.437888+00:00,"https://api.openalex.org/works?filter=title_and_abstract.search.exact:""rubber+sacs""&group_by=publication_year",1,0.0001,4482,0.4482
2026-09-28T11:46:34.642498+00:00,"https://api.openalex.org/works?filter=title_and_abstract.search.exact:""static+setup""&group_by=publication_year",1,0.0001,4478,0.4478
2026-09-28T11:46:34.660298+00:00,"https://api.openalex.org/works?filter=title_and_abstract.search.exact:""selective+alkane+oxidation""&group_by=publication_year",1,0.0001,4480,0.448
2026-09-28T11:46:34.721115+00:00,"https://api.openalex.org/works?filter=title_and_abstract.search.exact:""sought+-+after+commercial+species""&group_by=publication_year",1,0.0001,4479,0.4479
2026-09-28T11:46:35.174410+00:00,"https://api.openalex.org/works?filter=title_and_abstract.search.exact:""syringae+van+Hall""&group_by=publication_year",1,0.0001,4476,0.4476
2026-09-28T11:46:35.317392+00:00,"https://api.openalex.org/works?filter=title_and_abstract.search.exact:""TRIPS""&group_by=publication_year",1,0.0001,4473,0.4473
2026-09-28T11:46:35.338352+00:00,"https://api.openalex.org/works?filter=title_and_abstract.search.exact:""tolerogenic+DC+function""&group_by=publication_year",1,0.0001,4474,0.4474
2026-09-28T11:46:35.360205+00:00,"https://api.openalex.org/works?filter=title_and_abstract.search.exact:""Turkish+traditional+foods""&group_by=publication_year",1,0.0001,4472,0.4472
2026-09-28T11:46:35.381067+00:00,"https://api.openalex.org/works?filter=title_and_abstract.search.exact:""TB+treatment""&group_by=publication_year",1,0.0001,4475,0.4475
2026-09-28T11:46:35.425236+00:00,"https://api.openalex.org/works?filter=title_and_abstract.search.exact:""subsequent+facet+-+mediated+oriented+attachment""&group_by=publication_year",1,0.0001,4477,0.4477
2026-09-28T11:46:35.450479+00:00,"https://api.openalex.org/works?filter=title_and_abstract.search.exact:""Vampire+Slayer+%27s+Final+Season""&group_by=publication_year",1,0.0001,4471,0.4471
2026-09-28T11:46:35.875412+00:00,"https://api.openalex.org/works?filter=title_and_abstract.search.exact:""Virtual+Learning+Type+Team""&group_by=publication_year",1,0.0001,4469,0.4469
2026-09-28T11:46:35.896154+00:00,"https://api.openalex.org/works?filter=title_and_abstract.search.exact:""vitro+cadaveric+study""&group_by=publication_year",1,0.0001,4468,0.4468
2026-09-28T11:46:35.933918+00:00,"https://api.openalex.org/works?filter=title_and_abstract.search.exact:""vertical+and+horizontal+components""&group_by=publication_year",1,0.0001,4470,0.447
2026-09-28T11:46:35.953463+00:00,"https://api.openalex.org/works?filter=title_and_abstract.search.exact:""well+-+known+Verwey+transition""&group_by=publication_year",1,0.0001,4467,0.4467
2026-09-28T11:46:36.272653+00:00,"https://api.openalex.org/works?filter=title_and_abstract.search.exact:""wholesale+attack""&group_by=publication_year",1,0.0001,4466,0.4466
2026-09-28T11:46:36.293200+00:00,"https://api.openalex.org/works?filter=title_and_abstract.search.exact:""widely+utilized+component""&group_by=publication_year",1,0.0001,4465,0.4465
2026-09-28T11:46:36.469354+00:00,"https://api.openalex.org/works?filter=title_and_abstract.search.exact:""ZnO+microparticles""&group_by=publication_year",1,0.0001,4463,0.4463
2026-09-28T11:46:36.617768+00:00,"https://api.openalex.org/works?filter=title_and_abstract.search.exact:""Zika+virus+infection""&group_by=publication_year",1,0.0001,4464,0.4464
2026-09-28T11:46:36.989338+00:00,"https://api.openalex.org/works?filter=title_and_abstract.search.exact:""Sample+entropy""&group_by=publication_year",1,0.0001,4462,0.4462
2026-09-28T11:46:37.061683+00:00,"https://api.openalex.org/works?filter=title_and_abstract.search.exact:""alphabetic+letters""&group_by=publication_year",1,0.0001,4460,0.446
2026-09-28T11:46:37.181645+00:00,"https://api.openalex.org/works?filter=title_and_abstract.search.exact:""Microbiologic+Profile""&group_by=publication_year",1,0.0001,4459,0.4459
2026-09-28T11:46:37.240450+00:00,"https://api.openalex.org/works?filter=title_and_abstract.search.exact:""dense+PFCs""&group_by=publication_year",1,0.0001,4457,0.4457
2026-09-28T11:46:37.281626+00:00,"https://api.openalex.org/works?filter=title_and_abstract.search.exact:""graph+size""&group_by=publication_year",1,0.0001,4461,0.4461
2026-09-28T11:46:37.331596+00:00,"https://api.openalex.org/works?filter=title_and_abstract.search.exact:""cyclostationary+nearfield+acoustic+holography+technique""&group_by=publication_year",1,0.0001,4458,0.4458
2026-09-28T11:46:37.617780+00:00,"https://api.openalex.org/works?filter=title_and_abstract.search.exact:""decoupled+premiums""&group_by=publication_year",1,0.0001,4454,0.4454
2026-09-28T11:46:37.678729+00:00,"https://api.openalex.org/works?filter=title_and_abstract.search.exact:""mean+-+variance+behavior""&group_by=publication_year",1,0.0001,4456,0.4456
2026-09-28T11:46:37.833785+00:00,"https://api.openalex.org/works?filter=title_and_abstract.search.exact:""Community+Acceptance""&group_by=publication_year",1,0.0001,4453,0.4453
2026-09-28T11:46:37.920668+00:00,"https://api.openalex.org/works?filter=title_and_abstract.search.exact:""available+responsive+practices""&group_by=publication_year",1,0.0001,4455,0.4455
2026-09-28T11:46:37.941107+00:00,"https://api.openalex.org/works?filter=title_and_abstract.search.exact:""cheat+sensitive+quantum+bit+commitment""&group_by=publication_year",1,0.0001,4451,0.4451
2026-09-28T11:46:37.959293+00:00,"https://api.openalex.org/works?filter=title_and_abstract.search.exact:""Paradoxical+control""&group_by=publication_year",1,0.0001,4452,0.4452
2026-09-28T11:46:38.021859+00:00,"https://api.openalex.org/works?filter=title_and_abstract.search.exact:""HLA+-+E+mRNA""&group_by=publication_year",1,0.0001,4449,0.4449
2026-09-28T11:46:38.091549+00:00,"https://api.openalex.org/works?filter=title_and_abstract.search.exact:""public+participation+effectiveness""&group_by=publication_year",1,0.0001,4450,0.445
2026-09-28T11:46:38.176042+00:00,"https://api.openalex.org/works?filter=title_and_abstract.search.exact:""rapid+decrease+later+phase""&group_by=publication_year",1,0.0001,4448,0.4448
2026-09-28T11:46:38.340761+00:00,"https://api.openalex.org/works?filter=title_and_abstract.search.exact:""WALSH+POLYNOMIALS""&group_by=publication_year",1,0.0001,4447,0.4447
2026-09-28T11:46:38.672805+00:00,"https://api.openalex.org/works?filter=title_and_abstract.search.exact:""allochemical+biosparites""&group_by=publication_year",1,0.0001,4443,0.4443
2026-09-28T11:46:38.690641+00:00,"https://api.openalex.org/works?filter=title_and_abstract.search.exact:""diet+intake""&group_by=publication_year",1,0.0001,4445,0.4445
2026-09-28T11:46:38.722015+00:00,"https://api.openalex.org/works?filter=title_and_abstract.search.exact:""cm2+x+60+seconds""&group_by=publication_year",1,0.0001,4446,0.4446
2026-09-28T11:46:38.963574+00:00,"https://api.openalex.org/works?filter=title_and_abstract.search.exact:""maternal+mortality+rate""&group_by=publication_year",1,0.0001,4444,0.4444
2026-09-28T11:46:39.297820+00:00,"https://api.openalex.org/works?filter=title_and_abstract.search.exact:""psychoactive+drug+use+frequency""&group_by=publication_year",1,0.0001,4442,0.4442
2026-09-28T11:46:39.480365+00:00,"https://api.openalex.org/works?filter=title_and_abstract.search.exact:""natural+Pus7p+substrates""&group_by=publication_year",1,0.0001,4439,0.4439
2026-09-28T11:46:39.530342+00:00,"https://api.openalex.org/works?filter=title_and_abstract.search.exact:""increased+cortisol+level""&group_by=publication_year",1,0.0001,4441,0.4441
2026-09-28T11:46:39.617067+00:00,"https://api.openalex.org/works?filter=title_and_abstract.search.exact:""full+clinical+analgesic+efficacy""&group_by=publication_year",1,0.0001,4440,0.444
2026-09-28T11:46:39.724349+00:00,"https://api.openalex.org/works?filter=title_and_abstract.search.exact:""absorber+plate+temperature""&group_by=publication_year",1,0.0001,4438,0.4438
2026-09-28T11:46:39.868969+00:00,"https://api.openalex.org/works?filter=title_and_abstract.search.exact:""pore+space+geometry""&group_by=publication_year",1,0.0001,4437,0.4437
2026-09-28T11:46:40.176528+00:00,"https://api.openalex.org/works?filter=title_and_abstract.search.exact:""senior+clinical+research+nurses""&group_by=publication_year",1,0.0001,4436,0.4436
2026-09-28T11:46:40.257111+00:00,"https://api.openalex.org/works?filter=title_and_abstract.search.exact:""point+problem""&group_by=publication_year",1,0.0001,4435,0.4435
2026-09-28T11:46:40.558784+00:00,"https://api.openalex.org/works?filter=title_and_abstract.search.exact:""South+Stream+Pipeline""&group_by=publication_year",1,0.0001,4433,0.4433
2026-09-28T11:46:40.597154+00:00,"https://api.openalex.org/works?filter=title_and_abstract.search.exact:""HD+striatal+cell+sensitivity""&group_by=publication_year",1,0.0001,4434,0.4434
2026-09-28T11:46:41.062234+00:00,"https://api.openalex.org/works?filter=title_and_abstract.search.exact:""near+-+earth+remote+sensing+satellites""&group_by=publication_year",1,0.0001,4432,0.4432
2026-09-28T11:46:41.084518+00:00,"https://api.openalex.org/works?filter=title_and_abstract.search.exact:""prevent+hyperlipidemia""&group_by=publication_year",1,0.0001,4431,0.4431
2026-09-28T11:46:41.118189+00:00,"https://api.openalex.org/works?filter=title_and_abstract.search.exact:""anatase-+and+rutile+-+rich+phases""&group_by=publication_year",1,0.0001,4430,0.443
2026-09-28T11:46:41.138648+00:00,"https://api.openalex.org/works?filter=title_and_abstract.search.exact:""3%27-deoxyapionucleoside+3%27%27-triphosphates""&group_by=publication_year",1,0.0001,4429,0.4429
2026-09-28T11:46:41.516992+00:00,"https://api.openalex.org/works?filter=title_and_abstract.search.exact:""necessary+primitives""&group_by=publication_year",1,0.0001,4427,0.4427
2026-09-28T11:46:41.550224+00:00,"https://api.openalex.org/works?filter=title_and_abstract.search.exact:""refugee+areas""&group_by=publication_year",1,0.0001,4428,0.4428
2026-09-28T11:46:41.852954+00:00,"https://api.openalex.org/works?filter=title_and_abstract.search.exact:""teaching+links""&group_by=publication_year",1,0.0001,4426,0.4426
2026-09-28T11:46:42.135627+00:00,"https://api.openalex.org/works?filter=title_and_abstract.search.exact:""Sequential+recombination+algorithm""&group_by=publication_year",1,0.0001,4425,0.4425
2026-09-28T11:46:42.423025+00:00,"https://api.openalex.org/works?filter=title_and_abstract.search.exact:""sleeve+gastrectomy""&group_by=publication_year",1,0.0001,4424,0.4424
2026-09-28T11:46:42.499058+00:00,"https://api.openalex.org/works?filter=title_and_abstract.search.exact:""frontal+and+posterior+cortical+areas""&group_by=publication_year",1,0.0001,4423,0.4423
2026-09-28T11:46:42.716866+00:00,"https://api.openalex.org/works?filter=title_and_abstract.search.exact:""video+memory""&group_by=publication_year",1,0.0001,4422,0.4422
2026-09-28T11:46:42.867986+00:00,"https://api.openalex.org/works?filter=title_and_abstract.search.exact:""adapted+coefficients""&group_by=publication_year",1,0.0001,4419,0.4419
2026-09-28T11:46:42.887537+00:00,"https://api.openalex.org/works?filter=title_and_abstract.search.exact:""seismic+-+scale+outcrops""&group_by=publication_year",1,0.0001,4420,0.442
2026-09-28T11:46:42.927994+00:00,"https://api.openalex.org/works?filter=title_and_abstract.search.exact:""composite+glassy+carbon+electrode""&group_by=publication_year",1,0.0001,4421,0.4421
2026-09-28T11:46:43.353413+00:00,"https://api.openalex.org/works?filter=title_and_abstract.search.exact:""climatic+resource""&group_by=publication_year",1,0.0001,4417,0.4417
2026-09-28T11:46:43.580722+00:00,"https://api.openalex.org/works?filter=title_and_abstract.search.exact:""dimensional+Surface+Profile+Analysis""&group_by=publication_year",1,0.0001,4418,0.4418
2026-09-28T11:46:43.619449+00:00,"https://api.openalex.org/works?filter=title_and_abstract.search.exact:""TaC+-+graphite+deposits""&group_by=publication_year",1,0.0001,4416,0.4416
2026-09-28T11:46:43.793551+00:00,"https://api.openalex.org/works?filter=title_and_abstract.search.exact:""local+-+channel+power+control+strategy""&group_by=publication_year",1,0.0001,4415,0.4415
2026-09-28T11:46:43.831928+00:00,"https://api.openalex.org/works?filter=title_and_abstract.search.exact:""Dongpu+depression""&group_by=publication_year",1,0.0001,4414,0.4414
2026-09-28T11:46:44.052166+00:00,"https://api.openalex.org/works?filter=title_and_abstract.search.exact:""broad+effectiveness""&group_by=publication_year",1,0.0001,4412,0.4412
2026-09-28T11:46:44.073566+00:00,"https://api.openalex.org/works?filter=title_and_abstract.search.exact:""microtubular+reactor""&group_by=publication_year",1,0.0001,4413,0.4413
2026-09-28T11:46:44.096236+00:00,"https://api.openalex.org/works?filter=title_and_abstract.search.exact:""effortful+process""&group_by=publication_year",1,0.0001,4411,0.4411
2026-09-28T11:46:44.422161+00:00,"https://api.openalex.org/works?filter=title_and_abstract.search.exact:""embedded+fingerprints""&group_by=publication_year",1,0.0001,4410,0.441
2026-09-28T11:46:44.718249+00:00,"https://api.openalex.org/works?filter=title_and_abstract.search.exact:""Controlled+nanochannel+lattice+formation""&group_by=publication_year",1,0.0001,4409,0.4409
2026-09-28T11:46:44.737860+00:00,"https://api.openalex.org/works?filter=title_and_abstract.search.exact:""synthetic+phosphate+fat+-+liquoring+agent""&group_by=publication_year",1,0.0001,4406,0.4406
2026-09-28T11:46:44.856701+00:00,"https://api.openalex.org/works?filter=title_and_abstract.search.exact:""limb+mass+distribution+%27s+influence""&group_by=publication_year",1,0.0001,4408,0.4408
2026-09-28T11:46:44.876035+00:00,"https://api.openalex.org/works?filter=title_and_abstract.search.exact:""SOCE+-+inducing+protein""&group_by=publication_year",1,0.0001,4405,0.4405
2026-09-28T11:46:44.898551+00:00,"https://api.openalex.org/works?filter=title_and_abstract.search.exact:""TiO2+crystalline+structure""&group_by=publication_year",1,0.0001,4407,0.4407
2026-09-28T11:46:44.986472+00:00,"https://api.openalex.org/works?filter=title_and_abstract.search.exact:""Removable+trays""&group_by=publication_year",1,0.0001,4404,0.4404
2026-09-28T11:46:45.127206+00:00,"https://api.openalex.org/works?filter=title_and_abstract.search.exact:""affiliated+publications""&group_by=publication_year",1,0.0001,4403,0.4403
2026-09-28T11:46:45.386728+00:00,"https://api.openalex.org/works?filter=title_and_abstract.search.exact:""MSC+growth+media""&group_by=publication_year",1,0.0001,4402,0.4402
2026-09-28T11:46:45.570995+00:00,"https://api.openalex.org/works?filter=title_and_abstract.search.exact:""Image+proplus+software""&group_by=publication_year",1,0.0001,4401,0.4401
2026-09-28T11:46:45.817619+00:00,"https://api.openalex.org/works?filter=title_and_abstract.search.exact:""SNP+Consortium""&group_by=publication_year",1,0.0001,4399,0.4399
2026-09-28T11:46:45.878909+00:00,"https://api.openalex.org/works?filter=title_and_abstract.search.exact:""machine+tool+spindle""&group_by=publication_year",1,0.0001,4400,0.44
2026-09-28T11:46:45.897013+00:00,"https://api.openalex.org/works?filter=title_and_abstract.search.exact:""SPSS+tool""&group_by=publication_year",1,0.0001,4398,0.4398
2026-09-28T11:46:45.942400+00:00,"https://api.openalex.org/works?filter=title_and_abstract.search.exact:""MPEI+concept""&group_by=publication_year",1,0.0001,4394,0.4394
2026-09-28T11:46:46.019587+00:00,"https://api.openalex.org/works?filter=title_and_abstract.search.exact:""p+-+type+Ge+sample""&group_by=publication_year",1,0.0001,4397,0.4397
2026-09-28T11:46:46.042856+00:00,"https://api.openalex.org/works?filter=title_and_abstract.search.exact:""fundamental+tension""&group_by=publication_year",1,0.0001,4396,0.4396
2026-09-28T11:46:46.065313+00:00,"https://api.openalex.org/works?filter=title_and_abstract.search.exact:""Variation+-+Adaptive+Evolutionary+Approach""&group_by=publication_year",1,0.0001,4395,0.4395
2026-09-28T11:46:46.287039+00:00,"https://api.openalex.org/works?filter=title_and_abstract.search.exact:""Gibbsian+modifications""&group_by=publication_year",1,0.0001,4392,0.4392
2026-09-28T11:46:46.320771+00:00,"https://api.openalex.org/works?filter=title_and_abstract.search.exact:""perinatal+context""&group_by=publication_year",1,0.0001,4393,0.4393
2026-09-28T11:46:46.784949+00:00,"https://api.openalex.org/works?filter=title_and_abstract.search.exact:""catalytic+enantioselective+fluorination""&group_by=publication_year",1,0.0001,4391,0.4391
2026-09-28T11:46:46.924465+00:00,"https://api.openalex.org/works?filter=title_and_abstract.search.exact:""Dirichlet+generating+series""&group_by=publication_year",1,0.0001,4390,0.439
2026-09-28T11:46:47.020337+00:00,"https://api.openalex.org/works?filter=title_and_abstract.search.exact:""Hydraulic+Breaking""&group_by=publication_year",1,0.0001,4389,0.4389
2026-09-28T11:46:47.088819+00:00,"https://api.openalex.org/works?filter=title_and_abstract.search.exact:""Photoisomeric+Polymers""&group_by=publication_year",1,0.0001,4385,0.4385
2026-09-28T11:46:47.134327+00:00,"https://api.openalex.org/works?filter=title_and_abstract.search.exact:""Urban+Cadastral+Surveying""&group_by=publication_year",1,0.0001,4388,0.4388
2026-09-28T11:46:47.174903+00:00,"https://api.openalex.org/works?filter=title_and_abstract.search.exact:""Padua+Inventory+PI""&group_by=publication_year",1,0.0001,4387,0.4387
2026-09-28T11:46:47.456570+00:00,"https://api.openalex.org/works?filter=title_and_abstract.search.exact:""construction+approaches""&group_by=publication_year",1,0.0001,4384,0.4384
2026-09-28T11:46:47.596145+00:00,"https://api.openalex.org/works?filter=title_and_abstract.search.exact:""Time-+Delayed+Systems""&group_by=publication_year",1,0.0001,4386,0.4386
2026-09-28T11:46:47.630033+00:00,"https://api.openalex.org/works?filter=title_and_abstract.search.exact:""alternative+theorem""&group_by=publication_year",1,0.0001,4383,0.4383
2026-09-28T11:46:47.771963+00:00,"https://api.openalex.org/works?filter=title_and_abstract.search.exact:""Izu%E2%80%90Bonin+arc""&group_by=publication_year",1,0.0001,4380,0.438
2026-09-28T11:46:47.861548+00:00,"https://api.openalex.org/works?filter=title_and_abstract.search.exact:""green+low+carbon""&group_by=publication_year",1,0.0001,4381,0.4381
2026-09-28T11:46:47.880380+00:00,"https://api.openalex.org/works?filter=title_and_abstract.search.exact:""drainage+system+development""&group_by=publication_year",1,0.0001,4382,0.4382
2026-09-28T11:46:47.990497+00:00,"https://api.openalex.org/works?filter=title_and_abstract.search.exact:""X+-+bar+theory""&group_by=publication_year",1,0.0001,4379,0.4379
2026-09-28T11:46:48.023352+00:00,"https://api.openalex.org/works?filter=title_and_abstract.search.exact:""detergent+yield""&group_by=publication_year",1,0.0001,4378,0.4378
2026-09-28T11:46:48.144004+00:00,"https://api.openalex.org/works?filter=title_and_abstract.search.exact:""adequate+reporter""&group_by=publication_year",1,0.0001,4376,0.4376
2026-09-28T11:46:48.262892+00:00,"https://api.openalex.org/works?filter=title_and_abstract.search.exact:""corporate+waqf+Johor+Corporation""&group_by=publication_year",1,0.0001,4375,0.4375
2026-09-28T11:46:48.391439+00:00,"https://api.openalex.org/works?filter=title_and_abstract.search.exact:""UC+n%3D70+.Normal+mucosa""&group_by=publication_year",1,0.0001,4377,0.4377
2026-09-28T11:46:48.555034+00:00,"https://api.openalex.org/works?filter=title_and_abstract.search.exact:""impairing+function""&group_by=publication_year",1,0.0001,4374,0.4374
2026-09-28T11:46:48.618616+00:00,"https://api.openalex.org/works?filter=title_and_abstract.search.exact:""outright+opposition""&group_by=publication_year",1,0.0001,4373,0.4373
2026-09-28T11:46:48.760540+00:00,"https://api.openalex.org/works?filter=title_and_abstract.search.exact:""Deception+research""&group_by=publication_year",1,0.0001,4372,0.4372
2026-09-28T11:46:48.818603+00:00,"https://api.openalex.org/works?filter=title_and_abstract.search.exact:""blueshifted+absorption+lines""&group_by=publication_year",1,0.0001,4371,0.4371
2026-09-28T11:46:48.866416+00:00,"https://api.openalex.org/works?filter=title_and_abstract.search.exact:""problematic+and+fragile+features""&group_by=publication_year",1,0.0001,4370,0.437
2026-09-28T11:46:48.961675+00:00,"https://api.openalex.org/works?filter=title_and_abstract.search.exact:""survival+roots""&group_by=publication_year",1,0.0001,4369,0.4369
2026-09-28T11:46:49.195698+00:00,"https://api.openalex.org/works?filter=title_and_abstract.search.exact:""well+-+known+localization""&group_by=publication_year",1,0.0001,4368,0.4368
2026-09-28T11:46:49.316934+00:00,"https://api.openalex.org/works?filter=title_and_abstract.search.exact:""array+-+induction+resistivity+logs""&group_by=publication_year",1,0.0001,4366,0.4366
2026-09-28T11:46:49.342176+00:00,"https://api.openalex.org/works?filter=title_and_abstract.search.exact:""associated+promoters""&group_by=publication_year",1,0.0001,4367,0.4367
2026-09-28T11:46:49.518336+00:00,"https://api.openalex.org/works?filter=title_and_abstract.search.exact:""PEG+linker""&group_by=publication_year",1,0.0001,4365,0.4365
2026-09-28T11:46:49.621514+00:00,"https://api.openalex.org/works?filter=title_and_abstract.search.exact:""exact+graphs""&group_by=publication_year",1,0.0001,4364,0.4364
2026-09-28T11:46:49.737086+00:00,"https://api.openalex.org/works?filter=title_and_abstract.search.exact:""hepathic+injury""&group_by=publication_year",1,0.0001,4363,0.4363
2026-09-28T11:46:49.852744+00:00,"https://api.openalex.org/works?filter=title_and_abstract.search.exact:""interfacial+delamination""&group_by=publication_year",1,0.0001,4362,0.4362
2026-09-28T11:46:50.035839+00:00,"https://api.openalex.org/works?filter=title_and_abstract.search.exact:""fleet+efficiency""&group_by=publication_year",1,0.0001,4361,0.4361
2026-09-28T11:46:50.061362+00:00,"https://api.openalex.org/works?filter=title_and_abstract.search.exact:""surface+silanol+groups""&group_by=publication_year",1,0.0001,4360,0.436
2026-09-28T11:46:50.318178+00:00,"https://api.openalex.org/works?filter=title_and_abstract.search.exact:""orientation+matrices""&group_by=publication_year",1,0.0001,4359,0.4359
2026-09-28T11:46:50.398795+00:00,"https://api.openalex.org/works?filter=title_and_abstract.search.exact:""simulated+CRT""&group_by=publication_year",1,0.0001,4358,0.4358
2026-09-28T11:46:50.543740+00:00,"https://api.openalex.org/works?filter=title_and_abstract.search.exact:""shape+morphometry+analysis""&group_by=publication_year",1,0.0001,4357,0.4357
2026-09-28T11:46:50.769841+00:00,"https://api.openalex.org/works?filter=title_and_abstract.search.exact:""nonlocal+complex+potential+theory""&group_by=publication_year",1,0.0001,4355,0.4355
2026-09-28T11:46:50.817967+00:00,"https://api.openalex.org/works?filter=title_and_abstract.search.exact:""single+-+particle+macroscopic+state""&group_by=publication_year",1,0.0001,4354,0.4354
2026-09-28T11:46:50.836247+00:00,"https://api.openalex.org/works?filter=title_and_abstract.search.exact:""agri+-+pellet+recipes""&group_by=publication_year",1,0.0001,4356,0.4356
2026-09-28T11:46:50.852391+00:00,"https://api.openalex.org/works?filter=title_and_abstract.search.exact:""antioxidan+and+mineral+levels""&group_by=publication_year",1,0.0001,4353,0.4353
2026-09-28T11:46:51.234280+00:00,"https://api.openalex.org/works?filter=title_and_abstract.search.exact:""metacarpophalangeal+or+metatarsophalangeal+joints""&group_by=publication_year",1,0.0001,4351,0.4351
2026-09-28T11:46:51.446243+00:00,"https://api.openalex.org/works?filter=title_and_abstract.search.exact:""mast+cell+-+specific+proteases""&group_by=publication_year",1,0.0001,4350,0.435
2026-09-28T11:46:51.532204+00:00,"https://api.openalex.org/works?filter=title_and_abstract.search.exact:""supplementary+overpotential""&group_by=publication_year",1,0.0001,4349,0.4349
2026-09-28T11:46:51.656237+00:00,"https://api.openalex.org/works?filter=title_and_abstract.search.exact:""propagating+Velikonda+thrust""&group_by=publication_year",1,0.0001,4346,0.4346
2026-09-28T11:46:51.674184+00:00,"https://api.openalex.org/works?filter=title_and_abstract.search.exact:""resistive+load+values""&group_by=publication_year",1,0.0001,4348,0.4348
2026-09-28T11:46:51.693155+00:00,"https://api.openalex.org/works?filter=title_and_abstract.search.exact:""residue+curve+map""&group_by=publication_year",1,0.0001,4347,0.4347
2026-09-28T11:46:51.748223+00:00,"https://api.openalex.org/works?filter=title_and_abstract.search.exact:""botulinum+toxin+-+A+injection""&group_by=publication_year",1,0.0001,4352,0.4352
2026-09-28T11:46:51.882118+00:00,"https://api.openalex.org/works?filter=title_and_abstract.search.exact:""alveolar+bone+support""&group_by=publication_year",1,0.0001,4345,0.4345
2026-09-28T11:46:52.246732+00:00,"https://api.openalex.org/works?filter=title_and_abstract.search.exact:""dense+molecular+gas""&group_by=publication_year",1,0.0001,4344,0.4344
2026-09-28T11:46:52.293574+00:00,"https://api.openalex.org/works?filter=title_and_abstract.search.exact:""Lava+Ultimate""&group_by=publication_year",1,0.0001,4343,0.4343
2026-09-28T11:46:52.520646+00:00,"https://api.openalex.org/works?filter=title_and_abstract.search.exact:""Carboxyl+%2F+Cholinesterase+Genes""&group_by=publication_year",1,0.0001,4341,0.4341
2026-09-28T11:46:52.672242+00:00,"https://api.openalex.org/works?filter=title_and_abstract.search.exact:""ab+initio+docking+modes""&group_by=publication_year",1,0.0001,4340,0.434
2026-09-28T11:46:52.830675+00:00,"https://api.openalex.org/works?filter=title_and_abstract.search.exact:""regenerative+brake""&group_by=publication_year",1,0.0001,4337,0.4337
2026-09-28T11:46:52.851820+00:00,"https://api.openalex.org/works?filter=title_and_abstract.search.exact:""fatigue+locations""&group_by=publication_year",1,0.0001,4339,0.4339
2026-09-28T11:46:52.930253+00:00,"https://api.openalex.org/works?filter=title_and_abstract.search.exact:""cutaneous+malignant+tumors""&group_by=publication_year",1,0.0001,4336,0.4336
2026-09-28T11:46:52.956483+00:00,"https://api.openalex.org/works?filter=title_and_abstract.search.exact:""honoraria+and%2For+research+support""&group_by=publication_year",1,0.0001,4338,0.4338
2026-09-28T11:46:52.990119+00:00,"https://api.openalex.org/works?filter=title_and_abstract.search.exact:""Commercial+Law+Systematism""&group_by=publication_year",1,0.0001,4334,0.4334
2026-09-28T11:46:53.024089+00:00,"https://api.openalex.org/works?filter=title_and_abstract.search.exact:""di+1+2+4+triazolo-+4+3+-+a+3%E2%80%B2+4%E2%80%B2-c+-quinoxalines+17%E2%80%9319""&group_by=publication_year",1,0.0001,4342,0.4342
2026-09-28T11:46:53.046203+00:00,"https://api.openalex.org/works?filter=title_and_abstract.search.exact:""River+Restoration+project""&group_by=publication_year",1,0.0001,4335,0.4335
2026-09-28T11:46:53.081478+00:00,"https://api.openalex.org/works?filter=title_and_abstract.search.exact:""AtGID1+-+GA""&group_by=publication_year",1,0.0001,4333,0.4333
2026-09-28T11:46:53.382382+00:00,"https://api.openalex.org/works?filter=title_and_abstract.search.exact:""well+-+controlled+dispersion+pattern""&group_by=publication_year",1,0.0001,4332,0.4332
2026-09-28T11:46:53.850118+00:00,"https://api.openalex.org/works?filter=title_and_abstract.search.exact:""blunt+thoracoabdominal+trauma""&group_by=publication_year",1,0.0001,4330,0.433
2026-09-28T11:46:54.021667+00:00,"https://api.openalex.org/works?filter=title_and_abstract.search.exact:""ecological+and+evolutionary+implications""&group_by=publication_year",1,0.0001,4331,0.4331
2026-09-28T11:46:54.118421+00:00,"https://api.openalex.org/works?filter=title_and_abstract.search.exact:""Gaspard+transformation+chains""&group_by=publication_year",1,0.0001,4329,0.4329
2026-09-28T11:46:54.458919+00:00,"https://api.openalex.org/works?filter=title_and_abstract.search.exact:""maximal+cyclicity+curve""&group_by=publication_year",1,0.0001,4327,0.4327
2026-09-28T11:46:54.664986+00:00,"https://api.openalex.org/works?filter=title_and_abstract.search.exact:""kill+fluid""&group_by=publication_year",1,0.0001,4326,0.4326
2026-09-28T11:46:54.787577+00:00,"https://api.openalex.org/works?filter=title_and_abstract.search.exact:""inulin+source""&group_by=publication_year",1,0.0001,4325,0.4325
2026-09-28T11:46:55.029252+00:00,"https://api.openalex.org/works?filter=title_and_abstract.search.exact:""CB+electrons""&group_by=publication_year",1,0.0001,4323,0.4323
2026-09-28T11:46:55.135696+00:00,"https://api.openalex.org/works?filter=title_and_abstract.search.exact:""social+engagement""&group_by=publication_year",1,0.0001,4328,0.4328
2026-09-28T11:46:55.280543+00:00,"https://api.openalex.org/works?filter=title_and_abstract.search.exact:""rat+hippocampal+CA1+region""&group_by=publication_year",1,0.0001,4324,0.4324
2026-09-28T11:46:55.383990+00:00,"https://api.openalex.org/works?filter=title_and_abstract.search.exact:""valued+memory+function""&group_by=publication_year",1,0.0001,4321,0.4321
2026-09-28T11:46:55.618150+00:00,"https://api.openalex.org/works?filter=title_and_abstract.search.exact:""Loess+Karst+Spring""&group_by=publication_year",1,0.0001,4322,0.4322
2026-09-28T11:46:56.025935+00:00,"https://api.openalex.org/works?filter=title_and_abstract.search.exact:""commonly+used+material""&group_by=publication_year",1,0.0001,4320,0.432
2026-09-28T11:46:56.125525+00:00,"https://api.openalex.org/works?filter=title_and_abstract.search.exact:""global+spread""&group_by=publication_year",1,0.0001,4319,0.4319
2026-09-28T11:46:56.338210+00:00,"https://api.openalex.org/works?filter=title_and_abstract.search.exact:""zone+-+based+registration""&group_by=publication_year",1,0.0001,4318,0.4318
2026-09-28T11:46:56.481425+00:00,"https://api.openalex.org/works?filter=title_and_abstract.search.exact:""classifier+combination+algorithm""&group_by=publication_year",1,0.0001,4315,0.4315
2026-09-28T11:46:56.529403+00:00,"https://api.openalex.org/works?filter=title_and_abstract.search.exact:""double+burden+hypothesis""&group_by=publication_year",1,0.0001,4316,0.4316
2026-09-28T11:46:56.551827+00:00,"https://api.openalex.org/works?filter=title_and_abstract.search.exact:""level+X""&group_by=publication_year",1,0.0001,4317,0.4317
2026-09-28T11:46:56.571155+00:00,"https://api.openalex.org/works?filter=title_and_abstract.search.exact:""time+highs""&group_by=publication_year",1,0.0001,4314,0.4314
2026-09-28T11:46:56.729836+00:00,"https://api.openalex.org/works?filter=title_and_abstract.search.exact:""neurochemical+measures""&group_by=publication_year",1,0.0001,4313,0.4313
2026-09-28T11:46:57.018867+00:00,"https://api.openalex.org/works?filter=title_and_abstract.search.exact:""MTM1+mutant+dogs""&group_by=publication_year",1,0.0001,4312,0.4312
2026-09-28T11:46:57.266619+00:00,"https://api.openalex.org/works?filter=title_and_abstract.search.exact:""hard+lattice+problems""&group_by=publication_year",1,0.0001,4311,0.4311
2026-09-28T11:46:57.391800+00:00,"https://api.openalex.org/works?filter=title_and_abstract.search.exact:""graduate+and+postgraduate+degrees""&group_by=publication_year",1,0.0001,4310,0.431
2026-09-28T11:46:57.422743+00:00,"https://api.openalex.org/works?filter=title_and_abstract.search.exact:""patients%27swallowing+function""&group_by=publication_year",1,0.0001,4308,0.4308
2026-09-28T11:46:57.618723+00:00,"https://api.openalex.org/works?filter=title_and_abstract.search.exact:""mature+T+-+cell+lymphocyte""&group_by=publication_year",1,0.0001,4309,0.4309
2026-09-28T11:46:57.637919+00:00,"https://api.openalex.org/works?filter=title_and_abstract.search.exact:""practice+project+management+requirements""&group_by=publication_year",1,0.0001,4307,0.4307
2026-09-28T11:46:57.657763+00:00,"https://api.openalex.org/works?filter=title_and_abstract.search.exact:""Accurate+provenance+information""&group_by=publication_year",1,0.0001,4305,0.4305
2026-09-28T11:46:57.738390+00:00,"https://api.openalex.org/works?filter=title_and_abstract.search.exact:""family+aesthetic+education""&group_by=publication_year",1,0.0001,4306,0.4306
2026-09-28T11:46:57.790863+00:00,"https://api.openalex.org/works?filter=title_and_abstract.search.exact:""decoding+approach""&group_by=publication_year",1,0.0001,4303,0.4303
2026-09-28T11:46:57.921595+00:00,"https://api.openalex.org/works?filter=title_and_abstract.search.exact:""examined+donkeys""&group_by=publication_year",1,0.0001,4304,0.4304
2026-09-28T11:46:57.987807+00:00,"https://api.openalex.org/works?filter=title_and_abstract.search.exact:""BSITD+-+III""&group_by=publication_year",1,0.0001,4300,0.43
2026-09-28T11:46:58.037250+00:00,"https://api.openalex.org/works?filter=title_and_abstract.search.exact:""correct+depth+order""&group_by=publication_year",1,0.0001,4302,0.4302
2026-09-28T11:46:58.192368+00:00,"https://api.openalex.org/works?filter=title_and_abstract.search.exact:""comprehensive+infrastructure+strategy""&group_by=publication_year",1,0.0001,4301,0.4301
2026-09-28T11:46:58.647362+00:00,"https://api.openalex.org/works?filter=title_and_abstract.search.exact:""baked+goods""&group_by=publication_year",1,0.0001,4298,0.4298
2026-09-28T11:46:58.893787+00:00,"https://api.openalex.org/works?filter=title_and_abstract.search.exact:""bacteria+diversity""&group_by=publication_year",1,0.0001,4297,0.4297
2026-09-28T11:46:59.217645+00:00,"https://api.openalex.org/works?filter=title_and_abstract.search.exact:""tyrosine+kinase+inhibitor+discovery""&group_by=publication_year",1,0.0001,4295,0.4295
2026-09-28T11:46:59.276311+00:00,"https://api.openalex.org/works?filter=title_and_abstract.search.exact:""infection+related+complication""&group_by=publication_year",1,0.0001,4296,0.4296
2026-09-28T11:46:59.319169+00:00,"https://api.openalex.org/works?filter=title_and_abstract.search.exact:""SOD+and+CAT+activities""&group_by=publication_year",1,0.0001,4299,0.4299
2026-09-28T11:46:59.341621+00:00,"https://api.openalex.org/works?filter=title_and_abstract.search.exact:""amlodipine+isomers""&group_by=publication_year",1,0.0001,4294,0.4294
2026-09-28T11:46:59.363895+00:00,"https://api.openalex.org/works?filter=title_and_abstract.search.exact:""broadly+neutralizing+sera""&group_by=publication_year",1,0.0001,4292,0.4292
2026-09-28T11:46:59.382288+00:00,"https://api.openalex.org/works?filter=title_and_abstract.search.exact:""increased+embryo+resorption+rates""&group_by=publication_year",1,0.0001,4293,0.4293
2026-09-28T11:46:59.417889+00:00,"https://api.openalex.org/works?filter=title_and_abstract.search.exact:""zeolite+micropore+space""&group_by=publication_year",1,0.0001,4291,0.4291
2026-09-28T11:46:59.455421+00:00,"https://api.openalex.org/works?filter=title_and_abstract.search.exact:""reduced+hours""&group_by=publication_year",1,0.0001,4290,0.429
2026-09-28T11:46:59.667339+00:00,"https://api.openalex.org/works?filter=title_and_abstract.search.exact:""beta+-+lyase+-+catalyzed+metabolism""&group_by=publication_year",1,0.0001,4289,0.4289
2026-09-28T11:47:00.032089+00:00,"https://api.openalex.org/works?filter=title_and_abstract.search.exact:""dimensional+Poisson+equation""&group_by=publication_year",1,0.0001,4288,0.4288
2026-09-28T11:47:00.126159+00:00,"https://api.openalex.org/works?filter=title_and_abstract.search.exact:""utilitarian+appeal+advertisement""&group_by=publication_year",1,0.0001,4287,0.4287
2026-09-28T11:47:00.180014+00:00,"https://api.openalex.org/works?filter=title_and_abstract.search.exact:""CMMI+methodology""&group_by=publication_year",1,0.0001,4286,0.4286
2026-09-28T11:47:00.635685+00:00,"https://api.openalex.org/works?filter=title_and_abstract.search.exact:""ring+-+core+hollow+optical+fiber""&group_by=publication_year",1,0.0001,4285,0.4285
2026-09-28T11:47:00.735257+00:00,"https://api.openalex.org/works?filter=title_and_abstract.search.exact:""Trizol+Reagent""&group_by=publication_year",1,0.0001,4284,0.4284
2026-09-28T11:47:00.818030+00:00,"https://api.openalex.org/works?filter=title_and_abstract.search.exact:""accurate+calls""&group_by=publication_year",1,0.0001,4283,0.4283
2026-09-28T11:47:00.919041+00:00,"https://api.openalex.org/works?filter=title_and_abstract.search.exact:""Fiescherhorn+glacier""&group_by=publication_year",1,0.0001,4280,0.428
2026-09-28T11:47:01.063217+00:00,"https://api.openalex.org/works?filter=title_and_abstract.search.exact:""benign+fashion""&group_by=publication_year",1,0.0001,4279,0.4279
2026-09-28T11:47:01.092648+00:00,"https://api.openalex.org/works?filter=title_and_abstract.search.exact:""single+electron+transfer+mechanism""&group_by=publication_year",1,0.0001,4281,0.4281
2026-09-28T11:47:01.142850+00:00,"https://api.openalex.org/works?filter=title_and_abstract.search.exact:""fAES""&group_by=publication_year",1,0.0001,4282,0.4282
2026-09-28T11:47:01.236051+00:00,"https://api.openalex.org/works?filter=title_and_abstract.search.exact:""improper+reporting""&group_by=publication_year",1,0.0001,4278,0.4278
2026-09-28T11:47:01.417794+00:00,"https://api.openalex.org/works?filter=title_and_abstract.search.exact:""disjoint+regions""&group_by=publication_year",1,0.0001,4276,0.4276
2026-09-28T11:47:01.442056+00:00,"https://api.openalex.org/works?filter=title_and_abstract.search.exact:""explores+variables""&group_by=publication_year",1,0.0001,4277,0.4277
2026-09-28T11:47:01.746598+00:00,"https://api.openalex.org/works?filter=title_and_abstract.search.exact:""playful+simulation""&group_by=publication_year",1,0.0001,4273,0.4273
2026-09-28T11:47:01.796803+00:00,"https://api.openalex.org/works?filter=title_and_abstract.search.exact:""Bio+-+evaluation+methods""&group_by=publication_year",1,0.0001,4275,0.4275
2026-09-28T11:47:01.851266+00:00,"https://api.openalex.org/works?filter=title_and_abstract.search.exact:""Nernstian+behaviour""&group_by=publication_year",1,0.0001,4272,0.4272
2026-09-28T11:47:02.066223+00:00,"https://api.openalex.org/works?filter=title_and_abstract.search.exact:""benchmark+models""&group_by=publication_year",1,0.0001,4274,0.4274
2026-09-28T11:47:02.118263+00:00,"https://api.openalex.org/works?filter=title_and_abstract.search.exact:""Kelly+detector""&group_by=publication_year",1,0.0001,4271,0.4271
2026-09-28T11:47:02.217403+00:00,"https://api.openalex.org/works?filter=title_and_abstract.search.exact:""rolling+admission+policies""&group_by=publication_year",1,0.0001,4270,0.427
2026-09-28T11:47:02.413186+00:00,"https://api.openalex.org/works?filter=title_and_abstract.search.exact:""explicit+atom+transferable+force+field""&group_by=publication_year",1,0.0001,4269,0.4269
2026-09-28T11:47:02.443250+00:00,"https://api.openalex.org/works?filter=title_and_abstract.search.exact:""Chinese+Realization""&group_by=publication_year",1,0.0001,4267,0.4267
2026-09-28T11:47:02.557612+00:00,"https://api.openalex.org/works?filter=title_and_abstract.search.exact:""production+peak""&group_by=publication_year",1,0.0001,4268,0.4268
2026-09-28T11:47:02.776226+00:00,"https://api.openalex.org/works?filter=title_and_abstract.search.exact:""IPM+module""&group_by=publication_year",1,0.0001,4265,0.4265
2026-09-28T11:47:02.824454+00:00,"https://api.openalex.org/works?filter=title_and_abstract.search.exact:""patients%E2%80%B2+age+distribution""&group_by=publication_year",1,0.0001,4266,0.4266
2026-09-28T11:47:02.878476+00:00,"https://api.openalex.org/works?filter=title_and_abstract.search.exact:""plasmacytoma+variant+translocation+1""&group_by=publication_year",1,0.0001,4263,0.4263
2026-09-28T11:47:02.920536+00:00,"https://api.openalex.org/works?filter=title_and_abstract.search.exact:""vapor+phase+composition+and+activity+coefficients""&group_by=publication_year",1,0.0001,4264,0.4264
2026-09-28T11:47:02.946468+00:00,"https://api.openalex.org/works?filter=title_and_abstract.search.exact:""neurocognitive+dysfunction""&group_by=publication_year",1,0.0001,4262,0.4262
2026-09-28T11:47:02.997838+00:00,"https://api.openalex.org/works?filter=title_and_abstract.search.exact:""pressing+organisational+ethics+issues""&group_by=publication_year",1,0.0001,4260,0.426
2026-09-28T11:47:03.035564+00:00,"https://api.openalex.org/works?filter=title_and_abstract.search.exact:""salon+operators""&group_by=publication_year",1,0.0001,4259,0.4259
2026-09-28T11:47:03.057395+00:00,"https://api.openalex.org/works?filter=title_and_abstract.search.exact:""Limited+Computer+Resources""&group_by=publication_year",1,0.0001,4261,0.4261
2026-09-28T11:47:03.292990+00:00,"https://api.openalex.org/works?filter=title_and_abstract.search.exact:""adalah+Rancangan+Bujur+Sangkar+Latin""&group_by=publication_year",1,0.0001,4258,0.4258
2026-09-28T11:47:03.529035+00:00,"https://api.openalex.org/works?filter=title_and_abstract.search.exact:""Locum+pharmacy""&group_by=publication_year",1,0.0001,4257,0.4257
2026-09-28T11:47:03.550957+00:00,"https://api.openalex.org/works?filter=title_and_abstract.search.exact:""early+modern+theatre""&group_by=publication_year",1,0.0001,4256,0.4256
2026-09-28T11:47:03.868018+00:00,"https://api.openalex.org/works?filter=title_and_abstract.search.exact:""A.+f.+familiaris""&group_by=publication_year",1,0.0001,4254,0.4254
2026-09-28T11:47:04.119049+00:00,"https://api.openalex.org/works?filter=title_and_abstract.search.exact:""cholesterol+-+lowering+activity""&group_by=publication_year",1,0.0001,4255,0.4255
2026-09-28T11:47:04.163111+00:00,"https://api.openalex.org/works?filter=title_and_abstract.search.exact:""approximately+8%E2%80%9319+%25""&group_by=publication_year",1,0.0001,4253,0.4253
2026-09-28T11:47:04.255085+00:00,"https://api.openalex.org/works?filter=title_and_abstract.search.exact:""SRM+control+system""&group_by=publication_year",1,0.0001,4252,0.4252
2026-09-28T11:47:04.433173+00:00,"https://api.openalex.org/works?filter=title_and_abstract.search.exact:""precise+orientation""&group_by=publication_year",1,0.0001,4251,0.4251
2026-09-28T11:47:04.556107+00:00,"https://api.openalex.org/works?filter=title_and_abstract.search.exact:""incorrectly+placed+tubes""&group_by=publication_year",1,0.0001,4249,0.4249
2026-09-28T11:47:04.652999+00:00,"https://api.openalex.org/works?filter=title_and_abstract.search.exact:""marketing+media""&group_by=publication_year",1,0.0001,4250,0.425
2026-09-28T11:47:04.718113+00:00,"https://api.openalex.org/works?filter=title_and_abstract.search.exact:""H+-+like+Ar17""&group_by=publication_year",1,0.0001,4247,0.4247
2026-09-28T11:47:04.769258+00:00,"https://api.openalex.org/works?filter=title_and_abstract.search.exact:""Minimally+invasive+ankle+surgery""&group_by=publication_year",1,0.0001,4248,0.4248
2026-09-28T11:47:04.787441+00:00,"https://api.openalex.org/works?filter=title_and_abstract.search.exact:""Hochschild+cohomology+algebras""&group_by=publication_year",1,0.0001,4246,0.4246
2026-09-28T11:47:04.916981+00:00,"https://api.openalex.org/works?filter=title_and_abstract.search.exact:""SMS+Gateway""&group_by=publication_year",1,0.0001,4244,0.4244
2026-09-28T11:47:04.936503+00:00,"https://api.openalex.org/works?filter=title_and_abstract.search.exact:""Investment+property""&group_by=publication_year",1,0.0001,4245,0.4245
2026-09-28T11:47:05.117149+00:00,"https://api.openalex.org/works?filter=title_and_abstract.search.exact:""p+-+RCA""&group_by=publication_year",1,0.0001,4243,0.4243
2026-09-28T11:47:05.258808+00:00,"https://api.openalex.org/works?filter=title_and_abstract.search.exact:""violent+movements""&group_by=publication_year",1,0.0001,4242,0.4242
2026-09-28T11:47:05.351897+00:00,"https://api.openalex.org/works?filter=title_and_abstract.search.exact:""Neglected+Zoonotic+Disease""&group_by=publication_year",1,0.0001,4241,0.4241
2026-09-28T11:47:05.545679+00:00,"https://api.openalex.org/works?filter=title_and_abstract.search.exact:""nebulized+budesonide""&group_by=publication_year",1,0.0001,4238,0.4238
2026-09-28T11:47:05.596663+00:00,"https://api.openalex.org/works?filter=title_and_abstract.search.exact:""strict+statistical+analysis""&group_by=publication_year",1,0.0001,4239,0.4239
2026-09-28T11:47:05.721465+00:00,"https://api.openalex.org/works?filter=title_and_abstract.search.exact:""crash+fatalities""&group_by=publication_year",1,0.0001,4237,0.4237
2026-09-28T11:47:05.759461+00:00,"https://api.openalex.org/works?filter=title_and_abstract.search.exact:""implant+design+features""&group_by=publication_year",1,0.0001,4240,0.424
2026-09-28T11:47:05.798576+00:00,"https://api.openalex.org/works?filter=title_and_abstract.search.exact:""back+-+forth+movements""&group_by=publication_year",1,0.0001,4236,0.4236
2026-09-28T11:47:05.836871+00:00,"https://api.openalex.org/works?filter=title_and_abstract.search.exact:""dimensional+craniofacial+bone""&group_by=publication_year",1,0.0001,4235,0.4235
2026-09-28T11:47:06.085538+00:00,"https://api.openalex.org/works?filter=title_and_abstract.search.exact:""purification+processes""&group_by=publication_year",1,0.0001,4234,0.4234
2026-09-28T11:47:06.248974+00:00,"https://api.openalex.org/works?filter=title_and_abstract.search.exact:""PorA+and+FetA+types""&group_by=publication_year",1,0.0001,4233,0.4233
2026-09-28T11:47:06.338620+00:00,"https://api.openalex.org/works?filter=title_and_abstract.search.exact:""conceptual+representations""&group_by=publication_year",1,0.0001,4231,0.4231
2026-09-28T11:47:06.366297+00:00,"https://api.openalex.org/works?filter=title_and_abstract.search.exact:""weathering+and+leaching+processes""&group_by=publication_year",1,0.0001,4232,0.4232
2026-09-28T11:47:06.517759+00:00,"https://api.openalex.org/works?filter=title_and_abstract.search.exact:""slip+lengths""&group_by=publication_year",1,0.0001,4230,0.423
2026-09-28T11:47:06.719682+00:00,"https://api.openalex.org/works?filter=title_and_abstract.search.exact:""degraded+input+signal""&group_by=publication_year",1,0.0001,4229,0.4229
2026-09-28T11:47:07.120465+00:00,"https://api.openalex.org/works?filter=title_and_abstract.search.exact:""biological+constituents""&group_by=publication_year",1,0.0001,4228,0.4228
2026-09-28T11:47:07.150928+00:00,"https://api.openalex.org/works?filter=title_and_abstract.search.exact:""bended+pipes""&group_by=publication_year",1,0.0001,4225,0.4225
2026-09-28T11:47:07.220379+00:00,"https://api.openalex.org/works?filter=title_and_abstract.search.exact:""nontumorous+group""&group_by=publication_year",1,0.0001,4226,0.4226
2026-09-28T11:47:07.241630+00:00,"https://api.openalex.org/works?filter=title_and_abstract.search.exact:""SD+simulation""&group_by=publication_year",1,0.0001,4227,0.4227
2026-09-28T11:47:07.262027+00:00,"https://api.openalex.org/works?filter=title_and_abstract.search.exact:""integral+constants+plane""&group_by=publication_year",1,0.0001,4223,0.4223
2026-09-28T11:47:07.284350+00:00,"https://api.openalex.org/works?filter=title_and_abstract.search.exact:""centralized+state+-+level+societies""&group_by=publication_year",1,0.0001,4224,0.4224
2026-09-28T11:47:07.387350+00:00,"https://api.openalex.org/works?filter=title_and_abstract.search.exact:""chemical+warfare+agent+simulants""&group_by=publication_year",1,0.0001,4222,0.4222
2026-09-28T11:47:07.667231+00:00,"https://api.openalex.org/works?filter=title_and_abstract.search.exact:""social+media+utilization""&group_by=publication_year",1,0.0001,4221,0.4221
2026-09-28T11:47:07.689428+00:00,"https://api.openalex.org/works?filter=title_and_abstract.search.exact:""stress+guided+waves""&group_by=publication_year",1,0.0001,4220,0.422
2026-09-28T11:47:07.797345+00:00,"https://api.openalex.org/works?filter=title_and_abstract.search.exact:""Record+Arctic+ozone+depletion""&group_by=publication_year",1,0.0001,4219,0.4219
2026-09-28T11:47:07.965931+00:00,"https://api.openalex.org/works?filter=title_and_abstract.search.exact:""confrontation+effectiveness""&group_by=publication_year",1,0.0001,4218,0.4218
2026-09-28T11:47:08.074288+00:00,"https://api.openalex.org/works?filter=title_and_abstract.search.exact:""HEPATOLOGY+1+Kunde+et+al""&group_by=publication_year",1,0.0001,4217,0.4217
2026-09-28T11:47:08.161842+00:00,"https://api.openalex.org/works?filter=title_and_abstract.search.exact:""fire+accuracy""&group_by=publication_year",1,0.0001,4216,0.4216
2026-09-28T11:47:08.738948+00:00,"https://api.openalex.org/works?filter=title_and_abstract.search.exact:""justified+war""&group_by=publication_year",1,0.0001,4214,0.4214
2026-09-28T11:47:09.043064+00:00,"https://api.openalex.org/works?filter=title_and_abstract.search.exact:""REM+SleepFigure""&group_by=publication_year",1,0.0001,4215,0.4215
2026-09-28T11:47:09.118406+00:00,"https://api.openalex.org/works?filter=title_and_abstract.search.exact:""hour+day+shift""&group_by=publication_year",1,0.0001,4213,0.4213
2026-09-28T11:47:09.275846+00:00,"https://api.openalex.org/works?filter=title_and_abstract.search.exact:""foi+de+37+64+%25""&group_by=publication_year",1,0.0001,4212,0.4212
2026-09-28T11:47:09.299432+00:00,"https://api.openalex.org/works?filter=title_and_abstract.search.exact:""Scicos+formalism""&group_by=publication_year",1,0.0001,4211,0.4211
2026-09-28T11:47:09.732846+00:00,"https://api.openalex.org/works?filter=title_and_abstract.search.exact:""design+paper""&group_by=publication_year",1,0.0001,4210,0.421
2026-09-28T11:47:09.817177+00:00,"https://api.openalex.org/works?filter=title_and_abstract.search.exact:""T%5Er_+%5Cpsi+f+z+%3Dc_r%5Cint_+B+%5Cfrac+1-+%5Cparallel+w+%5Cparallel+%5E2+%5Er+1-+%5Clangle+z""&group_by=publication_year",1,0.0001,4208,0.4208
2026-09-28T11:47:10.068237+00:00,"https://api.openalex.org/works?filter=title_and_abstract.search.exact:""possibly+PEX14""&group_by=publication_year",1,0.0001,4207,0.4207
2026-09-28T11:47:10.118245+00:00,"https://api.openalex.org/works?filter=title_and_abstract.search.exact:""successful+inhibitor""&group_by=publication_year",1,0.0001,4209,0.4209
2026-09-28T11:47:10.182962+00:00,"https://api.openalex.org/works?filter=title_and_abstract.search.exact:""collaborative+injection+model""&group_by=publication_year",1,0.0001,4205,0.4205
2026-09-28T11:47:10.661315+00:00,"https://api.openalex.org/works?filter=title_and_abstract.search.exact:""recently+developed+statistical+model""&group_by=publication_year",1,0.0001,4203,0.4203
2026-09-28T11:47:10.798630+00:00,"https://api.openalex.org/works?filter=title_and_abstract.search.exact:""dominant+dynamical+role""&group_by=publication_year",1,0.0001,4204,0.4204
2026-09-28T11:47:10.836241+00:00,"https://api.openalex.org/works?filter=title_and_abstract.search.exact:""reaction+center+abundance""&group_by=publication_year",1,0.0001,4202,0.4202
2026-09-28T11:47:10.941717+00:00,"https://api.openalex.org/works?filter=title_and_abstract.search.exact:""citizen+participation+matters""&group_by=publication_year",1,0.0001,4206,0.4206
2026-09-28T11:47:10.965467+00:00,"https://api.openalex.org/works?filter=title_and_abstract.search.exact:""Ambroxol+lozenges""&group_by=publication_year",1,0.0001,4200,0.42
2026-09-28T11:47:11.116946+00:00,"https://api.openalex.org/works?filter=title_and_abstract.search.exact:""wide+fuel+-+air+ratio""&group_by=publication_year",1,0.0001,4201,0.4201
2026-09-28T11:47:11.253106+00:00,"https://api.openalex.org/works?filter=title_and_abstract.search.exact:""inherent+view""&group_by=publication_year",1,0.0001,4199,0.4199
2026-09-28T11:47:11.833590+00:00,"https://api.openalex.org/works?filter=title_and_abstract.search.exact:""dried+brown+rice""&group_by=publication_year",1,0.0001,4197,0.4197
2026-09-28T11:47:11.950757+00:00,"https://api.openalex.org/works?filter=title_and_abstract.search.exact:""fine+individual+plants""&group_by=publication_year",1,0.0001,4198,0.4198
2026-09-28T11:47:11.986895+00:00,"https://api.openalex.org/works?filter=title_and_abstract.search.exact:""substituted+pyrrolo+3+4-+d+isoxazolidines""&group_by=publication_year",1,0.0001,4196,0.4196
2026-09-28T11:47:12.157373+00:00,"https://api.openalex.org/works?filter=title_and_abstract.search.exact:""single+high+-+dimensional+structured+representation""&group_by=publication_year",1,0.0001,4194,0.4194
2026-09-28T11:47:12.180453+00:00,"https://api.openalex.org/works?filter=title_and_abstract.search.exact:""south+Iran""&group_by=publication_year",1,0.0001,4195,0.4195
2026-09-28T11:47:12.232777+00:00,"https://api.openalex.org/works?filter=title_and_abstract.search.exact:""known+Kartagener+%27s+syndrome""&group_by=publication_year",1,0.0001,4192,0.4192
2026-09-28T11:47:12.341323+00:00,"https://api.openalex.org/works?filter=title_and_abstract.search.exact:""Warburg+effect""&group_by=publication_year",1,0.0001,4191,0.4191
2026-09-28T11:47:12.391558+00:00,"https://api.openalex.org/works?filter=title_and_abstract.search.exact:""neural+network+algorithm""&group_by=publication_year",1,0.0001,4193,0.4193
2026-09-28T11:47:12.555241+00:00,"https://api.openalex.org/works?filter=title_and_abstract.search.exact:""Young%E2%80%B2s+modulus""&group_by=publication_year",1,0.0001,4190,0.419
2026-09-28T11:47:12.785217+00:00,"https://api.openalex.org/works?filter=title_and_abstract.search.exact:""driver+%27s+braking+manoeuvre""&group_by=publication_year",1,0.0001,4188,0.4188
2026-09-28T11:47:12.917496+00:00,"https://api.openalex.org/works?filter=title_and_abstract.search.exact:""Cram%C3%A9r+-+Rao""&group_by=publication_year",1,0.0001,4186,0.4186
2026-09-28T11:47:12.937715+00:00,"https://api.openalex.org/works?filter=title_and_abstract.search.exact:""Polish+-+Norwegian+project""&group_by=publication_year",1,0.0001,4189,0.4189
2026-09-28T11:47:12.981613+00:00,"https://api.openalex.org/works?filter=title_and_abstract.search.exact:""Residents+%27+Consumption+Tendency""&group_by=publication_year",1,0.0001,4187,0.4187
2026-09-28T11:47:13.177888+00:00,"https://api.openalex.org/works?filter=title_and_abstract.search.exact:""commonly+occurring+microalgal+and+cyanobacteria+species""&group_by=publication_year",1,0.0001,4185,0.4185
2026-09-28T11:47:13.257315+00:00,"https://api.openalex.org/works?filter=title_and_abstract.search.exact:""local+spirit""&group_by=publication_year",1,0.0001,4184,0.4184
2026-09-28T11:47:13.421626+00:00,"https://api.openalex.org/works?filter=title_and_abstract.search.exact:""morning+maximum+air+temperature""&group_by=publication_year",1,0.0001,4182,0.4182
2026-09-28T11:47:13.447694+00:00,"https://api.openalex.org/works?filter=title_and_abstract.search.exact:""falling+price+level+cycles""&group_by=publication_year",1,0.0001,4183,0.4183
2026-09-28T11:47:13.583964+00:00,"https://api.openalex.org/works?filter=title_and_abstract.search.exact:""geometry+game""&group_by=publication_year",1,0.0001,4181,0.4181
2026-09-28T11:47:13.619653+00:00,"https://api.openalex.org/works?filter=title_and_abstract.search.exact:""symbiotic+efficiencies""&group_by=publication_year",1,0.0001,4179,0.4179
2026-09-28T11:47:13.646044+00:00,"https://api.openalex.org/works?filter=title_and_abstract.search.exact:""heat+transfer+deterioration+increases""&group_by=publication_year",1,0.0001,4180,0.418
2026-09-28T11:47:13.677021+00:00,"https://api.openalex.org/works?filter=title_and_abstract.search.exact:""video+hierarchical+structure""&group_by=publication_year",1,0.0001,4178,0.4178
2026-09-28T11:47:13.936006+00:00,"https://api.openalex.org/works?filter=title_and_abstract.search.exact:""spatial+identity""&group_by=publication_year",1,0.0001,4177,0.4177
2026-09-28T11:47:14.194006+00:00,"https://api.openalex.org/works?filter=title_and_abstract.search.exact:""US+results""&group_by=publication_year",1,0.0001,4176,0.4176
2026-09-28T11:47:14.316945+00:00,"https://api.openalex.org/works?filter=title_and_abstract.search.exact:""root+canal+sealer+samples""&group_by=publication_year",1,0.0001,4175,0.4175
2026-09-28T11:47:14.426543+00:00,"https://api.openalex.org/works?filter=title_and_abstract.search.exact:""genetic+algorithm-partial+least+squares""&group_by=publication_year",1,0.0001,4174,0.4174
2026-09-28T11:47:14.484355+00:00,"https://api.openalex.org/works?filter=title_and_abstract.search.exact:""Dancing+Wu+Li+Masters""&group_by=publication_year",1,0.0001,4173,0.4173
2026-09-28T11:47:14.517923+00:00,"https://api.openalex.org/works?filter=title_and_abstract.search.exact:""Preliminary+preparation+test""&group_by=publication_year",1,0.0001,4172,0.4172
2026-09-28T11:47:14.635224+00:00,"https://api.openalex.org/works?filter=title_and_abstract.search.exact:""fatty+solid+foods""&group_by=publication_year",1,0.0001,4170,0.417
2026-09-28T11:47:14.660714+00:00,"https://api.openalex.org/works?filter=title_and_abstract.search.exact:""auditory+periphery""&group_by=publication_year",1,0.0001,4171,0.4171
2026-09-28T11:47:14.795354+00:00,"https://api.openalex.org/works?filter=title_and_abstract.search.exact:""stable+minimal+surfaces""&group_by=publication_year",1,0.0001,4168,0.4168
2026-09-28T11:47:14.830637+00:00,"https://api.openalex.org/works?filter=title_and_abstract.search.exact:""cord+blood+erythroid+progenitors""&group_by=publication_year",1,0.0001,4169,0.4169
2026-09-28T11:47:14.848518+00:00,"https://api.openalex.org/works?filter=title_and_abstract.search.exact:""true+mobility+providers""&group_by=publication_year",1,0.0001,4167,0.4167
2026-09-28T11:47:15.019353+00:00,"https://api.openalex.org/works?filter=title_and_abstract.search.exact:""Nested+PCR+and+Culture+Identification""&group_by=publication_year",1,0.0001,4166,0.4166
2026-09-28T11:47:15.154131+00:00,"https://api.openalex.org/works?filter=title_and_abstract.search.exact:""neural+or+somatic+activity+measures""&group_by=publication_year",1,0.0001,4165,0.4165
2026-09-28T11:47:15.279346+00:00,"https://api.openalex.org/works?filter=title_and_abstract.search.exact:""deeply+situated+tumors""&group_by=publication_year",1,0.0001,4164,0.4164
2026-09-28T11:47:15.417359+00:00,"https://api.openalex.org/works?filter=title_and_abstract.search.exact:""algebraic+reinterpretation""&group_by=publication_year",1,0.0001,4163,0.4163
2026-09-28T11:47:15.550617+00:00,"https://api.openalex.org/works?filter=title_and_abstract.search.exact:""TS+-+life+cycle""&group_by=publication_year",1,0.0001,4162,0.4162
2026-09-28T11:47:15.633457+00:00,"https://api.openalex.org/works?filter=title_and_abstract.search.exact:""Y.+jaegeriana""&group_by=publication_year",1,0.0001,4161,0.4161
2026-09-28T11:47:15.917459+00:00,"https://api.openalex.org/works?filter=title_and_abstract.search.exact:""NP+incorporation""&group_by=publication_year",1,0.0001,4160,0.416
2026-09-28T11:47:16.040881+00:00,"https://api.openalex.org/works?filter=title_and_abstract.search.exact:""generational+effects""&group_by=publication_year",1,0.0001,4159,0.4159
2026-09-28T11:47:16.095462+00:00,"https://api.openalex.org/works?filter=title_and_abstract.search.exact:""bumblebee+species""&group_by=publication_year",1,0.0001,4158,0.4158
2026-09-28T11:47:16.252981+00:00,"https://api.openalex.org/works?filter=title_and_abstract.search.exact:""female+hybrids""&group_by=publication_year",1,0.0001,4157,0.4157
2026-09-28T11:47:16.316528+00:00,"https://api.openalex.org/works?filter=title_and_abstract.search.exact:""popular+photocatalyst""&group_by=publication_year",1,0.0001,4156,0.4156
2026-09-28T11:47:16.430963+00:00,"https://api.openalex.org/works?filter=title_and_abstract.search.exact:""chest+blockage+treatment""&group_by=publication_year",1,0.0001,4155,0.4155
2026-09-28T11:47:16.519241+00:00,"https://api.openalex.org/works?filter=title_and_abstract.search.exact:""regional+biofuels""&group_by=publication_year",1,0.0001,4154,0.4154
2026-09-28T11:47:16.620371+00:00,"https://api.openalex.org/works?filter=title_and_abstract.search.exact:""WS+-+PGRADE""&group_by=publication_year",1,0.0001,4152,0.4152
2026-09-28T11:47:16.842186+00:00,"https://api.openalex.org/works?filter=title_and_abstract.search.exact:""scientific+areas""&group_by=publication_year",1,0.0001,4153,0.4153
2026-09-28T11:47:16.932367+00:00,"https://api.openalex.org/works?filter=title_and_abstract.search.exact:""urban+transport+modelling""&group_by=publication_year",1,0.0001,4151,0.4151
2026-09-28T11:47:17.019588+00:00,"https://api.openalex.org/works?filter=title_and_abstract.search.exact:""varying+tacticity""&group_by=publication_year",1,0.0001,4150,0.415
2026-09-28T11:47:17.171444+00:00,"https://api.openalex.org/works?filter=title_and_abstract.search.exact:""Finally+siRNA+-+mediated+silencing""&group_by=publication_year",1,0.0001,4149,0.4149
2026-09-28T11:47:17.271823+00:00,"https://api.openalex.org/works?filter=title_and_abstract.search.exact:""fiscal+transparency""&group_by=publication_year",1,0.0001,4148,0.4148
2026-09-28T11:47:17.332936+00:00,"https://api.openalex.org/works?filter=title_and_abstract.search.exact:""prosthetically+restored+non+-+vital+teeth""&group_by=publication_year",1,0.0001,4147,0.4147
2026-09-28T11:47:17.751224+00:00,"https://api.openalex.org/works?filter=title_and_abstract.search.exact:""general+laboratory+use""&group_by=publication_year",1,0.0001,4145,0.4145
2026-09-28T11:47:17.819803+00:00,"https://api.openalex.org/works?filter=title_and_abstract.search.exact:""neuropeptide+Y+levels""&group_by=publication_year",1,0.0001,4144,0.4144
2026-09-28T11:47:17.929344+00:00,"https://api.openalex.org/works?filter=title_and_abstract.search.exact:""symmetry+-+depicted+channels""&group_by=publication_year",1,0.0001,4142,0.4142
2026-09-28T11:47:18.066553+00:00,"https://api.openalex.org/works?filter=title_and_abstract.search.exact:""educational+and+research+purposes""&group_by=publication_year",1,0.0001,4146,0.4146
2026-09-28T11:47:18.092193+00:00,"https://api.openalex.org/works?filter=title_and_abstract.search.exact:""outcome+analyses""&group_by=publication_year",1,0.0001,4143,0.4143
2026-09-28T11:47:18.217059+00:00,"https://api.openalex.org/works?filter=title_and_abstract.search.exact:""scalable+and+viable+microalgae+industry""&group_by=publication_year",1,0.0001,4140,0.414
2026-09-28T11:47:18.299483+00:00,"https://api.openalex.org/works?filter=title_and_abstract.search.exact:""development+%2F+progress""&group_by=publication_year",1,0.0001,4141,0.4141
2026-09-28T11:47:18.462911+00:00,"https://api.openalex.org/works?filter=title_and_abstract.search.exact:""bit+RGB+-+colour+system""&group_by=publication_year",1,0.0001,4138,0.4138
2026-09-28T11:47:18.571415+00:00,"https://api.openalex.org/works?filter=title_and_abstract.search.exact:""environmental+and+endogenous+factors""&group_by=publication_year",1,0.0001,4139,0.4139
2026-09-28T11:47:18.658475+00:00,"https://api.openalex.org/works?filter=title_and_abstract.search.exact:""phytoplankton%E2%80%90based+food+web""&group_by=publication_year",1,0.0001,4137,0.4137
2026-09-28T11:47:18.717258+00:00,"https://api.openalex.org/works?filter=title_and_abstract.search.exact:""Output+tracking+and+disturbance+rejection""&group_by=publication_year",1,0.0001,4136,0.4136
2026-09-28T11:47:18.736735+00:00,"https://api.openalex.org/works?filter=title_and_abstract.search.exact:""Safety+Laboratories+Management""&group_by=publication_year",1,0.0001,4135,0.4135
2026-09-28T11:47:18.841898+00:00,"https://api.openalex.org/works?filter=title_and_abstract.search.exact:""experimental+ratcheting+life""&group_by=publication_year",1,0.0001,4134,0.4134
2026-09-28T11:47:18.926983+00:00,"https://api.openalex.org/works?filter=title_and_abstract.search.exact:""allowed+fly+ash+replacing+amount""&group_by=publication_year",1,0.0001,4133,0.4133
2026-09-28T11:47:18.986089+00:00,"https://api.openalex.org/works?filter=title_and_abstract.search.exact:""pre+-+stack+algorithms""&group_by=publication_year",1,0.0001,4132,0.4132
2026-09-28T11:47:19.140237+00:00,"https://api.openalex.org/works?filter=title_and_abstract.search.exact:""MANET+security""&group_by=publication_year",1,0.0001,4131,0.4131
2026-09-28T11:47:19.230371+00:00,"https://api.openalex.org/works?filter=title_and_abstract.search.exact:""Metrical+explorations""&group_by=publication_year",1,0.0001,4130,0.413
2026-09-28T11:47:19.294178+00:00,"https://api.openalex.org/works?filter=title_and_abstract.search.exact:""rapidly+racemizing+precursors""&group_by=publication_year",1,0.0001,4129,0.4129
2026-09-28T11:47:19.467611+00:00,"https://api.openalex.org/works?filter=title_and_abstract.search.exact:""rearing+procedure""&group_by=publication_year",1,0.0001,4128,0.4128
2026-09-28T11:47:19.579257+00:00,"https://api.openalex.org/works?filter=title_and_abstract.search.exact:""scale+future+empirical+researches""&group_by=publication_year",1,0.0001,4127,0.4127
2026-09-28T11:47:19.721898+00:00,"https://api.openalex.org/works?filter=title_and_abstract.search.exact:""runaway+growth""&group_by=publication_year",1,0.0001,4126,0.4126
2026-09-28T11:47:19.778222+00:00,"https://api.openalex.org/works?filter=title_and_abstract.search.exact:""DKD+tree""&group_by=publication_year",1,0.0001,4125,0.4125
2026-09-28T11:47:19.926028+00:00,"https://api.openalex.org/works?filter=title_and_abstract.search.exact:""glaciated+regions""&group_by=publication_year",1,0.0001,4124,0.4124
2026-09-28T11:47:20.117385+00:00,"https://api.openalex.org/works?filter=title_and_abstract.search.exact:""FNMOC""&group_by=publication_year",1,0.0001,4122,0.4122
2026-09-28T11:47:20.137743+00:00,"https://api.openalex.org/works?filter=title_and_abstract.search.exact:""South+African+higher+education+landscape""&group_by=publication_year",1,0.0001,4123,0.4123
2026-09-28T11:47:20.363242+00:00,"https://api.openalex.org/works?filter=title_and_abstract.search.exact:""L-Arg+%2Fnitric+oxide""&group_by=publication_year",1,0.0001,4121,0.4121
2026-09-28T11:47:20.532932+00:00,"https://api.openalex.org/works?filter=title_and_abstract.search.exact:""budget+deficit+entail+macroeconomic+costs""&group_by=publication_year",1,0.0001,4120,0.412
2026-09-28T11:47:20.663017+00:00,"https://api.openalex.org/works?filter=title_and_abstract.search.exact:""BINOL+-+derived+chiral+diphosphinite""&group_by=publication_year",1,0.0001,4118,0.4118
2026-09-28T11:47:20.692690+00:00,"https://api.openalex.org/works?filter=title_and_abstract.search.exact:""unmanned+ground+vehicle+system""&group_by=publication_year",1,0.0001,4119,0.4119
2026-09-28T11:47:20.817743+00:00,"https://api.openalex.org/works?filter=title_and_abstract.search.exact:""mandatory+schemes""&group_by=publication_year",1,0.0001,4117,0.4117
2026-09-28T11:47:20.929281+00:00,"https://api.openalex.org/works?filter=title_and_abstract.search.exact:""percentage+ownership""&group_by=publication_year",1,0.0001,4116,0.4116
2026-09-28T11:47:21.050484+00:00,"https://api.openalex.org/works?filter=title_and_abstract.search.exact:""prepared+DLC+layers+satisfy+requirements""&group_by=publication_year",1,0.0001,4115,0.4115
2026-09-28T11:47:21.260867+00:00,"https://api.openalex.org/works?filter=title_and_abstract.search.exact:""sialidase+digestion""&group_by=publication_year",1,0.0001,4114,0.4114
2026-09-28T11:47:21.442189+00:00,"https://api.openalex.org/works?filter=title_and_abstract.search.exact:""surface+water%E2%80%90derived+NDOM""&group_by=publication_year",1,0.0001,4112,0.4112
2026-09-28T11:47:21.516729+00:00,"https://api.openalex.org/works?filter=title_and_abstract.search.exact:""RAAS+inhibitors""&group_by=publication_year",1,0.0001,4111,0.4111
2026-09-28T11:47:21.541971+00:00,"https://api.openalex.org/works?filter=title_and_abstract.search.exact:""Information+Technology+and+Science+Quantitative""&group_by=publication_year",1,0.0001,4113,0.4113
2026-09-28T11:47:21.666536+00:00,"https://api.openalex.org/works?filter=title_and_abstract.search.exact:""MARS+domains""&group_by=publication_year",1,0.0001,4109,0.4109
2026-09-28T11:47:21.699458+00:00,"https://api.openalex.org/works?filter=title_and_abstract.search.exact:""background+locations""&group_by=publication_year",1,0.0001,4110,0.411
2026-09-28T11:47:21.818849+00:00,"https://api.openalex.org/works?filter=title_and_abstract.search.exact:""conjugacy+class+sizes""&group_by=publication_year",1,0.0001,4108,0.4108
2026-09-28T11:47:21.885781+00:00,"https://api.openalex.org/works?filter=title_and_abstract.search.exact:""Landau+electrons""&group_by=publication_year",1,0.0001,4107,0.4107
2026-09-28T11:47:22.058625+00:00,"https://api.openalex.org/works?filter=title_and_abstract.search.exact:""Participants+%27+knowledge""&group_by=publication_year",1,0.0001,4106,0.4106
2026-09-28T11:47:22.119214+00:00,"https://api.openalex.org/works?filter=title_and_abstract.search.exact:""frontal+accretion""&group_by=publication_year",1,0.0001,4105,0.4105
2026-09-28T11:47:22.218950+00:00,"https://api.openalex.org/works?filter=title_and_abstract.search.exact:""commercial+chicken+flocks""&group_by=publication_year",1,0.0001,4104,0.4104
2026-09-28T11:47:22.418490+00:00,"https://api.openalex.org/works?filter=title_and_abstract.search.exact:""categorical+attribute+domain""&group_by=publication_year",1,0.0001,4103,0.4103
2026-09-28T11:47:22.527088+00:00,"https://api.openalex.org/works?filter=title_and_abstract.search.exact:""sodium+and+hydrogen+ions""&group_by=publication_year",1,0.0001,4102,0.4102
2026-09-28T11:47:22.553283+00:00,"https://api.openalex.org/works?filter=title_and_abstract.search.exact:""CD4+-+independent+SIV+variants""&group_by=publication_year",1,0.0001,4101,0.4101
2026-09-28T11:47:22.735797+00:00,"https://api.openalex.org/works?filter=title_and_abstract.search.exact:""working+-+side+superficial+masseter""&group_by=publication_year",1,0.0001,4100,0.41
2026-09-28T11:47:22.875465+00:00,"https://api.openalex.org/works?filter=title_and_abstract.search.exact:""intensive+swine+operation""&group_by=publication_year",1,0.0001,4099,0.4099
2026-09-28T11:47:22.952294+00:00,"https://api.openalex.org/works?filter=title_and_abstract.search.exact:""inter+-+hemispheric+cost""&group_by=publication_year",1,0.0001,4098,0.4098
2026-09-28T11:47:23.047229+00:00,"https://api.openalex.org/works?filter=title_and_abstract.search.exact:""gait+assessment+component""&group_by=publication_year",1,0.0001,4097,0.4097
2026-09-28T11:47:23.134175+00:00,"https://api.openalex.org/works?filter=title_and_abstract.search.exact:""generalized+local+composition+model""&group_by=publication_year",1,0.0001,4096,0.4096
2026-09-28T11:47:23.292081+00:00,"https://api.openalex.org/works?filter=title_and_abstract.search.exact:""aggressive+clinical+form""&group_by=publication_year",1,0.0001,4095,0.4095
2026-09-28T11:47:23.424282+00:00,"https://api.openalex.org/works?filter=title_and_abstract.search.exact:""Yi+language""&group_by=publication_year",1,0.0001,4094,0.4094
2026-09-28T11:47:23.651259+00:00,"https://api.openalex.org/works?filter=title_and_abstract.search.exact:""fractalkine+FKN+of+lung+tissues""&group_by=publication_year",1,0.0001,4093,0.4093
2026-09-28T11:47:23.689516+00:00,"https://api.openalex.org/works?filter=title_and_abstract.search.exact:""local+geological+conditions""&group_by=publication_year",1,0.0001,4092,0.4092
2026-09-28T11:47:23.722973+00:00,"https://api.openalex.org/works?filter=title_and_abstract.search.exact:""associative+experiences""&group_by=publication_year",1,0.0001,4091,0.4091
2026-09-28T11:47:23.897149+00:00,"https://api.openalex.org/works?filter=title_and_abstract.search.exact:""direct+intracellular+stimulation""&group_by=publication_year",1,0.0001,4090,0.409
2026-09-28T11:47:24.160145+00:00,"https://api.openalex.org/works?filter=title_and_abstract.search.exact:""selected+emission+wavelength""&group_by=publication_year",1,0.0001,4089,0.4089
2026-09-28T11:47:24.338283+00:00,"https://api.openalex.org/works?filter=title_and_abstract.search.exact:""fuze+system""&group_by=publication_year",1,0.0001,4087,0.4087
2026-09-28T11:47:24.360264+00:00,"https://api.openalex.org/works?filter=title_and_abstract.search.exact:""Short+program""&group_by=publication_year",1,0.0001,4088,0.4088
2026-09-28T11:47:24.453330+00:00,"https://api.openalex.org/works?filter=title_and_abstract.search.exact:""Heretofore+imitation""&group_by=publication_year",1,0.0001,4086,0.4086
2026-09-28T11:47:24.676138+00:00,"https://api.openalex.org/works?filter=title_and_abstract.search.exact:""single-input-single-output""&group_by=publication_year",1,0.0001,4085,0.4085
2026-09-28T11:47:24.717581+00:00,"https://api.openalex.org/works?filter=title_and_abstract.search.exact:""dihedral+defect+group""&group_by=publication_year",1,0.0001,4083,0.4083
2026-09-28T11:47:24.734187+00:00,"https://api.openalex.org/works?filter=title_and_abstract.search.exact:""application+-+layer+control+signaling+protocol""&group_by=publication_year",1,0.0001,4084,0.4084
2026-09-28T11:47:24.951614+00:00,"https://api.openalex.org/works?filter=title_and_abstract.search.exact:""Meaning+Part""&group_by=publication_year",1,0.0001,4082,0.4082
2026-09-28T11:47:25.029278+00:00,"https://api.openalex.org/works?filter=title_and_abstract.search.exact:""directivity+eff+ects""&group_by=publication_year",1,0.0001,4080,0.408
2026-09-28T11:47:25.124583+00:00,"https://api.openalex.org/works?filter=title_and_abstract.search.exact:""Islamic+theology""&group_by=publication_year",1,0.0001,4081,0.4081
2026-09-28T11:47:25.244209+00:00,"https://api.openalex.org/works?filter=title_and_abstract.search.exact:""ku+protein""&group_by=publication_year",1,0.0001,4079,0.4079
2026-09-28T11:47:25.350949+00:00,"https://api.openalex.org/works?filter=title_and_abstract.search.exact:""neighbouring+dislocations""&group_by=publication_year",1,0.0001,4078,0.4078
2026-09-28T11:47:25.390994+00:00,"https://api.openalex.org/works?filter=title_and_abstract.search.exact:""south+Swedish+coast""&group_by=publication_year",1,0.0001,4077,0.4077
2026-09-28T11:47:25.479392+00:00,"https://api.openalex.org/works?filter=title_and_abstract.search.exact:""nectophore+designation""&group_by=publication_year",1,0.0001,4076,0.4076
2026-09-28T11:47:25.821832+00:00,"https://api.openalex.org/works?filter=title_and_abstract.search.exact:""PTT+%2F+nano+-+CaCO3+composites""&group_by=publication_year",1,0.0001,4075,0.4075
2026-09-28T11:47:25.842893+00:00,"https://api.openalex.org/works?filter=title_and_abstract.search.exact:""sharply+increasing+amount""&group_by=publication_year",1,0.0001,4074,0.4074
2026-09-28T11:47:26.029171+00:00,"https://api.openalex.org/works?filter=title_and_abstract.search.exact:""hexamer+rings""&group_by=publication_year",1,0.0001,4073,0.4073
2026-09-28T11:47:26.116983+00:00,"https://api.openalex.org/works?filter=title_and_abstract.search.exact:""NIH+%2F+NICHD""&group_by=publication_year",1,0.0001,4072,0.4072
2026-09-28T11:47:26.355735+00:00,"https://api.openalex.org/works?filter=title_and_abstract.search.exact:""sufficient+Fe+diet""&group_by=publication_year",1,0.0001,4071,0.4071
2026-09-28T11:47:26.381230+00:00,"https://api.openalex.org/works?filter=title_and_abstract.search.exact:""RELAP5+computer+code""&group_by=publication_year",1,0.0001,4070,0.407
2026-09-28T11:47:26.617410+00:00,"https://api.openalex.org/works?filter=title_and_abstract.search.exact:""Multiattribute+Routing+Scheme""&group_by=publication_year",1,0.0001,4068,0.4068
2026-09-28T11:47:26.697735+00:00,"https://api.openalex.org/works?filter=title_and_abstract.search.exact:""mixed+raw+oil""&group_by=publication_year",1,0.0001,4069,0.4069
2026-09-28T11:47:26.739187+00:00,"https://api.openalex.org/works?filter=title_and_abstract.search.exact:""NGOs+regulations""&group_by=publication_year",1,0.0001,4066,0.4066
2026-09-28T11:47:26.934055+00:00,"https://api.openalex.org/works?filter=title_and_abstract.search.exact:""pendulous+pinnae""&group_by=publication_year",1,0.0001,4064,0.4064
2026-09-28T11:47:26.962475+00:00,"https://api.openalex.org/works?filter=title_and_abstract.search.exact:""predicted+functional+consequences""&group_by=publication_year",1,0.0001,4065,0.4065
2026-09-28T11:47:26.985573+00:00,"https://api.openalex.org/works?filter=title_and_abstract.search.exact:""intermediate+image""&group_by=publication_year",1,0.0001,4067,0.4067
2026-09-28T11:47:27.286854+00:00,"https://api.openalex.org/works?filter=title_and_abstract.search.exact:""Lyapunov+function+method""&group_by=publication_year",1,0.0001,4063,0.4063
2026-09-28T11:47:27.324188+00:00,"https://api.openalex.org/works?filter=title_and_abstract.search.exact:""radioactive+nuclide+migration""&group_by=publication_year",1,0.0001,4061,0.4061
2026-09-28T11:47:27.418880+00:00,"https://api.openalex.org/works?filter=title_and_abstract.search.exact:""degree+equation+curve""&group_by=publication_year",1,0.0001,4062,0.4062
2026-09-28T11:47:27.458770+00:00,"https://api.openalex.org/works?filter=title_and_abstract.search.exact:""polyketide+assembly""&group_by=publication_year",1,0.0001,4059,0.4059
2026-09-28T11:47:27.488369+00:00,"https://api.openalex.org/works?filter=title_and_abstract.search.exact:""AEWMI""&group_by=publication_year",1,0.0001,4058,0.4058
2026-09-28T11:47:27.522387+00:00,"https://api.openalex.org/works?filter=title_and_abstract.search.exact:""sociocultural+and+political+economic+implications""&group_by=publication_year",1,0.0001,4060,0.406
2026-09-28T11:47:27.827431+00:00,"https://api.openalex.org/works?filter=title_and_abstract.search.exact:""Co%E2%80%90application""&group_by=publication_year",1,0.0001,4057,0.4057
2026-09-28T11:47:28.075848+00:00,"https://api.openalex.org/works?filter=title_and_abstract.search.exact:""anti+-+CD1d+treatment""&group_by=publication_year",1,0.0001,4055,0.4055
2026-09-28T11:47:28.123796+00:00,"https://api.openalex.org/works?filter=title_and_abstract.search.exact:""Ultrasound+Assisted+Synthesis""&group_by=publication_year",1,0.0001,4056,0.4056
2026-09-28T11:47:28.291672+00:00,"https://api.openalex.org/works?filter=title_and_abstract.search.exact:""Jena+-+based+architecture""&group_by=publication_year",1,0.0001,4053,0.4053
2026-09-28T11:47:28.323128+00:00,"https://api.openalex.org/works?filter=title_and_abstract.search.exact:""ASP.NET+2.0+new+technology""&group_by=publication_year",1,0.0001,4054,0.4054
2026-09-28T11:47:28.665539+00:00,"https://api.openalex.org/works?filter=title_and_abstract.search.exact:""charge+exchange+collisions""&group_by=publication_year",1,0.0001,4051,0.4051
2026-09-28T11:47:28.687697+00:00,"https://api.openalex.org/works?filter=title_and_abstract.search.exact:""calibration+and+validation+activities""&group_by=publication_year",1,0.0001,4052,0.4052
2026-09-28T11:47:28.730568+00:00,"https://api.openalex.org/works?filter=title_and_abstract.search.exact:""established+Haemonchus+contortus+populations""&group_by=publication_year",1,0.0001,4050,0.405
2026-09-28T11:47:28.918496+00:00,"https://api.openalex.org/works?filter=title_and_abstract.search.exact:""classical+lamination+theory""&group_by=publication_year",1,0.0001,4048,0.4048
2026-09-28T11:47:28.945746+00:00,"https://api.openalex.org/works?filter=title_and_abstract.search.exact:""amultipfactorial+chronic+inflammatory+skin+disease""&group_by=publication_year",1,0.0001,4047,0.4047
2026-09-28T11:47:29.087259+00:00,"https://api.openalex.org/works?filter=title_and_abstract.search.exact:""temperature+-+holding+time""&group_by=publication_year",1,0.0001,4049,0.4049
2026-09-28T11:47:29.171956+00:00,"https://api.openalex.org/works?filter=title_and_abstract.search.exact:""intermittent+hypoxia+exposure+programme""&group_by=publication_year",1,0.0001,4046,0.4046
2026-09-28T11:47:29.341896+00:00,"https://api.openalex.org/works?filter=title_and_abstract.search.exact:""ferroelectric+compositions""&group_by=publication_year",1,0.0001,4044,0.4044
2026-09-28T11:47:29.543609+00:00,"https://api.openalex.org/works?filter=title_and_abstract.search.exact:""diabetic+retinopathy+images""&group_by=publication_year",1,0.0001,4045,0.4045
2026-09-28T11:47:29.619200+00:00,"https://api.openalex.org/works?filter=title_and_abstract.search.exact:""left+temporoparietal+and+ventral+occipitotemporal+regions""&group_by=publication_year",1,0.0001,4043,0.4043
2026-09-28T11:47:29.755469+00:00,"https://api.openalex.org/works?filter=title_and_abstract.search.exact:""seed+potato+program""&group_by=publication_year",1,0.0001,4042,0.4042
2026-09-28T11:47:29.960317+00:00,"https://api.openalex.org/works?filter=title_and_abstract.search.exact:""ns+%2F+pixel""&group_by=publication_year",1,0.0001,4041,0.4041
2026-09-28T11:47:30.042560+00:00,"https://api.openalex.org/works?filter=title_and_abstract.search.exact:""HupK+structure""&group_by=publication_year",1,0.0001,4038,0.4038
2026-09-28T11:47:30.118723+00:00,"https://api.openalex.org/works?filter=title_and_abstract.search.exact:""single+-+dimensional+model""&group_by=publication_year",1,0.0001,4040,0.404
2026-09-28T11:47:30.187202+00:00,"https://api.openalex.org/works?filter=title_and_abstract.search.exact:""cerebellum+and+hippocampal+neurons""&group_by=publication_year",1,0.0001,4039,0.4039
2026-09-28T11:47:30.317975+00:00,"https://api.openalex.org/works?filter=title_and_abstract.search.exact:""frequency+interharmonics""&group_by=publication_year",1,0.0001,4037,0.4037
2026-09-28T11:47:30.358735+00:00,"https://api.openalex.org/works?filter=title_and_abstract.search.exact:""principal+medical+officer""&group_by=publication_year",1,0.0001,4036,0.4036
2026-09-28T11:47:30.467237+00:00,"https://api.openalex.org/works?filter=title_and_abstract.search.exact:""evidence+-+based+hepatoprotective+agents""&group_by=publication_year",1,0.0001,4035,0.4035
2026-09-28T11:47:30.923852+00:00,"https://api.openalex.org/works?filter=title_and_abstract.search.exact:""magnetic+field+induction""&group_by=publication_year",1,0.0001,4034,0.4034
2026-09-28T11:47:30.957270+00:00,"https://api.openalex.org/works?filter=title_and_abstract.search.exact:""Royal+Prince+Alfred+Hospital+Diabetes+Centre""&group_by=publication_year",1,0.0001,4032,0.4032
2026-09-28T11:47:30.983110+00:00,"https://api.openalex.org/works?filter=title_and_abstract.search.exact:""homogeneous+aqueous+conditions""&group_by=publication_year",1,0.0001,4030,0.403
2026-09-28T11:47:31.022556+00:00,"https://api.openalex.org/works?filter=title_and_abstract.search.exact:""auxin+transport""&group_by=publication_year",1,0.0001,4033,0.4033
2026-09-28T11:47:31.055405+00:00,"https://api.openalex.org/works?filter=title_and_abstract.search.exact:""discolored+fluorosed+enamel""&group_by=publication_year",1,0.0001,4029,0.4029
2026-09-28T11:47:31.117228+00:00,"https://api.openalex.org/works?filter=title_and_abstract.search.exact:""emerging+research+agenda""&group_by=publication_year",1,0.0001,4031,0.4031
2026-09-28T11:47:31.217656+00:00,"https://api.openalex.org/works?filter=title_and_abstract.search.exact:""leu+Patients""&group_by=publication_year",1,0.0001,4028,0.4028
2026-09-28T11:47:31.316740+00:00,"https://api.openalex.org/works?filter=title_and_abstract.search.exact:""open+situation""&group_by=publication_year",1,0.0001,4027,0.4027
2026-09-28T11:47:31.377106+00:00,"https://api.openalex.org/works?filter=title_and_abstract.search.exact:""Tidal+Current+and+Sediment+Transport""&group_by=publication_year",1,0.0001,4026,0.4026
2026-09-28T11:47:31.563634+00:00,"https://api.openalex.org/works?filter=title_and_abstract.search.exact:""Results+LVEF""&group_by=publication_year",1,0.0001,4025,0.4025
2026-09-28T11:47:31.777062+00:00,"https://api.openalex.org/works?filter=title_and_abstract.search.exact:""Haitian+ethnology""&group_by=publication_year",1,0.0001,4022,0.4022
2026-09-28T11:47:31.796931+00:00,"https://api.openalex.org/works?filter=title_and_abstract.search.exact:""close+mother+-+infant+contact""&group_by=publication_year",1,0.0001,4024,0.4024
2026-09-28T11:47:31.835473+00:00,"https://api.openalex.org/works?filter=title_and_abstract.search.exact:""Chromosomal+marks""&group_by=publication_year",1,0.0001,4023,0.4023
2026-09-28T11:47:31.855913+00:00,"https://api.openalex.org/works?filter=title_and_abstract.search.exact:""fermenta-+tion+process""&group_by=publication_year",1,0.0001,4021,0.4021
2026-09-28T11:47:31.981458+00:00,"https://api.openalex.org/works?filter=title_and_abstract.search.exact:""Ventricular+-+Peritoneal+Shunt""&group_by=publication_year",1,0.0001,4020,0.402
2026-09-28T11:47:32.142243+00:00,"https://api.openalex.org/works?filter=title_and_abstract.search.exact:""cold+bath""&group_by=publication_year",1,0.0001,4019,0.4019
2026-09-28T11:47:32.269205+00:00,"https://api.openalex.org/works?filter=title_and_abstract.search.exact:""Crop+Sci""&group_by=publication_year",1,0.0001,4018,0.4018
2026-09-28T11:47:32.526507+00:00,"https://api.openalex.org/works?filter=title_and_abstract.search.exact:""adiabatic+evolution""&group_by=publication_year",1,0.0001,4017,0.4017
2026-09-28T11:47:32.832847+00:00,"https://api.openalex.org/works?filter=title_and_abstract.search.exact:""bearing+elements""&group_by=publication_year",1,0.0001,4016,0.4016
2026-09-28T11:47:33.020987+00:00,"https://api.openalex.org/works?filter=title_and_abstract.search.exact:""clinical+categories""&group_by=publication_year",1,0.0001,4015,0.4015
2026-09-28T11:47:33.039428+00:00,"https://api.openalex.org/works?filter=title_and_abstract.search.exact:""median+KF+value""&group_by=publication_year",1,0.0001,4014,0.4014
2026-09-28T11:47:33.134486+00:00,"https://api.openalex.org/works?filter=title_and_abstract.search.exact:""SREBP1""&group_by=publication_year",1,0.0001,4013,0.4013
2026-09-28T11:47:33.591546+00:00,"https://api.openalex.org/works?filter=title_and_abstract.search.exact:""target+-+context+pair""&group_by=publication_year",1,0.0001,4012,0.4012
2026-09-28T11:47:33.632514+00:00,"https://api.openalex.org/works?filter=title_and_abstract.search.exact:""highly+educated+high+-+income""&group_by=publication_year",1,0.0001,4011,0.4011
2026-09-28T11:47:33.653088+00:00,"https://api.openalex.org/works?filter=title_and_abstract.search.exact:""nonoverlapping+spikes""&group_by=publication_year",1,0.0001,4010,0.401
2026-09-28T11:47:33.683493+00:00,"https://api.openalex.org/works?filter=title_and_abstract.search.exact:""royal+sainthood""&group_by=publication_year",1,0.0001,4009,0.4009
2026-09-28T11:47:33.877535+00:00,"https://api.openalex.org/works?filter=title_and_abstract.search.exact:""concatenated+genes""&group_by=publication_year",1,0.0001,4008,0.4008
2026-09-28T11:47:34.021850+00:00,"https://api.openalex.org/works?filter=title_and_abstract.search.exact:""AsMg+%E2%80%93apatite""&group_by=publication_year",1,0.0001,4005,0.4005
2026-09-28T11:47:34.173014+00:00,"https://api.openalex.org/works?filter=title_and_abstract.search.exact:""Laminaria+japonica+polysaccharides""&group_by=publication_year",1,0.0001,4003,0.4003
2026-09-28T11:47:34.227042+00:00,"https://api.openalex.org/works?filter=title_and_abstract.search.exact:""eukaryotic+expression+plamid""&group_by=publication_year",1,0.0001,4001,0.4001
2026-09-28T11:47:34.246568+00:00,"https://api.openalex.org/works?filter=title_and_abstract.search.exact:""prototype+polarization+controllers""&group_by=publication_year",1,0.0001,4002,0.4002
2026-09-28T11:47:34.267083+00:00,"https://api.openalex.org/works?filter=title_and_abstract.search.exact:""known+human+and+mouse+genes""&group_by=publication_year",1,0.0001,4007,0.4007
2026-09-28T11:47:34.296604+00:00,"https://api.openalex.org/works?filter=title_and_abstract.search.exact:""worse+quality""&group_by=publication_year",1,0.0001,4006,0.4006
2026-09-28T11:47:34.334443+00:00,"https://api.openalex.org/works?filter=title_and_abstract.search.exact:""carbonate+mineral+phases""&group_by=publication_year",1,0.0001,4004,0.4004
2026-09-28T11:47:34.519352+00:00,"https://api.openalex.org/works?filter=title_and_abstract.search.exact:""tumor+-+initiating+cells""&group_by=publication_year",1,0.0001,4000,0.4
2026-09-28T11:47:34.544170+00:00,"https://api.openalex.org/works?filter=title_and_abstract.search.exact:""modern+vegetation+cover""&group_by=publication_year",1,0.0001,3999,0.3999
2026-09-28T11:47:34.630625+00:00,"https://api.openalex.org/works?filter=title_and_abstract.search.exact:""FLEXIBILITY+EXPERIMENTAL+TEST""&group_by=publication_year",1,0.0001,3998,0.3998
2026-09-28T11:47:34.747523+00:00,"https://api.openalex.org/works?filter=title_and_abstract.search.exact:""Antenna+selection""&group_by=publication_year",1,0.0001,3997,0.3997
2026-09-28T11:47:35.087676+00:00,"https://api.openalex.org/works?filter=title_and_abstract.search.exact:""FDA+-+approved+Cellsearch+%C2%AE+assay""&group_by=publication_year",1,0.0001,3995,0.3995
2026-09-28T11:47:35.196858+00:00,"https://api.openalex.org/works?filter=title_and_abstract.search.exact:""vascular+endothelial+dysfunction""&group_by=publication_year",1,0.0001,3996,0.3996
2026-09-28T11:47:35.359334+00:00,"https://api.openalex.org/works?filter=title_and_abstract.search.exact:""manager+substitutions""&group_by=publication_year",1,0.0001,3994,0.3994
2026-09-28T11:47:35.379088+00:00,"https://api.openalex.org/works?filter=title_and_abstract.search.exact:""SHEEP+SPINES""&group_by=publication_year",1,0.0001,3993,0.3993
2026-09-28T11:47:35.523990+00:00,"https://api.openalex.org/works?filter=title_and_abstract.search.exact:""correctness+problems""&group_by=publication_year",1,0.0001,3992,0.3992
2026-09-28T11:47:35.577142+00:00,"https://api.openalex.org/works?filter=title_and_abstract.search.exact:""Thyme""&group_by=publication_year",1,0.0001,3991,0.3991
2026-09-28T11:47:35.974796+00:00,"https://api.openalex.org/works?filter=title_and_abstract.search.exact:""life+span+enhancement""&group_by=publication_year",1,0.0001,3990,0.399
2026-09-28T11:47:36.038044+00:00,"https://api.openalex.org/works?filter=title_and_abstract.search.exact:""S.Lee+Dental+Care""&group_by=publication_year",1,0.0001,3988,0.3988
2026-09-28T11:47:36.155738+00:00,"https://api.openalex.org/works?filter=title_and_abstract.search.exact:""dose+cisplatin""&group_by=publication_year",1,0.0001,3989,0.3989
2026-09-28T11:47:36.241948+00:00,"https://api.openalex.org/works?filter=title_and_abstract.search.exact:""lottery+-+choice+experiment""&group_by=publication_year",1,0.0001,3985,0.3985
2026-09-28T11:47:36.271459+00:00,"https://api.openalex.org/works?filter=title_and_abstract.search.exact:""Clinical+examination+and+imaging+studies""&group_by=publication_year",1,0.0001,3987,0.3987
2026-09-28T11:47:36.318271+00:00,"https://api.openalex.org/works?filter=title_and_abstract.search.exact:""explorative+phase""&group_by=publication_year",1,0.0001,3984,0.3984
2026-09-28T11:47:36.437018+00:00,"https://api.openalex.org/works?filter=title_and_abstract.search.exact:""Cu%E2%80%90Catalyzed+Asymmetric+Henry+Reactions""&group_by=publication_year",1,0.0001,3986,0.3986
2026-09-28T11:47:36.577908+00:00,"https://api.openalex.org/works?filter=title_and_abstract.search.exact:""routine+task+proficiency""&group_by=publication_year",1,0.0001,3983,0.3983
2026-09-28T11:47:36.681935+00:00,"https://api.openalex.org/works?filter=title_and_abstract.search.exact:""mean+clinical+attachment+loss""&group_by=publication_year",1,0.0001,3982,0.3982
2026-09-28T11:47:36.718529+00:00,"https://api.openalex.org/works?filter=title_and_abstract.search.exact:""crestal+tissue""&group_by=publication_year",1,0.0001,3981,0.3981
2026-09-28T11:47:36.818034+00:00,"https://api.openalex.org/works?filter=title_and_abstract.search.exact:""hypothalamic+AgRP+innervation""&group_by=publication_year",1,0.0001,3980,0.398
2026-09-28T11:47:36.924080+00:00,"https://api.openalex.org/works?filter=title_and_abstract.search.exact:""BEM+codes""&group_by=publication_year",1,0.0001,3979,0.3979
2026-09-28T11:47:37.082084+00:00,"https://api.openalex.org/works?filter=title_and_abstract.search.exact:""affective+domain""&group_by=publication_year",1,0.0001,3978,0.3978
2026-09-28T11:47:37.692086+00:00,"https://api.openalex.org/works?filter=title_and_abstract.search.exact:""participants%E2%80%B2+health+behavior""&group_by=publication_year",1,0.0001,3977,0.3977
2026-09-28T11:47:37.819096+00:00,"https://api.openalex.org/works?filter=title_and_abstract.search.exact:""X+degenerates""&group_by=publication_year",1,0.0001,3976,0.3976
2026-09-28T11:47:37.845519+00:00,"https://api.openalex.org/works?filter=title_and_abstract.search.exact:""optimal+VirB+protein+accumulation""&group_by=publication_year",1,0.0001,3975,0.3975
2026-09-28T11:47:37.931201+00:00,"https://api.openalex.org/works?filter=title_and_abstract.search.exact:""viable+opposition+party""&group_by=publication_year",1,0.0001,3972,0.3972
2026-09-28T11:47:38.099065+00:00,"https://api.openalex.org/works?filter=title_and_abstract.search.exact:""robust+invisible+watermarking+scheme""&group_by=publication_year",1,0.0001,3973,0.3973
2026-09-28T11:47:38.142602+00:00,"https://api.openalex.org/works?filter=title_and_abstract.search.exact:""analog+switches""&group_by=publication_year",1,0.0001,3974,0.3974
2026-09-28T11:47:38.180291+00:00,"https://api.openalex.org/works?filter=title_and_abstract.search.exact:""percolation+model""&group_by=publication_year",1,0.0001,3970,0.397
2026-09-28T11:47:38.216930+00:00,"https://api.openalex.org/works?filter=title_and_abstract.search.exact:""detailed+application""&group_by=publication_year",1,0.0001,3971,0.3971
2026-09-28T11:47:38.239514+00:00,"https://api.openalex.org/works?filter=title_and_abstract.search.exact:""Ancova+correction""&group_by=publication_year",1,0.0001,3968,0.3968
2026-09-28T11:47:38.260838+00:00,"https://api.openalex.org/works?filter=title_and_abstract.search.exact:""maximal+enhancement""&group_by=publication_year",1,0.0001,3969,0.3969
2026-09-28T11:47:38.418113+00:00,"https://api.openalex.org/works?filter=title_and_abstract.search.exact:""resulting+hierarchical+TiO2+-+HNBs""&group_by=publication_year",1,0.0001,3966,0.3966
2026-09-28T11:47:38.438275+00:00,"https://api.openalex.org/works?filter=title_and_abstract.search.exact:""Mentha+spp""&group_by=publication_year",1,0.0001,3967,0.3967
2026-09-28T11:47:38.653248+00:00,"https://api.openalex.org/works?filter=title_and_abstract.search.exact:""floating+lag+time""&group_by=publication_year",1,0.0001,3965,0.3965
2026-09-28T11:47:38.947873+00:00,"https://api.openalex.org/works?filter=title_and_abstract.search.exact:""VAS+Anxiety+Inventory""&group_by=publication_year",1,0.0001,3963,0.3963
2026-09-28T11:47:38.966719+00:00,"https://api.openalex.org/works?filter=title_and_abstract.search.exact:""Dynamic+Traffic+Information""&group_by=publication_year",1,0.0001,3964,0.3964
2026-09-28T11:47:39.032941+00:00,"https://api.openalex.org/works?filter=title_and_abstract.search.exact:""bioinformatic+modelling""&group_by=publication_year",1,0.0001,3961,0.3961
2026-09-28T11:47:39.161416+00:00,"https://api.openalex.org/works?filter=title_and_abstract.search.exact:""UU+Josanmycin""&group_by=publication_year",1,0.0001,3959,0.3959
2026-09-28T11:47:39.182465+00:00,"https://api.openalex.org/works?filter=title_and_abstract.search.exact:""truly+associated+markers""&group_by=publication_year",1,0.0001,3960,0.396
2026-09-28T11:47:39.232412+00:00,"https://api.openalex.org/works?filter=title_and_abstract.search.exact:""Les%C3%B5es+podais""&group_by=publication_year",1,0.0001,3958,0.3958
2026-09-28T11:47:39.296898+00:00,"https://api.openalex.org/works?filter=title_and_abstract.search.exact:""central+and+western+Africa""&group_by=publication_year",1,0.0001,3962,0.3962
2026-09-28T11:47:39.417614+00:00,"https://api.openalex.org/works?filter=title_and_abstract.search.exact:""brain+DHA+metabolism""&group_by=publication_year",1,0.0001,3957,0.3957
2026-09-28T11:47:39.562622+00:00,"https://api.openalex.org/works?filter=title_and_abstract.search.exact:""shale+gas+resources""&group_by=publication_year",1,0.0001,3956,0.3956
2026-09-28T11:47:39.633497+00:00,"https://api.openalex.org/works?filter=title_and_abstract.search.exact:""storytelling+and+historical+evaluation""&group_by=publication_year",1,0.0001,3955,0.3955
2026-09-28T11:47:39.779290+00:00,"https://api.openalex.org/works?filter=title_and_abstract.search.exact:""accreting+neutron+stars""&group_by=publication_year",1,0.0001,3954,0.3954
2026-09-28T11:47:39.881930+00:00,"https://api.openalex.org/works?filter=title_and_abstract.search.exact:""general+recursive+types""&group_by=publication_year",1,0.0001,3953,0.3953
2026-09-28T11:47:40.073585+00:00,"https://api.openalex.org/works?filter=title_and_abstract.search.exact:""agriculture+food""&group_by=publication_year",1,0.0001,3952,0.3952
2026-09-28T11:47:40.219695+00:00,"https://api.openalex.org/works?filter=title_and_abstract.search.exact:""suitable+course""&group_by=publication_year",1,0.0001,3951,0.3951
2026-09-28T11:47:40.328272+00:00,"https://api.openalex.org/works?filter=title_and_abstract.search.exact:""Dynamic+Routing+%2F+Wavelength+Assignment+Algorithm""&group_by=publication_year",1,0.0001,3949,0.3949
2026-09-28T11:47:40.417522+00:00,"https://api.openalex.org/works?filter=title_and_abstract.search.exact:""hybrid+automatic+repeat+request""&group_by=publication_year",1,0.0001,3950,0.395
2026-09-28T11:47:40.541861+00:00,"https://api.openalex.org/works?filter=title_and_abstract.search.exact:""isoflurane+-+inoxygen""&group_by=publication_year",1,0.0001,3947,0.3947
2026-09-28T11:47:40.559587+00:00,"https://api.openalex.org/works?filter=title_and_abstract.search.exact:""CT+reconstruction+process""&group_by=publication_year",1,0.0001,3948,0.3948
2026-09-28T11:47:40.833568+00:00,"https://api.openalex.org/works?filter=title_and_abstract.search.exact:""phasic+stage""&group_by=publication_year",1,0.0001,3945,0.3945
2026-09-28T11:47:40.865965+00:00,"https://api.openalex.org/works?filter=title_and_abstract.search.exact:""fruit+plantations""&group_by=publication_year",1,0.0001,3946,0.3946
2026-09-28T11:47:41.285564+00:00,"https://api.openalex.org/works?filter=title_and_abstract.search.exact:""nitric+oxide+-+mediated+regulation""&group_by=publication_year",1,0.0001,3944,0.3944
2026-09-28T11:47:41.338355+00:00,"https://api.openalex.org/works?filter=title_and_abstract.search.exact:""stacking+phenomena""&group_by=publication_year",1,0.0001,3941,0.3941
2026-09-28T11:47:41.459533+00:00,"https://api.openalex.org/works?filter=title_and_abstract.search.exact:""Chilean+population""&group_by=publication_year",1,0.0001,3943,0.3943
2026-09-28T11:47:41.483349+00:00,"https://api.openalex.org/works?filter=title_and_abstract.search.exact:""formal+changes""&group_by=publication_year",1,0.0001,3942,0.3942
2026-09-28T11:47:41.681970+00:00,"https://api.openalex.org/works?filter=title_and_abstract.search.exact:""estimated+analog+control+law""&group_by=publication_year",1,0.0001,3940,0.394
2026-09-28T11:47:42.032775+00:00,"https://api.openalex.org/works?filter=title_and_abstract.search.exact:""Known+immunotoxicants""&group_by=publication_year",1,0.0001,3936,0.3936
2026-09-28T11:47:42.121099+00:00,"https://api.openalex.org/works?filter=title_and_abstract.search.exact:""arm+motor+function+recovery""&group_by=publication_year",1,0.0001,3938,0.3938
2026-09-28T11:47:42.151181+00:00,"https://api.openalex.org/works?filter=title_and_abstract.search.exact:""non+-+sense+mediated+mRNA+decay""&group_by=publication_year",1,0.0001,3939,0.3939
2026-09-28T11:47:42.217486+00:00,"https://api.openalex.org/works?filter=title_and_abstract.search.exact:""young+compact+clusters""&group_by=publication_year",1,0.0001,3937,0.3937
2026-09-28T11:47:42.252960+00:00,"https://api.openalex.org/works?filter=title_and_abstract.search.exact:""in%E2%88%9Euence+domestic+in%E2%88%9Eation""&group_by=publication_year",1,0.0001,3935,0.3935
2026-09-28T11:47:42.333056+00:00,"https://api.openalex.org/works?filter=title_and_abstract.search.exact:""BASIC+PARADIGM""&group_by=publication_year",1,0.0001,3934,0.3934
2026-09-28T11:47:42.371809+00:00,"https://api.openalex.org/works?filter=title_and_abstract.search.exact:""upper+diamictite+-+dominated+unit""&group_by=publication_year",1,0.0001,3933,0.3933
2026-09-28T11:47:42.449305+00:00,"https://api.openalex.org/works?filter=title_and_abstract.search.exact:""G+serotype""&group_by=publication_year",1,0.0001,3932,0.3932
2026-09-28T11:47:42.531865+00:00,"https://api.openalex.org/works?filter=title_and_abstract.search.exact:""diverse+cohort""&group_by=publication_year",1,0.0001,3931,0.3931
2026-09-28T11:47:42.593963+00:00,"https://api.openalex.org/works?filter=title_and_abstract.search.exact:""multinodular+goitre""&group_by=publication_year",1,0.0001,3930,0.393
2026-09-28T11:47:42.759409+00:00,"https://api.openalex.org/works?filter=title_and_abstract.search.exact:""metaphor+emergent+structures""&group_by=publication_year",1,0.0001,3928,0.3928
2026-09-28T11:47:42.841319+00:00,"https://api.openalex.org/works?filter=title_and_abstract.search.exact:""Abstract+Fire%E2%80%90retardant+properties""&group_by=publication_year",1,0.0001,3929,0.3929
2026-09-28T11:47:42.869385+00:00,"https://api.openalex.org/works?filter=title_and_abstract.search.exact:""like+autoinhibitory+loop""&group_by=publication_year",1,0.0001,3927,0.3927
2026-09-28T11:47:42.919797+00:00,"https://api.openalex.org/works?filter=title_and_abstract.search.exact:""Shoreline+evolution""&group_by=publication_year",1,0.0001,3926,0.3926
2026-09-28T11:47:42.973671+00:00,"https://api.openalex.org/works?filter=title_and_abstract.search.exact:""ozone+evaluation""&group_by=publication_year",1,0.0001,3925,0.3925
2026-09-28T11:47:43.216376+00:00,"https://api.openalex.org/works?filter=title_and_abstract.search.exact:""long+-+term+logging+residues""&group_by=publication_year",1,0.0001,3924,0.3924
2026-09-28T11:47:43.318168+00:00,"https://api.openalex.org/works?filter=title_and_abstract.search.exact:""motorcycle+crash+injury+outcomes""&group_by=publication_year",1,0.0001,3923,0.3923
2026-09-28T11:47:43.428232+00:00,"https://api.openalex.org/works?filter=title_and_abstract.search.exact:""aggressive+subsets""&group_by=publication_year",1,0.0001,3922,0.3922
2026-09-28T11:47:43.558609+00:00,"https://api.openalex.org/works?filter=title_and_abstract.search.exact:""complex+causation""&group_by=publication_year",1,0.0001,3921,0.3921
2026-09-28T11:47:43.641598+00:00,"https://api.openalex.org/works?filter=title_and_abstract.search.exact:""andesite+-+basalt""&group_by=publication_year",1,0.0001,3920,0.392
2026-09-28T11:47:44.257154+00:00,"https://api.openalex.org/works?filter=title_and_abstract.search.exact:""empirical+interatomic+interaction+potential+functions""&group_by=publication_year",1,0.0001,3917,0.3917
2026-09-28T11:47:44.327007+00:00,"https://api.openalex.org/works?filter=title_and_abstract.search.exact:""declining+power""&group_by=publication_year",1,0.0001,3916,0.3916
2026-09-28T11:47:44.346918+00:00,"https://api.openalex.org/works?filter=title_and_abstract.search.exact:""fuzzy+competition+graphs""&group_by=publication_year",1,0.0001,3915,0.3915
2026-09-28T11:47:44.367788+00:00,"https://api.openalex.org/works?filter=title_and_abstract.search.exact:""primary+binding+and+conventional+serological+tests""&group_by=publication_year",1,0.0001,3918,0.3918
2026-09-28T11:47:44.424005+00:00,"https://api.openalex.org/works?filter=title_and_abstract.search.exact:""human+or+other+natural+origin""&group_by=publication_year",1,0.0001,3919,0.3919
2026-09-28T11:47:44.442967+00:00,"https://api.openalex.org/works?filter=title_and_abstract.search.exact:""Gauduchon+metrics+g""&group_by=publication_year",1,0.0001,3914,0.3914
2026-09-28T11:47:45.218872+00:00,"https://api.openalex.org/works?filter=title_and_abstract.search.exact:""characteristic+asymmetry""&group_by=publication_year",1,0.0001,3913,0.3913
2026-09-28T11:47:45.245461+00:00,"https://api.openalex.org/works?filter=title_and_abstract.search.exact:""deep+regression+test""&group_by=publication_year",1,0.0001,3911,0.3911
2026-09-28T11:47:45.518395+00:00,"https://api.openalex.org/works?filter=title_and_abstract.search.exact:""VLSI+architecture+designers""&group_by=publication_year",1,0.0001,3910,0.391
2026-09-28T11:47:45.770490+00:00,"https://api.openalex.org/works?filter=title_and_abstract.search.exact:""WT+and+nude+mice""&group_by=publication_year",1,0.0001,3909,0.3909
2026-09-28T11:47:45.817818+00:00,"https://api.openalex.org/works?filter=title_and_abstract.search.exact:""Surface+renewal+theory""&group_by=publication_year",1,0.0001,3908,0.3908
2026-09-28T11:47:45.840870+00:00,"https://api.openalex.org/works?filter=title_and_abstract.search.exact:""direct+palladium%E2%80%90free+catalytic+%CE%B1%E2%80%90allylic+alkylation""&group_by=publication_year",1,0.0001,3912,0.3912
2026-09-28T11:47:45.940439+00:00,"https://api.openalex.org/works?filter=title_and_abstract.search.exact:""chronic+actinic+dermatitis+-+like+presentation""&group_by=publication_year",1,0.0001,3907,0.3907
2026-09-28T11:47:45.999740+00:00,"https://api.openalex.org/works?filter=title_and_abstract.search.exact:""combined+chemotherapy+%2F+mistletoe+therapy""&group_by=publication_year",1,0.0001,3906,0.3906
2026-09-28T11:47:46.238953+00:00,"https://api.openalex.org/works?filter=title_and_abstract.search.exact:""rich+scattering+environments""&group_by=publication_year",1,0.0001,3905,0.3905
2026-09-28T11:47:46.262547+00:00,"https://api.openalex.org/works?filter=title_and_abstract.search.exact:""dead+grass+fuels""&group_by=publication_year",1,0.0001,3903,0.3903
2026-09-28T11:47:46.443253+00:00,"https://api.openalex.org/works?filter=title_and_abstract.search.exact:""host+irnmune+responses""&group_by=publication_year",1,0.0001,3901,0.3901
2026-09-28T11:47:46.474715+00:00,"https://api.openalex.org/works?filter=title_and_abstract.search.exact:""n+CuO+%2Fn+Al_2O_3""&group_by=publication_year",1,0.0001,3904,0.3904
2026-09-28T11:47:46.571757+00:00,"https://api.openalex.org/works?filter=title_and_abstract.search.exact:""ointment+vehicle""&group_by=publication_year",1,0.0001,3902,0.3902
2026-09-28T11:47:46.662274+00:00,"https://api.openalex.org/works?filter=title_and_abstract.search.exact:""CEO+resignations""&group_by=publication_year",1,0.0001,3898,0.3898
2026-09-28T11:47:46.686452+00:00,"https://api.openalex.org/works?filter=title_and_abstract.search.exact:""province+%27s+administration""&group_by=publication_year",1,0.0001,3900,0.39
2026-09-28T11:47:46.761217+00:00,"https://api.openalex.org/works?filter=title_and_abstract.search.exact:""N+-+acetyl+-+amino+acids""&group_by=publication_year",1,0.0001,3899,0.3899
2026-09-28T11:47:47.021117+00:00,"https://api.openalex.org/works?filter=title_and_abstract.search.exact:""thus+orientation""&group_by=publication_year",1,0.0001,3897,0.3897
2026-09-28T11:47:47.159216+00:00,"https://api.openalex.org/works?filter=title_and_abstract.search.exact:""analytical+distribution""&group_by=publication_year",1,0.0001,3896,0.3896
2026-09-28T11:47:47.188353+00:00,"https://api.openalex.org/works?filter=title_and_abstract.search.exact:""LR+-+WPAN+.It+aims""&group_by=publication_year",1,0.0001,3895,0.3895
2026-09-28T11:47:47.227630+00:00,"https://api.openalex.org/works?filter=title_and_abstract.search.exact:""Toeplitz+and+Hankel+operators""&group_by=publication_year",1,0.0001,3894,0.3894
2026-09-28T11:47:47.332404+00:00,"https://api.openalex.org/works?filter=title_and_abstract.search.exact:""aggressive+bone+destruction""&group_by=publication_year",1,0.0001,3893,0.3893
2026-09-28T11:47:47.389325+00:00,"https://api.openalex.org/works?filter=title_and_abstract.search.exact:""Chinese+nature+reserves""&group_by=publication_year",1,0.0001,3891,0.3891
2026-09-28T11:47:47.444104+00:00,"https://api.openalex.org/works?filter=title_and_abstract.search.exact:""pilot+epidemiologic+study""&group_by=publication_year",1,0.0001,3892,0.3892
2026-09-28T11:47:47.758103+00:00,"https://api.openalex.org/works?filter=title_and_abstract.search.exact:""mental+health+disabilities""&group_by=publication_year",1,0.0001,3890,0.389
2026-09-28T11:47:47.779502+00:00,"https://api.openalex.org/works?filter=title_and_abstract.search.exact:""argument+-+based+validation+framework""&group_by=publication_year",1,0.0001,3889,0.3889
2026-09-28T11:47:47.916290+00:00,"https://api.openalex.org/works?filter=title_and_abstract.search.exact:""reduction+formalism""&group_by=publication_year",1,0.0001,3888,0.3888
2026-09-28T11:47:47.941902+00:00,"https://api.openalex.org/works?filter=title_and_abstract.search.exact:""native+granular+starch""&group_by=publication_year",1,0.0001,3887,0.3887
2026-09-28T11:47:48.282312+00:00,"https://api.openalex.org/works?filter=title_and_abstract.search.exact:""chirality+-+directed+self+-+assembly""&group_by=publication_year",1,0.0001,3885,0.3885
2026-09-28T11:47:48.318818+00:00,"https://api.openalex.org/works?filter=title_and_abstract.search.exact:""Lujiatun+Unit""&group_by=publication_year",1,0.0001,3884,0.3884
2026-09-28T11:47:48.382397+00:00,"https://api.openalex.org/works?filter=title_and_abstract.search.exact:""naturally+anatomic+parts""&group_by=publication_year",1,0.0001,3883,0.3883
2026-09-28T11:47:48.454073+00:00,"https://api.openalex.org/works?filter=title_and_abstract.search.exact:""educational+information+system""&group_by=publication_year",1,0.0001,3886,0.3886
2026-09-28T11:47:48.619390+00:00,"https://api.openalex.org/works?filter=title_and_abstract.search.exact:""close+thermal+contact""&group_by=publication_year",1,0.0001,3882,0.3882
2026-09-28T11:47:48.776325+00:00,"https://api.openalex.org/works?filter=title_and_abstract.search.exact:""Maurice+Blanchot+%27s+fiction""&group_by=publication_year",1,0.0001,3881,0.3881
2026-09-28T11:47:48.889062+00:00,"https://api.openalex.org/works?filter=title_and_abstract.search.exact:""nonlexical+syllables""&group_by=publication_year",1,0.0001,3879,0.3879
2026-09-28T11:47:49.181792+00:00,"https://api.openalex.org/works?filter=title_and_abstract.search.exact:""permeability+levels""&group_by=publication_year",1,0.0001,3880,0.388
2026-09-28T11:47:49.226850+00:00,"https://api.openalex.org/works?filter=title_and_abstract.search.exact:""image+colorization""&group_by=publication_year",1,0.0001,3877,0.3877
2026-09-28T11:47:49.246152+00:00,"https://api.openalex.org/works?filter=title_and_abstract.search.exact:""potentially+pathogenic+bacteria""&group_by=publication_year",1,0.0001,3878,0.3878
2026-09-28T11:47:49.267577+00:00,"https://api.openalex.org/works?filter=title_and_abstract.search.exact:""prostheses+installation""&group_by=publication_year",1,0.0001,3876,0.3876
2026-09-28T11:47:49.454218+00:00,"https://api.openalex.org/works?filter=title_and_abstract.search.exact:""Species+essentialism""&group_by=publication_year",1,0.0001,3875,0.3875
2026-09-28T11:47:49.731694+00:00,"https://api.openalex.org/works?filter=title_and_abstract.search.exact:""former+Finance+Minister+P+Chidambaram""&group_by=publication_year",1,0.0001,3874,0.3874
2026-09-28T11:47:49.818070+00:00,"https://api.openalex.org/works?filter=title_and_abstract.search.exact:""rapid+advective+pathways""&group_by=publication_year",1,0.0001,3873,0.3873
2026-09-28T11:47:49.917641+00:00,"https://api.openalex.org/works?filter=title_and_abstract.search.exact:""maximal+weightlifting+protocol""&group_by=publication_year",1,0.0001,3872,0.3872
2026-09-28T11:47:50.076380+00:00,"https://api.openalex.org/works?filter=title_and_abstract.search.exact:""hexene+aldehyde""&group_by=publication_year",1,0.0001,3870,0.387
2026-09-28T11:47:50.117903+00:00,"https://api.openalex.org/works?filter=title_and_abstract.search.exact:""ventilation+protection+facilities""&group_by=publication_year",1,0.0001,3871,0.3871
2026-09-28T11:47:50.166219+00:00,"https://api.openalex.org/works?filter=title_and_abstract.search.exact:""Galega+orientalis+Lam""&group_by=publication_year",1,0.0001,3869,0.3869
2026-09-28T11:47:50.189210+00:00,"https://api.openalex.org/works?filter=title_and_abstract.search.exact:""modified+BENFLIELD+process""&group_by=publication_year",1,0.0001,3868,0.3868
2026-09-28T11:47:50.244009+00:00,"https://api.openalex.org/works?filter=title_and_abstract.search.exact:""Senegalese+healthcare+systems""&group_by=publication_year",1,0.0001,3867,0.3867
2026-09-28T11:47:50.393073+00:00,"https://api.openalex.org/works?filter=title_and_abstract.search.exact:""absolutely+parallel+development""&group_by=publication_year",1,0.0001,3866,0.3866
2026-09-28T11:47:50.527842+00:00,"https://api.openalex.org/works?filter=title_and_abstract.search.exact:""FLT3+mutation+status""&group_by=publication_year",1,0.0001,3865,0.3865
2026-09-28T11:47:50.546158+00:00,"https://api.openalex.org/works?filter=title_and_abstract.search.exact:""istibdal+waqf+property""&group_by=publication_year",1,0.0001,3864,0.3864
2026-09-28T11:47:50.737767+00:00,"https://api.openalex.org/works?filter=title_and_abstract.search.exact:""BRS""&group_by=publication_year",1,0.0001,3863,0.3863
2026-09-28T11:47:50.972287+00:00,"https://api.openalex.org/works?filter=title_and_abstract.search.exact:""Ethylene+-+Vinyl+Acetate+Copolymer+Matrix""&group_by=publication_year",1,0.0001,3862,0.3862
2026-09-28T11:47:50.991880+00:00,"https://api.openalex.org/works?filter=title_and_abstract.search.exact:""r%24-derivative+array+equations""&group_by=publication_year",1,0.0001,3861,0.3861
2026-09-28T11:47:51.077707+00:00,"https://api.openalex.org/works?filter=title_and_abstract.search.exact:""expected+vaccination+benefits""&group_by=publication_year",1,0.0001,3860,0.386
2026-09-28T11:47:51.280375+00:00,"https://api.openalex.org/works?filter=title_and_abstract.search.exact:""decision%E2%80%90making+platform""&group_by=publication_year",1,0.0001,3859,0.3859
2026-09-28T11:47:51.319203+00:00,"https://api.openalex.org/works?filter=title_and_abstract.search.exact:""attentional+deficits""&group_by=publication_year",1,0.0001,3858,0.3858
2026-09-28T11:47:51.521407+00:00,"https://api.openalex.org/works?filter=title_and_abstract.search.exact:""optimal+antibody""&group_by=publication_year",1,0.0001,3857,0.3857
2026-09-28T11:47:51.631918+00:00,"https://api.openalex.org/works?filter=title_and_abstract.search.exact:""specialist+opinion""&group_by=publication_year",1,0.0001,3855,0.3855
2026-09-28T11:47:51.693510+00:00,"https://api.openalex.org/works?filter=title_and_abstract.search.exact:""widely+used+oral+anticoagulant""&group_by=publication_year",1,0.0001,3856,0.3856
2026-09-28T11:47:51.781457+00:00,"https://api.openalex.org/works?filter=title_and_abstract.search.exact:""Western+Baltic+Spring+Spawning+Herring""&group_by=publication_year",1,0.0001,3854,0.3854
2026-09-28T11:47:51.887744+00:00,"https://api.openalex.org/works?filter=title_and_abstract.search.exact:""PIN""&group_by=publication_year",1,0.0001,3853,0.3853
2026-09-28T11:47:51.955721+00:00,"https://api.openalex.org/works?filter=title_and_abstract.search.exact:""orthogonality+formulas""&group_by=publication_year",1,0.0001,3852,0.3852
2026-09-28T11:47:52.195496+00:00,"https://api.openalex.org/works?filter=title_and_abstract.search.exact:""industrial+Ethernet+system""&group_by=publication_year",1,0.0001,3851,0.3851
2026-09-28T11:47:52.261957+00:00,"https://api.openalex.org/works?filter=title_and_abstract.search.exact:""hexene+molecules""&group_by=publication_year",1,0.0001,3850,0.385
2026-09-28T11:47:52.470737+00:00,"https://api.openalex.org/works?filter=title_and_abstract.search.exact:""mining+genome+databases""&group_by=publication_year",1,0.0001,3849,0.3849
2026-09-28T11:47:52.492654+00:00,"https://api.openalex.org/works?filter=title_and_abstract.search.exact:""AAVrh8+vectors""&group_by=publication_year",1,0.0001,3848,0.3848
2026-09-28T11:47:52.698115+00:00,"https://api.openalex.org/works?filter=title_and_abstract.search.exact:""Aqueous+Potassium%E2%80%90Ion+Batteries""&group_by=publication_year",1,0.0001,3847,0.3847
2026-09-28T11:47:52.986082+00:00,"https://api.openalex.org/works?filter=title_and_abstract.search.exact:""expected+crystallographic+relationships""&group_by=publication_year",1,0.0001,3845,0.3845
2026-09-28T11:47:53.024390+00:00,"https://api.openalex.org/works?filter=title_and_abstract.search.exact:""Solubility+Enhancementof+Flunarizine""&group_by=publication_year",1,0.0001,3844,0.3844
2026-09-28T11:47:53.044203+00:00,"https://api.openalex.org/works?filter=title_and_abstract.search.exact:""practice+challenges""&group_by=publication_year",1,0.0001,3846,0.3846
2026-09-28T11:47:53.220742+00:00,"https://api.openalex.org/works?filter=title_and_abstract.search.exact:""plasma+electrical+conductivity+model""&group_by=publication_year",1,0.0001,3843,0.3843
2026-09-28T11:47:53.537848+00:00,"https://api.openalex.org/works?filter=title_and_abstract.search.exact:""racial+disproportionality""&group_by=publication_year",1,0.0001,3840,0.384
2026-09-28T11:47:53.558871+00:00,"https://api.openalex.org/works?filter=title_and_abstract.search.exact:""InISAR+imaging""&group_by=publication_year",1,0.0001,3839,0.3839
2026-09-28T11:47:53.647730+00:00,"https://api.openalex.org/works?filter=title_and_abstract.search.exact:""Aphthous+ulcer+drug""&group_by=publication_year",1,0.0001,3841,0.3841
2026-09-28T11:47:53.752887+00:00,"https://api.openalex.org/works?filter=title_and_abstract.search.exact:""Reservoir+-+Type+Calcitriol+Transdermal+Patch""&group_by=publication_year",1,0.0001,3842,0.3842
2026-09-28T11:47:54.020868+00:00,"https://api.openalex.org/works?filter=title_and_abstract.search.exact:""channel+decomposition+scheme""&group_by=publication_year",1,0.0001,3838,0.3838
2026-09-28T11:47:54.599008+00:00,"https://api.openalex.org/works?filter=title_and_abstract.search.exact:""molecule+descriptors""&group_by=publication_year",1,0.0001,3835,0.3835
2026-09-28T11:47:54.666256+00:00,"https://api.openalex.org/works?filter=title_and_abstract.search.exact:""network+centric+architecture""&group_by=publication_year",1,0.0001,3837,0.3837
2026-09-28T11:47:54.727742+00:00,"https://api.openalex.org/works?filter=title_and_abstract.search.exact:""flat+storage""&group_by=publication_year",1,0.0001,3836,0.3836
2026-09-28T11:47:55.119202+00:00,"https://api.openalex.org/works?filter=title_and_abstract.search.exact:""CGR""&group_by=publication_year",1,0.0001,3830,0.383
2026-09-28T11:47:55.336741+00:00,"https://api.openalex.org/works?filter=title_and_abstract.search.exact:""ATP%2BHp%2BSAA%2B+group""&group_by=publication_year",1,0.0001,3834,0.3834
2026-09-28T11:47:55.365446+00:00,"https://api.openalex.org/works?filter=title_and_abstract.search.exact:""pro+-+apoptotic+Bax+expression""&group_by=publication_year",1,0.0001,3833,0.3833
2026-09-28T11:47:55.418459+00:00,"https://api.openalex.org/works?filter=title_and_abstract.search.exact:""B16F10+cells""&group_by=publication_year",1,0.0001,3831,0.3831
2026-09-28T11:47:55.723849+00:00,"https://api.openalex.org/works?filter=title_and_abstract.search.exact:""upregulated+EphA2""&group_by=publication_year",1,0.0001,3828,0.3828
2026-09-28T11:47:55.746975+00:00,"https://api.openalex.org/works?filter=title_and_abstract.search.exact:""Radix+rehmanniae+preparata""&group_by=publication_year",1,0.0001,3827,0.3827
2026-09-28T11:47:55.842610+00:00,"https://api.openalex.org/works?filter=title_and_abstract.search.exact:""ozone+treatment+time""&group_by=publication_year",1,0.0001,3832,0.3832
2026-09-28T11:47:55.865463+00:00,"https://api.openalex.org/works?filter=title_and_abstract.search.exact:""broader+philosophical+and+methodological+underpinnings""&group_by=publication_year",1,0.0001,3829,0.3829
2026-09-28T11:47:56.049508+00:00,"https://api.openalex.org/works?filter=title_and_abstract.search.exact:""personal+sports+habits""&group_by=publication_year",1,0.0001,3826,0.3826
2026-09-28T11:47:56.263361+00:00,"https://api.openalex.org/works?filter=title_and_abstract.search.exact:""mechatronic+products""&group_by=publication_year",1,0.0001,3825,0.3825
2026-09-28T11:47:56.479305+00:00,"https://api.openalex.org/works?filter=title_and_abstract.search.exact:""increasing+axial+load""&group_by=publication_year",1,0.0001,3823,0.3823
2026-09-28T11:47:56.498662+00:00,"https://api.openalex.org/works?filter=title_and_abstract.search.exact:""increasing+dietary+level""&group_by=publication_year",1,0.0001,3824,0.3824
2026-09-28T11:47:56.538923+00:00,"https://api.openalex.org/works?filter=title_and_abstract.search.exact:""igneous+protolith""&group_by=publication_year",1,0.0001,3821,0.3821
2026-09-28T11:47:56.638524+00:00,"https://api.openalex.org/works?filter=title_and_abstract.search.exact:""partial+intravenous+anesthetic+protocols""&group_by=publication_year",1,0.0001,3820,0.382
2026-09-28T11:47:56.656970+00:00,"https://api.openalex.org/works?filter=title_and_abstract.search.exact:""realistic+noise+structure""&group_by=publication_year",1,0.0001,3822,0.3822
2026-09-28T11:47:56.684285+00:00,"https://api.openalex.org/works?filter=title_and_abstract.search.exact:""Physiotherapy+education""&group_by=publication_year",1,0.0001,3819,0.3819
2026-09-28T11:47:56.724766+00:00,"https://api.openalex.org/works?filter=title_and_abstract.search.exact:""cooperative+network""&group_by=publication_year",1,0.0001,3818,0.3818
2026-09-28T11:47:56.752092+00:00,"https://api.openalex.org/works?filter=title_and_abstract.search.exact:""sow+longevity""&group_by=publication_year",1,0.0001,3817,0.3817
2026-09-28T11:47:57.058936+00:00,"https://api.openalex.org/works?filter=title_and_abstract.search.exact:""mor%CB%89phological+model""&group_by=publication_year",1,0.0001,3815,0.3815
2026-09-28T11:47:57.164106+00:00,"https://api.openalex.org/works?filter=title_and_abstract.search.exact:""vital+exhaustion""&group_by=publication_year",1,0.0001,3816,0.3816
2026-09-28T11:47:57.317555+00:00,"https://api.openalex.org/works?filter=title_and_abstract.search.exact:""maximum+availability""&group_by=publication_year",1,0.0001,3814,0.3814
2026-09-28T11:47:57.364069+00:00,"https://api.openalex.org/works?filter=title_and_abstract.search.exact:""perceived+unfairness""&group_by=publication_year",1,0.0001,3813,0.3813
2026-09-28T11:47:57.526043+00:00,"https://api.openalex.org/works?filter=title_and_abstract.search.exact:""extranodal+NHL""&group_by=publication_year",1,0.0001,3811,0.3811
2026-09-28T11:47:57.617690+00:00,"https://api.openalex.org/works?filter=title_and_abstract.search.exact:""Statistics+analyses""&group_by=publication_year",1,0.0001,3812,0.3812
2026-09-28T11:47:57.917464+00:00,"https://api.openalex.org/works?filter=title_and_abstract.search.exact:""enamel+condition""&group_by=publication_year",1,0.0001,3809,0.3809
2026-09-28T11:47:58.021548+00:00,"https://api.openalex.org/works?filter=title_and_abstract.search.exact:""r+-process+nucleosynthesis""&group_by=publication_year",1,0.0001,3810,0.381
2026-09-28T11:47:58.196185+00:00,"https://api.openalex.org/works?filter=title_and_abstract.search.exact:""maxillary+central+incisor+acrylic+teeth""&group_by=publication_year",1,0.0001,3807,0.3807
2026-09-28T11:47:58.231604+00:00,"https://api.openalex.org/works?filter=title_and_abstract.search.exact:""Rubin+%27s+variance+estimator""&group_by=publication_year",1,0.0001,3806,0.3806
2026-09-28T11:47:58.251490+00:00,"https://api.openalex.org/works?filter=title_and_abstract.search.exact:""electrochemical+nanoscience""&group_by=publication_year",1,0.0001,3805,0.3805
2026-09-28T11:47:58.337307+00:00,"https://api.openalex.org/works?filter=title_and_abstract.search.exact:""linear+multi+-+agent+systems""&group_by=publication_year",1,0.0001,3808,0.3808
2026-09-28T11:47:58.388746+00:00,"https://api.openalex.org/works?filter=title_and_abstract.search.exact:""heavy+overhead+expenses""&group_by=publication_year",1,0.0001,3804,0.3804
2026-09-28T11:47:58.563564+00:00,"https://api.openalex.org/works?filter=title_and_abstract.search.exact:""Calcium+Hydroxide+Iodoform+Slurry""&group_by=publication_year",1,0.0001,3802,0.3802
2026-09-28T11:47:58.594464+00:00,"https://api.openalex.org/works?filter=title_and_abstract.search.exact:""early+seedling+phase""&group_by=publication_year",1,0.0001,3803,0.3803
2026-09-28T11:47:58.723518+00:00,"https://api.openalex.org/works?filter=title_and_abstract.search.exact:""TFD+procedure""&group_by=publication_year",1,0.0001,3801,0.3801
2026-09-28T11:47:59.114577+00:00,"https://api.openalex.org/works?filter=title_and_abstract.search.exact:""time+circulation""&group_by=publication_year",1,0.0001,3800,0.38
2026-09-28T11:47:59.141888+00:00,"https://api.openalex.org/works?filter=title_and_abstract.search.exact:""i.e.+conical+solar+collector""&group_by=publication_year",1,0.0001,3799,0.3799
2026-09-28T11:47:59.167112+00:00,"https://api.openalex.org/works?filter=title_and_abstract.search.exact:""extensin+scaffolds""&group_by=publication_year",1,0.0001,3797,0.3797
2026-09-28T11:47:59.183917+00:00,"https://api.openalex.org/works?filter=title_and_abstract.search.exact:""simplified+model+spring+constants""&group_by=publication_year",1,0.0001,3798,0.3798
2026-09-28T11:47:59.366423+00:00,"https://api.openalex.org/works?filter=title_and_abstract.search.exact:""informal+facilitators""&group_by=publication_year",1,0.0001,3796,0.3796
2026-09-28T11:47:59.418328+00:00,"https://api.openalex.org/works?filter=title_and_abstract.search.exact:""limb+-+brightened+jets""&group_by=publication_year",1,0.0001,3795,0.3795
2026-09-28T11:47:59.684034+00:00,"https://api.openalex.org/works?filter=title_and_abstract.search.exact:""podocyte+and+mesangial+cell+locations""&group_by=publication_year",1,0.0001,3793,0.3793
2026-09-28T11:47:59.718676+00:00,"https://api.openalex.org/works?filter=title_and_abstract.search.exact:""occupational+needs""&group_by=publication_year",1,0.0001,3794,0.3794
2026-09-28T11:47:59.916824+00:00,"https://api.openalex.org/works?filter=title_and_abstract.search.exact:""staff+support+mechanisms""&group_by=publication_year",1,0.0001,3792,0.3792
2026-09-28T11:48:00.055557+00:00,"https://api.openalex.org/works?filter=title_and_abstract.search.exact:""MOPr+-+A6V+variant""&group_by=publication_year",1,0.0001,3789,0.3789
2026-09-28T11:48:00.088309+00:00,"https://api.openalex.org/works?filter=title_and_abstract.search.exact:""FRP+materials""&group_by=publication_year",1,0.0001,3791,0.3791
2026-09-28T11:48:00.156680+00:00,"https://api.openalex.org/works?filter=title_and_abstract.search.exact:""DMNQ+-+induced+hepatotoxicity""&group_by=publication_year",1,0.0001,3790,0.379
2026-09-28T11:48:00.235815+00:00,"https://api.openalex.org/works?filter=title_and_abstract.search.exact:""Developmental+disruptions""&group_by=publication_year",1,0.0001,3788,0.3788
2026-09-28T11:48:00.426791+00:00,"https://api.openalex.org/works?filter=title_and_abstract.search.exact:""student+%27s+learning+potential""&group_by=publication_year",1,0.0001,3787,0.3787
2026-09-28T11:48:00.455695+00:00,"https://api.openalex.org/works?filter=title_and_abstract.search.exact:""Branded+-+eggs+Consumption""&group_by=publication_year",1,0.0001,3786,0.3786
2026-09-28T11:48:00.583843+00:00,"https://api.openalex.org/works?filter=title_and_abstract.search.exact:""underestimated+factor""&group_by=publication_year",1,0.0001,3785,0.3785
2026-09-28T11:48:00.827843+00:00,"https://api.openalex.org/works?filter=title_and_abstract.search.exact:""kinematics+and+kinetics+calculation""&group_by=publication_year",1,0.0001,3784,0.3784
2026-09-28T11:48:00.923830+00:00,"https://api.openalex.org/works?filter=title_and_abstract.search.exact:""truss+morphological+characters""&group_by=publication_year",1,0.0001,3783,0.3783
2026-09-28T11:48:01.092395+00:00,"https://api.openalex.org/works?filter=title_and_abstract.search.exact:""performance+DSSCs""&group_by=publication_year",1,0.0001,3781,0.3781
2026-09-28T11:48:01.141644+00:00,"https://api.openalex.org/works?filter=title_and_abstract.search.exact:""moving+traffic+participant""&group_by=publication_year",1,0.0001,3780,0.378
2026-09-28T11:48:01.497770+00:00,"https://api.openalex.org/works?filter=title_and_abstract.search.exact:""outside+partners""&group_by=publication_year",1,0.0001,3779,0.3779
2026-09-28T11:48:01.819968+00:00,"https://api.openalex.org/works?filter=title_and_abstract.search.exact:""DSC+-+TG+testing""&group_by=publication_year",1,0.0001,3777,0.3777
2026-09-28T11:48:01.844360+00:00,"https://api.openalex.org/works?filter=title_and_abstract.search.exact:""Rhizoma+Curcumae+Longae""&group_by=publication_year",1,0.0001,3778,0.3778
2026-09-28T11:48:02.342572+00:00,"https://api.openalex.org/works?filter=title_and_abstract.search.exact:""foaming+regime""&group_by=publication_year",1,0.0001,3773,0.3773
2026-09-28T11:48:02.386739+00:00,"https://api.openalex.org/works?filter=title_and_abstract.search.exact:""mandibular+protrusion""&group_by=publication_year",1,0.0001,3775,0.3775
2026-09-28T11:48:02.491115+00:00,"https://api.openalex.org/works?filter=title_and_abstract.search.exact:""pass+algorithm""&group_by=publication_year",1,0.0001,3774,0.3774
2026-09-28T11:48:02.547039+00:00,"https://api.openalex.org/works?filter=title_and_abstract.search.exact:""research+and+industry+development""&group_by=publication_year",1,0.0001,3782,0.3782
2026-09-28T11:48:02.566364+00:00,"https://api.openalex.org/works?filter=title_and_abstract.search.exact:""hybrid+Neural+Network+model""&group_by=publication_year",1,0.0001,3776,0.3776
2026-09-28T11:48:02.584451+00:00,"https://api.openalex.org/works?filter=title_and_abstract.search.exact:""antiphase+oscillations""&group_by=publication_year",1,0.0001,3772,0.3772
2026-09-28T11:48:03.072069+00:00,"https://api.openalex.org/works?filter=title_and_abstract.search.exact:""undoped+semi+-+insulating+GaAs""&group_by=publication_year",1,0.0001,3771,0.3771
2026-09-28T11:48:03.641010+00:00,"https://api.openalex.org/works?filter=title_and_abstract.search.exact:""IEEE+30+-+bus+system""&group_by=publication_year",1,0.0001,3770,0.377
2026-09-28T11:48:03.718485+00:00,"https://api.openalex.org/works?filter=title_and_abstract.search.exact:""supermarket+sector""&group_by=publication_year",1,0.0001,3766,0.3766
2026-09-28T11:48:03.851428+00:00,"https://api.openalex.org/works?filter=title_and_abstract.search.exact:""quotidian+objects""&group_by=publication_year",1,0.0001,3767,0.3767
2026-09-28T11:48:03.919808+00:00,"https://api.openalex.org/works?filter=title_and_abstract.search.exact:""treatment+package""&group_by=publication_year",1,0.0001,3765,0.3765
2026-09-28T11:48:03.941334+00:00,"https://api.openalex.org/works?filter=title_and_abstract.search.exact:""%CE%B1+-+harmonic+functions""&group_by=publication_year",1,0.0001,3769,0.3769
2026-09-28T11:48:03.983742+00:00,"https://api.openalex.org/works?filter=title_and_abstract.search.exact:""financially+inclusive+policymaking""&group_by=publication_year",1,0.0001,3768,0.3768
2026-09-28T11:48:04.171182+00:00,"https://api.openalex.org/works?filter=title_and_abstract.search.exact:""clinical+and+microbiological+parameters""&group_by=publication_year",1,0.0001,3763,0.3763
2026-09-28T11:48:04.198774+00:00,"https://api.openalex.org/works?filter=title_and_abstract.search.exact:""week+death+rate""&group_by=publication_year",1,0.0001,3764,0.3764
2026-09-28T11:48:04.528871+00:00,"https://api.openalex.org/works?filter=title_and_abstract.search.exact:""Jurassic+%2F+Cretaceous+boundary""&group_by=publication_year",1,0.0001,3762,0.3762
2026-09-28T11:48:04.694293+00:00,"https://api.openalex.org/works?filter=title_and_abstract.search.exact:""Rfree+value""&group_by=publication_year",1,0.0001,3758,0.3758
2026-09-28T11:48:04.737729+00:00,"https://api.openalex.org/works?filter=title_and_abstract.search.exact:""maternal+siblings""&group_by=publication_year",1,0.0001,3759,0.3759
2026-09-28T11:48:04.880165+00:00,"https://api.openalex.org/works?filter=title_and_abstract.search.exact:""long+oval""&group_by=publication_year",1,0.0001,3760,0.376
2026-09-28T11:48:04.923492+00:00,"https://api.openalex.org/works?filter=title_and_abstract.search.exact:""space+vector+modulation+index""&group_by=publication_year",1,0.0001,3761,0.3761
2026-09-28T11:48:04.940930+00:00,"https://api.openalex.org/works?filter=title_and_abstract.search.exact:""narrow+vessel""&group_by=publication_year",1,0.0001,3755,0.3755
2026-09-28T11:48:04.963593+00:00,"https://api.openalex.org/works?filter=title_and_abstract.search.exact:""non+-+economic+utilities""&group_by=publication_year",1,0.0001,3757,0.3757
2026-09-28T11:48:05.129085+00:00,"https://api.openalex.org/works?filter=title_and_abstract.search.exact:""work+principle""&group_by=publication_year",1,0.0001,3756,0.3756
2026-09-28T11:48:05.219198+00:00,"https://api.openalex.org/works?filter=title_and_abstract.search.exact:""enhancement+or+degraded+image""&group_by=publication_year",1,0.0001,3754,0.3754
2026-09-28T11:48:05.325412+00:00,"https://api.openalex.org/works?filter=title_and_abstract.search.exact:""SHG+-+Bank+Linkage+Programme""&group_by=publication_year",1,0.0001,3753,0.3753
2026-09-28T11:48:05.381277+00:00,"https://api.openalex.org/works?filter=title_and_abstract.search.exact:""adequately+powered+trials""&group_by=publication_year",1,0.0001,3752,0.3752
2026-09-28T11:48:05.420920+00:00,"https://api.openalex.org/works?filter=title_and_abstract.search.exact:""Moneiza+species""&group_by=publication_year",1,0.0001,3750,0.375
2026-09-28T11:48:05.466902+00:00,"https://api.openalex.org/works?filter=title_and_abstract.search.exact:""Induces+Fatty+Acid+Release""&group_by=publication_year",1,0.0001,3751,0.3751
2026-09-28T11:48:05.717315+00:00,"https://api.openalex.org/works?filter=title_and_abstract.search.exact:""dark+matter+annihilations""&group_by=publication_year",1,0.0001,3748,0.3748
2026-09-28T11:48:05.757486+00:00,"https://api.openalex.org/works?filter=title_and_abstract.search.exact:""HCC+therapy""&group_by=publication_year",1,0.0001,3749,0.3749
2026-09-28T11:48:05.830474+00:00,"https://api.openalex.org/works?filter=title_and_abstract.search.exact:""versatile+aspects""&group_by=publication_year",1,0.0001,3747,0.3747
2026-09-28T11:48:05.950732+00:00,"https://api.openalex.org/works?filter=title_and_abstract.search.exact:""combined+variations""&group_by=publication_year",1,0.0001,3746,0.3746
2026-09-28T11:48:06.052041+00:00,"https://api.openalex.org/works?filter=title_and_abstract.search.exact:""enteral+nutrition+group""&group_by=publication_year",1,0.0001,3745,0.3745
2026-09-28T11:48:06.130762+00:00,"https://api.openalex.org/works?filter=title_and_abstract.search.exact:""market+concentration""&group_by=publication_year",1,0.0001,3744,0.3744
2026-09-28T11:48:06.217713+00:00,"https://api.openalex.org/works?filter=title_and_abstract.search.exact:""RNA+hairpin+structure""&group_by=publication_year",1,0.0001,3743,0.3743
2026-09-28T11:48:06.472393+00:00,"https://api.openalex.org/works?filter=title_and_abstract.search.exact:""sustainability+aspects""&group_by=publication_year",1,0.0001,3741,0.3741
2026-09-28T11:48:06.495697+00:00,"https://api.openalex.org/works?filter=title_and_abstract.search.exact:""General+Ocean+Turbulence+Model""&group_by=publication_year",1,0.0001,3742,0.3742
2026-09-28T11:48:06.676288+00:00,"https://api.openalex.org/works?filter=title_and_abstract.search.exact:""e.g.+classic+PCA""&group_by=publication_year",1,0.0001,3740,0.374
2026-09-28T11:48:06.724004+00:00,"https://api.openalex.org/works?filter=title_and_abstract.search.exact:""climate+-+scale+oceanic+rainfall""&group_by=publication_year",1,0.0001,3739,0.3739
2026-09-28T11:48:06.960751+00:00,"https://api.openalex.org/works?filter=title_and_abstract.search.exact:""reaction+temperature+range""&group_by=publication_year",1,0.0001,3738,0.3738
2026-09-28T11:48:07.025720+00:00,"https://api.openalex.org/works?filter=title_and_abstract.search.exact:""applied+linguists""&group_by=publication_year",1,0.0001,3736,0.3736
2026-09-28T11:48:07.042554+00:00,"https://api.openalex.org/works?filter=title_and_abstract.search.exact:""state+administrative+control""&group_by=publication_year",1,0.0001,3737,0.3737
2026-09-28T11:48:07.219551+00:00,"https://api.openalex.org/works?filter=title_and_abstract.search.exact:""gender+-+related+liver+injury""&group_by=publication_year",1,0.0001,3735,0.3735
2026-09-28T11:48:07.335731+00:00,"https://api.openalex.org/works?filter=title_and_abstract.search.exact:""LabVIEW+-+based+program""&group_by=publication_year",1,0.0001,3734,0.3734
2026-09-28T11:48:07.431043+00:00,"https://api.openalex.org/works?filter=title_and_abstract.search.exact:""polo+-+like+kinase+family""&group_by=publication_year",1,0.0001,3733,0.3733
2026-09-28T11:48:07.531805+00:00,"https://api.openalex.org/works?filter=title_and_abstract.search.exact:""spatiotemporal+spread""&group_by=publication_year",1,0.0001,3732,0.3732
2026-09-28T11:48:07.716971+00:00,"https://api.openalex.org/works?filter=title_and_abstract.search.exact:""Asia+Pacific+Economic+Cooperation+Forum""&group_by=publication_year",1,0.0001,3731,0.3731
2026-09-28T11:48:08.050567+00:00,"https://api.openalex.org/works?filter=title_and_abstract.search.exact:""spatial+evolution""&group_by=publication_year",1,0.0001,3730,0.373
2026-09-28T11:48:08.069058+00:00,"https://api.openalex.org/works?filter=title_and_abstract.search.exact:""ecosystem+stability""&group_by=publication_year",1,0.0001,3729,0.3729
2026-09-28T11:48:08.287740+00:00,"https://api.openalex.org/works?filter=title_and_abstract.search.exact:""MGIMO+-+University""&group_by=publication_year",1,0.0001,3727,0.3727
2026-09-28T11:48:08.397260+00:00,"https://api.openalex.org/works?filter=title_and_abstract.search.exact:""tissue+dry+weight""&group_by=publication_year",1,0.0001,3728,0.3728
2026-09-28T11:48:08.719691+00:00,"https://api.openalex.org/works?filter=title_and_abstract.search.exact:""Real+-+Time+Adaptive+Scheduling+Technique""&group_by=publication_year",1,0.0001,3726,0.3726
2026-09-28T11:48:08.747493+00:00,"https://api.openalex.org/works?filter=title_and_abstract.search.exact:""UK+research+facilities""&group_by=publication_year",1,0.0001,3725,0.3725
2026-09-28T11:48:08.917757+00:00,"https://api.openalex.org/works?filter=title_and_abstract.search.exact:""pulsed+THz+radiation""&group_by=publication_year",1,0.0001,3724,0.3724
2026-09-28T11:48:09.283642+00:00,"https://api.openalex.org/works?filter=title_and_abstract.search.exact:""physical+mixture+capsule""&group_by=publication_year",1,0.0001,3722,0.3722
2026-09-28T11:48:09.321352+00:00,"https://api.openalex.org/works?filter=title_and_abstract.search.exact:""thermo+-+separating+block+copolymer""&group_by=publication_year",1,0.0001,3721,0.3721
2026-09-28T11:48:09.389286+00:00,"https://api.openalex.org/works?filter=title_and_abstract.search.exact:""original+SGRQ""&group_by=publication_year",1,0.0001,3719,0.3719
2026-09-28T11:48:09.425516+00:00,"https://api.openalex.org/works?filter=title_and_abstract.search.exact:""layer+-+specific+parameters""&group_by=publication_year",1,0.0001,3720,0.372
2026-09-28T11:48:09.487282+00:00,"https://api.openalex.org/works?filter=title_and_abstract.search.exact:""treated+HIV+%E2%80%901%E2%80%90infected+patients""&group_by=publication_year",1,0.0001,3723,0.3723
2026-09-28T11:48:09.526961+00:00,"https://api.openalex.org/works?filter=title_and_abstract.search.exact:""increased+linearity""&group_by=publication_year",1,0.0001,3718,0.3718
2026-09-28T11:48:09.752840+00:00,"https://api.openalex.org/works?filter=title_and_abstract.search.exact:""maximum+dilation""&group_by=publication_year",1,0.0001,3717,0.3717
2026-09-28T11:48:09.777359+00:00,"https://api.openalex.org/works?filter=title_and_abstract.search.exact:""hop+iso+-+alpha+-+acids""&group_by=publication_year",1,0.0001,3716,0.3716
2026-09-28T11:48:09.841188+00:00,"https://api.openalex.org/works?filter=title_and_abstract.search.exact:""relative+density+range""&group_by=publication_year",1,0.0001,3715,0.3715
2026-09-28T11:48:09.976367+00:00,"https://api.openalex.org/works?filter=title_and_abstract.search.exact:""resulting+high+degree""&group_by=publication_year",1,0.0001,3714,0.3714
2026-09-28T11:48:10.160685+00:00,"https://api.openalex.org/works?filter=title_and_abstract.search.exact:""repressed+nuclear+receptor+CAR""&group_by=publication_year",1,0.0001,3713,0.3713
2026-09-28T11:48:10.418407+00:00,"https://api.openalex.org/works?filter=title_and_abstract.search.exact:""exclusive+breastfeeding+and+independent+variables""&group_by=publication_year",1,0.0001,3711,0.3711
2026-09-28T11:48:10.467560+00:00,"https://api.openalex.org/works?filter=title_and_abstract.search.exact:""fuel+cell+electrolytes""&group_by=publication_year",1,0.0001,3712,0.3712
2026-09-28T11:48:10.718609+00:00,"https://api.openalex.org/works?filter=title_and_abstract.search.exact:""left+upper+VATS+lobectomy""&group_by=publication_year",1,0.0001,3709,0.3709
2026-09-28T11:48:10.819018+00:00,"https://api.openalex.org/works?filter=title_and_abstract.search.exact:""web+frameworks""&group_by=publication_year",1,0.0001,3708,0.3708
2026-09-28T11:48:10.899106+00:00,"https://api.openalex.org/works?filter=title_and_abstract.search.exact:""visible+and+infrared+spectrum""&group_by=publication_year",1,0.0001,3710,0.371
2026-09-28T11:48:11.020615+00:00,"https://api.openalex.org/works?filter=title_and_abstract.search.exact:""ginger+%27s+inhibitory+effects""&group_by=publication_year",1,0.0001,3706,0.3706
2026-09-28T11:48:11.056924+00:00,"https://api.openalex.org/works?filter=title_and_abstract.search.exact:""presence+cytokine""&group_by=publication_year",1,0.0001,3707,0.3707
2026-09-28T11:48:11.091942+00:00,"https://api.openalex.org/works?filter=title_and_abstract.search.exact:""divisional+-+based+communication+patterns""&group_by=publication_year",1,0.0001,3705,0.3705
2026-09-28T11:48:11.123468+00:00,"https://api.openalex.org/works?filter=title_and_abstract.search.exact:""mammalian+MNs""&group_by=publication_year",1,0.0001,3704,0.3704
2026-09-28T11:48:11.258552+00:00,"https://api.openalex.org/works?filter=title_and_abstract.search.exact:""fully+spin+-+polarized+dissipationless+currents""&group_by=publication_year",1,0.0001,3703,0.3703
2026-09-28T11:48:11.594695+00:00,"https://api.openalex.org/works?filter=title_and_abstract.search.exact:""layered+architecture""&group_by=publication_year",1,0.0001,3701,0.3701
2026-09-28T11:48:11.881978+00:00,"https://api.openalex.org/works?filter=title_and_abstract.search.exact:""author+%E2%80%99s+own+long+term+experience""&group_by=publication_year",1,0.0001,3702,0.3702
2026-09-28T11:48:11.971880+00:00,"https://api.openalex.org/works?filter=title_and_abstract.search.exact:""remarkable+form""&group_by=publication_year",1,0.0001,3700,0.37
2026-09-28T11:48:12.052859+00:00,"https://api.openalex.org/works?filter=title_and_abstract.search.exact:""analyzed+pathogens""&group_by=publication_year",1,0.0001,3698,0.3698
2026-09-28T11:48:12.134707+00:00,"https://api.openalex.org/works?filter=title_and_abstract.search.exact:""inter+-+procedural+and+alias+analysis""&group_by=publication_year",1,0.0001,3699,0.3699
2026-09-28T11:48:12.322200+00:00,"https://api.openalex.org/works?filter=title_and_abstract.search.exact:""platinum+capsule+materials""&group_by=publication_year",1,0.0001,3696,0.3696
2026-09-28T11:48:12.344044+00:00,"https://api.openalex.org/works?filter=title_and_abstract.search.exact:""assembly+reactors""&group_by=publication_year",1,0.0001,3695,0.3695
2026-09-28T11:48:12.496483+00:00,"https://api.openalex.org/works?filter=title_and_abstract.search.exact:""valuable+customers""&group_by=publication_year",1,0.0001,3697,0.3697
2026-09-28T11:48:12.545677+00:00,"https://api.openalex.org/works?filter=title_and_abstract.search.exact:""Statistical+modelling+techniques""&group_by=publication_year",1,0.0001,3694,0.3694
2026-09-28T11:48:12.751234+00:00,"https://api.openalex.org/works?filter=title_and_abstract.search.exact:""closest+agreement""&group_by=publication_year",1,0.0001,3693,0.3693
2026-09-28T11:48:12.818077+00:00,"https://api.openalex.org/works?filter=title_and_abstract.search.exact:""prestimulus+functional+connectivity+patterns""&group_by=publication_year",1,0.0001,3691,0.3691
2026-09-28T11:48:12.854547+00:00,"https://api.openalex.org/works?filter=title_and_abstract.search.exact:""child+anthropometric+information""&group_by=publication_year",1,0.0001,3692,0.3692
2026-09-28T11:48:13.176071+00:00,"https://api.openalex.org/works?filter=title_and_abstract.search.exact:""selective+molecularly+imprinted+polymers""&group_by=publication_year",1,0.0001,3690,0.369
2026-09-28T11:48:13.258598+00:00,"https://api.openalex.org/works?filter=title_and_abstract.search.exact:""Cross+-+absorption+experiments""&group_by=publication_year",1,0.0001,3689,0.3689
2026-09-28T11:48:13.279190+00:00,"https://api.openalex.org/works?filter=title_and_abstract.search.exact:""flowering+and+fructification+intensity""&group_by=publication_year",1,0.0001,3688,0.3688
2026-09-28T11:48:13.319087+00:00,"https://api.openalex.org/works?filter=title_and_abstract.search.exact:""cytosolic+viral+RNA+sensors""&group_by=publication_year",1,0.0001,3686,0.3686
2026-09-28T11:48:13.340548+00:00,"https://api.openalex.org/works?filter=title_and_abstract.search.exact:""nutrients+content+available+phosphate""&group_by=publication_year",1,0.0001,3687,0.3687
2026-09-28T11:48:13.721095+00:00,"https://api.openalex.org/works?filter=title_and_abstract.search.exact:""serum+protein+and+globulin+levels""&group_by=publication_year",1,0.0001,3685,0.3685
2026-09-28T11:48:13.747786+00:00,"https://api.openalex.org/works?filter=title_and_abstract.search.exact:""communicable+disease+teams""&group_by=publication_year",1,0.0001,3684,0.3684
2026-09-28T11:48:13.982377+00:00,"https://api.openalex.org/works?filter=title_and_abstract.search.exact:""connective+tissue+wall""&group_by=publication_year",1,0.0001,3683,0.3683
2026-09-28T11:48:14.119349+00:00,"https://api.openalex.org/works?filter=title_and_abstract.search.exact:""harvesting+autografts""&group_by=publication_year",1,0.0001,3680,0.368
2026-09-28T11:48:14.141240+00:00,"https://api.openalex.org/works?filter=title_and_abstract.search.exact:""water+bath+curing+cycle""&group_by=publication_year",1,0.0001,3681,0.3681
2026-09-28T11:48:14.162922+00:00,"https://api.openalex.org/works?filter=title_and_abstract.search.exact:""improved+EOP+writer+%27s+guide""&group_by=publication_year",1,0.0001,3682,0.3682
2026-09-28T11:48:14.383886+00:00,"https://api.openalex.org/works?filter=title_and_abstract.search.exact:""Keshan+disease""&group_by=publication_year",1,0.0001,3678,0.3678
2026-09-28T11:48:14.766675+00:00,"https://api.openalex.org/works?filter=title_and_abstract.search.exact:""matoloechus+coloradensis""&group_by=publication_year",1,0.0001,3675,0.3675
2026-09-28T11:48:14.818269+00:00,"https://api.openalex.org/works?filter=title_and_abstract.search.exact:""fluorescent+activated+cell+sorter+technique""&group_by=publication_year",1,0.0001,3677,0.3677
2026-09-28T11:48:14.883274+00:00,"https://api.openalex.org/works?filter=title_and_abstract.search.exact:""msrA+mutant""&group_by=publication_year",1,0.0001,3676,0.3676
2026-09-28T11:48:14.962511+00:00,"https://api.openalex.org/works?filter=title_and_abstract.search.exact:""students+products""&group_by=publication_year",1,0.0001,3679,0.3679
2026-09-28T11:48:15.647247+00:00,"https://api.openalex.org/works?filter=title_and_abstract.search.exact:""Differently+antibiotic+resistant+strains""&group_by=publication_year",1,0.0001,3673,0.3673
2026-09-28T11:48:15.672197+00:00,"https://api.openalex.org/works?filter=title_and_abstract.search.exact:""secondary+windows""&group_by=publication_year",1,0.0001,3674,0.3674
2026-09-28T11:48:15.830683+00:00,"https://api.openalex.org/works?filter=title_and_abstract.search.exact:""complex+epilepsy""&group_by=publication_year",1,0.0001,3672,0.3672
2026-09-28T11:48:15.996567+00:00,"https://api.openalex.org/works?filter=title_and_abstract.search.exact:""finest+scale""&group_by=publication_year",1,0.0001,3670,0.367
2026-09-28T11:48:16.036750+00:00,"https://api.openalex.org/works?filter=title_and_abstract.search.exact:""Asian+Studies""&group_by=publication_year",1,0.0001,3671,0.3671
2026-09-28T11:48:16.142759+00:00,"https://api.openalex.org/works?filter=title_and_abstract.search.exact:""SEM+analysis+film+strips""&group_by=publication_year",1,0.0001,3667,0.3667
2026-09-28T11:48:16.394490+00:00,"https://api.openalex.org/works?filter=title_and_abstract.search.exact:""target+model""&group_by=publication_year",1,0.0001,3668,0.3668
2026-09-28T11:48:16.448955+00:00,"https://api.openalex.org/works?filter=title_and_abstract.search.exact:""layered+manufacturing+process""&group_by=publication_year",1,0.0001,3666,0.3666
2026-09-28T11:48:16.472438+00:00,"https://api.openalex.org/works?filter=title_and_abstract.search.exact:""iron+and%2For+zinc+supplementation""&group_by=publication_year",1,0.0001,3669,0.3669
2026-09-28T11:48:16.513545+00:00,"https://api.openalex.org/works?filter=title_and_abstract.search.exact:""enzyme+-+activated+glutathione+molecule""&group_by=publication_year",1,0.0001,3665,0.3665
2026-09-28T11:48:16.737783+00:00,"https://api.openalex.org/works?filter=title_and_abstract.search.exact:""stiffened+panels""&group_by=publication_year",1,0.0001,3664,0.3664
2026-09-28T11:48:16.818090+00:00,"https://api.openalex.org/works?filter=title_and_abstract.search.exact:""step+self+-+etch+adhesive+group""&group_by=publication_year",1,0.0001,3662,0.3662
2026-09-28T11:48:16.943763+00:00,"https://api.openalex.org/works?filter=title_and_abstract.search.exact:""potentially+typical+features""&group_by=publication_year",1,0.0001,3663,0.3663
2026-09-28T11:48:16.988868+00:00,"https://api.openalex.org/works?filter=title_and_abstract.search.exact:""Activated+retinoid+receptors""&group_by=publication_year",1,0.0001,3661,0.3661
2026-09-28T11:48:17.225599+00:00,"https://api.openalex.org/works?filter=title_and_abstract.search.exact:""PBG+structure""&group_by=publication_year",1,0.0001,3660,0.366
2026-09-28T11:48:17.818762+00:00,"https://api.openalex.org/works?filter=title_and_abstract.search.exact:""Locating+Transition+Points""&group_by=publication_year",1,0.0001,3658,0.3658
2026-09-28T11:48:17.849325+00:00,"https://api.openalex.org/works?filter=title_and_abstract.search.exact:""selected+specific+S+-+parameters""&group_by=publication_year",1,0.0001,3657,0.3657
2026-09-28T11:48:17.872628+00:00,"https://api.openalex.org/works?filter=title_and_abstract.search.exact:""student+-+centered+methods""&group_by=publication_year",1,0.0001,3659,0.3659
2026-09-28T11:48:17.893335+00:00,"https://api.openalex.org/works?filter=title_and_abstract.search.exact:""underlying+iliofemoral+ligament""&group_by=publication_year",1,0.0001,3656,0.3656
2026-09-28T11:48:17.956100+00:00,"https://api.openalex.org/works?filter=title_and_abstract.search.exact:""hepatic+lipogenesis""&group_by=publication_year",1,0.0001,3655,0.3655
2026-09-28T11:48:18.172496+00:00,"https://api.openalex.org/works?filter=title_and_abstract.search.exact:""professional+guide""&group_by=publication_year",1,0.0001,3653,0.3653
2026-09-28T11:48:18.239510+00:00,"https://api.openalex.org/works?filter=title_and_abstract.search.exact:""GRH+group""&group_by=publication_year",1,0.0001,3651,0.3651
2026-09-28T11:48:18.261316+00:00,"https://api.openalex.org/works?filter=title_and_abstract.search.exact:""clinical+diagnostic+categories""&group_by=publication_year",1,0.0001,3654,0.3654
2026-09-28T11:48:18.332131+00:00,"https://api.openalex.org/works?filter=title_and_abstract.search.exact:""parallel+distributed+energy+resources+converters""&group_by=publication_year",1,0.0001,3652,0.3652
2026-09-28T11:48:18.393456+00:00,"https://api.openalex.org/works?filter=title_and_abstract.search.exact:""inevitable+phenomenon""&group_by=publication_year",1,0.0001,3650,0.365
2026-09-28T11:48:18.476850+00:00,"https://api.openalex.org/works?filter=title_and_abstract.search.exact:""emerging+spectroscopic+method""&group_by=publication_year",1,0.0001,3649,0.3649
2026-09-28T11:48:18.579197+00:00,"https://api.openalex.org/works?filter=title_and_abstract.search.exact:""seismic+upgrades""&group_by=publication_year",1,0.0001,3647,0.3647
2026-09-28T11:48:18.662276+00:00,"https://api.openalex.org/works?filter=title_and_abstract.search.exact:""order+statistical+characteristics""&group_by=publication_year",1,0.0001,3648,0.3648
2026-09-28T11:48:18.847976+00:00,"https://api.openalex.org/works?filter=title_and_abstract.search.exact:""Brazilian+censuses""&group_by=publication_year",1,0.0001,3645,0.3645
2026-09-28T11:48:18.927817+00:00,"https://api.openalex.org/works?filter=title_and_abstract.search.exact:""turbulent+drag+-+reducing+channel+flow""&group_by=publication_year",1,0.0001,3646,0.3646
2026-09-28T11:48:19.052389+00:00,"https://api.openalex.org/works?filter=title_and_abstract.search.exact:""Phosphate+Starvation+Response+Genes""&group_by=publication_year",1,0.0001,3644,0.3644
2026-09-28T11:48:19.463022+00:00,"https://api.openalex.org/works?filter=title_and_abstract.search.exact:""prolonged+drainage""&group_by=publication_year",1,0.0001,3642,0.3642
2026-09-28T11:48:19.487186+00:00,"https://api.openalex.org/works?filter=title_and_abstract.search.exact:""Content+-+Based+Regulation""&group_by=publication_year",1,0.0001,3643,0.3643
2026-09-28T11:48:19.618256+00:00,"https://api.openalex.org/works?filter=title_and_abstract.search.exact:""multi+-+agent+modeling+technique""&group_by=publication_year",1,0.0001,3641,0.3641
2026-09-28T11:48:19.649250+00:00,"https://api.openalex.org/works?filter=title_and_abstract.search.exact:""tumour+cellularity""&group_by=publication_year",1,0.0001,3638,0.3638
2026-09-28T11:48:19.679284+00:00,"https://api.openalex.org/works?filter=title_and_abstract.search.exact:""CP+-+fed+counterparts""&group_by=publication_year",1,0.0001,3639,0.3639
2026-09-28T11:48:19.817298+00:00,"https://api.openalex.org/works?filter=title_and_abstract.search.exact:""Weight+efficacy+Life+Style+Questionnaire""&group_by=publication_year",1,0.0001,3640,0.364
2026-09-28T11:48:19.852470+00:00,"https://api.openalex.org/works?filter=title_and_abstract.search.exact:""poorer+profile""&group_by=publication_year",1,0.0001,3636,0.3636
2026-09-28T11:48:19.918412+00:00,"https://api.openalex.org/works?filter=title_and_abstract.search.exact:""matched+-+pairs+analysis""&group_by=publication_year",1,0.0001,3637,0.3637
2026-09-28T11:48:19.943310+00:00,"https://api.openalex.org/works?filter=title_and_abstract.search.exact:""anthelminthic+plant""&group_by=publication_year",1,0.0001,3635,0.3635
2026-09-28T11:48:20.218650+00:00,"https://api.openalex.org/works?filter=title_and_abstract.search.exact:""spontaneous+and+evoked+neuronal+activity""&group_by=publication_year",1,0.0001,3634,0.3634
2026-09-28T11:48:20.356972+00:00,"https://api.openalex.org/works?filter=title_and_abstract.search.exact:""Actas+Dermo+-+Sifiliogr%C3%A1ficas""&group_by=publication_year",1,0.0001,3632,0.3632
2026-09-28T11:48:20.462414+00:00,"https://api.openalex.org/works?filter=title_and_abstract.search.exact:""advanced+injection+system""&group_by=publication_year",1,0.0001,3633,0.3633
2026-09-28T11:48:20.518279+00:00,"https://api.openalex.org/works?filter=title_and_abstract.search.exact:""multivalent+-+containing+salts""&group_by=publication_year",1,0.0001,3631,0.3631
2026-09-28T11:48:20.625650+00:00,"https://api.openalex.org/works?filter=title_and_abstract.search.exact:""Cotton+Caterpillar""&group_by=publication_year",1,0.0001,3629,0.3629
2026-09-28T11:48:20.667950+00:00,"https://api.openalex.org/works?filter=title_and_abstract.search.exact:""fi+rst+time""&group_by=publication_year",1,0.0001,3630,0.363
2026-09-28T11:48:20.988766+00:00,"https://api.openalex.org/works?filter=title_and_abstract.search.exact:""salicylic+acid+SA""&group_by=publication_year",1,0.0001,3628,0.3628
2026-09-28T11:48:21.081267+00:00,"https://api.openalex.org/works?filter=title_and_abstract.search.exact:""Primary+mouse+NPCs""&group_by=publication_year",1,0.0001,3626,0.3626
2026-09-28T11:48:21.118164+00:00,"https://api.openalex.org/works?filter=title_and_abstract.search.exact:""prophylactic+actions""&group_by=publication_year",1,0.0001,3625,0.3625
2026-09-28T11:48:21.140397+00:00,"https://api.openalex.org/works?filter=title_and_abstract.search.exact:""classical+rough+-+set+theory""&group_by=publication_year",1,0.0001,3627,0.3627
2026-09-28T11:48:21.342855+00:00,"https://api.openalex.org/works?filter=title_and_abstract.search.exact:""beam+Strehl+ratio""&group_by=publication_year",1,0.0001,3624,0.3624
2026-09-28T11:48:21.549657+00:00,"https://api.openalex.org/works?filter=title_and_abstract.search.exact:""grey+Verhulst+model""&group_by=publication_year",1,0.0001,3622,0.3622
2026-09-28T11:48:21.570410+00:00,"https://api.openalex.org/works?filter=title_and_abstract.search.exact:""%CE%B1+-+dimethyl%C2%ADamino+3+ferrocenophane""&group_by=publication_year",1,0.0001,3623,0.3623
2026-09-28T11:48:21.672414+00:00,"https://api.openalex.org/works?filter=title_and_abstract.search.exact:""technical+driving+value""&group_by=publication_year",1,0.0001,3621,0.3621
2026-09-28T11:48:21.785937+00:00,"https://api.openalex.org/works?filter=title_and_abstract.search.exact:""previously+unseen+terms""&group_by=publication_year",1,0.0001,3620,0.362
2026-09-28T11:48:21.946788+00:00,"https://api.openalex.org/works?filter=title_and_abstract.search.exact:""Nonlinear+stochastic+Schrodinger+equations""&group_by=publication_year",1,0.0001,3619,0.3619
2026-09-28T11:48:22.117884+00:00,"https://api.openalex.org/works?filter=title_and_abstract.search.exact:""Ceratonia+siliqua+L.""&group_by=publication_year",1,0.0001,3618,0.3618
2026-09-28T11:48:22.138488+00:00,"https://api.openalex.org/works?filter=title_and_abstract.search.exact:""Analyst+%C2%AE""&group_by=publication_year",1,0.0001,3617,0.3617
2026-09-28T11:48:22.480865+00:00,"https://api.openalex.org/works?filter=title_and_abstract.search.exact:""input+-+structure+effect""&group_by=publication_year",1,0.0001,3616,0.3616
2026-09-28T11:48:22.652395+00:00,"https://api.openalex.org/works?filter=title_and_abstract.search.exact:""apo+%2F+holo+-+activities""&group_by=publication_year",1,0.0001,3615,0.3615
2026-09-28T11:48:22.673345+00:00,"https://api.openalex.org/works?filter=title_and_abstract.search.exact:""digital+watermark+insertion""&group_by=publication_year",1,0.0001,3613,0.3613
2026-09-28T11:48:23.233488+00:00,"https://api.openalex.org/works?filter=title_and_abstract.search.exact:""transcriptome+and+small+RNA""&group_by=publication_year",1,0.0001,3614,0.3614
2026-09-28T11:48:23.326236+00:00,"https://api.openalex.org/works?filter=title_and_abstract.search.exact:""social+shopping+communities""&group_by=publication_year",1,0.0001,3612,0.3612
2026-09-28T11:48:23.351059+00:00,"https://api.openalex.org/works?filter=title_and_abstract.search.exact:""proximity+-+triggered+seamless+networking""&group_by=publication_year",1,0.0001,3611,0.3611
2026-09-28T11:48:23.386844+00:00,"https://api.openalex.org/works?filter=title_and_abstract.search.exact:""dissolving+zirconium+powder""&group_by=publication_year",1,0.0001,3610,0.361
2026-09-28T11:48:23.466613+00:00,"https://api.openalex.org/works?filter=title_and_abstract.search.exact:""initial+mTOR""&group_by=publication_year",1,0.0001,3609,0.3609
2026-09-28T11:48:23.715335+00:00,"https://api.openalex.org/works?filter=title_and_abstract.search.exact:""public+ethics""&group_by=publication_year",1,0.0001,3607,0.3607
2026-09-28T11:48:23.738777+00:00,"https://api.openalex.org/works?filter=title_and_abstract.search.exact:""bulk+nanostructured+iron+oxides""&group_by=publication_year",1,0.0001,3606,0.3606
2026-09-28T11:48:23.763140+00:00,"https://api.openalex.org/works?filter=title_and_abstract.search.exact:""nasal+base""&group_by=publication_year",1,0.0001,3605,0.3605
2026-09-28T11:48:23.794054+00:00,"https://api.openalex.org/works?filter=title_and_abstract.search.exact:""frequency%E2%80%90dependent+characteristics""&group_by=publication_year",1,0.0001,3608,0.3608
2026-09-28T11:48:23.841372+00:00,"https://api.openalex.org/works?filter=title_and_abstract.search.exact:""Siderocalin+%2F+Enterobactin+Interaction""&group_by=publication_year",1,0.0001,3603,0.3603
2026-09-28T11:48:23.861128+00:00,"https://api.openalex.org/works?filter=title_and_abstract.search.exact:""alcoholized+speech""&group_by=publication_year",1,0.0001,3604,0.3604
2026-09-28T11:48:23.993157+00:00,"https://api.openalex.org/works?filter=title_and_abstract.search.exact:""Sorting+Techniques""&group_by=publication_year",1,0.0001,3602,0.3602
2026-09-28T11:48:24.183330+00:00,"https://api.openalex.org/works?filter=title_and_abstract.search.exact:""paxillin+siRNA+transfection+group""&group_by=publication_year",1,0.0001,3601,0.3601
2026-09-28T11:48:24.442853+00:00,"https://api.openalex.org/works?filter=title_and_abstract.search.exact:""congruent+or+incongruent+party+system+structures""&group_by=publication_year",1,0.0001,3600,0.36
2026-09-28T11:48:24.551377+00:00,"https://api.openalex.org/works?filter=title_and_abstract.search.exact:""fewer+mathematical+problems""&group_by=publication_year",1,0.0001,3599,0.3599
2026-09-28T11:48:24.826762+00:00,"https://api.openalex.org/works?filter=title_and_abstract.search.exact:""Lasiorhinus+latifrons""&group_by=publication_year",1,0.0001,3596,0.3596
2026-09-28T11:48:24.848230+00:00,"https://api.openalex.org/works?filter=title_and_abstract.search.exact:""regional+Diabetes""&group_by=publication_year",1,0.0001,3598,0.3598
2026-09-28T11:48:24.871039+00:00,"https://api.openalex.org/works?filter=title_and_abstract.search.exact:""selective+electrochemical+detection""&group_by=publication_year",1,0.0001,3597,0.3597
2026-09-28T11:48:25.166707+00:00,"https://api.openalex.org/works?filter=title_and_abstract.search.exact:""ESFRI+Roadmap""&group_by=publication_year",1,0.0001,3592,0.3592
2026-09-28T11:48:25.192595+00:00,"https://api.openalex.org/works?filter=title_and_abstract.search.exact:""physiological+resistance""&group_by=publication_year",1,0.0001,3595,0.3595
2026-09-28T11:48:25.226268+00:00,"https://api.openalex.org/works?filter=title_and_abstract.search.exact:""SUMMARY+Electronic+resources""&group_by=publication_year",1,0.0001,3593,0.3593
2026-09-28T11:48:25.244325+00:00,"https://api.openalex.org/works?filter=title_and_abstract.search.exact:""optical+functional+material""&group_by=publication_year",1,0.0001,3594,0.3594
2026-09-28T11:48:25.295800+00:00,"https://api.openalex.org/works?filter=title_and_abstract.search.exact:""k%C3%B6the+spaces""&group_by=publication_year",1,0.0001,3591,0.3591
2026-09-28T11:48:25.867381+00:00,"https://api.openalex.org/works?filter=title_and_abstract.search.exact:""socioeconomic+risk+factors""&group_by=publication_year",1,0.0001,3589,0.3589
2026-09-28T11:48:25.919807+00:00,"https://api.openalex.org/works?filter=title_and_abstract.search.exact:""menopausal+hormone+therapy""&group_by=publication_year",1,0.0001,3590,0.359
2026-09-28T11:48:25.993873+00:00,"https://api.openalex.org/works?filter=title_and_abstract.search.exact:""grade+IVA""&group_by=publication_year",1,0.0001,3588,0.3588
2026-09-28T11:48:26.117771+00:00,"https://api.openalex.org/works?filter=title_and_abstract.search.exact:""gramicidin+D""&group_by=publication_year",1,0.0001,3586,0.3586
2026-09-28T11:48:26.219358+00:00,"https://api.openalex.org/works?filter=title_and_abstract.search.exact:""moral+luck""&group_by=publication_year",1,0.0001,3587,0.3587
2026-09-28T11:48:26.362251+00:00,"https://api.openalex.org/works?filter=title_and_abstract.search.exact:""velocity+analysis+module+InDepth""&group_by=publication_year",1,0.0001,3583,0.3583
2026-09-28T11:48:26.392017+00:00,"https://api.openalex.org/works?filter=title_and_abstract.search.exact:""informal+sharing""&group_by=publication_year",1,0.0001,3584,0.3584
2026-09-28T11:48:26.423765+00:00,"https://api.openalex.org/works?filter=title_and_abstract.search.exact:""soil+dry+weight""&group_by=publication_year",1,0.0001,3585,0.3585
2026-09-28T11:48:26.579457+00:00,"https://api.openalex.org/works?filter=title_and_abstract.search.exact:""euryhaline+species""&group_by=publication_year",1,0.0001,3582,0.3582
2026-09-28T11:48:26.747043+00:00,"https://api.openalex.org/works?filter=title_and_abstract.search.exact:""scarless+fetal+wound+healing""&group_by=publication_year",1,0.0001,3581,0.3581
2026-09-28T11:48:26.817507+00:00,"https://api.openalex.org/works?filter=title_and_abstract.search.exact:""cellular+protrusions""&group_by=publication_year",1,0.0001,3580,0.358
2026-09-28T11:48:26.857201+00:00,"https://api.openalex.org/works?filter=title_and_abstract.search.exact:""facile+trifluoromethylthiolation""&group_by=publication_year",1,0.0001,3579,0.3579
2026-09-28T11:48:26.954711+00:00,"https://api.openalex.org/works?filter=title_and_abstract.search.exact:""PEDV""&group_by=publication_year",1,0.0001,3578,0.3578
2026-09-28T11:48:27.351946+00:00,"https://api.openalex.org/works?filter=title_and_abstract.search.exact:""computer+-+based+medical+history""&group_by=publication_year",1,0.0001,3577,0.3577
2026-09-28T11:48:27.633096+00:00,"https://api.openalex.org/works?filter=title_and_abstract.search.exact:""upward+rotation""&group_by=publication_year",1,0.0001,3574,0.3574
2026-09-28T11:48:27.658682+00:00,"https://api.openalex.org/works?filter=title_and_abstract.search.exact:""Serotonin+transporter+modulates+serotonin+levels""&group_by=publication_year",1,0.0001,3575,0.3575
2026-09-28T11:48:27.720097+00:00,"https://api.openalex.org/works?filter=title_and_abstract.search.exact:""International+Celestial+Reference+Frame""&group_by=publication_year",1,0.0001,3576,0.3576
2026-09-28T11:48:28.053355+00:00,"https://api.openalex.org/works?filter=title_and_abstract.search.exact:""detailed+chemical+analyses""&group_by=publication_year",1,0.0001,3573,0.3573
2026-09-28T11:48:28.073986+00:00,"https://api.openalex.org/works?filter=title_and_abstract.search.exact:""final+exponentiation+cost""&group_by=publication_year",1,0.0001,3571,0.3571
2026-09-28T11:48:28.131859+00:00,"https://api.openalex.org/works?filter=title_and_abstract.search.exact:""investigated+children""&group_by=publication_year",1,0.0001,3572,0.3572
2026-09-28T11:48:28.285741+00:00,"https://api.openalex.org/works?filter=title_and_abstract.search.exact:""Macro+Ltd.+Brand+Experience""&group_by=publication_year",1,0.0001,3570,0.357
2026-09-28T11:48:28.819728+00:00,"https://api.openalex.org/works?filter=title_and_abstract.search.exact:""technical+standardization""&group_by=publication_year",1,0.0001,3568,0.3568
2026-09-28T11:48:28.839281+00:00,"https://api.openalex.org/works?filter=title_and_abstract.search.exact:""C.+Temperature""&group_by=publication_year",1,0.0001,3569,0.3569
2026-09-28T11:48:28.964504+00:00,"https://api.openalex.org/works?filter=title_and_abstract.search.exact:""longitudinal+road+surface+profile""&group_by=publication_year",1,0.0001,3567,0.3567
2026-09-28T11:48:29.042034+00:00,"https://api.openalex.org/works?filter=title_and_abstract.search.exact:""land+rental+programme""&group_by=publication_year",1,0.0001,3566,0.3566
2026-09-28T11:48:29.137906+00:00,"https://api.openalex.org/works?filter=title_and_abstract.search.exact:""emulsifying+capacity""&group_by=publication_year",1,0.0001,3565,0.3565
2026-09-28T11:48:29.160533+00:00,"https://api.openalex.org/works?filter=title_and_abstract.search:""AC.The+calcination+temperature""&group_by=publication_year",1,0.0001,3562,0.3562
2026-09-28T11:48:29.229322+00:00,"https://api.openalex.org/works?filter=title_and_abstract.search.exact:""dental+unit""&group_by=publication_year",1,0.0001,3564,0.3564
2026-09-28T11:48:29.496220+00:00,"https://api.openalex.org/works?filter=title_and_abstract.search.exact:""Nitrate%E2%80%9015N+Samples""&group_by=publication_year",1,0.0001,3563,0.3563
2026-09-28T11:48:29.557054+00:00,"https://api.openalex.org/works?filter=title_and_abstract.search:""acceptable+sources""&group_by=publication_year",1,0.0001,3561,0.3561
2026-09-28T11:48:30.215195+00:00,"https://api.openalex.org/works?filter=title_and_abstract.search:""accurate+and+efficient+assembly""&group_by=publication_year",1,0.0001,3559,0.3559
2026-09-28T11:48:30.237010+00:00,"https://api.openalex.org/works?filter=title_and_abstract.search:""arithmetical+applications""&group_by=publication_year",1,0.0001,3560,0.356
2026-09-28T11:48:30.675998+00:00,"https://api.openalex.org/works?filter=title_and_abstract.search:""Benedict+Anderson""&group_by=publication_year",1,0.0001,3558,0.3558
2026-09-28T11:48:30.947228+00:00,"https://api.openalex.org/works?filter=title_and_abstract.search:""annual+will+indexes""&group_by=publication_year",1,0.0001,3556,0.3556
2026-09-28T11:48:30.966244+00:00,"https://api.openalex.org/works?filter=title_and_abstract.search:""CFH+mutations""&group_by=publication_year",1,0.0001,3555,0.3555
2026-09-28T11:48:31.037349+00:00,"https://api.openalex.org/works?filter=title_and_abstract.search:""about+13+percent""&group_by=publication_year",1,0.0001,3557,0.3557
2026-09-28T11:48:31.083100+00:00,"https://api.openalex.org/works?filter=title_and_abstract.search:""committed+socialist""&group_by=publication_year",1,0.0001,3553,0.3553
2026-09-28T11:48:31.190637+00:00,"https://api.openalex.org/works?filter=title_and_abstract.search:""carbon+isotope+signal""&group_by=publication_year",1,0.0001,3554,0.3554
2026-09-28T11:48:31.384323+00:00,"https://api.openalex.org/works?filter=title_and_abstract.search:""C.+J.+J.+Phys""&group_by=publication_year",1,0.0001,3552,0.3552
2026-09-28T11:48:31.433445+00:00,"https://api.openalex.org/works?filter=title_and_abstract.search:""commonly+encountered+Brucella+spp""&group_by=publication_year",1,0.0001,3551,0.3551
2026-09-28T11:48:31.517457+00:00,"https://api.openalex.org/works?filter=title_and_abstract.search:""Compound+Radix+Sophorae+Flavescentis+Injection""&group_by=publication_year",1,0.0001,3549,0.3549
2026-09-28T11:48:31.595595+00:00,"https://api.openalex.org/works?filter=title_and_abstract.search:""constant+debate""&group_by=publication_year",1,0.0001,3548,0.3548
2026-09-28T11:48:31.629402+00:00,"https://api.openalex.org/works?filter=title_and_abstract.search:""completing+tasks""&group_by=publication_year",1,0.0001,3550,0.355
2026-09-28T11:48:31.647596+00:00,"https://api.openalex.org/works?filter=title_and_abstract.search:""Business+in+Context""&group_by=publication_year",1,0.0001,3547,0.3547
2026-09-28T11:48:31.667258+00:00,"https://api.openalex.org/works?filter=title_and_abstract.search:""continuous+text""&group_by=publication_year",1,0.0001,3546,0.3546
2026-09-28T11:48:31.691238+00:00,"https://api.openalex.org/works?filter=title_and_abstract.search:""cut%E2%80%90anddried+answer""&group_by=publication_year",1,0.0001,3545,0.3545
2026-09-28T11:48:31.822369+00:00,"https://api.openalex.org/works?filter=title_and_abstract.search:""corrupted+files""&group_by=publication_year",1,0.0001,3544,0.3544
2026-09-28T11:48:31.933637+00:00,"https://api.openalex.org/works?filter=title_and_abstract.search:""D+-+aldohexopyranose+isomers""&group_by=publication_year",1,0.0001,3543,0.3543
2026-09-28T11:48:32.062912+00:00,"https://api.openalex.org/works?filter=title_and_abstract.search:""DM+%2F+LDR.The+mice""&group_by=publication_year",1,0.0001,3542,0.3542
2026-09-28T11:48:32.621369+00:00,"https://api.openalex.org/works?filter=title_and_abstract.search:""Dislocation+Focus+Construction""&group_by=publication_year",1,0.0001,3540,0.354
2026-09-28T11:48:32.650865+00:00,"https://api.openalex.org/works?filter=title_and_abstract.search:""disposable+low+-+cost+implementation""&group_by=publication_year",1,0.0001,3539,0.3539
2026-09-28T11:48:32.719448+00:00,"https://api.openalex.org/works?filter=title_and_abstract.search:""culturally+different+environment""&group_by=publication_year",1,0.0001,3541,0.3541
2026-09-28T11:48:33.028975+00:00,"https://api.openalex.org/works?filter=title_and_abstract.search:""credit+risk+management+issues""&group_by=publication_year",1,0.0001,3538,0.3538
2026-09-28T11:48:33.058206+00:00,"https://api.openalex.org/works?filter=title_and_abstract.search:""Electronic+Stabilization""&group_by=publication_year",1,0.0001,3536,0.3536
2026-09-28T11:48:33.089521+00:00,"https://api.openalex.org/works?filter=title_and_abstract.search:""dose%E2%80%90volume""&group_by=publication_year",1,0.0001,3537,0.3537
2026-09-28T11:48:33.487175+00:00,"https://api.openalex.org/works?filter=title_and_abstract.search:""E+-+Services+Design""&group_by=publication_year",1,0.0001,3534,0.3534
2026-09-28T11:48:33.523839+00:00,"https://api.openalex.org/works?filter=title_and_abstract.search:""elemental+Zn""&group_by=publication_year",1,0.0001,3533,0.3533
2026-09-28T11:48:33.558012+00:00,"https://api.openalex.org/works?filter=title_and_abstract.search:""effects+estimation""&group_by=publication_year",1,0.0001,3535,0.3535
2026-09-28T11:48:33.582209+00:00,"https://api.openalex.org/works?filter=title_and_abstract.search:""engine+thermal+efficiency""&group_by=publication_year",1,0.0001,3532,0.3532
2026-09-28T11:48:33.929247+00:00,"https://api.openalex.org/works?filter=title_and_abstract.search:""experiment+performance+results""&group_by=publication_year",1,0.0001,3531,0.3531
2026-09-28T11:48:33.973278+00:00,"https://api.openalex.org/works?filter=title_and_abstract.search:""femoral+endothelial+cells""&group_by=publication_year",1,0.0001,3530,0.353
2026-09-28T11:48:34.183221+00:00,"https://api.openalex.org/works?filter=title_and_abstract.search:""Final+mean+body+weight""&group_by=publication_year",1,0.0001,3529,0.3529
2026-09-28T11:48:34.360912+00:00,"https://api.openalex.org/works?filter=title_and_abstract.search:""fine+particle+suspension""&group_by=publication_year",1,0.0001,3528,0.3528
2026-09-28T11:48:34.397460+00:00,"https://api.openalex.org/works?filter=title_and_abstract.search:""finite+element+investigation""&group_by=publication_year",1,0.0001,3527,0.3527
2026-09-28T11:48:34.455395+00:00,"https://api.openalex.org/works?filter=title_and_abstract.search:""fMRI+-+adaptation+protocol""&group_by=publication_year",1,0.0001,3525,0.3525
2026-09-28T11:48:34.474603+00:00,"https://api.openalex.org/works?filter=title_and_abstract.search:""fish+%2F+shellfish""&group_by=publication_year",1,0.0001,3526,0.3526
2026-09-28T11:48:34.950926+00:00,"https://api.openalex.org/works?filter=title_and_abstract.search:""general+initial+states""&group_by=publication_year",1,0.0001,3523,0.3523
2026-09-28T11:48:35.049052+00:00,"https://api.openalex.org/works?filter=title_and_abstract.search:""geometric+and+or+control+problems""&group_by=publication_year",1,0.0001,3522,0.3522
2026-09-28T11:48:35.318315+00:00,"https://api.openalex.org/works?filter=title_and_abstract.search:""harvesting+modes""&group_by=publication_year",1,0.0001,3521,0.3521
2026-09-28T11:48:35.351637+00:00,"https://api.openalex.org/works?filter=title_and_abstract.search:""gram+-+negative+bacterium+Anaplasma+phagocytophilum""&group_by=publication_year",1,0.0001,3520,0.352
2026-09-28T11:48:35.368361+00:00,"https://api.openalex.org/works?filter=title_and_abstract.search:""historical+cultural+and+folklore+characteristics""&group_by=publication_year",1,0.0001,3519,0.3519
2026-09-28T11:48:35.432863+00:00,"https://api.openalex.org/works?filter=title_and_abstract.search:""heart+rate+varibirity""&group_by=publication_year",1,0.0001,3518,0.3518
2026-09-28T11:48:35.453629+00:00,"https://api.openalex.org/works?filter=title_and_abstract.search:""Functionalized+Porous+Carbon""&group_by=publication_year",1,0.0001,3524,0.3524
2026-09-28T11:48:35.726163+00:00,"https://api.openalex.org/works?filter=title_and_abstract.search:""human+DLG4+SNPs""&group_by=publication_year",1,0.0001,3516,0.3516
2026-09-28T11:48:36.084163+00:00,"https://api.openalex.org/works?filter=title_and_abstract.search:""inside+surface""&group_by=publication_year",1,0.0001,3515,0.3515
2026-09-28T11:48:36.294627+00:00,"https://api.openalex.org/works?filter=title_and_abstract.search:""infrared+irradiation+heating""&group_by=publication_year",1,0.0001,3517,0.3517
2026-09-28T11:48:36.335884+00:00,"https://api.openalex.org/works?filter=title_and_abstract.search:""jructus+pilosus""&group_by=publication_year",1,0.0001,3513,0.3513
2026-09-28T11:48:36.718276+00:00,"https://api.openalex.org/works?filter=title_and_abstract.search:""ionotropic+gelation+technique""&group_by=publication_year",1,0.0001,3514,0.3514
2026-09-28T11:48:36.750995+00:00,"https://api.openalex.org/works?filter=title_and_abstract.search:""Kn%C3%BAtr+Sveinsson""&group_by=publication_year",1,0.0001,3512,0.3512
2026-09-28T11:48:37.020164+00:00,"https://api.openalex.org/works?filter=title_and_abstract.search:""international+scholars""&group_by=publication_year",1,0.0001,3511,0.3511
2026-09-28T11:48:37.051808+00:00,"https://api.openalex.org/works?filter=title_and_abstract.search:""KIVA+-+CFD+code""&group_by=publication_year",1,0.0001,3510,0.351
2026-09-28T11:48:37.124304+00:00,"https://api.openalex.org/works?filter=title_and_abstract.search:""intracellular+signaling+and+transcriptional+control""&group_by=publication_year",1,0.0001,3509,0.3509
2026-09-28T11:48:37.242786+00:00,"https://api.openalex.org/works?filter=title_and_abstract.search:""Lyle+Eslinger""&group_by=publication_year",1,0.0001,3507,0.3507
2026-09-28T11:48:37.281026+00:00,"https://api.openalex.org/works?filter=title_and_abstract.search:""lumbosacral+enlargement""&group_by=publication_year",1,0.0001,3506,0.3506
2026-09-28T11:48:37.330642+00:00,"https://api.openalex.org/works?filter=title_and_abstract.search:""Local+folk+wisdom""&group_by=publication_year",1,0.0001,3508,0.3508
2026-09-28T11:48:37.373605+00:00,"https://api.openalex.org/works?filter=title_and_abstract.search:""marginal+budget+shares""&group_by=publication_year",1,0.0001,3504,0.3504
2026-09-28T11:48:37.633005+00:00,"https://api.openalex.org/works?filter=title_and_abstract.search:""MHGIS.Its+application""&group_by=publication_year",1,0.0001,3503,0.3503
2026-09-28T11:48:38.145740+00:00,"https://api.openalex.org/works?filter=title_and_abstract.search:""oral+MPA+dosage""&group_by=publication_year",1,0.0001,3501,0.3501
2026-09-28T11:48:38.217153+00:00,"https://api.openalex.org/works?filter=title_and_abstract.search:""MEDLINE+In+-+Process""&group_by=publication_year",1,0.0001,3502,0.3502
2026-09-28T11:48:38.237013+00:00,"https://api.openalex.org/works?filter=title_and_abstract.search:""light+aircraft""&group_by=publication_year",1,0.0001,3505,0.3505
2026-09-28T11:48:38.323549+00:00,"https://api.openalex.org/works?filter=title_and_abstract.search:""non+-+psychiatric+healthcare+settings""&group_by=publication_year",1,0.0001,3500,0.35
2026-09-28T11:48:38.418445+00:00,"https://api.openalex.org/works?filter=title_and_abstract.search:""MW+steam+turbine""&group_by=publication_year",1,0.0001,3498,0.3498
2026-09-28T11:48:38.438565+00:00,"https://api.openalex.org/works?filter=title_and_abstract.search:""nearer+nodes""&group_by=publication_year",1,0.0001,3499,0.3499
2026-09-28T11:48:38.550967+00:00,"https://api.openalex.org/works?filter=title_and_abstract.search:""MTT+chromatography""&group_by=publication_year",1,0.0001,3497,0.3497
2026-09-28T11:48:38.689068+00:00,"https://api.openalex.org/works?filter=title_and_abstract.search:""normal+dispersion+photonic+crystal+fiber""&group_by=publication_year",1,0.0001,3496,0.3496
2026-09-28T11:48:38.897080+00:00,"https://api.openalex.org/works?filter=title_and_abstract.search:""paleontological+and+Sporopollen+study""&group_by=publication_year",1,0.0001,3495,0.3495
2026-09-28T11:48:38.986788+00:00,"https://api.openalex.org/works?filter=title_and_abstract.search:""Pauli+repulsion""&group_by=publication_year",1,0.0001,3494,0.3494
2026-09-28T11:48:39.318735+00:00,"https://api.openalex.org/works?filter=title_and_abstract.search:""phenylthiohydantoin+amino+acid+standards""&group_by=publication_year",1,0.0001,3492,0.3492
2026-09-28T11:48:39.338634+00:00,"https://api.openalex.org/works?filter=title_and_abstract.search:""patient+chance""&group_by=publication_year",1,0.0001,3493,0.3493
2026-09-28T11:48:39.485095+00:00,"https://api.openalex.org/works?filter=title_and_abstract.search:""pristine+flora""&group_by=publication_year",1,0.0001,3491,0.3491
2026-09-28T11:48:39.519094+00:00,"https://api.openalex.org/works?filter=title_and_abstract.search:""quartz+crystal+microgravimetry""&group_by=publication_year",1,0.0001,3490,0.349
2026-09-28T11:48:39.559268+00:00,"https://api.openalex.org/works?filter=title_and_abstract.search:""publicly+insured+and+uninsured+children""&group_by=publication_year",1,0.0001,3489,0.3489
2026-09-28T11:48:39.731387+00:00,"https://api.openalex.org/works?filter=title_and_abstract.search:""rickettsial+intracellular+survival""&group_by=publication_year",1,0.0001,3486,0.3486
2026-09-28T11:48:39.752683+00:00,"https://api.openalex.org/works?filter=title_and_abstract.search:""reduced+color+shift""&group_by=publication_year",1,0.0001,3487,0.3487
2026-09-28T11:48:39.777466+00:00,"https://api.openalex.org/works?filter=title_and_abstract.search:""peritoneal+dialysis+treatment""&group_by=publication_year",1,0.0001,3488,0.3488
2026-09-28T11:48:39.953645+00:00,"https://api.openalex.org/works?filter=title_and_abstract.search:""Richard+Connors""&group_by=publication_year",1,0.0001,3485,0.3485
2026-09-28T11:48:40.061768+00:00,"https://api.openalex.org/works?filter=title_and_abstract.search:""recommended+precautions""&group_by=publication_year",1,0.0001,3484,0.3484
2026-09-28T11:48:40.080805+00:00,"https://api.openalex.org/works?filter=title_and_abstract.search:""Rigid+Triaxial+Deformation""&group_by=publication_year",1,0.0001,3483,0.3483
2026-09-28T11:48:40.183441+00:00,"https://api.openalex.org/works?filter=title_and_abstract.search:""rubberized+cloth""&group_by=publication_year",1,0.0001,3482,0.3482
2026-09-28T11:48:40.357747+00:00,"https://api.openalex.org/works?filter=title_and_abstract.search:""rubber+sacs""&group_by=publication_year",1,0.0001,3481,0.3481
2026-09-28T11:48:40.628733+00:00,"https://api.openalex.org/works?filter=title_and_abstract.search:""static+setup""&group_by=publication_year",1,0.0001,3480,0.348
2026-09-28T11:48:40.730654+00:00,"https://api.openalex.org/works?filter=title_and_abstract.search:""selective+alkane+oxidation""&group_by=publication_year",1,0.0001,3479,0.3479
2026-09-28T11:48:40.754478+00:00,"https://api.openalex.org/works?filter=title_and_abstract.search:""sought+-+after+commercial+species""&group_by=publication_year",1,0.0001,3478,0.3478
2026-09-28T11:48:40.776255+00:00,"https://api.openalex.org/works?filter=title_and_abstract.search:""syringae+van+Hall""&group_by=publication_year",1,0.0001,3477,0.3477
2026-09-28T11:48:41.040653+00:00,"https://api.openalex.org/works?filter=title_and_abstract.search:""TRIPS""&group_by=publication_year",1,0.0001,3476,0.3476
2026-09-28T11:48:41.059384+00:00,"https://api.openalex.org/works?filter=title_and_abstract.search:""tolerogenic+DC+function""&group_by=publication_year",1,0.0001,3475,0.3475
2026-09-28T11:48:41.217795+00:00,"https://api.openalex.org/works?filter=title_and_abstract.search:""Turkish+traditional+foods""&group_by=publication_year",1,0.0001,3474,0.3474
2026-09-28T11:48:41.382431+00:00,"https://api.openalex.org/works?filter=title_and_abstract.search:""TB+treatment""&group_by=publication_year",1,0.0001,3473,0.3473
2026-09-28T11:48:41.419773+00:00,https://api.openalex.org/works?filter=title_and_abstract.search:subsequent+facet+-+mediated+oriented+attachment&group_by=publication_year,1,0.0001,3472,0.3472
2026-09-28T11:48:41.581826+00:00,https://api.openalex.org/works?filter=title_and_abstract.search:Vampire+Slayer+%27s+Final+Season&group_by=publication_year,1,0.0001,3471,0.3471
2026-09-28T11:48:41.678013+00:00,"https://api.openalex.org/works?filter=title_and_abstract.search:""Virtual+Learning+Type+Team""&group_by=publication_year",1,0.0001,3470,0.347
2026-09-28T11:48:41.997622+00:00,"https://api.openalex.org/works?filter=title_and_abstract.search:""vitro+cadaveric+study""&group_by=publication_year",1,0.0001,3469,0.3469
2026-09-28T11:48:42.168542+00:00,"https://api.openalex.org/works?filter=title_and_abstract.search:""well+-+known+Verwey+transition""&group_by=publication_year",1,0.0001,3467,0.3467
2026-09-28T11:48:42.193997+00:00,"https://api.openalex.org/works?filter=title_and_abstract.search:""wholesale+attack""&group_by=publication_year",1,0.0001,3466,0.3466
2026-09-28T11:48:42.231882+00:00,"https://api.openalex.org/works?filter=title_and_abstract.search:""ZnO+microparticles""&group_by=publication_year",1,0.0001,3464,0.3464
2026-09-28T11:48:42.257520+00:00,"https://api.openalex.org/works?filter=title_and_abstract.search:""vertical+and+horizontal+components""&group_by=publication_year",1,0.0001,3468,0.3468
2026-09-28T11:48:42.278538+00:00,"https://api.openalex.org/works?filter=title_and_abstract.search:""widely+utilized+component""&group_by=publication_year",1,0.0001,3465,0.3465
2026-09-28T11:48:42.299640+00:00,https://api.openalex.org/works?filter=title_and_abstract.search:cyclostationary+nearfield+acoustic+holography+technique&group_by=publication_year,1,0.0001,3462,0.3462
2026-09-28T11:48:42.334789+00:00,"https://api.openalex.org/works?filter=title_and_abstract.search:""Zika+virus+infection""&group_by=publication_year",1,0.0001,3463,0.3463
2026-09-28T11:48:42.457971+00:00,https://api.openalex.org/works?filter=title_and_abstract.search:limb+mass+distribution+%27s+influence&group_by=publication_year,1,0.0001,3461,0.3461
2026-09-28T11:48:42.781410+00:00,https://api.openalex.org/works?filter=title_and_abstract.search:foi+de+37+64+%25&group_by=publication_year,1,0.0001,3459,0.3459
2026-09-28T11:48:42.818586+00:00,https://api.openalex.org/works?filter=title_and_abstract.search:di+1+2+4+triazolo-+4+3+-+a+3%E2%80%B2+4%E2%80%B2-c+-quinoxalines+17%E2%80%9319&group_by=publication_year,1,0.0001,3460,0.346
2026-09-28T11:48:42.995593+00:00,https://api.openalex.org/works?filter=title_and_abstract.search:substituted+pyrrolo+3+4-+d+isoxazolidines&group_by=publication_year,1,0.0001,3457,0.3457
2026-09-28T11:48:43.033350+00:00,https://api.openalex.org/works?filter=title_and_abstract.search:known+Kartagener+%27s+syndrome&group_by=publication_year,1,0.0001,3456,0.3456
2026-09-28T11:48:43.052277+00:00,https://api.openalex.org/works?filter=title_and_abstract.search:T%5Er_+%5Cpsi+f+z+%3Dc_r%5Cint_+B+%5Cfrac+1-+%5Cparallel+w+%5Cparallel+%5E2+%5Er+1-+%5Clangle+z&group_by=publication_year,1,0.0001,3458,0.3458
2026-09-28T11:48:43.217936+00:00,https://api.openalex.org/works?filter=title_and_abstract.search:driver+%27s+braking+manoeuvre&group_by=publication_year,1,0.0001,3455,0.3455
2026-09-28T11:48:43.337322+00:00,https://api.openalex.org/works?filter=title_and_abstract.search:bit+RGB+-+colour+system&group_by=publication_year,1,0.0001,3454,0.3454
2026-09-28T11:48:43.671977+00:00,https://api.openalex.org/works?filter=title_and_abstract.search:Abstract+Fire%E2%80%90retardant+properties&group_by=publication_year,1,0.0001,3453,0.3453
2026-09-28T11:48:44.039396+00:00,https://api.openalex.org/works?filter=title_and_abstract.search:VLSI+architecture+designers&group_by=publication_year,1,0.0001,3452,0.3452
2026-09-28T11:48:44.061853+00:00,https://api.openalex.org/works?filter=title_and_abstract.search:province+%27s+administration&group_by=publication_year,1,0.0001,3451,0.3451
2026-09-28T11:48:44.097659+00:00,https://api.openalex.org/works?filter=title_and_abstract.search:Maurice+Blanchot+%27s+fiction&group_by=publication_year,1,0.0001,3450,0.345
2026-09-28T11:48:44.291096+00:00,https://api.openalex.org/works?filter=title_and_abstract.search:personal+sports+habits&group_by=publication_year,1,0.0001,3449,0.3449
2026-09-28T11:48:44.519379+00:00,https://api.openalex.org/works?filter=title_and_abstract.search:DSC+-+TG+testing&group_by=publication_year,1,0.0001,3447,0.3447
2026-09-28T11:48:44.668530+00:00,https://api.openalex.org/works?filter=title_and_abstract.search:ginger+%27s+inhibitory+effects&group_by=publication_year,1,0.0001,3446,0.3446
2026-09-28T11:48:44.719341+00:00,https://api.openalex.org/works?filter=title_and_abstract.search:Rubin+%27s+variance+estimator&group_by=publication_year,1,0.0001,3448,0.3448
2026-09-28T11:48:45.038094+00:00,https://api.openalex.org/works?filter=title_and_abstract.search:improved+EOP+writer+%27s+guide&group_by=publication_year,1,0.0001,3443,0.3443
2026-09-28T11:48:45.058983+00:00,https://api.openalex.org/works?filter=title_and_abstract.search:author+%E2%80%99s+own+long+term+experience&group_by=publication_year,1,0.0001,3444,0.3444
2026-09-28T11:48:45.218841+00:00,https://api.openalex.org/works?filter=title_and_abstract.search:Serotonin+transporter+modulates+serotonin+levels&group_by=publication_year,1,0.0001,3442,0.3442
2026-09-28T11:48:45.249512+00:00,"https://api.openalex.org/works?filter=title_and_abstract.search:""subsequent+facet+-+mediated+oriented+attachment""&group_by=publication_year",1,0.0001,3441,0.3441
2026-09-28T11:48:45.443292+00:00,"https://api.openalex.org/works?filter=title_and_abstract.search:""Vampire+Slayer+%27s+Final+Season""&group_by=publication_year",1,0.0001,3440,0.344
2026-09-28T11:48:45.466580+00:00,https://api.openalex.org/works?filter=title_and_abstract.search:divisional+-+based+communication+patterns&group_by=publication_year,1,0.0001,3445,0.3445
2026-09-28T11:55:27.854043+00:00,"https://api.openalex.org/works?filter=title_and_abstract.search.exact:""CFH+mutations"",publication_year:1990-2024&per_page=200&cursor=*&select=id,doi,display_name,publication_year,publication_date,primary_topic,primary_location,referenced_works,authorships,keywords,abstract_inverted_index",10,0.001,2390,0.239
2026-09-28T11:55:28.559373+00:00,"https://api.openalex.org/works?filter=title_and_abstract.search.exact:""WS+-+PGRADE"",publication_year:1990-2024&per_page=200&cursor=*&select=id,doi,display_name,publication_year,publication_date,primary_topic,primary_location,referenced_works,authorships,keywords,abstract_inverted_index",10,0.001,2380,0.238
2026-09-28T11:55:28.599491+00:00,"https://api.openalex.org/works?filter=title_and_abstract.search.exact:""normal+dispersion+photonic+crystal+fiber"",publication_year:1990-2024&per_page=200&cursor=*&select=id,doi,display_name,publication_year,publication_date,primary_topic,primary_location,referenced_works,authorships,keywords,abstract_inverted_index",10,0.001,2370,0.237
2026-09-28T11:55:28.820887+00:00,"https://api.openalex.org/works?filter=title_and_abstract.search.exact:""green+low+carbon"",publication_year:1990-2024&per_page=200&cursor=*&select=id,doi,display_name,publication_year,publication_date,primary_topic,primary_location,referenced_works,authorships,keywords,abstract_inverted_index",10,0.001,2400,0.24
2026-09-28T11:55:30.034308+00:00,"https://api.openalex.org/works?filter=title_and_abstract.search.exact:""Image+proplus+software""|""digital+watermark+insertion""|""cut%E2%80%90anddried+answer""|""lottery+-+choice+experiment""|""Fiescherhorn+glacier""|""Senegalese+healthcare+systems""|""vitro+cadaveric+study"",publication_year:1990-2024&per_page=200&cursor=*&select=id,doi,display_name,publication_year,publication_date,primary_topic,primary_loca",10,0.001,2360,0.236
