concept_id,t,age,F_band,fold,H,RS,n_active,w1_volume,mean_host_mom,growing_breadth,n_tested_or_labelled,H_share_SOURCE,RS_share_SOURCE,H_share_SINK,RS_share_SINK,H_share_FADING,RS_share_FADING,H_share_UNDETERMINED,RS_share_UNDETERMINED,H_share_ORIGIN,RS_share_ORIGIN,H_S
c_9cceb3c510be,2014,3,2008-11,screen,0.8916624239058178,0.3646914254143555,4,40,1.4360477433605678,1,0,0.0,0.0,0.0,0.0,0.0,0.0,0.6034270188810709,0.5441351553272474,0.3965729811189292,0.45586484467275273,-0.0
c_9cceb3c510be,2015,4,2008-11,screen,0.9382365943823179,0.36309295379836454,6,75,1.1694148180638098,1,0,0.0,0.0,0.0,0.0,0.0,0.0,0.6209214608005829,0.5487330444235411,0.3790785391994172,0.45126695557645896,-0.0
c_9cceb3c510be,2016,5,2008-11,screen,0.9558206399287956,0.3677534994245712,6,101,0.4415386827632721,1,1,0.3671274842266034,0.4568167372295817,0.0,0.0,0.0,0.0,0.2581176754968936,0.1017543544505871,0.37475484027650297,0.44142890831983106,0.6926484826961294
c_9cceb3c510be,2017,6,2008-11,screen,0.898555389043858,0.36088388308801356,5,126,0.467943276593959,1,1,0.3857008644161129,0.46887395435646073,0.0,0.0,0.0,0.0,0.21494430853943808,0.08343460409767997,0.39935482704444886,0.4476914415458592,0.6918966592050799
c_9cceb3c510be,2018,7,2008-11,screen,0.9173389436537714,0.3604117973557184,6,157,0.1829783427931293,1,1,0.37220319809525587,0.467806534446752,0.0,0.0,0.0,0.0,0.23273142156688179,0.0882388217000664,0.39506538033786237,0.4439546438531816,0.6893362020498699
c_9cceb3c510be,2019,8,2008-11,screen,0.976625633510805,0.3609811957779081,9,177,0.0446902263662162,0,1,0.3419818572438877,0.46162411924251867,0.0,0.0,0.0,0.0,0.28282820408527065,0.10518797050330887,0.37518993867084166,0.4331879102541723,0.6826590174409723
c_8b7be83fd666,2009,3,2005-07,screen,0.8517401270448423,0.21200648999459168,4,43,0.0,0,0,0.0,0.0,0.0,0.0,0.0,0.0,0.7051158091695456,0.5663265306122449,0.2948841908304544,0.4336734693877551,-0.0
c_8b7be83fd666,2010,4,2005-07,screen,0.8393928959935676,0.20546994307927252,4,49,0.127265281088266,0,0,0.0,0.0,0.0,0.0,0.0,0.0,0.6978955458889708,0.5635135135135135,0.3021044541110292,0.4364864864864865,-0.0
c_8b7be83fd666,2011,5,2005-07,screen,0.8334705727459599,0.19351531462258104,5,51,-0.7625896248075407,0,0,0.0,0.0,0.0,0.0,0.0,0.0,0.7206675167943131,0.5589403973509935,0.27933248320568693,0.4410596026490066,-0.0
c_8b7be83fd666,2012,6,2005-07,screen,0.7621724096609351,0.17895400126023941,4,46,0.0,0,0,0.0,0.0,0.0,0.0,0.0,0.0,0.7068576749540151,0.551056338028169,0.29314232504598503,0.448943661971831,-0.0
c_8b7be83fd666,2013,7,2005-07,screen,0.5723484972067745,0.12551440329218105,3,36,0.0,0,0,0.0,0.0,0.0,0.0,0.0,0.0,0.6956754021068389,0.5245901639344263,0.3043245978931612,0.47540983606557374,-0.0
c_8b7be83fd666,2014,8,2005-07,screen,0.5905146653114488,0.13185185185185186,3,30,0.0,0,0,0.0,0.0,0.0,0.0,0.0,0.0,0.6976961766779904,0.5280898876404494,0.3023038233220095,0.47191011235955055,-0.0
c_af151bc76848,2018,3,2012-16,screen,0.0,0.0,1,85,0.0,0,0,0.0,,0.0,,0.0,,0.0,,1.0,,-0.0
c_af151bc76848,2019,4,2012-16,screen,0.05693722443763179,0.019601022989604262,2,98,0.0,0,0,0.0,0.0,0.0,0.0,0.0,0.0,0.8217011436281378,0.5,0.17829885637186219,0.5,-0.0
c_ce417b0a39d3,2018,3,2012-16,screen,1.1619191733232646,0.3262600767056586,14,147,1.4840964309056457,1,0,0.0,0.0,0.0,0.0,0.0,0.0,0.785497563045947,0.5807836065067314,0.21450243695405272,0.4192163934932686,-0.0
c_ce417b0a39d3,2019,4,2012-16,screen,1.3903580757507987,0.3710439774913855,24,291,1.2056412783578023,1,0,0.0,0.0,0.0,0.0,0.0,0.0,0.8026690549221613,0.5977135159507692,0.1973309450778387,0.40228648404923073,-0.0
c_10899378a764,2011,3,2008-11,heldout_concept,0.8949145807559643,0.2553785286265442,11,172,1.4402894210149735,2,0,0.0,0.0,0.0,0.0,0.0,0.0,0.7875615145497002,0.5473267494888099,0.21243848545029992,0.45267325051119006,-0.0
c_10899378a764,2012,4,2008-11,heldout_concept,0.9196914810597314,0.2582250773964602,14,279,1.0200198523850437,1,0,0.0,0.0,0.0,0.0,0.0,0.0,0.793336214963691,0.5496629044918281,0.20666378503630908,0.4503370955081718,-0.0
c_10899378a764,2013,5,2008-11,heldout_concept,0.978189896829785,0.26283751832549346,16,467,0.566100895830335,2,1,0.0,0.0,0.2245123836572786,0.21304221877186658,0.0,0.0,0.5720354884686372,0.34191609853765165,0.20345212787408415,0.44504168269048183,-0.0
c_10899378a764,2014,6,2008-11,heldout_concept,1.0395445471737699,0.2771568841238512,22,739,0.8419602326407887,5,1,0.0,0.0,0.2019155849011927,0.18896521036273756,0.0,0.0,0.602542087199818,0.3702547064343129,0.19554232789898912,0.44078008320294954,-0.0
c_10899378a764,2015,7,2008-11,heldout_concept,1.0904720995779589,0.2893683768630804,27,1100,0.9002797200614759,6,2,0.10857736733227105,0.11791057312842884,0.19030746008431668,0.17753495842128234,0.0,0.0,0.5068356517169529,0.26785525646779573,0.19427952086645917,0.43669921198249323,0.1829940579429585
c_10899378a764,2016,8,2008-11,heldout_concept,1.2265409118593547,0.32483275959407587,36,1587,0.7151482096793668,6,4,0.3758064593410633,0.30253905796350666,0.0,0.0,0.0,0.0,0.43148038614091455,0.272737591060427,0.19271315451802246,0.4247233509760663,0.659753966926204
c_7eed579eaddd,2018,3,2012-16,screen,0.09962338946616205,0.013327780091628487,2,49,0.0,0,0,0.0,0.0,0.0,0.0,0.0,0.0,0.7972515738390067,0.5,0.2027484261609933,0.5,-0.0
c_7eed579eaddd,2019,4,2012-16,screen,0.07664880077618422,0.009659746251441753,2,68,0.0,0,0,0.0,0.0,0.0,0.0,0.0,0.0,0.8095571394631509,0.5,0.19044286053684906,0.5,-0.0
c_1e0ff7706e23,2014,3,2008-11,heldout_concept,1.6624781603230758,0.4055197145499973,10,45,0.0,0,0,0.0,0.0,0.0,0.0,0.0,0.0,0.7936565000536174,0.6638972375300091,0.20634349994638265,0.33610276246999105,-0.0
c_1e0ff7706e23,2015,4,2008-11,heldout_concept,1.789083274634476,0.3975475693182347,11,64,1.1091634033602118,1,0,0.0,0.0,0.0,0.0,0.0,0.0,0.7995129800439205,0.6913039755792624,0.2004870199560795,0.30869602442073757,-0.0
c_1e0ff7706e23,2016,5,2008-11,heldout_concept,1.7125125405677368,0.3847982221264898,12,90,0.4245286842056278,1,0,0.0,0.0,0.0,0.0,0.0,0.0,0.7895411444344844,0.6919982689536452,0.21045885556551558,0.3080017310463546,-0.0
c_1e0ff7706e23,2017,6,2008-11,heldout_concept,1.6568519259627807,0.35220719529698724,13,101,0.2856931742080924,1,0,0.0,0.0,0.0,0.0,0.0,0.0,0.7866158717807714,0.6749113019278861,0.2133841282192285,0.325088698072114,-0.0
c_1e0ff7706e23,2018,7,2008-11,heldout_concept,1.746547019596598,0.37447391039950184,14,114,-0.0705083096969719,0,0,0.0,0.0,0.0,0.0,0.0,0.0,0.7973466158920862,0.6819175646171783,0.2026533841079139,0.318082435382822,-0.0
c_1e0ff7706e23,2019,8,2008-11,heldout_concept,1.821426309489497,0.3821279251418448,16,126,-0.0718500987695113,0,0,0.0,0.0,0.0,0.0,0.0,0.0,0.8060292114759214,0.6835162890816862,0.1939707885240783,0.31648371091831373,-0.0
c_7f10d7675fc9,2016,3,2012-16,heldout_concept,0.09087612133300153,0.03464396059905121,2,55,0.0,0,0,0.0,0.0,0.0,0.0,0.0,0.0,0.8017574066665617,0.5,0.19824259333343833,0.5,-0.0
c_7f10d7675fc9,2017,4,2012-16,heldout_concept,0.12308573689001873,0.02880627757123657,3,89,0.0,0,0,0.0,0.0,0.0,0.0,0.0,0.0,0.8194957074337356,0.5029217401360355,0.1805042925662645,0.4970782598639645,-0.0
c_7f10d7675fc9,2018,5,2012-16,heldout_concept,0.19532684973798276,0.0682362869988927,3,119,0.0,0,0,0.0,0.0,0.0,0.0,0.0,0.0,0.7894735339009611,0.5027596844237443,0.21052646609903888,0.49724031557625564,-0.0
c_7f10d7675fc9,2019,6,2012-16,heldout_concept,0.1812626062867052,0.06459204972061264,3,155,0.0,0,0,0.0,0.0,0.0,0.0,0.0,0.0,0.7906319471316355,0.5021480099193377,0.20936805286836466,0.4978519900806623,-0.0
c_e44f84504a49,2017,3,2012-16,screen,0.06719688036269783,0.023955556956476463,2,80,0.0,0,0,0.0,0.0,0.0,0.0,0.0,0.0,0.8151469627424887,0.5,0.18485303725751145,0.5,-0.0
c_e44f84504a49,2018,4,2012-16,screen,0.13651158873037864,0.027692688146511376,3,116,0.0,0,0,0.0,0.0,0.0,0.0,0.0,0.0,0.8130215531919195,0.5035781425882826,0.18697844680808046,0.4964218574117174,-0.0
c_e44f84504a49,2019,5,2012-16,screen,0.1899276578215344,0.03495176403197232,3,146,0.0,0,0,0.0,0.0,0.0,0.0,0.0,0.0,0.7881317369296162,0.5044740819437682,0.2118682630703839,0.495525918056232,-0.0
c_2cfdd88c29c0,2010,3,2005-07,heldout_concept,1.3879930837729868,0.41445615223627563,10,70,0.0,0,0,0.0,0.0,0.0,0.0,0.0,0.0,0.7843372288659213,0.6118181552537826,0.21566277113407875,0.3881818447462174,-0.0
c_2cfdd88c29c0,2011,4,2005-07,heldout_concept,1.3100263920726862,0.41530986298940176,9,84,0.6856304503822634,0,0,0.0,0.0,0.0,0.0,0.0,0.0,0.77337970036944,0.6096131257096733,0.22662029963055982,0.39038687429032676,-0.0
c_2cfdd88c29c0,2012,5,2005-07,heldout_concept,1.3060922143343077,0.4057288738292316,9,116,0.9847859184610381,1,0,0.0,0.0,0.0,0.0,0.0,0.0,0.7699465896864843,0.6228583883243317,0.2300534103135157,0.37714161167566834,-0.0
c_2cfdd88c29c0,2013,6,2005-07,heldout_concept,1.3765357532129763,0.42453607973372015,14,159,0.27618208776786013,1,0,0.0,0.0,0.0,0.0,0.0,0.0,0.7764527950230685,0.6252883311012208,0.22354720497693165,0.37471166889877916,-0.0
c_2cfdd88c29c0,2014,7,2005-07,heldout_concept,1.4231035718143106,0.43534331957958317,17,179,-0.3229262931976988,0,0,0.0,0.0,0.0,0.0,0.0,0.0,0.787747976546112,0.6223101628898956,0.21225202345388786,0.3776898371101043,-0.0
c_2cfdd88c29c0,2015,8,2005-07,heldout_concept,1.4911445825962926,0.4447999521366219,20,196,-0.2076060308820812,0,0,0.0,0.0,0.0,0.0,0.0,0.0,0.7951281210930438,0.6270944109259975,0.20487187890695632,0.3729055890740026,-0.0
c_4b595245dc4e,2010,3,2005-07,screen,1.4250812712607532,0.4946644621531771,8,39,0.0,0,0,0.0,0.0,0.0,0.0,0.0,0.0,0.759679249017241,0.6111530447829251,0.2403207509827589,0.3888469552170749,-0.0
c_4b595245dc4e,2011,4,2005-07,screen,1.5044082485486734,0.5058774657198174,9,43,-0.3739314868994283,0,0,0.0,0.0,0.0,0.0,0.0,0.0,0.7633411310879272,0.6266793711565863,0.23665886891207283,0.37332062884341355,-0.0
c_4b595245dc4e,2012,5,2005-07,screen,1.569224217437766,0.5009945726613794,10,46,0.0803260432847815,0,0,0.0,0.0,0.0,0.0,0.0,0.0,0.7718825985713242,0.6304026790990084,0.22811740142867568,0.3695973209009917,-0.0
c_4b595245dc4e,2013,6,2005-07,screen,1.6264857687419434,0.5202422637167826,10,46,0.1630182926638479,0,0,0.0,0.0,0.0,0.0,0.0,0.0,0.7773516324362085,0.6439348353779578,0.22264836756379147,0.35606516462204213,-0.0
c_4b595245dc4e,2014,7,2005-07,screen,1.6363329641632476,0.560004630002598,9,52,0.5420451340789633,0,0,0.0,0.0,0.0,0.0,0.0,0.0,0.7766286335738832,0.696551879762571,0.22337136642611652,0.3034481202374289,-0.0
c_4b595245dc4e,2015,8,2005-07,screen,1.7129227306012447,0.6063305249691329,8,56,0.7439453170420922,0,0,0.0,0.0,0.0,0.0,0.0,0.0,0.794007863290666,0.7420433416437796,0.20599213670933397,0.25795665835622034,-0.0
c_87df94bef363,2015,3,2012-16,screen,0.138459856720914,0.03406982627761849,3,77,0.0,0,0,0.0,0.0,0.0,0.0,0.0,0.0,0.8148651712153648,0.504950495049505,0.18513482878463502,0.495049504950495,-0.0
c_87df94bef363,2016,4,2012-16,screen,0.31804527859203896,0.06412213229506171,6,101,0.0,0,0,0.0,0.0,0.0,0.0,0.0,0.0,0.8188767639220487,0.5158815354365583,0.18112323607795142,0.48411846456344176,-0.0
c_87df94bef363,2017,5,2012-16,screen,0.3287850761030463,0.07144327079749713,7,118,0.0,0,0,0.0,0.0,0.0,0.0,0.0,0.0,0.8250327567423782,0.5164741103546819,0.17496724325762184,0.48352588964531806,-0.0
c_87df94bef363,2018,6,2012-16,screen,0.34303341479813165,0.07515753368816563,7,112,0.0,0,0,0.0,0.0,0.0,0.0,0.0,0.0,0.8236181638395813,0.5173827606016443,0.17638183616041864,0.4826172393983559,-0.0
c_87df94bef363,2019,7,2012-16,screen,0.38856765743366606,0.0872514578903736,7,96,0.0,0,0,0.0,0.0,0.0,0.0,0.0,0.0,0.8193592113892002,0.5203803743124497,0.18064078861079969,0.4796196256875506,-0.0
c_1ae65909ef19,2013,3,2008-11,screen,0.2771133574914559,0.099609375,3,32,0.0,0,0,0.0,0.0,0.0,0.0,0.0,0.0,0.7816602414470818,0.5098039215686274,0.21833975855291818,0.49019607843137253,-0.0
c_1ae65909ef19,2014,4,2008-11,screen,0.22035233116154795,0.07499549305931134,3,43,0.0,0,0,0.0,0.0,0.0,0.0,0.0,0.0,0.7939082801740934,0.5072115384615384,0.20609171982590657,0.4927884615384615,-0.0
c_1ae65909ef19,2015,5,2008-11,screen,0.21641408919322774,0.07334710743801653,3,44,0.0,0,0,0.0,0.0,0.0,0.0,0.0,0.0,0.7948124836270596,0.5070422535211268,0.20518751637294047,0.49295774647887325,-0.0
c_1ae65909ef19,2016,6,2008-11,screen,0.09962338946616205,0.03998334027488546,2,49,0.0,0,0,0.0,0.0,0.0,0.0,0.0,0.0,0.7972515738390067,0.5,0.2027484261609933,0.5,-0.0
c_1ae65909ef19,2017,7,2008-11,screen,0.20898174665423647,0.0702583490863264,3,46,0.0,0,0,0.0,0.0,0.0,0.0,0.0,0.0,0.7965416696798138,0.5067264573991032,0.2034583303201863,0.4932735426008969,-0.0
c_1ae65909ef19,2018,8,2008-11,screen,0.2530673318741798,0.08899176954732509,3,36,0.0,0,0,0.0,0.0,0.0,0.0,0.0,0.0,0.7866854405718586,0.508670520231214,0.21331455942814148,0.49132947976878616,-0.0
c_99bda3ffe651,2014,3,2008-11,heldout_concept,0.7371701793805412,0.18182272436892685,11,156,0.0,0,0,0.0,0.0,0.0,0.0,0.0,0.0,0.8082485425926611,0.5326382380525749,0.19175145740733907,0.467361761947425,-0.0
c_99bda3ffe651,2015,4,2008-11,heldout_concept,0.7960123736621837,0.19169869978062828,13,228,0.7101503820182712,0,0,0.0,0.0,0.0,0.0,0.0,0.0,0.8091303154464434,0.5360551639936261,0.1908696845535566,0.4639448360063739,-0.0
c_99bda3ffe651,2016,5,2008-11,heldout_concept,0.9321534207308488,0.22450250963220866,15,291,0.8137420391573432,1,0,0.0,0.0,0.0,0.0,0.0,0.0,0.8119400782124329,0.5445817781200475,0.18805992178756725,0.4554182218799524,-0.0
c_99bda3ffe651,2017,6,2008-11,heldout_concept,0.973790684971227,0.2358359858369967,15,333,0.6874508777757726,0,0,0.0,0.0,0.0,0.0,0.0,0.0,0.810964259098777,0.549090973408346,0.189035740901223,0.4509090265916539,-0.0
c_99bda3ffe651,2018,7,2008-11,heldout_concept,1.0801770451712558,0.2578955310628158,18,358,0.25829891139052535,0,0,0.0,0.0,0.0,0.0,0.0,0.0,0.8143371156840463,0.5574370209429658,0.18566288431595374,0.44256297905703407,-0.0
c_99bda3ffe651,2019,8,2008-11,heldout_concept,1.1899324968320315,0.2898182156237815,18,374,-0.13903544241013716,0,0,0.0,0.0,0.0,0.0,0.0,0.0,0.809996204328335,0.5658460214750604,0.190003795671665,0.43415397852493953,-0.0
c_a13026e2ec51,2011,3,2008-11,screen,0.2754967805661134,0.08151231356226152,3,62,0.0,0,0,0.0,0.0,0.0,0.0,0.0,0.0,0.7735410735182608,0.5063829787234043,0.22645892648173915,0.4936170212765958,-0.0
c_a13026e2ec51,2012,4,2008-11,screen,0.2539469479418864,0.07365399425890919,3,69,0.0,0,0,0.0,0.0,0.0,0.0,0.0,0.0,0.7784684929778624,0.5057034220532319,0.22153150702213756,0.4942965779467681,-0.0
c_a13026e2ec51,2013,5,2008-11,screen,0.24067990658985275,0.06890674458242026,3,74,0.0,0,0,0.0,0.0,0.0,0.0,0.0,0.0,0.7815934194029261,0.5053003533568905,0.21840658059707385,0.4946996466431095,-0.0
c_a13026e2ec51,2014,6,2008-11,screen,0.15621017106188279,0.046721763085399444,2,55,0.0,0,0,0.0,0.0,0.0,0.0,0.0,0.0,0.77149812906627,0.5,0.22850187093372998,0.5,-0.0
c_a13026e2ec51,2015,7,2008-11,screen,0.13579395875159386,0.039179675543311906,2,33,0.0,0,0,0.0,0.0,0.0,0.0,0.0,0.0,0.7802613279999816,0.5,0.21973867200001845,0.5,-0.0
c_a13026e2ec51,2016,8,2008-11,screen,0.19144408195771734,0.060468631897203313,2,21,0.0,0,0,0.0,0.0,0.0,0.0,0.0,0.0,0.7572825310485729,0.5,0.24271746895142707,0.5,-0.0
c_3ece93670063,2017,3,2012-16,heldout_concept,2.05604573089961,0.6202259680963917,17,76,1.2350608009237851,1,0,0.0,0.0,0.0,0.0,0.0,0.0,0.825462107710877,0.7341274029364522,0.17453789228912314,0.2658725970635477,-0.0
c_3ece93670063,2018,4,2012-16,heldout_concept,2.0771841722997926,0.658152373803549,20,133,0.5981530080418885,1,0,0.0,0.0,0.0,0.0,0.0,0.0,0.8253569106163346,0.7249984601779071,0.17464308938366546,0.27500153982209286,-0.0
c_3ece93670063,2019,5,2012-16,heldout_concept,2.231570026478901,0.646437709938391,23,191,0.6629782142872493,1,1,0.16119850181824733,0.2674969627525677,0.0,0.0,0.0,0.0,0.6776029963635052,0.46391733112951844,0.16119850181824733,0.2685857061179139,0.6931471805599453
c_9e3bad270e4c,2015,3,2012-16,screen,0.7099386802529071,0.18730489073881376,6,62,0.0,0,0,0.0,0.0,0.0,0.0,0.0,0.0,0.7737027098841407,0.5277777777777777,0.22629729011585897,0.4722222222222222,-0.0
c_9e3bad270e4c,2016,4,2012-16,screen,0.69758046499199,0.18078525438707232,8,89,0.0,0,0,0.0,0.0,0.0,0.0,0.0,0.0,0.7932481400641755,0.528631284916201,0.20675185993582432,0.47136871508379885,-0.0
c_9e3bad270e4c,2017,5,2012-16,screen,0.7360881614759207,0.18185313341022685,10,102,0.0,0,0,0.0,0.0,0.0,0.0,0.0,0.0,0.8045604622181503,0.5303030303030303,0.1954395377818498,0.4696969696969696,-0.0
c_9e3bad270e4c,2018,6,2012-16,screen,0.6981082940577639,0.16616748240679866,10,117,0.0,0,0,0.0,0.0,0.0,0.0,0.0,0.0,0.8077787652129581,0.5310668229777257,0.192221234787042,0.4689331770222743,-0.0
c_9e3bad270e4c,2019,7,2012-16,screen,0.7650411479349548,0.17348115716874982,10,119,0.0,0,0,0.0,0.0,0.0,0.0,0.0,0.0,0.8089262909869134,0.5386702849389418,0.19107370901308668,0.46132971506105835,-0.0
c_e85f6af2801f,2017,3,2012-16,heldout_concept,0.3594451475127912,0.06850549846764016,2,43,0.0,0,0,0.0,0.0,0.0,0.0,0.0,0.0,0.6960864796396997,0.5,0.30391352036030034,0.5,-0.0
c_e85f6af2801f,2018,4,2012-16,heldout_concept,0.34883209584303193,0.06584362139917695,2,45,0.0,0,0,0.0,0.0,0.0,0.0,0.0,0.0,0.6998669762839873,0.5,0.3001330237160127,0.5,-0.0
c_e85f6af2801f,2019,5,2012-16,heldout_concept,0.41474282861771744,0.08286501377410467,2,55,0.0,0,0,0.0,0.0,0.0,0.0,0.0,0.0,0.6761312875093454,0.5,0.32386871249065463,0.5,-0.0
c_b90a0c18af13,2012,3,2008-11,heldout_concept,0.5794705091519862,0.16653054329131942,6,70,0.0,0,0,0.0,0.0,0.0,0.0,0.0,0.0,0.7930400273586644,0.5265520915461049,0.20695997264133562,0.473447908453895,-0.0
c_b90a0c18af13,2013,4,2008-11,heldout_concept,0.594874890429715,0.15631994026616478,9,122,0.0,0,0,0.0,0.0,0.0,0.0,0.0,0.0,0.8065777824295579,0.5247849622675277,0.1934222175704422,0.4752150377324723,-0.0
c_b90a0c18af13,2014,5,2008-11,heldout_concept,0.6215449382086073,0.14746312798522285,12,168,0.0,0,0,0.0,0.0,0.0,0.0,0.0,0.0,0.8203473152007196,0.5258688962698008,0.1796526847992804,0.4741311037301992,-0.0
c_b90a0c18af13,2015,6,2008-11,heldout_concept,0.6585609770982266,0.15740565882168786,13,208,0.0,0,0,0.0,0.0,0.0,0.0,0.0,0.0,0.822582915463225,0.52785108989887,0.17741708453677513,0.4721489101011302,-0.0
c_b90a0c18af13,2016,7,2008-11,heldout_concept,0.6241048179196694,0.1405232438064289,14,256,0.0,0,0,0.0,0.0,0.0,0.0,0.0,0.0,0.8236900188876419,0.5255536815751105,0.17630998111235852,0.4744463184248893,-0.0
c_b90a0c18af13,2017,8,2008-11,heldout_concept,0.5344089440840203,0.11989670323173765,14,282,0.0989715998903073,0,0,0.0,0.0,0.0,0.0,0.0,0.0,0.8237497899698819,0.5204865829199219,0.176250210030118,0.479513417080078,-0.0
c_62af526ae811,2010,3,2005-07,screen,1.3100191043471279,0.3493038573126446,18,148,0.0,0,0,0.0,0.0,0.0,0.0,0.0,0.0,0.8209793592190449,0.571160127701198,0.1790206407809552,0.42883987229880216,-0.0
c_62af526ae811,2011,4,2005-07,screen,1.3712131276903565,0.34912525831470614,22,255,0.1602874729317381,0,0,0.0,0.0,0.0,0.0,0.0,0.0,0.8263588168955994,0.5727977507866374,0.1736411831044006,0.4272022492133623,-0.0
c_62af526ae811,2012,5,2005-07,screen,1.5157174580545658,0.37613018772804857,26,386,1.136898707216807,4,0,0.0,0.0,0.0,0.0,0.0,0.0,0.8275262008277138,0.5839209230930079,0.17247379917228614,0.4160790769069919,-0.0
c_62af526ae811,2013,6,2005-07,screen,1.594368294623517,0.37758193206771024,37,577,1.1169986369216498,5,0,0.0,0.0,0.0,0.0,0.0,0.0,0.8319750900419813,0.5895468283770955,0.16802490995801875,0.4104531716229044,-0.0
c_62af526ae811,2014,7,2005-07,screen,1.6708961000056766,0.39275145528269617,40,777,0.7692252926331591,5,1,0.10565533230063787,0.09981073494270694,0.0,0.0,0.0,0.0,0.7263050738376818,0.49706422242709436,0.16803959386167985,0.4031250426301988,0.3031221066401049
c_62af526ae811,2015,8,2005-07,screen,1.8234653997059396,0.42839478820671273,43,966,0.4716144946270094,4,1,0.10337684224933333,0.10034041321089499,0.0,0.0,0.0,0.0,0.7294890079681765,0.5112625854835681,0.1671341497824901,0.3883970013055368,0.3377033372954444
c_55c5e5df6bab,2011,3,2008-11,screen,0.5536304408624163,0.09634815863916246,6,57,0.0,0,0,0.0,0.0,0.0,0.0,0.0,0.0,0.7923938717905821,0.5255562340358428,0.207606128209418,0.4744437659641571,-0.0
c_55c5e5df6bab,2012,4,2008-11,screen,0.47317990120534537,0.07460975864130309,6,108,0.0,0,0,0.0,0.0,0.0,0.0,0.0,0.0,0.7961044052660444,0.5203007212923485,0.20389559473395574,0.4796992787076515,-0.0
c_55c5e5df6bab,2013,5,2008-11,screen,0.43884364964060724,0.06592784065529758,7,179,0.7145418229037969,1,0,0.0,0.0,0.0,0.0,0.0,0.0,0.7942040214324226,0.5165688791739441,0.2057959785675772,0.4834311208260559,-0.0
c_55c5e5df6bab,2014,6,2008-11,screen,0.44528155683804616,0.06850961448678282,10,295,0.4687780002667113,0,0,0.0,0.0,0.0,0.0,0.0,0.0,0.811058340226943,0.5200713987151215,0.18894165977305702,0.4799286012848787,-0.0
c_55c5e5df6bab,2015,7,2008-11,screen,0.45969292021150515,0.07583209687784799,11,432,0.6640106353109647,1,0,0.0,0.0,0.0,0.0,0.0,0.0,0.8127570547620135,0.5211276225556539,0.18724294523798657,0.47887237744434613,-0.0
c_55c5e5df6bab,2016,8,2008-11,screen,0.44514226353413777,0.07616618989852231,11,618,0.2785490641079605,1,0,0.0,0.0,0.0,0.0,0.0,0.0,0.809244028007502,0.51959456715353,0.19075597199249805,0.4804054328464701,-0.0
c_e3cf4e8c060a,2018,3,2012-16,heldout_concept,0.5880593033433038,0.11322205277808085,20,680,1.904169624677694,2,0,0.0,0.0,0.0,0.0,0.0,0.0,0.8187810629609338,0.5272294041916573,0.1812189370390665,0.4727705958083426,-0.0
c_e3cf4e8c060a,2019,4,2012-16,heldout_concept,0.6264214500936723,0.11764668864704342,32,1482,2.0712641310404574,2,0,0.0,0.0,0.0,0.0,0.0,0.0,0.8325497433292923,0.5289114324307984,0.16745025667070743,0.4710885675692014,-0.0
c_5891791e366f,2017,3,2012-16,screen,0.3952079973072103,0.07977513011891095,8,137,0.0,0,0,0.0,0.0,0.0,0.0,0.0,0.0,0.8222165472004752,0.5193568778570802,0.17778345279952476,0.4806431221429199,-0.0
c_5891791e366f,2018,4,2012-16,screen,0.5954486639038994,0.11767787531565006,13,204,0.0,0,0,0.0,0.0,0.0,0.0,0.0,0.0,0.8290247742003128,0.5292627385556179,0.17097522579968724,0.4707372614443819,-0.0
c_5891791e366f,2019,5,2012-16,screen,0.678309039408574,0.13491921056733122,14,268,1.7563702950135742,1,0,0.0,0.0,0.0,0.0,0.0,0.0,0.8206250248573975,0.5351431013772036,0.17937497514260253,0.46485689862279644,-0.0
c_af9db7d6afa5,2008,3,2005-07,heldout_concept,0.20547074980230556,0.04134600875207484,3,47,0.0,0,0,0.0,0.0,0.0,0.0,0.0,0.0,0.7973693010587166,0.5072992700729927,0.20263069894128344,0.4927007299270073,-0.0
c_af9db7d6afa5,2009,4,2005-07,heldout_concept,0.1896831364389792,0.037475345167652864,3,52,0.0,0,0,0.0,0.0,0.0,0.0,0.0,0.0,0.8011830419201269,0.506578947368421,0.1988169580798731,0.4934210526315789,-0.0
c_af9db7d6afa5,2010,5,2005-07,heldout_concept,0.16702617252679575,0.03207023201648302,3,61,0.0,0,0,0.0,0.0,0.0,0.0,0.0,0.0,0.8069558656946629,0.505586592178771,0.19304413430533704,0.494413407821229,-0.0
c_af9db7d6afa5,2011,6,2005-07,heldout_concept,0.34106840522117815,0.07087334247828075,4,54,0.0,0,0,0.0,0.0,0.0,0.0,0.0,0.0,0.7910676504087748,0.5161290322580644,0.2089323495912253,0.4838709677419355,-0.0
c_af9db7d6afa5,2012,7,2005-07,heldout_concept,0.34106840522117815,0.07087334247828075,4,54,0.0,0,0,0.0,0.0,0.0,0.0,0.0,0.0,0.7910676504087748,0.5161290322580644,0.2089323495912253,0.4838709677419355,-0.0
c_af9db7d6afa5,2013,8,2005-07,heldout_concept,0.3629234715124522,0.0835641735918744,4,38,0.0,0,0,0.0,0.0,0.0,0.0,0.0,0.0,0.7912903883522663,0.5165745856353591,0.20870961164773347,0.483425414364641,-0.0
c_0bce43f9d6c1,2015,3,2012-16,heldout_concept,0.2706407936167973,0.05815733088460361,3,33,0.0,0,0,0.0,0.0,0.0,0.0,0.0,0.0,0.7829918998827327,0.5105263157894737,0.21700810011726743,0.48947368421052634,-0.0
c_0bce43f9d6c1,2016,4,2012-16,heldout_concept,0.12693054534140227,0.018004115226337446,2,36,0.0,0,0,0.0,0.0,0.0,0.0,0.0,0.0,0.784225676074703,0.5,0.21577432392529694,0.5,-0.0
c_0bce43f9d6c1,2017,5,2012-16,heldout_concept,0.12425083738963087,0.017531044558071585,2,37,0.0,0,0,0.0,0.0,0.0,0.0,0.0,0.0,0.785446424891104,0.5,0.2145535751088961,0.5,-0.0
c_0bce43f9d6c1,2018,6,2012-16,heldout_concept,0.11924692639624491,0.04996712689020381,2,39,0.0,0,0,0.0,0.0,0.0,0.0,0.0,0.0,0.7877559694389443,0.5,0.21224403056105562,0.5,-0.0
c_0bce43f9d6c1,2019,7,2012-16,heldout_concept,0.11045304667259806,0.04542996214169821,2,43,0.0,0,0,0.0,0.0,0.0,0.0,0.0,0.0,0.791918129625559,0.5,0.20808187037444112,0.5,-0.0
c_35e295b4ba1b,2010,3,2005-07,screen,0.3075019869780694,0.06790402897238569,4,47,0.0,0,0,0.0,0.0,0.0,0.0,0.0,0.0,0.7991951683041939,0.5111111111111112,0.20080483169580596,0.488888888888889,-0.0
c_35e295b4ba1b,2011,4,2005-07,screen,0.2755931712135222,0.0594421582075903,4,54,0.0,0,0,0.0,0.0,0.0,0.0,0.0,0.0,0.8041208852647103,0.5096153846153847,0.19587911473528996,0.4903846153846154,-0.0
c_35e295b4ba1b,2012,5,2005-07,screen,0.24375895284667493,0.051230368690686146,4,63,0.0,0,0,0.0,0.0,0.0,0.0,0.0,0.0,0.8093738815503755,0.5081967213114754,0.1906261184496246,0.4918032786885246,-0.0
c_35e295b4ba1b,2013,6,2005-07,screen,0.3126497136507334,0.0780532598714417,5,66,0.0,0,0,0.0,0.0,0.0,0.0,0.0,0.0,0.8121500136647481,0.5137254901960784,0.18784998633525182,0.48627450980392156,-0.0
c_35e295b4ba1b,2014,7,2005-07,screen,0.2468971400380359,0.06278182448838016,4,62,0.0,0,0,0.0,0.0,0.0,0.0,0.0,0.0,0.8088390609081729,0.511049723756906,0.1911609390918271,0.48895027624309395,-0.0
c_35e295b4ba1b,2015,8,2005-07,screen,0.09503011725564635,0.03772189349112426,2,52,0.0,0,0,0.0,0.0,0.0,0.0,0.0,0.0,0.7995934164971381,0.5,0.20040658350286183,0.5,-0.0
c_92c7d10cd004,2012,3,2008-11,screen,0.0,0.0,1,26,0.0,0,0,0.0,,0.0,,0.0,,0.0,,1.0,,-0.0
c_92c7d10cd004,2013,4,2008-11,screen,0.0,0.0,1,39,0.0,0,0,0.0,,0.0,,0.0,,0.0,,1.0,,-0.0
c_92c7d10cd004,2014,5,2008-11,screen,0.19567003495657082,0.052,3,50,0.0,0,0,0.0,0.0,0.0,0.0,0.0,0.0,0.7997183638867186,0.5076923076923077,0.20028163611328137,0.4923076923076923,-0.0
c_92c7d10cd004,2015,6,2008-11,screen,0.4896643974204621,0.1370798898071625,5,55,0.0,0,0,0.0,0.0,0.0,0.0,0.0,0.0,0.7898326245564483,0.5273311897106109,0.2101673754435517,0.4726688102893891,-0.0
c_92c7d10cd004,2016,7,2008-11,screen,0.5683540332100547,0.14586851817101393,6,73,0.0,0,0,0.0,0.0,0.0,0.0,0.0,0.0,0.7970373951670172,0.5334476843910806,0.2029626048329828,0.46655231560891935,-0.0
c_92c7d10cd004,2017,8,2008-11,screen,0.6197925939065737,0.18990929705215415,6,84,0.0,0,0,0.0,0.0,0.0,0.0,0.0,0.0,0.7868171458699829,0.5343283582089552,0.21318285413001706,0.4656716417910448,-0.0
c_a6e0e7783421,2015,3,2012-16,heldout_concept,0.5144128335580127,0.09649122807017543,4,38,0.0,0,0,0.0,0.0,0.0,0.0,0.0,0.0,0.761834042985947,0.5263157894736843,0.23816595701405283,0.47368421052631576,-0.0
c_a6e0e7783421,2016,4,2012-16,heldout_concept,0.5476393582015577,0.10365469439193445,4,46,0.0,0,0,0.0,0.0,0.0,0.0,0.0,0.0,0.7444323226828795,0.5258358662613982,0.25556767731712066,0.47416413373860183,-0.0
c_a6e0e7783421,2017,5,2012-16,heldout_concept,0.5920256316174223,0.10912119950020824,4,49,0.0,0,0,0.0,0.0,0.0,0.0,0.0,0.0,0.7480742870329604,0.5305343511450382,0.25192571296703953,0.46946564885496184,-0.0
c_a6e0e7783421,2018,6,2012-16,heldout_concept,0.5903269239033241,0.11482093663911844,4,55,0.0,0,0,0.0,0.0,0.0,0.0,0.0,0.0,0.7218742567534987,0.5249520153550864,0.27812574324650113,0.4750479846449136,-0.0
c_a6e0e7783421,2019,7,2012-16,heldout_concept,0.5814142775916215,0.11537037037037037,3,60,0.5253741670101689,0,0,0.0,0.0,0.0,0.0,0.0,0.0,0.6709960067369991,0.5096308186195827,0.32900399326300084,0.49036918138041735,-0.0
c_43521ace85c3,2012,3,2008-11,screen,0.9852097155749753,0.32228780914163685,13,170,1.1918461768470754,1,0,0.0,0.0,0.0,0.0,0.0,0.0,0.8006065619312227,0.5505729520892018,0.1993934380687772,0.44942704791079835,-0.0
c_43521ace85c3,2013,4,2008-11,screen,1.0326063147927722,0.33412139065854246,17,266,1.1165742801992447,1,0,0.0,0.0,0.0,0.0,0.0,0.0,0.8002392624788145,0.5559171967481688,0.19976073752118573,0.4440828032518313,-0.0
c_43521ace85c3,2014,5,2008-11,screen,1.0539534038557234,0.34568208900361597,18,416,0.6261064628450802,1,1,0.0,0.0,0.20093298986749472,0.1714134131806364,0.0,0.0,0.5976144870023247,0.38774512317098525,0.2014525231301806,0.4408414636483785,-0.0
c_43521ace85c3,2015,6,2008-11,screen,1.1134307887528228,0.35728142629939164,22,574,0.6361160963384996,3,1,0.0,0.0,0.17926278913588195,0.15160352566715365,0.0,0.0,0.6230777745717436,0.4110429822009657,0.19765943629237442,0.4373534921318804,-0.0
c_43521ace85c3,2016,7,2008-11,screen,1.1132971713913522,0.362738307535136,25,752,0.31538927402161177,2,1,0.0,0.0,0.16189172391475248,0.12890471524357172,0.0,0.0,0.6417612225319153,0.43353321787844634,0.19634705355333257,0.4375620668779818,-0.0
c_43521ace85c3,2017,8,2008-11,screen,1.140713215391699,0.36732951424316895,31,1014,0.2220546974225465,2,1,0.1385754326544214,0.10528574898042484,0.0,0.0,0.0,0.0,0.6670850638477864,0.45706638034207675,0.1943395034977921,0.4376478706774984,0.2488366288671415
c_569519c8d163,2014,3,2008-11,screen,0.12693054534140227,0.03600823045267489,2,36,0.0,0,0,0.0,0.0,0.0,0.0,0.0,0.0,0.784225676074703,0.5,0.21577432392529694,0.5,-0.0
c_569519c8d163,2015,4,2008-11,screen,0.12425083738963087,0.03506208911614317,2,37,0.0,0,0,0.0,0.0,0.0,0.0,0.0,0.0,0.785446424891104,0.5,0.2145535751088961,0.5,-0.0
c_569519c8d163,2016,5,2008-11,screen,0.12693054534140227,0.03600823045267489,2,36,0.0,0,0,0.0,0.0,0.0,0.0,0.0,0.0,0.784225676074703,0.5,0.21577432392529694,0.5,-0.0
c_569519c8d163,2017,6,2008-11,screen,0.17884491271684755,0.055450535601764335,2,23,0.0,0,0,0.0,0.0,0.0,0.0,0.0,0.0,0.7622572730990422,0.5,0.23774272690095782,0.5,-0.0
c_569519c8d163,2018,7,2008-11,screen,0.0,0.0,1,12,0.0,0,0,0.0,,0.0,,0.0,,0.0,,1.0,,-0.0
c_569519c8d163,2019,8,2008-11,screen,0.0,0.0,1,3,0.0,0,0,0.0,,0.0,,0.0,,0.0,,1.0,,-0.0
c_3b21300dbb0b,2016,3,2012-16,screen,1.3340840715406834,0.3367390228911063,29,377,1.142467990415302,2,0,0.0,0.0,0.0,0.0,0.0,0.0,0.8234564413872523,0.5717036688875011,0.17654355861274773,0.42829633111249865,-0.0
c_3b21300dbb0b,2017,4,2012-16,screen,1.3945940365345368,0.35652649569490774,47,1030,1.4151639060229888,5,0,0.0,0.0,0.0,0.0,0.0,0.0,0.8264147228916654,0.5736874234468085,0.17358527710833466,0.4263125765531918,-0.0
c_3b21300dbb0b,2018,5,2012-16,screen,1.4988028149948283,0.3853130859733274,62,2218,1.4999861472133047,9,0,0.0,0.0,0.0,0.0,0.0,0.0,0.826094441727943,0.5807053923218876,0.1739055582720568,0.41929460767811266,-0.0
c_3b21300dbb0b,2019,6,2012-16,screen,1.5072029054880036,0.37924275397626134,72,3554,1.4494106987761042,14,1,0.13397059177714937,0.17653062948518503,0.0,0.0,0.0,0.0,0.6942567816480193,0.4033027193180255,0.17177262657483167,0.42016665119678936,0.33466986242712193
c_592b396b9fa6,2014,3,2008-11,heldout_concept,0.5021533282646384,0.11025804032797039,7,143,0.0,0,0,0.0,0.0,0.0,0.0,0.0,0.0,0.802469731502274,0.5269071555292726,0.19753026849772606,0.47309284447072736,-0.0
c_592b396b9fa6,2015,4,2008-11,heldout_concept,0.4766630257464457,0.10110423682355703,9,226,0.0,0,0,0.0,0.0,0.0,0.0,0.0,0.0,0.814411951498912,0.5236250968241674,0.18558804850108815,0.47637490317583275,-0.0
c_592b396b9fa6,2016,5,2008-11,heldout_concept,0.5276312955378349,0.11364248910027747,12,290,0.0,0,0,0.0,0.0,0.0,0.0,0.0,0.0,0.8202827146646307,0.5266462053571427,0.17971728533536932,0.4733537946428571,-0.0
c_592b396b9fa6,2017,6,2008-11,heldout_concept,0.6074273803239216,0.12856207826666313,15,337,1.0953331903832408,0,0,0.0,0.0,0.0,0.0,0.0,0.0,0.8209559732787646,0.5305693803935894,0.179044026721236,0.46943061960641075,-0.0
c_592b396b9fa6,2018,7,2008-11,heldout_concept,0.6893307848549844,0.14073080426673706,19,399,0.1121996100404285,0,0,0.0,0.0,0.0,0.0,0.0,0.0,0.823831488216736,0.5353608839107428,0.17616851178326398,0.46463911608925734,-0.0
c_592b396b9fa6,2019,8,2008-11,heldout_concept,0.7245228655486335,0.1487136548950595,19,445,0.26985419934565236,1,0,0.0,0.0,0.0,0.0,0.0,0.0,0.819133341239764,0.5373473899034216,0.18086665876023605,0.46265261009657843,-0.0
c_2425e0543e8f,2017,3,2012-16,screen,1.1235929339588624,0.2726530612244898,6,35,2.110249682978469,1,0,0.0,0.0,0.0,0.0,0.0,0.0,0.6737997528533042,0.6506986027944112,0.3262002471466959,0.34930139720558884,-0.0
c_2425e0543e8f,2018,4,2012-16,screen,1.236471496619453,0.2916666666666667,8,44,1.8448661816744003,1,0,0.0,0.0,0.0,0.0,0.0,0.0,0.7028458331217154,0.6688311688311688,0.29715416687828455,0.3311688311688311,-0.0
c_2425e0543e8f,2019,5,2012-16,screen,1.2910006637563969,0.2890625,9,48,-0.0027158037510489,0,0,0.0,0.0,0.0,0.0,0.0,0.0,0.7174450402661017,0.6596596596596597,0.2825549597338985,0.34034034034034033,-0.0
c_636516409d2a,2018,3,2012-16,heldout_concept,0.49875846591288275,0.0992,4,25,0.0,0,0,0.0,0.0,0.0,0.0,0.0,0.0,0.7744532181066822,0.5268817204301076,0.2255467818933177,0.4731182795698925,-0.0
c_636516409d2a,2019,4,2012-16,heldout_concept,0.6081583698769648,0.13095238095238093,5,28,0.0,0,0,0.0,0.0,0.0,0.0,0.0,0.0,0.7827389037424893,0.5324675324675325,0.2172610962575106,0.46753246753246747,-0.0
c_63ea2a7e38bb,2012,3,2008-11,screen,1.058070700359386,0.2203905843914754,4,67,1.1803201038492759,1,0,0.0,0.0,0.0,0.0,0.0,0.0,0.7089531368085819,0.5956873315363882,0.29104686319141804,0.4043126684636119,-0.0
c_63ea2a7e38bb,2013,4,2008-11,screen,1.1243835784414857,0.2330703484549638,5,78,0.7445387924249527,1,0,0.0,0.0,0.0,0.0,0.0,0.0,0.7127674658074483,0.606958157028679,0.28723253419255174,0.3930418429713212,-0.0
c_63ea2a7e38bb,2014,5,2008-11,screen,1.1591855658208534,0.24905354245538128,5,86,-0.5325091513075615,0,0,0.0,0.0,0.0,0.0,0.0,0.0,0.7151429690103045,0.6172638436482084,0.28485703098969545,0.38273615635179153,-0.0
c_63ea2a7e38bb,2015,6,2008-11,screen,1.1596838928629911,0.24449035812672176,5,88,-0.32992028962722475,0,0,0.0,0.0,0.0,0.0,0.0,0.0,0.7076006756987977,0.6193661971830985,0.29239932430120225,0.38063380281690146,-0.0
c_63ea2a7e38bb,2016,7,2008-11,screen,1.192542845313297,0.2518018911591616,5,71,0.024929067728345453,0,0,0.0,0.0,0.0,0.0,0.0,0.0,0.7013874505631456,0.6360294117647057,0.2986125494368545,0.3639705882352941,-0.0
c_63ea2a7e38bb,2017,8,2008-11,screen,1.1597708096908654,0.25047030368180595,5,61,-0.0461181509963802,0,0,0.0,0.0,0.0,0.0,0.0,0.0,0.6990601781052268,0.6244635193133047,0.3009398218947731,0.37553648068669526,-0.0
c_792fc951778d,2013,3,2008-11,screen,0.0,0.0,1,28,0.0,0,0,0.0,,0.0,,0.0,,0.0,,1.0,,-0.0
c_792fc951778d,2014,4,2008-11,screen,0.0,0.0,1,42,0.0,0,0,0.0,,0.0,,0.0,,0.0,,1.0,,-0.0
c_792fc951778d,2015,5,2008-11,screen,0.0,0.0,1,45,0.0,0,0,0.0,,0.0,,0.0,,0.0,,1.0,,-0.0
c_792fc951778d,2016,6,2008-11,screen,0.0,0.0,1,44,0.0,0,0,0.0,,0.0,,0.0,,0.0,,1.0,,-0.0
c_792fc951778d,2017,7,2008-11,screen,0.0,0.0,1,44,0.0,0,0,0.0,,0.0,,0.0,,0.0,,1.0,,-0.0
c_792fc951778d,2018,8,2008-11,screen,0.0,0.0,1,36,0.0,0,0,0.0,,0.0,,0.0,,0.0,,1.0,,-0.0
c_cbade03273e8,2017,3,2012-16,screen,0.9565207789944952,0.27744748315497425,8,58,0.0,0,0,0.0,0.0,0.0,0.0,0.0,0.0,0.7809022744727747,0.5599999999999999,0.21909772552722515,0.43999999999999995,-0.0
c_cbade03273e8,2018,4,2012-16,screen,0.9089152023713396,0.24949439185731553,12,112,1.365147435097761,1,0,0.0,0.0,0.0,0.0,0.0,0.0,0.7990367038471369,0.5509062635739977,0.2009632961528629,0.4490937364260023,-0.0
c_cbade03273e8,2019,5,2012-16,screen,0.9343398267926762,0.24508684837912867,14,167,1.2298889882526702,1,0,0.0,0.0,0.0,0.0,0.0,0.0,0.8059615387632257,0.5502748313690711,0.19403846123677412,0.4497251686309287,-0.0
c_b6dd7607bba6,2015,3,2012-16,heldout_concept,0.32864378983167314,0.0641399416909621,3,49,0.0,0,0,0.0,0.0,0.0,0.0,0.0,0.0,0.7620336883387803,0.512987012987013,0.2379663116612197,0.487012987012987,-0.0
c_b6dd7607bba6,2016,4,2012-16,heldout_concept,0.34112406062904516,0.06566122909613215,3,57,0.0,0,0,0.0,0.0,0.0,0.0,0.0,0.0,0.7544756728547868,0.5125000000000001,0.2455243271452133,0.4875,-0.0
c_b6dd7607bba6,2017,5,2012-16,heldout_concept,0.43731116697345557,0.08835138993869152,4,63,0.0,0,0,0.0,0.0,0.0,0.0,0.0,0.0,0.7605914515763599,0.5209125475285171,0.23940854842364012,0.47908745247148293,-0.0
c_b6dd7607bba6,2018,6,2012-16,heldout_concept,0.45869230952597834,0.09384276548884421,4,59,0.0,0,0,0.0,0.0,0.0,0.0,0.0,0.0,0.7573324825749532,0.5224489795918366,0.24266751742504686,0.47755102040816316,-0.0
c_b6dd7607bba6,2019,7,2012-16,heldout_concept,0.4889076235542141,0.10173754000914495,4,54,0.0,0,0,0.0,0.0,0.0,0.0,0.0,0.0,0.7528385279611627,0.5247191011235954,0.24716147203883737,0.47528089887640446,-0.0
c_3d37fffdfb30,2009,3,2005-07,screen,0.35137633067205093,0.06750795116446086,5,57,0.0,0,0,0.0,0.0,0.0,0.0,0.0,0.0,0.807461605184772,0.5167173252279637,0.19253839481522791,0.4832826747720365,-0.0
c_3d37fffdfb30,2010,4,2005-07,screen,0.39677497547215124,0.063404968754763,7,81,0.0,0,0,0.0,0.0,0.0,0.0,0.0,0.0,0.8204014172280014,0.5192307692307693,0.17959858277199864,0.4807692307692307,-0.0
c_3d37fffdfb30,2011,5,2005-07,screen,0.457101972268254,0.08259030635573845,9,108,0.0,0,0,0.0,0.0,0.0,0.0,0.0,0.0,0.8255084559986265,0.5204152249134947,0.1744915440013735,0.4795847750865052,-0.0
c_3d37fffdfb30,2012,6,2005-07,screen,0.40233946142741295,0.07626048860176726,8,134,0.0,0,0,0.0,0.0,0.0,0.0,0.0,0.0,0.8216175312384476,0.5170399221032133,0.17838246876155214,0.4829600778967868,-0.0
c_3d37fffdfb30,2013,7,2005-07,screen,0.37536555535746463,0.06586601613811222,8,146,0.0,0,0,0.0,0.0,0.0,0.0,0.0,0.0,0.8239262311480946,0.5156695156695156,0.1760737688519054,0.48433048433048426,-0.0
c_3d37fffdfb30,2014,8,2005-07,screen,0.43368550967665,0.07690344278786239,9,149,0.0,0,0,0.0,0.0,0.0,0.0,0.0,0.0,0.821983751123655,0.5185474424053106,0.17801624887634487,0.4814525575946895,-0.0
c_e81a3081874e,2013,3,2008-11,heldout_concept,1.2121800532716824,0.30931712962962965,4,48,0.0,0,0,0.0,0.0,0.0,0.0,0.0,0.0,0.7197176276367989,0.6375116931711879,0.2802823723632011,0.36248830682881195,-0.0
c_e81a3081874e,2014,4,2008-11,heldout_concept,1.2742141944763823,0.323559670781893,5,72,1.3267227116884648,2,0,0.0,0.0,0.0,0.0,0.0,0.0,0.7315046343579779,0.6470588235294117,0.26849536564202203,0.3529411764705882,-0.0
c_e81a3081874e,2015,5,2008-11,heldout_concept,1.2480145612639455,0.3084764542936288,5,95,0.5162680667397682,2,0,0.0,0.0,0.0,0.0,0.0,0.0,0.729315790606284,0.6408045977011493,0.27068420939371585,0.35919540229885055,-0.0
c_e81a3081874e,2016,6,2008-11,heldout_concept,1.2600291730020516,0.3172902632362091,5,111,0.11786396970346867,0,0,0.0,0.0,0.0,0.0,0.0,0.0,0.7283825278445686,0.6452080491132333,0.2716174721554315,0.35479195088676674,-0.0
c_e81a3081874e,2017,7,2008-11,heldout_concept,1.20779912350902,0.30139114469317135,5,119,-0.3873644439961874,0,0,0.0,0.0,0.0,0.0,0.0,0.0,0.7293157097588003,0.6288659793814434,0.27068429024119955,0.3711340206185567,-0.0
c_e81a3081874e,2018,8,2008-11,heldout_concept,1.2843964641513004,0.3289763477927798,5,118,-0.175881145202467,1,0,0.0,0.0,0.0,0.0,0.0,0.0,0.7281977800661636,0.6539077281327319,0.27180221993383635,0.34609227186726826,-0.0
c_5d0609aeb10b,2013,3,2008-11,heldout_concept,0.9454565408457661,0.3472222222222222,4,24,0.0,0,0,0.0,0.0,0.0,0.0,0.0,0.0,0.6674467711163767,0.5566666666666666,0.3325532288836232,0.4433333333333333,-0.0
c_5d0609aeb10b,2014,4,2008-11,heldout_concept,0.8583770905398285,0.3341666666666666,4,40,0.2872928152757216,1,0,0.0,0.0,0.0,0.0,0.0,0.0,0.6429362134224235,0.5361596009975063,0.3570637865775766,0.46384039900249385,-0.0
c_5d0609aeb10b,2015,5,2008-11,heldout_concept,0.7895556359230186,0.3002520478890989,4,46,-0.7459495501101014,0,0,0.0,0.0,0.0,0.0,0.0,0.0,0.6631489972914762,0.5283315844700942,0.3368510027085239,0.47166841552990546,-0.0
c_5d0609aeb10b,2016,6,2008-11,heldout_concept,0.7674337745528924,0.29296424452133796,4,51,-0.5046389160934103,0,0,0.0,0.0,0.0,0.0,0.0,0.0,0.6633364738189494,0.5253718285214347,0.3366635261810508,0.4746281714785651,-0.0
c_5d0609aeb10b,2017,7,2008-11,heldout_concept,0.7191767271103948,0.26310999089827064,4,69,-0.313380785133812,0,0,0.0,0.0,0.0,0.0,0.0,0.0,0.6893322825508905,0.5250133049494412,0.31066771744910954,0.4749866950505588,-0.0
c_5d0609aeb10b,2018,8,2008-11,heldout_concept,0.6593831460083364,0.2142966011278768,5,81,-0.8635613317175294,0,0,0.0,0.0,0.0,0.0,0.0,0.0,0.7321847372518828,0.522285443338075,0.2678152627481169,0.47771455666192514,-0.0
c_35914ea8d7b8,2012,3,2008-11,screen,0.7669047644726501,0.25261750946758743,5,67,1.447378896494819,1,0,0.0,0.0,0.0,0.0,0.0,0.0,0.7152056294448339,0.5296884185773075,0.284794370555166,0.4703115814226925,-0.0
c_35914ea8d7b8,2013,4,2008-11,screen,0.9091336759808888,0.2836217320362781,8,114,1.3771526858424754,1,0,0.0,0.0,0.0,0.0,0.0,0.0,0.7393190708906499,0.5476514264527371,0.2606809291093503,0.452348573547263,-0.0
c_35914ea8d7b8,2014,5,2008-11,screen,0.9321580914196694,0.27447259065225,11,189,0.983902981864768,1,1,0.3269020049764124,0.35004565344561844,0.0,0.0,0.0,0.0,0.4267556068400236,0.19954595330966962,0.2463423881835642,0.45040839324471194,0.4905187724085774
c_35914ea8d7b8,2015,6,2008-11,screen,0.9143987301570426,0.2562660825228116,12,283,0.7076988666853168,1,1,0.3096384700176668,0.3274200511498651,0.0,0.0,0.0,0.0,0.45371390257094985,0.22153284267285012,0.23664762741138315,0.4510471061772846,0.4484428725367723
c_35914ea8d7b8,2016,7,2008-11,screen,0.8878566377497799,0.24297895291492225,13,389,0.4344824318864969,2,1,0.30001902166272754,0.3102441368268087,0.0,0.0,0.0,0.0,0.47004973801897687,0.2358806851802234,0.22993124031829576,0.45387517799296784,0.4159402137567218
c_35914ea8d7b8,2017,8,2008-11,screen,0.9481926682267755,0.2503657635212233,15,476,0.30069488063801836,3,1,0.2680351245944338,0.27866862914072366,0.0,0.0,0.0,0.0,0.5091770861717412,0.27498207367790445,0.22278778923382456,0.44634929718137184,0.39891026595077894
c_c95c87230241,2018,3,2012-16,screen,0.7123999366851856,0.15737536844803274,5,51,0.0,0,0,0.0,0.0,0.0,0.0,0.0,0.0,0.7325294225514164,0.5439739413680783,0.2674705774485838,0.4560260586319219,-0.0
c_c95c87230241,2019,4,2012-16,screen,0.6453450845434079,0.13767109700456256,5,71,1.1697120204653733,0,0,0.0,0.0,0.0,0.0,0.0,0.0,0.7267794181329,0.5345821325648417,0.2732205818671001,0.4654178674351585,-0.0
c_5a54356703c2,2018,3,2012-16,heldout_concept,0.5940241655824705,0.13756613756613753,3,21,0.0,0,0,0.0,0.0,0.0,0.0,0.0,0.0,0.7120323508644328,0.5329670329670331,0.287967649135567,0.46703296703296704,-0.0
c_5a54356703c2,2019,4,2012-16,heldout_concept,0.5442837329694393,0.1226851851851852,3,24,0.0,0,0,0.0,0.0,0.0,0.0,0.0,0.0,0.720853993131998,0.5283018867924528,0.2791460068680019,0.4716981132075471,-0.0
c_ed80891593f2,2010,3,2005-07,heldout_concept,1.9587632397792818,0.6234781184226363,16,71,0.0,0,0,0.0,0.0,0.0,0.0,0.0,0.0,0.8199865984847461,0.6754644639210989,0.18001340151525397,0.32453553607890107,-0.0
c_ed80891593f2,2011,4,2005-07,heldout_concept,2.0914334249277196,0.6339312719631947,22,141,1.8663580189601492,2,0,0.0,0.0,0.0,0.0,0.0,0.0,0.8249346482186173,0.7090418621720928,0.1750653517813829,0.29095813782790697,-0.0
c_ed80891593f2,2012,5,2005-07,heldout_concept,2.252536337628645,0.6525891767866231,30,208,1.5906950274532408,4,0,0.0,0.0,0.0,0.0,0.0,0.0,0.8366858921060382,0.7299200798740088,0.16331410789396128,0.2700799201259909,-0.0
c_ed80891593f2,2013,6,2005-07,heldout_concept,2.352205735361111,0.6601011332633451,36,292,0.9546112040561902,3,1,0.1316783290852578,0.18141906928179882,0.0,0.0,0.0,0.0,0.7121265972085982,0.5594256707394163,0.15619507370614402,0.25915525997878464,0.6423109338659685
c_ed80891593f2,2014,7,2005-07,heldout_concept,2.528931276686292,0.6903252972119908,49,388,0.4757606049701063,3,2,0.12690703060912875,0.18892512225433525,0.08137643729869995,0.08596689340480389,0.0,0.0,0.6483815256798915,0.4915149494908561,0.14333500641228006,0.2335930348500045,0.6700089798274271
c_ed80891593f2,2015,8,2005-07,heldout_concept,2.6278427236250343,0.6960630758941658,54,487,0.37613612370394833,4,2,0.11535416305378228,0.16671740271879648,0.07928238214438968,0.08592295890940999,0.0,0.0,0.6680939771822629,0.5186990784365958,0.13726947761956462,0.2286605599351977,0.6572372710048002
c_21960ecc2d0a,2010,3,2005-07,screen,0.843755095218407,0.28103339634530555,6,69,0.7955239329094692,0,0,0.0,0.0,0.0,0.0,0.0,0.0,0.723386748950886,0.5391131041355258,0.2766132510491141,0.4608868958644744,-0.0
c_21960ecc2d0a,2011,4,2005-07,screen,0.8438234476516419,0.2834159779614325,7,110,1.1816825234742665,1,0,0.0,0.0,0.0,0.0,0.0,0.0,0.7182567835025645,0.5315902021772939,0.2817432164974355,0.46840979782270614,-0.0
c_21960ecc2d0a,2012,5,2005-07,screen,0.898865745408511,0.29625048472857596,9,145,0.3676754949602872,1,0,0.0,0.0,0.0,0.0,0.0,0.0,0.7247134843211605,0.5360162520852655,0.2752865156788397,0.46398374791473457,-0.0
c_21960ecc2d0a,2013,6,2005-07,screen,0.9356312808493032,0.29461767971978153,12,175,0.2729907257848477,1,0,0.0,0.0,0.0,0.0,0.0,0.0,0.7391002355866135,0.5373134212849795,0.2608997644133864,0.46268657871502067,-0.0
c_21960ecc2d0a,2014,7,2005-07,screen,0.9564001450718155,0.30836142397645294,13,191,0.1508708299464919,0,0,0.0,0.0,0.0,0.0,0.0,0.0,0.7330180622632247,0.5384615292200321,0.26698193773677525,0.4615384707799675,-0.0
c_21960ecc2d0a,2015,8,2005-07,screen,0.9806286310970709,0.31946063850882406,12,205,0.0222413246745717,0,1,0.0,0.0,0.0,0.0,0.35293638116624193,0.3849438871784686,0.37538936259767747,0.15592412354752216,0.2716742562360808,0.45913198927400933,-0.0
c_372d7258975d,2019,3,2012-16,heldout_concept,0.22211636124701575,0.05915549149230528,4,93,0.0,0,0,0.0,0.0,0.0,0.0,0.0,0.0,0.810584703638908,0.5084695655472833,0.18941529636109197,0.4915304344527167,-0.0
c_3ae606bfd61f,2015,3,2012-16,screen,0.6658968953566377,0.27851851851851855,5,60,0.0,0,0,0.0,0.0,0.0,0.0,0.0,0.0,0.7516209839025364,0.5275930851063829,0.24837901609746335,0.4724069148936169,-0.0
c_3ae606bfd61f,2016,4,2012-16,screen,0.5796375606373945,0.22042909864264712,5,73,0.0,0,0,0.0,0.0,0.0,0.0,0.0,0.0,0.7606876423631257,0.524971623155505,0.2393123576368744,0.47502837684449495,-0.0
c_3ae606bfd61f,2017,5,2012-16,screen,0.527300309466431,0.18936891707403006,5,87,0.0,0,0,0.0,0.0,0.0,0.0,0.0,0.0,0.7760598423389474,0.5227906976744185,0.2239401576610527,0.4772093023255814,-0.0
c_3ae606bfd61f,2018,6,2012-16,screen,0.43053753003799994,0.1255309363417471,6,111,0.0,0,0,0.0,0.0,0.0,0.0,0.0,0.0,0.8004719646992994,0.5211206896551726,0.19952803530070073,0.4788793103448276,-0.0
c_3ae606bfd61f,2019,7,2012-16,screen,0.3906202166503081,0.10503401360544216,6,140,0.0,0,0,0.0,0.0,0.0,0.0,0.0,0.0,0.806972313259992,0.5195919689119171,0.19302768674000795,0.4804080310880829,-0.0
c_1f1d4e62775b,2010,3,2005-07,screen,1.3904377949394804,0.4183673469387755,5,14,0.0,0,0,0.0,0.0,0.0,0.0,0.0,0.0,0.7355356552014272,0.6951219512195121,0.26446434479857295,0.30487804878048785,-0.0
c_1f1d4e62775b,2011,4,2005-07,screen,1.8242473519705933,0.46250787649653424,9,23,0.0,0,0,0.0,0.0,0.0,0.0,0.0,0.0,0.7986442633959047,0.7275204359673026,0.2013557366040953,0.2724795640326976,-0.0
c_1f1d4e62775b,2012,5,2005-07,screen,2.1064117359721903,0.5110677083333333,11,32,0.0,0,0,0.0,0.0,0.0,0.0,0.0,0.0,0.8354673094716616,0.791082802547771,0.1645326905283385,0.2089171974522293,-0.0
c_1f1d4e62775b,2013,6,2005-07,screen,2.232981105533702,0.5523516596180955,16,51,2.065331639007917,1,0,0.0,0.0,0.0,0.0,0.0,0.0,0.8698734831310964,0.8515081206496521,0.13012651686890386,0.14849187935034805,-0.0
c_1f1d4e62775b,2014,7,2005-07,screen,2.358068400170648,0.5472916666666666,18,80,1.440533567663243,1,0,0.0,0.0,0.0,0.0,0.0,0.0,0.889769867281556,0.879139703083365,0.11023013271844401,0.12086029691663493,-0.0
c_1f1d4e62775b,2015,8,2005-07,screen,2.2795213355491337,0.5367865195205884,19,106,0.6129440066113326,2,0,0.0,0.0,0.0,0.0,0.0,0.0,0.9022943667585727,0.9027301868022549,0.09770563324142716,0.09726981319774512,-0.0
c_59fffeba892f,2009,3,2005-07,screen,0.4377023180952629,0.14133765999639444,3,43,0.0,0,0,0.0,0.0,0.0,0.0,0.0,0.0,0.7504234370235516,0.5153061224489796,0.2495765629764484,0.4846938775510204,-0.0
c_59fffeba892f,2010,4,2005-07,screen,0.6951992836641963,0.20984605804119152,8,67,0.0,0,0,0.0,0.0,0.0,0.0,0.0,0.0,0.8021922922986295,0.5360929034043438,0.1978077077013703,0.4639070965956562,-0.0
c_59fffeba892f,2011,5,2005-07,screen,0.8688487789100862,0.24788950640700436,11,93,0.0,0,0,0.0,0.0,0.0,0.0,0.0,0.0,0.8003370399351435,0.5452417611942991,0.19966296006485645,0.45475823880570093,-0.0
c_59fffeba892f,2012,6,2005-07,screen,0.9973403849943191,0.2684931030155311,12,129,1.1290499521920718,0,0,0.0,0.0,0.0,0.0,0.0,0.0,0.7963221490640303,0.5568480797297966,0.20367785093596977,0.4431519202702036,-0.0
c_59fffeba892f,2013,7,2005-07,screen,1.0508018057484518,0.2841977702640409,12,170,1.0073618548230885,0,0,0.0,0.0,0.0,0.0,0.0,0.0,0.7926813302860017,0.5618902857475282,0.2073186697139982,0.4381097142524718,-0.0
c_59fffeba892f,2014,8,2005-07,screen,1.294292653952502,0.34919906700518655,15,222,0.7459913335367363,0,0,0.0,0.0,0.0,0.0,0.0,0.0,0.787061223224445,0.5843096792021406,0.21293877677555523,0.4156903207978594,-0.0
c_be7b73687012,2016,3,2012-16,screen,0.33987883041406175,0.10390946502057613,3,72,0.0,0,0,0.0,0.0,0.0,0.0,0.0,0.0,0.7653268701378326,0.5099009900990099,0.23467312986216732,0.4900990099009901,-0.0
c_be7b73687012,2017,4,2012-16,screen,0.47420716525211426,0.15592135345221764,3,108,0.0,0,0,0.0,0.0,0.0,0.0,0.0,0.0,0.7451765034709573,0.5175953079178885,0.2548234965290427,0.48240469208211145,-0.0
c_be7b73687012,2018,5,2012-16,screen,0.5209437768450914,0.17326396115157822,4,155,1.2081816965621135,1,0,0.0,0.0,0.0,0.0,0.0,0.0,0.7478632435765796,0.5207399103139013,0.25213675642342037,0.4792600896860986,-0.0
c_be7b73687012,2019,6,2012-16,screen,0.5844379250028845,0.1859006524732066,6,214,1.1196468434790408,2,0,0.0,0.0,0.0,0.0,0.0,0.0,0.7576256104090797,0.5251858399969904,0.24237438959092025,0.4748141600030095,-0.0
c_a5d4697b6de1,2008,3,2005-07,screen,0.0,0.0,1,62,0.0,0,0,0.0,,0.0,,0.0,,0.0,,1.0,,-0.0
c_a5d4697b6de1,2009,4,2005-07,screen,0.0,0.0,1,72,0.0,0,0,0.0,,0.0,,0.0,,0.0,,1.0,,-0.0
c_a5d4697b6de1,2010,5,2005-07,screen,0.0,0.0,1,89,0.0,0,0,0.0,,0.0,,0.0,,0.0,,1.0,,-0.0
c_a5d4697b6de1,2011,6,2005-07,screen,0.0,0.0,1,94,0.0,0,0,0.0,,0.0,,0.0,,0.0,,1.0,,-0.0
c_a5d4697b6de1,2012,7,2005-07,screen,0.06458143637762753,0.007842025699168555,2,84,0.0,0,0,0.0,0.0,0.0,0.0,0.0,0.0,0.8167644139318339,0.5,0.18323558606816603,0.5,-0.0
c_a5d4697b6de1,2013,8,2005-07,screen,0.06859321793659609,0.00843743151435459,2,78,0.0,0,0,0.0,0.0,0.0,0.0,0.0,0.0,0.8142968510304457,0.5,0.18570314896955448,0.5,-0.0
c_30a83dce0f03,2015,3,2012-16,heldout_concept,0.0,0.0,1,51,0.0,0,0,0.0,,0.0,,0.0,,0.0,,1.0,,-0.0
c_30a83dce0f03,2016,4,2012-16,heldout_concept,0.0,0.0,1,58,0.0,0,0,0.0,,0.0,,0.0,,0.0,,1.0,,-0.0
c_30a83dce0f03,2017,5,2012-16,heldout_concept,0.0,0.0,1,60,0.0,0,0,0.0,,0.0,,0.0,,0.0,,1.0,,-0.0
c_30a83dce0f03,2018,6,2012-16,heldout_concept,0.0,0.0,1,60,0.0,0,0,0.0,,0.0,,0.0,,0.0,,1.0,,-0.0
c_30a83dce0f03,2019,7,2012-16,heldout_concept,0.0,0.0,1,44,0.0,0,0,0.0,,0.0,,0.0,,0.0,,1.0,,-0.0
c_108519c4a344,2019,3,2012-16,screen,1.0545473233780744,0.25733692169678324,5,51,0.0,0,0,0.0,0.0,0.0,0.0,0.0,0.0,0.743671937636507,0.5936254980079682,0.2563280623634929,0.40637450199203184,-0.0
c_01ebdf1dd642,2019,3,2012-16,heldout_concept,0.48491003594562876,0.11721723216418924,10,168,0.0,0,0,0.0,0.0,0.0,0.0,0.0,0.0,0.8243477948421956,0.5212182561694516,0.17565220515780453,0.4787817438305484,-0.0
c_2c781d19e525,2014,3,2008-11,screen,0.2644914396281835,0.07497116493656286,3,68,0.0,0,0,0.0,0.0,0.0,0.0,0.0,0.0,0.7842710233943666,0.5076923076923077,0.21572897660563337,0.49230769230769234,-0.0
c_2c781d19e525,2015,4,2008-11,screen,0.3709819375644075,0.10541089566020313,4,95,0.0,0,0,0.0,0.0,0.0,0.0,0.0,0.0,0.7828442085193501,0.5122634898388227,0.2171557914806498,0.48773651016117725,-0.0
c_2c781d19e525,2016,5,2008-11,screen,0.5047013089747331,0.1372386587771203,6,130,0.0,0,0,0.0,0.0,0.0,0.0,0.0,0.0,0.7851087397954867,0.5206956021845358,0.2148912602045134,0.4793043978154643,-0.0
c_2c781d19e525,2017,6,2008-11,screen,0.5499343434601383,0.1478205572898601,7,186,0.814480533603269,1,0,0.0,0.0,0.0,0.0,0.0,0.0,0.7896579295640224,0.5219006648416112,0.21034207043597783,0.47809933515838876,-0.0
c_2c781d19e525,2018,7,2008-11,screen,0.6067678623584195,0.16338357179757865,8,211,0.47644296368986255,0,0,0.0,0.0,0.0,0.0,0.0,0.0,0.78981973271356,0.524608193566126,0.21018026728643993,0.475391806433874,-0.0
c_2c781d19e525,2019,8,2008-11,screen,0.7361358039503687,0.19768523526230394,11,215,-0.26814124492003094,0,0,0.0,0.0,0.0,0.0,0.0,0.0,0.7979227017174337,0.5338148391332895,0.20207729828256638,0.4661851608667104,-0.0
c_5382c59edd3c,2014,3,2008-11,heldout_concept,1.9787507421629154,0.5005007264808025,20,144,1.2208051733703216,1,0,0.0,0.0,0.0,0.0,0.0,0.0,0.8146086334097821,0.7124081122321677,0.18539136659021793,0.2875918877678322,-0.0
c_5382c59edd3c,2015,4,2008-11,heldout_concept,2.0806458786794106,0.5247474362234017,27,233,1.1986327830309127,3,1,0.0,0.0,0.0,0.0,0.15520492177716422,0.18218945840880355,0.6692094036597914,0.5266518191343075,0.1755856745630443,0.291158722456889,-0.0
c_5382c59edd3c,2016,5,2008-11,heldout_concept,2.302006633724539,0.5469407685043839,38,325,0.3795114355986184,2,0,0.0,0.0,0.0,0.0,0.0,0.0,0.8402033729472953,0.7300720035451101,0.1597966270527041,0.2699279964548902,-0.0
c_5382c59edd3c,2017,6,2008-11,heldout_concept,2.451030081432384,0.5658813219786162,45,407,0.7251874626344819,3,0,0.0,0.0,0.0,0.0,0.0,0.0,0.8500194501853289,0.7402813968460372,0.14998054981467115,0.2597186031539628,-0.0
c_5382c59edd3c,2018,7,2008-11,heldout_concept,2.591563953695456,0.5908238382756844,50,475,0.5243060220125967,2,0,0.0,0.0,0.0,0.0,0.0,0.0,0.8587207717228905,0.7523194828346573,0.14127922827710943,0.24768051716534287,-0.0
c_5382c59edd3c,2019,8,2008-11,heldout_concept,2.683140576856734,0.6044742686102453,54,499,0.39431480238791616,2,2,0.06946368209480215,0.07154340089263891,0.11618246688695522,0.15839444171308995,0.0,0.0,0.6795446810377394,0.5384946815063759,0.1348091699805035,0.23156747588789542,0.483561525803615
c_5ccf55244c8e,2019,3,2012-16,screen,0.0,0.0,1,30,0.0,0,0,0.0,,0.0,,0.0,,0.0,,1.0,,-0.0
c_26644834ada8,2014,3,2008-11,heldout_concept,0.3625010217396757,0.056320783593510865,3,33,0.0,0,0,0.0,0.0,0.0,0.0,0.0,0.0,0.7609782792111552,0.5108695652173912,0.23902172078884482,0.4891304347826087,-0.0
c_26644834ada8,2015,4,2008-11,heldout_concept,0.5031956943448558,0.07609953703703703,4,48,0.0,0,0,0.0,0.0,0.0,0.0,0.0,0.0,0.7678041170471875,0.520912547528517,0.2321958829528124,0.4790874524714828,-0.0
c_26644834ada8,2016,5,2008-11,heldout_concept,0.5840920581546625,0.09336206012106286,4,57,0.0,0,0,0.0,0.0,0.0,0.0,0.0,0.0,0.7522376758722226,0.5252747252747253,0.24776232412777763,0.47472527472527476,-0.0
c_26644834ada8,2017,6,2008-11,heldout_concept,0.5700090252687342,0.09058699607392512,4,59,0.0,0,0,0.0,0.0,0.0,0.0,0.0,0.0,0.7539223642644084,0.5243128964059197,0.24607763573559158,0.47568710359408034,-0.0
c_26644834ada8,2018,7,2008-11,heldout_concept,0.5528546361607788,0.0880201188843164,4,54,0.0,0,0,0.0,0.0,0.0,0.0,0.0,0.0,0.7529401501525022,0.5220779220779221,0.2470598498474978,0.4779220779220779,-0.0
c_26644834ada8,2019,8,2008-11,heldout_concept,0.7014410300718905,0.11980347694633407,4,42,0.0,0,0,0.0,0.0,0.0,0.0,0.0,0.0,0.7298640012634433,0.5315457413249212,0.2701359987365567,0.4684542586750789,-0.0
c_24d62510b246,2011,3,2008-11,heldout_concept,0.4764601100945432,0.12927054478301017,5,57,0.0,0,0,0.0,0.0,0.0,0.0,0.0,0.0,0.7911311536658813,0.5142857142857142,0.20886884633411876,0.48571428571428565,-0.0
c_24d62510b246,2012,4,2008-11,heldout_concept,0.4466136849901216,0.11966701352757542,5,62,0.0,0,0,0.0,0.0,0.0,0.0,0.0,0.0,0.7941559803458573,0.5130434782608696,0.20584401965414267,0.4869565217391305,-0.0
c_24d62510b246,2013,5,2008-11,heldout_concept,0.4305826866236798,0.1145562130177515,5,65,0.0,0,0,0.0,0.0,0.0,0.0,0.0,0.0,0.7958351675918215,0.512396694214876,0.20416483240817843,0.4876033057851239,-0.0
c_24d62510b246,2014,6,2008-11,heldout_concept,0.3795539988176527,0.10532669382827825,4,47,0.0,0,0,0.0,0.0,0.0,0.0,0.0,0.0,0.785597075883589,0.5071633237822349,0.21440292411641113,0.492836676217765,-0.0
c_24d62510b246,2015,7,2008-11,heldout_concept,0.37080235808948786,0.11458333333333333,3,32,0.0,0,0,0.0,0.0,0.0,0.0,0.0,0.0,0.7594100629600629,0.5056818181818181,0.2405899370399371,0.4943181818181818,-0.0
c_24d62510b246,2016,8,2008-11,heldout_concept,0.24493002679463532,0.08296296296296296,2,30,0.0,0,0,0.0,0.0,0.0,0.0,0.0,0.0,0.7370949264005672,0.5,0.2629050735994329,0.5,-0.0
c_ef7889a4d23e,2011,3,2008-11,screen,0.2676297971931684,0.05391402482815223,7,228,0.0,0,0,0.0,0.0,0.0,0.0,0.0,0.0,0.8241503244510214,0.5096336822074216,0.1758496755489786,0.4903663177925786,-0.0
c_ef7889a4d23e,2012,4,2008-11,screen,0.36001119777446766,0.0697862135251906,13,378,0.0,0,0,0.0,0.0,0.0,0.0,0.0,0.0,0.8362365446062426,0.5134385237681354,0.16376345539375708,0.4865614762318647,-0.0
c_ef7889a4d23e,2013,5,2008-11,screen,0.39718009666661885,0.07805520501572419,14,516,0.4407914064730834,0,0,0.0,0.0,0.0,0.0,0.0,0.0,0.8306183149856378,0.514980432411625,0.16938168501436227,0.4850195675883751,-0.0
c_ef7889a4d23e,2014,6,2008-11,screen,0.47475939733943806,0.09675521476812696,19,667,0.7755758776363099,0,0,0.0,0.0,0.0,0.0,0.0,0.0,0.8307973487692653,0.5173924873747372,0.1692026512307347,0.48260751262526275,-0.0
c_ef7889a4d23e,2015,7,2008-11,screen,0.545109004922493,0.11488359624753691,21,803,0.9731047527094656,1,1,0.0,0.0,0.2304779527197731,0.21398156944518612,0.0,0.0,0.5982266729091772,0.3071176623864182,0.17129537437104975,0.47890076816839566,-0.0
c_ef7889a4d23e,2016,8,2008-11,screen,0.5547262591504014,0.12072997798742884,20,876,0.1538418562196906,0,1,0.0,0.0,0.23646221649531937,0.21617912414954318,0.0,0.0,0.5900236730458874,0.30528241493647795,0.17351411045879367,0.4785384609139789,-0.0
c_b416c627fe94,2018,3,2012-16,screen,0.6349492123940494,0.17992472734324166,6,89,0.0,0,0,0.0,0.0,0.0,0.0,0.0,0.0,0.7728541814420202,0.5180093734519348,0.22714581855798008,0.4819906265480654,-0.0
c_b416c627fe94,2019,4,2012-16,screen,0.7128849868149745,0.18283396497473306,11,204,0.7919631681082038,1,0,0.0,0.0,0.0,0.0,0.0,0.0,0.7981992429265679,0.5299214224991996,0.20180075707343217,0.47007857750080023,-0.0
c_de3171466662,2010,3,2005-07,screen,2.4228016211908323,0.581282795783245,21,87,1.403528368213813,1,0,0.0,0.0,0.0,0.0,0.0,0.0,0.8488509777194596,0.775895312610813,0.1511490222805407,0.22410468738918654,-0.0
c_de3171466662,2011,4,2005-07,screen,2.3981931663367217,0.52975097695716,26,142,1.3219423678236484,2,0,0.0,0.0,0.0,0.0,0.0,0.0,0.8466176173390919,0.7568784283495794,0.15338238266090795,0.24312157165042042,-0.0
c_de3171466662,2012,5,2005-07,screen,2.376265959250796,0.5133518576026547,33,236,0.7897968883394347,2,0,0.0,0.0,0.0,0.0,0.0,0.0,0.8458525197319814,0.741940930031061,0.1541474802680185,0.258059069968939,-0.0
c_de3171466662,2013,6,2005-07,screen,2.436436746918097,0.5354471456296046,40,365,1.0642094420805452,5,1,0.0937700191416899,0.09284041163955697,0.0,0.0,0.0,0.0,0.7561155152433474,0.642586130359231,0.15011446561496258,0.26457345800121207,0.4928170068605228
c_de3171466662,2014,7,2005-07,screen,2.3432973431178823,0.5236551562651192,44,498,0.5628173919716315,5,2,0.0,0.0,0.16700564243949764,0.2011377376772306,0.0,0.0,0.6783796668577236,0.5211045333915788,0.15461469070277853,0.27775772893119066,-0.0
c_de3171466662,2015,8,2005-07,screen,2.374820346428284,0.521707901766668,50,614,0.16871189282430266,4,3,0.0,0.0,0.22429053465926105,0.26338156642231947,0.0,0.0,0.6238306984906435,0.4526538323781236,0.1518787668500957,0.2839646011995569,-0.0
c_4e82b990c351,2008,3,2005-07,screen,0.37047851164558954,0.1022644265887509,4,37,0.0,0,0,0.0,0.0,0.0,0.0,0.0,0.0,0.7902675022952843,0.5142857142857143,0.20973249770471594,0.4857142857142857,-0.0
c_4e82b990c351,2009,4,2005-07,screen,0.45751747976018714,0.10539551897576589,6,54,0.0,0,0,0.0,0.0,0.0,0.0,0.0,0.0,0.8072923790266467,0.5216919739696311,0.1927076209733533,0.47830802603036876,-0.0
c_4e82b990c351,2010,5,2005-07,screen,0.5445833906561612,0.12366085093357818,8,66,0.0,0,0,0.0,0.0,0.0,0.0,0.0,0.0,0.8159582696574982,0.525371287128713,0.18404173034250149,0.4746287128712872,-0.0
c_4e82b990c351,2011,6,2005-07,screen,0.4313579959539428,0.09582786013636077,7,73,0.0,0,0,0.0,0.0,0.0,0.0,0.0,0.0,0.8175123802500437,0.5189295039164491,0.18248761974995628,0.48107049608355096,-0.0
c_4e82b990c351,2012,7,2005-07,screen,0.44522555889184057,0.10161052685058171,7,81,0.0,0,0,0.0,0.0,0.0,0.0,0.0,0.0,0.8145364938195448,0.5190000000000001,0.18546350618045512,0.48099999999999987,-0.0
c_4e82b990c351,2013,8,2005-07,screen,0.645550471938771,0.14622114309939493,9,93,0.0,0,0,0.0,0.0,0.0,0.0,0.0,0.0,0.8136094796850019,0.5303110173958882,0.18639052031499811,0.46968898260411174,-0.0
c_4cdbc8f444d1,2013,3,2008-11,screen,0.7902679680745903,0.15949122649762948,3,13,0.0,0,0,0.0,0.0,0.0,0.0,0.0,0.0,0.6778577593709539,0.5547973470451762,0.3221422406290462,0.4452026529548237,-0.0
c_4cdbc8f444d1,2014,4,2008-11,screen,0.7589367727620595,0.15112593849370431,3,14,0.0,0,0,0.0,0.0,0.0,0.0,0.0,0.0,0.6833236700369438,0.5498640963795395,0.31667632996305617,0.4501359036204605,-0.0
c_4cdbc8f444d1,2015,5,2008-11,screen,0.7214636866925115,0.13867600591712675,3,12,0.0,0,0,0.0,0.0,0.0,0.0,0.0,0.0,0.7009391348191397,0.5493092003432071,0.2990608651808604,0.4506907996567929,-0.0
c_4cdbc8f444d1,2016,6,2008-11,screen,0.6870920273799715,0.12999612338500743,3,13,0.0,0,0,0.0,0.0,0.0,0.0,0.0,0.0,0.7062712752692376,0.5448202908490699,0.29372872473076234,0.45517970915093,-0.0
c_4cdbc8f444d1,2017,7,2008-11,screen,0.48257756517701206,0.1015625,2,16,0.0,0,0,0.0,0.0,0.0,0.0,0.0,0.0,0.650404419814997,0.5,0.34959558018500303,0.5,-0.0
c_4cdbc8f444d1,2018,8,2008-11,screen,0.56930867810557,0.11045670395907502,4,33,0.0,0,0,0.0,0.0,0.0,0.0,0.0,0.0,0.7551264279961923,0.5344481384339553,0.2448735720038077,0.4655518615660447,-0.0
c_da11b8df9771,2011,3,2008-11,heldout_concept,0.8171848437048246,0.16437499999999994,6,80,1.749653959999543,1,0,0.0,0.0,0.0,0.0,0.0,0.0,0.7469923859951487,0.5554499366286441,0.2530076140048512,0.4445500633713562,-0.0
c_da11b8df9771,2012,4,2008-11,heldout_concept,0.8786828254030438,0.17367674858223062,7,92,0.056345454568783,0,0,0.0,0.0,0.0,0.0,0.0,0.0,0.754448877227266,0.5619047619047619,0.24555112277273408,0.43809523809523804,-0.0
c_da11b8df9771,2013,5,2008-11,heldout_concept,0.8953503636081894,0.17740595704283849,7,106,-0.2941628647005593,0,0,0.0,0.0,0.0,0.0,0.0,0.0,0.7552838654010626,0.5640468227424749,0.2447161345989373,0.4359531772575251,-0.0
c_da11b8df9771,2014,6,2008-11,heldout_concept,1.0012918717810262,0.20420420420420418,8,111,-0.07619255221376339,0,0,0.0,0.0,0.0,0.0,0.0,0.0,0.7642659316045143,0.5760466348701643,0.2357340683954855,0.42395336512983567,-0.0
c_da11b8df9771,2015,7,2008-11,heldout_concept,1.050587986110643,0.20581702068582536,7,98,-0.013965335662672301,0,0,0.0,0.0,0.0,0.0,0.0,0.0,0.7525349272961815,0.5819561551433389,0.24746507270381843,0.41804384485666096,-0.0
c_da11b8df9771,2016,8,2008-11,heldout_concept,1.1789719952726048,0.23127572016460907,7,90,0.31986823553848936,0,0,0.0,0.0,0.0,0.0,0.0,0.0,0.7495968525134667,0.601423487544484,0.25040314748653353,0.39857651245551595,-0.0
c_f9068dcb74a4,2018,3,2012-16,heldout_concept,1.4966025410781647,0.3656039279657541,19,138,1.6177889031017516,1,0,0.0,0.0,0.0,0.0,0.0,0.0,0.8082967896535543,0.6095063068832594,0.1917032103464455,0.39049369311674065,-0.0
c_f9068dcb74a4,2019,4,2012-16,heldout_concept,1.5400723587877136,0.36827327086196715,20,196,1.2469582865076454,1,0,0.0,0.0,0.0,0.0,0.0,0.0,0.8066575811517002,0.6172465401905717,0.19334241884829972,0.38275345980942843,-0.0
c_8ee79d97b600,2013,3,2008-11,heldout_concept,2.1657372190278448,0.6578519027348928,16,64,0.6021098804511077,0,0,0.0,0.0,0.0,0.0,0.0,0.0,0.83018236423072,0.7268572162625301,0.16981763576928,0.27314278373747003,-0.0
c_8ee79d97b600,2014,4,2008-11,heldout_concept,2.3300942953659383,0.6950853485399314,21,90,0.7282448989238323,1,0,0.0,0.0,0.0,0.0,0.0,0.0,0.844102901999569,0.7563137873569318,0.15589709800043058,0.24368621264306792,-0.0
c_8ee79d97b600,2015,5,2008-11,heldout_concept,2.246087263986746,0.6948568136666466,24,118,0.4070983502994996,1,0,0.0,0.0,0.0,0.0,0.0,0.0,0.8363005243916498,0.7265168932975651,0.1636994756083501,0.273483106702435,-0.0
c_8ee79d97b600,2016,6,2008-11,heldout_concept,2.347812911671473,0.7110628989631693,28,149,0.27202293291440105,1,0,0.0,0.0,0.0,0.0,0.0,0.0,0.8445739717286646,0.7466158555253783,0.15542602827133548,0.25338414447462154,-0.0
c_8ee79d97b600,2017,7,2008-11,heldout_concept,2.4321789442035957,0.7443443861740598,30,190,0.29875698582491517,1,0,0.0,0.0,0.0,0.0,0.0,0.0,0.8510720262464049,0.7575313912617307,0.14892797375359496,0.24246860873826942,-0.0
c_8ee79d97b600,2018,8,2008-11,heldout_concept,2.550025683287579,0.7515304279399246,35,225,0.34619237115983187,1,1,0.0,0.0,0.11912561758776452,0.18257100358134565,0.0,0.0,0.7406371745486315,0.5892153956856627,0.14023720786360372,0.22821360073299143,-0.0
c_21571c2d1a59,2015,3,2012-16,screen,1.6947993619222315,0.39239001189060635,8,29,0.8693269376061478,0,0,0.0,0.0,0.0,0.0,0.0,0.0,0.7903762790567507,0.773737373737374,0.20962372094324938,0.22626262626262628,-0.0
c_21571c2d1a59,2016,4,2012-16,screen,1.6947993619222315,0.39239001189060635,8,29,1.6463898112215192,1,0,0.0,0.0,0.0,0.0,0.0,0.0,0.7903762790567507,0.773737373737374,0.20962372094324938,0.22626262626262628,-0.0
c_21571c2d1a59,2017,5,2012-16,screen,1.7284037433050434,0.40426758938869667,8,34,0.9081169541738712,0,0,0.0,0.0,0.0,0.0,0.0,0.0,0.7964421767457054,0.7817403708987161,0.20355782325429467,0.21825962910128385,-0.0
c_21571c2d1a59,2018,6,2012-16,screen,1.6605394492613001,0.4113770378078391,7,31,-1.0824381511509429,0,0,0.0,0.0,0.0,0.0,0.0,0.0,0.7976456387334446,0.8052276559865091,0.20235436126655543,0.19477234401349072,-0.0
c_21571c2d1a59,2019,7,2012-16,screen,1.7158806243896283,0.41414965986394553,8,35,-0.6888257914891892,0,0,0.0,0.0,0.0,0.0,0.0,0.0,0.7914002456666904,0.7700394218134035,0.20859975433330957,0.2299605781865966,-0.0
c_d2b738a06440,2012,3,2008-11,screen,0.0,0.0,1,38,0.0,0,0,0.0,,0.0,,0.0,,0.0,,1.0,,-0.0
c_d2b738a06440,2013,4,2008-11,screen,0.0,0.0,1,46,0.0,0,0,0.0,,0.0,,0.0,,0.0,,1.0,,-0.0
c_d2b738a06440,2014,5,2008-11,screen,0.0,0.0,1,56,0.0,0,0,0.0,,0.0,,0.0,,0.0,,1.0,,-0.0
c_d2b738a06440,2015,6,2008-11,screen,0.08151041095033153,0.031242126480221715,2,63,0.0,0,0,0.0,0.0,0.0,0.0,0.0,0.0,0.8068177121095547,0.5,0.19318228789044536,0.5,-0.0
c_d2b738a06440,2016,7,2008-11,screen,0.07757003769329317,0.02940521274225885,2,67,0.0,0,0,0.0,0.0,0.0,0.0,0.0,0.0,0.80903152977316,0.5,0.1909684702268401,0.5,-0.0
c_d2b738a06440,2017,8,2008-11,screen,0.08476607571480994,0.032777777777777774,2,60,0.0,0,0,0.0,0.0,0.0,0.0,0.0,0.0,0.8050281372777127,0.5,0.19497186272228728,0.5,-0.0
c_1e2cee2a4ca1,2011,3,2008-11,screen,0.13579395875159386,0.039179675543311906,2,33,0.0,0,0,0.0,0.0,0.0,0.0,0.0,0.0,0.7802613279999816,0.5,0.21973867200001845,0.5,-0.0
c_1e2cee2a4ca1,2012,4,2008-11,screen,0.11924692639624491,0.03331141792680253,2,39,0.0,0,0,0.0,0.0,0.0,0.0,0.0,0.0,0.7877559694389443,0.5,0.21224403056105562,0.5,-0.0
c_1e2cee2a4ca1,2013,5,2008-11,screen,0.09650896073594732,0.025631167499679607,2,51,0.0,0,0,0.0,0.0,0.0,0.0,0.0,0.0,0.798833804256071,0.5,0.20116619574392902,0.5,-0.0
c_1e2cee2a4ca1,2014,6,2008-11,screen,0.08709952319177525,0.022592152199762187,2,58,0.0,0,0,0.0,0.0,0.0,0.0,0.0,0.0,0.8037660316317331,0.5,0.19623396836826698,0.5,-0.0
c_1e2cee2a4ca1,2015,7,2008-11,screen,0.0,0.0,1,60,0.0,0,0,0.0,,0.0,,0.0,,0.0,,1.0,,-0.0
c_1e2cee2a4ca1,2016,8,2008-11,screen,0.0,0.0,1,62,0.0,0,0,0.0,,0.0,,0.0,,0.0,,1.0,,-0.0
c_a9b6c9b8a739,2015,3,2012-16,heldout_concept,0.0,0.0,1,39,0.0,0,0,0.0,,0.0,,0.0,,0.0,,1.0,,-0.0
c_a9b6c9b8a739,2016,4,2012-16,heldout_concept,0.0,0.0,1,50,0.0,0,0,0.0,,0.0,,0.0,,0.0,,1.0,,-0.0
c_a9b6c9b8a739,2017,5,2012-16,heldout_concept,0.0,0.0,1,51,0.0,0,0,0.0,,0.0,,0.0,,0.0,,1.0,,-0.0
c_a9b6c9b8a739,2018,6,2012-16,heldout_concept,0.0,0.0,1,42,0.0,0,0,0.0,,0.0,,0.0,,0.0,,1.0,,-0.0
c_a9b6c9b8a739,2019,7,2012-16,heldout_concept,0.0,0.0,1,21,0.0,0,0,0.0,,0.0,,0.0,,0.0,,1.0,,-0.0
c_0bdbd70bb062,2013,3,2008-11,heldout_concept,0.604981602000606,0.12323471400394477,6,65,0.0,0,0,0.0,0.0,0.0,0.0,0.0,0.0,0.7877623333340779,0.5339308578745199,0.21223766666592228,0.4660691421254802,-0.0
c_0bdbd70bb062,2014,4,2008-11,heldout_concept,0.5067776260954578,0.09934562760261748,6,82,0.0,0,0,0.0,0.0,0.0,0.0,0.0,0.0,0.7957692325708676,0.526447105788423,0.2042307674291325,0.47355289421157687,-0.0
c_0bdbd70bb062,2015,5,2008-11,heldout_concept,0.6947520350520138,0.13110207100591717,9,104,0.0,0,0,0.0,0.0,0.0,0.0,0.0,0.0,0.8081474726282972,0.539727315467795,0.19185252737170286,0.460272684532205,-0.0
c_0bdbd70bb062,2016,6,2008-11,heldout_concept,0.7016041875845395,0.13241775634938027,9,117,0.0,0,0,0.0,0.0,0.0,0.0,0.0,0.0,0.8087365487927772,0.5402721588819419,0.19126345120722285,0.4597278411180581,-0.0
c_0bdbd70bb062,2017,7,2008-11,heldout_concept,0.6436555011231018,0.12003944773175544,9,130,0.0,0,0,0.0,0.0,0.0,0.0,0.0,0.0,0.810737631694721,0.5358199145580019,0.18926236830527904,0.464180085441998,-0.0
c_0bdbd70bb062,2018,8,2008-11,heldout_concept,0.6456239843256937,0.11771029293200752,9,122,0.0,0,0,0.0,0.0,0.0,0.0,0.0,0.0,0.8108109728635421,0.5361491628614916,0.18918902713645774,0.46385083713850833,-0.0
c_f94c1c136f05,2011,3,2008-11,screen,0.29113983883196504,0.08259965972715305,3,30,0.0,0,0,0.0,0.0,0.0,0.0,0.0,0.0,0.7788233071107795,0.5089678425212354,0.22117669288922046,0.49103215747876455,-0.0
c_f94c1c136f05,2012,4,2008-11,screen,0.12974069471942834,0.018503401360544215,2,35,0.0,0,0,0.0,0.0,0.0,0.0,0.0,0.0,0.7829569080471422,0.5,0.21704309195285765,0.5,-0.0
c_f94c1c136f05,2013,5,2008-11,screen,0.10656595882801999,0.014485596707818928,2,45,0.0,0,0,0.0,0.0,0.0,0.0,0.0,0.0,0.7938041444284494,0.5,0.20619585557155057,0.5,-0.0
c_f94c1c136f05,2014,6,2008-11,screen,0.13579395875159386,0.019589837771655953,2,66,0.0,0,0,0.0,0.0,0.0,0.0,0.0,0.0,0.7802613279999816,0.5,0.21973867200001845,0.5,-0.0
c_f94c1c136f05,2015,7,2008-11,screen,0.12169240267806193,0.017082179132040624,2,76,0.0,0,0,0.0,0.0,0.0,0.0,0.0,0.0,0.7866222497470992,0.5,0.21337775025290087,0.5,-0.0
c_f94c1c136f05,2016,8,2008-11,screen,0.11147402345222804,0.015317185697808534,2,85,0.0,0,0,0.0,0.0,0.0,0.0,0.0,0.0,0.7914276580661573,0.5,0.20857234193384264,0.5,-0.0
c_0fefc757857e,2011,3,2008-11,screen,0.23781901105692071,0.0653079114617576,3,39,0.0,0,0,0.0,0.0,0.0,0.0,0.0,0.0,0.789991327340983,0.5033557046979865,0.21000867265901685,0.4966442953020134,-0.0
c_0fefc757857e,2012,4,2008-11,screen,0.16486545386241344,0.041796739507457506,3,62,0.0,0,0,0.0,0.0,0.0,0.0,0.0,0.0,0.8075273754477635,0.5020746887966805,0.19247262455223643,0.49792531120331945,-0.0
c_0fefc757857e,2013,5,2008-11,screen,0.10505211623645005,0.02429126657521719,3,108,0.0,0,0,0.0,0.0,0.0,0.0,0.0,0.0,0.8253630382892674,0.5011764705882353,0.17463696171073265,0.4988235294117647,-0.0
c_0fefc757857e,2014,6,2008-11,screen,0.19134818509631718,0.04758805538040385,6,158,0.0,0,0,0.0,0.0,0.0,0.0,0.0,0.0,0.8372627286543635,0.5072952463338994,0.16273727134563665,0.4927047536661004,-0.0
c_0fefc757857e,2015,7,2008-11,screen,0.25901508171399595,0.059207266318056236,9,236,0.0,0,0,0.0,0.0,0.0,0.0,0.0,0.0,0.8399236250426906,0.510411587527684,0.16007637495730936,0.48958841247231594,-0.0
c_0fefc757857e,2016,8,2008-11,screen,0.20220734190295298,0.044902326772976266,10,357,0.0,0,0,0.0,0.0,0.0,0.0,0.0,0.0,0.849992226315791,0.507630355329833,0.15000777368420912,0.492369644670167,-0.0
c_54582ea849bf,2016,3,2012-16,heldout_concept,0.11251593411963928,0.015495086923658351,2,42,0.0,0,0,0.0,0.0,0.0,0.0,0.0,0.0,0.7909291645219373,0.5,0.20907083547806282,0.5,-0.0
c_54582ea849bf,2017,4,2012-16,heldout_concept,0.1342229641023645,0.019306452810573995,2,67,0.0,0,0,0.0,0.0,0.0,0.0,0.0,0.0,0.7809561695080837,0.5,0.21904383049191628,0.5,-0.0
c_54582ea849bf,2018,5,2012-16,heldout_concept,0.22884727802110238,0.03236660791539817,3,79,0.0,0,0,0.0,0.0,0.0,0.0,0.0,0.0,0.7844463499849398,0.504950495049505,0.2155536500150603,0.495049504950495,-0.0
c_54582ea849bf,2019,6,2012-16,heldout_concept,0.18022321426407523,0.023696212571881814,3,82,0.0,0,0,0.0,0.0,0.0,0.0,0.0,0.0,0.8007592566289257,0.5041841004184101,0.1992407433710745,0.49581589958159,-0.0
c_70987856add3,2014,3,2008-11,screen,0.4669872708096832,0.08184604290607535,3,43,0.0,0,0,0.0,0.0,0.0,0.0,0.0,0.0,0.7230918241147869,0.5110132158590308,0.2769081758852131,0.4889867841409692,-0.0
c_70987856add3,2015,4,2008-11,screen,0.4669872708096832,0.08184604290607535,3,43,0.0,0,0,0.0,0.0,0.0,0.0,0.0,0.0,0.7230918241147869,0.5110132158590308,0.2769081758852131,0.4889867841409692,-0.0
c_70987856add3,2016,5,2008-11,screen,0.6107786100236533,0.11950231481481481,4,48,0.0,0,0,0.0,0.0,0.0,0.0,0.0,0.0,0.7237837391263747,0.5278450363196127,0.2762162608736252,0.4721549636803874,-0.0
c_70987856add3,2017,6,2008-11,screen,0.6280906614624971,0.12381852551984879,4,46,0.0,0,0,0.0,0.0,0.0,0.0,0.0,0.0,0.7211781329292113,0.529262086513995,0.2788218670707888,0.4707379134860051,-0.0
c_70987856add3,2018,7,2008-11,screen,0.6035408825632801,0.13391770148526905,3,37,0.0,0,0,0.0,0.0,0.0,0.0,0.0,0.0,0.6836220324498782,0.5254545454545454,0.3163779675501219,0.4745454545454546,-0.0
c_70987856add3,2019,8,2008-11,screen,0.8082699580001821,0.20069204152249137,3,17,0.0,0,0,0.0,0.0,0.0,0.0,0.0,0.0,0.6515070289806185,0.5574712643678161,0.34849297101938154,0.44252873563218387,-0.0
c_a9f2f1d2a57f,2013,3,2008-11,heldout_concept,0.8344907689160208,0.2121875,11,160,1.4870531413748342,1,0,0.0,0.0,0.0,0.0,0.0,0.0,0.7978324144897743,0.5373097692685321,0.2021675855102257,0.4626902307314678,-0.0
c_a9f2f1d2a57f,2014,4,2008-11,heldout_concept,1.1276699578808231,0.29269909774117925,15,287,1.5050875680325402,2,0,0.0,0.0,0.0,0.0,0.0,0.0,0.7973105152652066,0.5586771127456783,0.20268948473479326,0.4413228872543219,-0.0
c_a9f2f1d2a57f,2015,5,2008-11,heldout_concept,1.2673188591563536,0.3256393747868306,17,411,1.307303010858198,3,1,0.0,0.0,0.17102985291212133,0.16658992286753513,0.0,0.0,0.6262308785846632,0.4029644043286519,0.20273926850321566,0.4304456728038131,-0.0
c_a9f2f1d2a57f,2016,6,2008-11,heldout_concept,1.411322828015137,0.3592583284853732,22,546,1.060798448027909,5,2,0.12017104595547734,0.097674471892942,0.1621323147403071,0.164872939937441,0.0,0.0,0.5178980175164919,0.32106235870968547,0.19979862178772406,0.41639022945993165,0.2919825155118578
c_a9f2f1d2a57f,2017,7,2008-11,heldout_concept,1.528326591520273,0.38364143938398493,25,689,0.6953885651345076,5,2,0.11327810209785319,0.09373353732385126,0.15322815839518755,0.16009724048175106,0.0,0.0,0.5375153064167024,0.3420349702987793,0.195978433090257,0.40413425189561825,0.30776924633294467
c_a9f2f1d2a57f,2018,8,2008-11,heldout_concept,1.581889873261427,0.3964804280535087,28,808,0.36249000191283093,3,3,0.24658147842388145,0.21873858073333222,0.08083641305146219,0.058678882557879695,0.0,0.0,0.47663694922694694,0.3253400874547235,0.19594515929770956,0.3972424492540645,0.6453699852094934
c_b713a03f1d5b,2009,3,2005-07,heldout_concept,0.8661932637937072,0.2674074074074073,5,30,0.0,0,0,0.0,0.0,0.0,0.0,0.0,0.0,0.7374177831553945,0.5429362880886428,0.2625822168446054,0.4570637119113574,-0.0
c_b713a03f1d5b,2010,4,2005-07,heldout_concept,0.9470145213146908,0.27537414965986395,5,35,0.0,0,0,0.0,0.0,0.0,0.0,0.0,0.0,0.7462158114126412,0.5553359683794465,0.2537841885873589,0.44466403162055335,-0.0
c_b713a03f1d5b,2011,5,2005-07,heldout_concept,0.9980813543989133,0.30234159779614317,5,44,0.0,0,0,0.0,0.0,0.0,0.0,0.0,0.0,0.738366937792388,0.5558086560364465,0.261633062207612,0.44419134396355353,-0.0
c_b713a03f1d5b,2012,6,2005-07,heldout_concept,0.8987487402285081,0.2820833333333333,4,40,0.0,0,0,0.0,0.0,0.0,0.0,0.0,0.0,0.7221999324375876,0.5450516986706055,0.2778000675624125,0.45494830132939434,-0.0
c_b713a03f1d5b,2013,7,2005-07,heldout_concept,0.9480538694243027,0.2875301336839798,5,39,0.0,0,0,0.0,0.0,0.0,0.0,0.0,0.0,0.7314723328037228,0.5472560975609757,0.26852766719627724,0.45274390243902446,-0.0
c_b713a03f1d5b,2014,8,2005-07,heldout_concept,1.0107919362173674,0.3140978816654493,5,37,0.0,0,0,0.0,0.0,0.0,0.0,0.0,0.0,0.7222210704601043,0.5534883720930232,0.2777789295398955,0.4465116279069767,-0.0
c_1d198d662026,2009,3,2005-07,heldout_concept,0.8711839540550228,0.25308641975308643,9,72,0.0,0,0,0.0,0.0,0.0,0.0,0.0,0.0,0.7756308795151772,0.5447154471544714,0.22436912048482288,0.45528455284552843,-0.0
c_1d198d662026,2010,4,2005-07,heldout_concept,0.9313093540206454,0.2699594683759072,10,103,1.0770615063526856,1,0,0.0,0.0,0.0,0.0,0.0,0.0,0.7739316813494002,0.5460893854748604,0.22606831865059993,0.45391061452513976,-0.0
c_1d198d662026,2011,5,2005-07,heldout_concept,0.8344768229634567,0.23791038528246414,11,139,0.2295785562769957,1,0,0.0,0.0,0.0,0.0,0.0,0.0,0.7780947769622982,0.5373458914925223,0.22190522303770177,0.4626541085074776,-0.0
c_1d198d662026,2012,6,2005-07,heldout_concept,0.9386185938245463,0.2561088020451227,14,175,0.1586740028705454,1,0,0.0,0.0,0.0,0.0,0.0,0.0,0.7867138450911602,0.5467487578478103,0.21328615490883976,0.4532512421521899,-0.0
c_1d198d662026,2013,7,2005-07,heldout_concept,1.060701802875054,0.2792716096609997,17,215,0.1265919689323877,0,0,0.0,0.0,0.0,0.0,0.0,0.0,0.79580601394532,0.555179605472671,0.20419398605467995,0.444820394527329,-0.0
c_1d198d662026,2014,8,2005-07,heldout_concept,1.2004261000237908,0.3048315267531437,18,243,0.1619734742438866,1,0,0.0,0.0,0.0,0.0,0.0,0.0,0.7984934177172859,0.5674999236696564,0.20150658228271434,0.4325000763303435,-0.0
c_15655b81c9fd,2009,3,2005-07,heldout_concept,0.4677961653849986,0.14209274673008326,6,116,0.0,0,0,0.0,0.0,0.0,0.0,0.0,0.0,0.7743877384216297,0.5151673640167364,0.22561226157837028,0.4848326359832636,-0.0
c_15655b81c9fd,2010,4,2005-07,heldout_concept,0.3822234892663482,0.10964244521337946,6,170,0.5259417191879546,0,0,0.0,0.0,0.0,0.0,0.0,0.0,0.7796505567402694,0.5108352619398274,0.22034944325973066,0.4891647380601725,-0.0
c_15655b81c9fd,2011,5,2005-07,heldout_concept,0.3941268617989297,0.10941279226014511,7,244,0.8201173880660052,0,0,0.0,0.0,0.0,0.0,0.0,0.0,0.7818692772716951,0.5115136628799509,0.2181307227283048,0.48848633712004924,-0.0
c_15655b81c9fd,2012,6,2005-07,heldout_concept,0.4826782452724147,0.1385658914728682,7,344,0.2505413853075371,0,0,0.0,0.0,0.0,0.0,0.0,0.0,0.7631624336737552,0.5150024394210441,0.23683756632624464,0.4849975605789558,-0.0
c_15655b81c9fd,2013,7,2005-07,heldout_concept,0.5597926015415645,0.1655872697618871,9,419,0.4183504810068628,1,0,0.0,0.0,0.0,0.0,0.0,0.0,0.7526926427422919,0.5183231665367152,0.24730735725770814,0.4816768334632849,-0.0
c_15655b81c9fd,2014,8,2005-07,heldout_concept,0.6802802554296925,0.19339277159074553,14,518,0.8469423022314817,2,1,0.38285725054281283,0.3787037730050608,0.0,0.0,0.0,0.0,0.3784789583121916,0.14900049448375063,0.23866379114499583,0.4722957325111884,0.3913991271534609
c_5bb0de514ff2,2012,3,2008-11,screen,0.21262682366313784,0.028641975308641977,3,45,0.0,0,0,0.0,0.0,0.0,0.0,0.0,0.0,0.7956898223405027,0.5057471264367815,0.20431017765949733,0.49425287356321834,-0.0
c_5bb0de514ff2,2013,4,2008-11,screen,0.1512890335944373,0.01890359168241966,3,69,0.0,0,0,0.0,0.0,0.0,0.0,0.0,0.0,0.8112136210740367,0.5037037037037037,0.18878637892596328,0.49629629629629624,-0.0
c_5bb0de514ff2,2014,5,2008-11,screen,0.13157131099705155,0.015962720602815783,3,82,0.0,0,0,0.0,0.0,0.0,0.0,0.0,0.0,0.8169026852119475,0.5031055900621119,0.18309731478805266,0.4968944099378883,-0.0
c_5bb0de514ff2,2015,6,2008-11,screen,0.13288890350089927,0.016156073769242493,3,81,0.0,0,0,0.0,0.0,0.0,0.0,0.0,0.0,0.8165084859668905,0.5031446540880503,0.18349151403310962,0.4968553459119497,-0.0
c_5bb0de514ff2,2016,7,2008-11,screen,0.12422468404864209,0.014893250688705234,3,88,0.0,0,0,0.0,0.0,0.0,0.0,0.0,0.0,0.8191419898050207,0.5028901734104047,0.1808580101949792,0.4971098265895954,-0.0
c_5bb0de514ff2,2017,8,2008-11,screen,0.0627602166108864,0.007574756682961201,2,87,0.0,0,0,0.0,0.0,0.0,0.0,0.0,0.0,0.8179110907818417,0.5,0.18208890921815837,0.5,-0.0
c_a3b2376178b6,2010,3,2005-07,heldout_concept,0.3027839382791754,0.10544217687074829,3,42,0.0,0,0,0.0,0.0,0.0,0.0,0.0,0.0,0.7727272260133424,0.510752688172043,0.22727277398665774,0.489247311827957,-0.0
c_a3b2376178b6,2011,4,2005-07,heldout_concept,0.2735737942248851,0.09288194444444443,3,48,0.0,0,0,0.0,0.0,0.0,0.0,0.0,0.0,0.7788353093617719,0.5093457943925234,0.22116469063822808,0.4906542056074767,-0.0
c_a3b2376178b6,2012,5,2005-07,heldout_concept,0.2364840528066643,0.07748711850971067,3,58,0.0,0,0,0.0,0.0,0.0,0.0,0.0,0.0,0.7870352576159109,0.5076726342710998,0.21296474238408916,0.4923273657289003,-0.0
c_a3b2376178b6,2013,6,2005-07,heldout_concept,0.2804792039680846,0.08129671621735114,3,63,0.0,0,0,0.0,0.0,0.0,0.0,0.0,0.0,0.780973509649908,0.512396694214876,0.21902649035009192,0.48760330578512395,-0.0
c_a3b2376178b6,2014,7,2005-07,heldout_concept,0.28393626675586414,0.08255289628858827,3,62,0.0,0,0,0.0,0.0,0.0,0.0,0.0,0.0,0.7802721508984947,0.5126050420168068,0.21972784910150536,0.4873949579831933,-0.0
c_a3b2376178b6,2015,8,2005-07,heldout_concept,0.1738965505262752,0.044986127625842254,3,58,0.0,0,0,0.0,0.0,0.0,0.0,0.0,0.0,0.8051641956209059,0.5066079295154184,0.19483580437909412,0.49339207048458145,-0.0
c_4c081bfc5787,2010,3,2005-07,screen,0.2700631052400564,0.07559218831217047,4,134,0.0,0,0,0.0,0.0,0.0,0.0,0.0,0.0,0.7856693721326227,0.5049115913555993,0.21433062786737744,0.49508840864440085,-0.0
c_4c081bfc5787,2011,4,2005-07,screen,0.3628541772514167,0.08709791105984878,6,204,0.0,0,0,0.0,0.0,0.0,0.0,0.0,0.0,0.8049979219867183,0.5133345594997241,0.19500207801328162,0.48666544050027577,-0.0
c_4c081bfc5787,2012,5,2005-07,screen,0.37567481431564725,0.0931402811913942,7,293,0.0,0,0,0.0,0.0,0.0,0.0,0.0,0.0,0.8078308915144032,0.5142154410538602,0.19216910848559673,0.4857845589461397,-0.0
c_4c081bfc5787,2013,6,2005-07,screen,0.4001202111163814,0.09546485102907015,9,379,0.0,0,0,0.0,0.0,0.0,0.0,0.0,0.0,0.816275084432211,0.5150469152608295,0.18372491556778892,0.4849530847391706,-0.0
c_4c081bfc5787,2014,7,2005-07,screen,0.4532597612622039,0.10405485184367727,11,431,0.8185518441466454,0,0,0.0,0.0,0.0,0.0,0.0,0.0,0.8189739858064506,0.5175898461750706,0.1810260141935493,0.4824101538249293,-0.0
c_4c081bfc5787,2015,8,2005-07,screen,0.44954437277682907,0.1017388266801219,12,454,-0.101781032586757,0,0,0.0,0.0,0.0,0.0,0.0,0.0,0.821829556922977,0.5172786520426003,0.17817044307702298,0.48272134795739935,-0.0
c_8856d927d560,2018,3,2012-16,heldout_concept,0.8659187633730245,0.2601134215500945,5,115,0.9103505153690872,1,0,0.0,0.0,0.0,0.0,0.0,0.0,0.7282042837608024,0.5496124031007751,0.2717957162391977,0.4503875968992248,-0.0
c_8856d927d560,2019,4,2012-16,heldout_concept,0.826634840995615,0.23904761904761904,5,140,0.5630895101898757,0,0,0.0,0.0,0.0,0.0,0.0,0.0,0.7328742916674473,0.5486624928856004,0.26712570833255256,0.45133750711439957,-0.0
c_da42247f2a8b,2013,3,2008-11,heldout_concept,0.8855148145651742,0.2741861441523161,4,33,0.0,0,0,0.0,0.0,0.0,0.0,0.0,0.0,0.7158541473247697,0.563502140101854,0.2841458526752301,0.43649785989814616,-0.0
c_da42247f2a8b,2014,4,2008-11,heldout_concept,1.0265118339504318,0.33961529074326724,6,45,0.0,0,0,0.0,0.0,0.0,0.0,0.0,0.0,0.7366712558667275,0.5783173477560833,0.26332874413327256,0.42168265224391677,-0.0
c_da42247f2a8b,2015,5,2008-11,heldout_concept,1.0837533846910212,0.3674351447383886,6,54,0.073619741412294,0,0,0.0,0.0,0.0,0.0,0.0,0.0,0.7406602233802487,0.5862269764411605,0.25933977661975144,0.41377302355883955,-0.0
c_da42247f2a8b,2016,6,2008-11,heldout_concept,1.2873537452277,0.4024371429089827,9,60,0.2349729615665839,1,0,0.0,0.0,0.0,0.0,0.0,0.0,0.7619182952659346,0.6024223836710161,0.23808170473406534,0.39757761632898386,-0.0
c_da42247f2a8b,2017,7,2008-11,heldout_concept,1.1938880917153551,0.3783266964618709,9,64,0.0232314452334007,0,0,0.0,0.0,0.0,0.0,0.0,0.0,0.761051833899305,0.585491420708826,0.2389481661006951,0.414508579291174,-0.0
c_da42247f2a8b,2018,8,2008-11,heldout_concept,1.1749873238224664,0.35603381119630056,10,72,-0.1853462450184621,0,0,0.0,0.0,0.0,0.0,0.0,0.0,0.7699463929595959,0.5752241412323315,0.230053607040404,0.42477585876766866,-0.0
c_24fd61e090ea,2011,3,2008-11,screen,0.16325252490998196,0.04016617396757145,5,244,0.0,0,0,0.0,0.0,0.0,0.0,0.0,0.0,0.8268142181230023,0.5044605519933091,0.17318578187699782,0.4955394480066908,-0.0
c_24fd61e090ea,2012,4,2008-11,screen,0.17726466156341403,0.044363510232396805,7,310,0.0,0,0,0.0,0.0,0.0,0.0,0.0,0.0,0.8386216229411816,0.5057857701329163,0.16137837705881838,0.4942142298670837,-0.0
c_24fd61e090ea,2013,5,2008-11,screen,0.18217050228719783,0.04601203464920982,7,355,0.0,0,0,0.0,0.0,0.0,0.0,0.0,0.0,0.832569955345605,0.5056334789606807,0.16743004465439512,0.4943665210393194,-0.0
c_24fd61e090ea,2014,6,2008-11,screen,0.16887352675579206,0.04206510222198725,7,389,0.0,0,0,0.0,0.0,0.0,0.0,0.0,0.0,0.8349415660914067,0.5051319648093843,0.16505843390859326,0.4948680351906159,-0.0
c_24fd61e090ea,2015,7,2008-11,screen,0.17656746690418756,0.04328511031840401,7,348,0.0,0,0,0.0,0.0,0.0,0.0,0.0,0.0,0.8396151232951421,0.5056594175251176,0.16038487670485788,0.4943405824748824,-0.0
c_24fd61e090ea,2016,8,2008-11,screen,0.21519594386490132,0.05385652001585413,7,290,0.0,0,0,0.0,0.0,0.0,0.0,0.0,0.0,0.827123225632064,0.5072122460994998,0.17287677436793575,0.49278775390050045,-0.0
c_de14f5e3898c,2010,3,2005-07,screen,0.0,0.0,1,38,0.0,0,0,0.0,,0.0,,0.0,,0.0,,1.0,,-0.0
c_de14f5e3898c,2011,4,2005-07,screen,0.0,0.0,1,42,0.0,0,0,0.0,,0.0,,0.0,,0.0,,1.0,,-0.0
c_de14f5e3898c,2012,5,2005-07,screen,0.0,0.0,1,45,0.0,0,0,0.0,,0.0,,0.0,,0.0,,1.0,,-0.0
c_de14f5e3898c,2013,6,2005-07,screen,0.0,0.0,1,36,0.0,0,0,0.0,,0.0,,0.0,,0.0,,1.0,,-0.0
c_de14f5e3898c,2014,7,2005-07,screen,0.0,0.0,1,41,0.0,0,0,0.0,,0.0,,0.0,,0.0,,1.0,,-0.0
c_de14f5e3898c,2015,8,2005-07,screen,0.0,0.0,1,41,0.0,0,0,0.0,,0.0,,0.0,,0.0,,1.0,,-0.0
c_d6845c35d3d0,2011,3,2008-11,screen,0.02962004108265712,0.0030863529835947357,2,215,0.0,0,0,0.0,0.0,0.0,0.0,0.0,0.0,0.8433381874463107,0.5,0.15666181255368933,0.5,-0.0
c_d6845c35d3d0,2012,4,2008-11,screen,0.08636622256633827,0.010608426473811088,5,312,0.0,0,0,0.0,0.0,0.0,0.0,0.0,0.0,0.8525120563308565,0.5029051000645578,0.1474879436691436,0.4970948999354422,-0.0
c_d6845c35d3d0,2013,5,2008-11,screen,0.20446700255450023,0.033308539020561384,9,433,0.0,0,0,0.0,0.0,0.0,0.0,0.0,0.0,0.8444534349143553,0.5079785095016083,0.1555465650856446,0.49202149049839156,-0.0
c_d6845c35d3d0,2014,6,2008-11,screen,0.19679025791111335,0.03195785980020202,9,513,0.0,0,0,0.0,0.0,0.0,0.0,0.0,0.0,0.8440087038202031,0.507549338344821,0.15599129617979676,0.49245066165517914,-0.0
c_d6845c35d3d0,2015,7,2008-11,screen,0.27669934253037204,0.047392786795898735,11,550,0.0,0,0,0.0,0.0,0.0,0.0,0.0,0.0,0.8395172570213237,0.5117295809713573,0.16048274297867632,0.48827041902864265,-0.0
c_d6845c35d3d0,2016,8,2008-11,screen,0.2812684743582157,0.049782517006012494,11,536,0.0,0,0,0.0,0.0,0.0,0.0,0.0,0.0,0.8381022052426084,0.5117108524747925,0.1618977947573915,0.4882891475252075,-0.0
c_5edb1fea382d,2011,3,2008-11,screen,0.9743147528693494,0.3645833333333333,3,16,0.0,0,0,0.0,0.0,0.0,0.0,0.0,0.0,0.6442899081027808,0.5428571428571428,0.35571009189721914,0.45714285714285713,-0.0
c_5edb1fea382d,2012,4,2008-11,screen,0.9649629230074277,0.3621399176954732,3,18,0.0,0,0,0.0,0.0,0.0,0.0,0.0,0.0,0.6265002303858414,0.5454545454545455,0.37349976961415876,0.45454545454545453,-0.0
c_5edb1fea382d,2013,5,2008-11,screen,0.9403716526240742,0.3597883597883597,3,21,0.0,0,0,0.0,0.0,0.0,0.0,0.0,0.0,0.6242937603400757,0.5378151260504201,0.37570623965992445,0.46218487394957986,-0.0
c_5edb1fea382d,2014,6,2008-11,screen,0.9272771162838269,0.3553875236294896,3,23,-0.1183455498056299,0,0,0.0,0.0,0.0,0.0,0.0,0.0,0.6094647490844713,0.5390070921985816,0.39053525091552865,0.4609929078014184,-0.0
c_5edb1fea382d,2015,7,2008-11,screen,0.8675632284814613,0.34773662551440326,3,18,0.0,0,0,0.0,0.0,0.0,0.0,0.0,0.0,0.5845681126200692,0.5266272189349112,0.41543188737993064,0.4733727810650888,-0.0
c_5edb1fea382d,2016,8,2008-11,screen,0.887694275799104,0.32870370370370366,3,12,0.0,0,0,0.0,0.0,0.0,0.0,0.0,0.0,0.5874659708793936,0.5492957746478873,0.41253402912060644,0.4507042253521127,-0.0
c_7011282bd1ba,2016,3,2012-16,heldout_concept,1.256156148619726,0.3160859635033342,15,91,0.0,0,0,0.0,0.0,0.0,0.0,0.0,0.0,0.8145439979108445,0.5809822544834523,0.18545600208915552,0.4190177455165477,-0.0
c_7011282bd1ba,2017,4,2012-16,heldout_concept,1.1527554537942446,0.28416591644379674,15,106,0.0,0,0,0.0,0.0,0.0,0.0,0.0,0.0,0.8157573133650526,0.5712910010196532,0.18424268663494772,0.42870899898034653,-0.0
c_7011282bd1ba,2018,5,2012-16,heldout_concept,1.3710366640791445,0.3308003039558116,21,148,0.0,0,0,0.0,0.0,0.0,0.0,0.0,0.0,0.8223801517781333,0.588266743997071,0.17761984822186683,0.41173325600292926,-0.0
c_7011282bd1ba,2019,6,2012-16,heldout_concept,1.3866243354294683,0.3435785408972029,21,179,0.925216124045603,0,0,0.0,0.0,0.0,0.0,0.0,0.0,0.8217644426723717,0.5898079912651824,0.17823555732762827,0.4101920087348174,-0.0
c_021cd7f7a587,2017,3,2012-16,screen,0.27721592998101174,0.048710842361636,2,63,0.0,0,0,0.0,0.0,0.0,0.0,0.0,0.0,0.7253805679224641,0.5,0.2746194320775358,0.5,-0.0
c_021cd7f7a587,2018,4,2012-16,screen,0.25731864054383163,0.04421768707482993,2,70,0.0,0,0,0.0,0.0,0.0,0.0,0.0,0.0,0.7325706935732419,0.5,0.26742930642675805,0.5,-0.0
c_021cd7f7a587,2019,5,2012-16,screen,0.2123974375635903,0.03452805404391067,2,73,0.0,0,0,0.0,0.0,0.0,0.0,0.0,0.0,0.7492196467982505,0.5,0.25078035320174946,0.5,-0.0
c_4cdee4852bd9,2015,3,2012-16,screen,0.5614929315650008,0.245378690116985,8,307,1.7708644400301454,1,0,0.0,0.0,0.0,0.0,0.0,0.0,0.7397402215800343,0.5112135919235904,0.2602597784199654,0.4887864080764095,-0.0
c_4cdee4852bd9,2016,4,2012-16,screen,0.5807609520255498,0.2550664181380059,10,588,1.4664900931924651,1,0,0.0,0.0,0.0,0.0,0.0,0.0,0.7383869729331513,0.5114226079128223,0.2616130270668484,0.4885773920871776,-0.0
c_4cdee4852bd9,2017,5,2012-16,screen,0.669479641842831,0.276562792824753,15,930,1.0791203866313268,1,1,0.4199442532088003,0.43220647178633553,0.0,0.0,0.0,0.0,0.32853594982890005,0.08441247424596553,0.25151979696230015,0.48338105396769904,0.4269635038223524
c_4cdee4852bd9,2018,6,2012-16,screen,0.7442342920368072,0.3128000565353983,19,1280,0.6700441146864348,1,1,0.40588492519196573,0.43311235037617246,0.0,0.0,0.0,0.0,0.33656030294740263,0.08628225511998823,0.25755477186063186,0.48060539450383943,0.47042342903460843
c_4cdee4852bd9,2019,7,2012-16,screen,0.7968143631301288,0.3248359033010364,21,1529,0.8527768532152128,2,1,0.3830577575131363,0.42421883396753357,0.0,0.0,0.0,0.0,0.3653863552844222,0.09865711824313576,0.2515558872024412,0.4771240477893307,0.4792035445233499
c_1bd834da7f00,2009,3,2005-07,screen,0.3920741575746048,0.12177916388208213,4,67,0.0,0,0,0.0,0.0,0.0,0.0,0.0,0.0,0.7821405109321158,0.5164634146341462,0.21785948906788433,0.48353658536585364,-0.0
c_1bd834da7f00,2010,4,2005-07,screen,0.6595851905973018,0.17538682242627596,12,135,0.0,0,0,0.0,0.0,0.0,0.0,0.0,0.0,0.8216428053718151,0.5323942397889371,0.17835719462818478,0.46760576021106315,-0.0
c_1bd834da7f00,2011,5,2005-07,screen,1.000653608601602,0.25035030016472476,18,209,0.0,0,0,0.0,0.0,0.0,0.0,0.0,0.0,0.8208594160345886,0.5520421001249791,0.1791405839654115,0.44795789987502066,-0.0
c_1bd834da7f00,2012,6,2005-07,screen,1.0716251313376217,0.25159135950316525,20,300,1.2587070104898073,1,0,0.0,0.0,0.0,0.0,0.0,0.0,0.8191533078261002,0.5590733578752427,0.18084669217389968,0.4409266421247575,-0.0
c_1bd834da7f00,2013,7,2005-07,screen,1.2134393791923128,0.2936251477680288,25,406,1.2948311556037226,4,0,0.0,0.0,0.0,0.0,0.0,0.0,0.8157514898751522,0.5681817723010494,0.18424851012484758,0.4318182276989507,-0.0
c_1bd834da7f00,2014,8,2005-07,screen,1.3699655141602207,0.3357582034501921,28,521,0.5758983607265058,3,0,0.0,0.0,0.0,0.0,0.0,0.0,0.8066193376287742,0.5841642226664522,0.19338066237122573,0.41583577733354804,-0.0
c_3fd8640bd802,2015,3,2012-16,screen,1.336979499411125,0.3525363666841574,12,45,0.0,0,0,0.0,0.0,0.0,0.0,0.0,0.0,0.807976215559378,0.5895409512897698,0.1920237844406222,0.4104590487102301,-0.0
c_3fd8640bd802,2016,4,2012-16,screen,1.2281001619646432,0.30974172381902737,14,79,1.2179498150220098,1,0,0.0,0.0,0.0,0.0,0.0,0.0,0.7947193918846298,0.5810676740560414,0.2052806081153706,0.4189323259439586,-0.0
c_3fd8640bd802,2017,5,2012-16,screen,1.2494250033135106,0.3027386840608475,19,116,1.0794126289517418,0,0,0.0,0.0,0.0,0.0,0.0,0.0,0.8082965381935961,0.5775732928603136,0.1917034618064041,0.42242670713968644,-0.0
c_3fd8640bd802,2018,6,2012-16,screen,1.373615858548057,0.3333193955532496,23,148,0.6188112102510955,0,0,0.0,0.0,0.0,0.0,0.0,0.0,0.8163469273661844,0.5877711691418388,0.18365307263381586,0.4122288308581611,-0.0
c_3fd8640bd802,2019,7,2012-16,screen,1.4688555327011872,0.35453542234028157,25,191,0.908875331983376,0,0,0.0,0.0,0.0,0.0,0.0,0.0,0.8131717382352774,0.5972518356338995,0.18682826176472245,0.4027481643661004,-0.0
c_b6f806466001,2016,3,2012-16,heldout_concept,0.4339842183890951,0.11361107078918084,5,83,0.0,0,0,0.0,0.0,0.0,0.0,0.0,0.0,0.7889702545156803,0.5208688245315161,0.21102974548431971,0.47913117546848377,-0.0
c_b6f806466001,2017,4,2012-16,heldout_concept,0.4695573974249575,0.12639987469653063,6,113,0.0,0,0,0.0,0.0,0.0,0.0,0.0,0.0,0.7862985205382127,0.5202395704254441,0.21370147946178722,0.479760429574556,-0.0
c_b6f806466001,2018,5,2012-16,heldout_concept,0.45708248708346927,0.10996795412379828,7,154,0.0,0,0,0.0,0.0,0.0,0.0,0.0,0.0,0.7976361306104331,0.5203220858895704,0.20236386938956674,0.4796779141104295,-0.0
c_b6f806466001,2019,6,2012-16,heldout_concept,0.5394396754753132,0.12616270998195195,7,196,0.9471856871779808,0,0,0.0,0.0,0.0,0.0,0.0,0.0,0.7875093739351011,0.5268225584594223,0.21249062606489877,0.47317744154057767,-0.0
c_46d8de220318,2017,3,2012-16,screen,0.595278579824698,0.12531250000000002,7,80,0.0,0,0,0.0,0.0,0.0,0.0,0.0,0.0,0.8037222025007766,0.5344970906068163,0.19627779749922328,0.4655029093931836,-0.0
c_46d8de220318,2018,4,2012-16,screen,0.7692367158710779,0.16692174267931842,8,99,0.0,0,0,0.0,0.0,0.0,0.0,0.0,0.0,0.7971378887980878,0.5488997555012225,0.20286211120191242,0.4511002444987775,-0.0
c_46d8de220318,2019,5,2012-16,screen,0.8320175628034495,0.16597493489583331,9,128,0.0,0,0,0.0,0.0,0.0,0.0,0.0,0.0,0.7972314631029276,0.5538122088747243,0.20276853689707255,0.44618779112527585,-0.0
c_3a04a639cd2f,2017,3,2012-16,screen,1.3950571806271181,0.35156249999999994,10,48,0.0,0,0,0.0,0.0,0.0,0.0,0.0,0.0,0.7894335283471785,0.5925925925925927,0.21056647165282122,0.4074074074074074,-0.0
c_3a04a639cd2f,2018,4,2012-16,screen,1.4804694750771523,0.3552479815455594,12,51,0.0,0,0,0.0,0.0,0.0,0.0,0.0,0.0,0.8024623520341985,0.5959595959595958,0.19753764796580145,0.4040404040404039,-0.0
c_3a04a639cd2f,2019,5,2012-16,screen,1.4775564619481152,0.35279999999999995,13,50,0.0,0,0,0.0,0.0,0.0,0.0,0.0,0.0,0.806691823265013,0.5888133030990175,0.19330817673498707,0.4111866969009827,-0.0
c_8d94ed006e2f,2013,3,2008-11,screen,0.9861462281633957,0.3741241903939921,6,58,1.6977174336679808,1,0,0.0,0.0,0.0,0.0,0.0,0.0,0.6542205317527073,0.5474089131362274,0.34577946824729267,0.4525910868637728,-0.0
c_8d94ed006e2f,2014,4,2008-11,screen,1.07546482920791,0.3823036007015304,8,81,1.2399910124105638,1,0,0.0,0.0,0.0,0.0,0.0,0.0,0.6760196407223222,0.5590042492914948,0.3239803592776779,0.44099575070850533,-0.0
c_8d94ed006e2f,2015,5,2008-11,screen,1.1442501307333552,0.3970044423915123,9,98,0.341032841329755,1,0,0.0,0.0,0.0,0.0,0.0,0.0,0.6876688634033895,0.5752721600397818,0.3123311365966104,0.4247278399602182,-0.0
c_8d94ed006e2f,2016,6,2008-11,screen,1.178113185866514,0.40425383026169304,9,110,0.2126168740267954,0,0,0.0,0.0,0.0,0.0,0.0,0.0,0.690532955815389,0.592610171447702,0.30946704418461096,0.407389828552298,-0.0
c_8d94ed006e2f,2017,7,2008-11,screen,1.0955059909977887,0.389032878543368,8,143,0.0746072415242509,0,0,0.0,0.0,0.0,0.0,0.0,0.0,0.6692524609722116,0.576552417665298,0.3307475390277886,0.4234475823347021,-0.0
c_8d94ed006e2f,2018,8,2008-11,screen,1.0974966019157362,0.38937479753806287,8,147,0.0600650071995686,0,0,0.0,0.0,0.0,0.0,0.0,0.0,0.6701263973672387,0.5765787180096663,0.3298736026327613,0.4234212819903335,-0.0
c_1b82dec9c84d,2016,3,2012-16,screen,1.1325788031776567,0.3564049586776859,5,44,0.3213045864785808,1,0,0.0,0.0,0.0,0.0,0.0,0.0,0.6939960475089263,0.6067632850241548,0.3060039524910736,0.39323671497584545,-0.0
c_1b82dec9c84d,2017,4,2012-16,screen,1.1339177780619294,0.3508906830706139,5,51,0.2043455094871844,0,0,0.0,0.0,0.0,0.0,0.0,0.0,0.6970946737060221,0.6106647187728269,0.3029053262939777,0.38933528122717304,-0.0
c_1b82dec9c84d,2018,5,2012-16,screen,1.1561237528560162,0.3564497041420118,5,65,0.6734020345356295,0,0,0.0,0.0,0.0,0.0,0.0,0.0,0.6945708653789803,0.6294820717131474,0.3054291346210197,0.3705179282868526,-0.0
c_1b82dec9c84d,2019,6,2012-16,screen,1.2563164903850674,0.3703466324841105,5,79,0.4820787136575012,0,0,0.0,0.0,0.0,0.0,0.0,0.0,0.7078128818756599,0.6781078742428612,0.29218711812433995,0.3218921257571387,-0.0
c_7a1183961ed2,2013,3,2008-11,screen,0.20651944177314377,0.037527130154729395,3,69,0.0,0,0,0.0,0.0,0.0,0.0,0.0,0.0,0.7941158620389202,0.5074626865671642,0.20588413796107985,0.4925373134328358,-0.0
c_7a1183961ed2,2014,4,2008-11,screen,0.30714927478609283,0.0599815327793167,3,95,0.0,0,0,0.0,0.0,0.0,0.0,0.0,0.0,0.7691666958506455,0.5123152709359606,0.23083330414935455,0.4876847290640394,-0.0
c_7a1183961ed2,2015,5,2008-11,screen,0.40047319949957283,0.08660325009908837,4,116,0.0,0,0,0.0,0.0,0.0,0.0,0.0,0.0,0.7748109393333278,0.5194508009153318,0.2251890606666723,0.4805491990846682,-0.0
c_7a1183961ed2,2016,6,2008-11,screen,0.37853487828773813,0.08072533333333333,4,125,0.0,0,0,0.0,0.0,0.0,0.0,0.0,0.0,0.7780676278394079,0.5179704016913319,0.2219323721605921,0.48202959830866815,-0.0
c_7a1183961ed2,2017,7,2008-11,screen,0.44880042551916705,0.09117572791018393,6,131,0.0,0,0,0.0,0.0,0.0,0.0,0.0,0.0,0.7902381455207081,0.5223689816787389,0.20976185447929185,0.4776310183212611,-0.0
c_7a1183961ed2,2018,8,2008-11,screen,0.4979271709081283,0.09998173849525199,6,148,0.9699782006038732,0,0,0.0,0.0,0.0,0.0,0.0,0.0,0.7712392438001673,0.5251141552511417,0.22876075619983266,0.4748858447488585,-0.0
c_38c04a07c4e7,2011,3,2008-11,screen,1.0179131108039767,0.24999999999999994,5,28,0.0,0,0,0.0,0.0,0.0,0.0,0.0,0.0,0.7023725118863605,0.5952380952380952,0.2976274881136395,0.4047619047619048,-0.0
c_38c04a07c4e7,2012,4,2008-11,screen,1.2931908419438778,0.3206459054209919,7,34,0.8359686469845112,0,0,0.0,0.0,0.0,0.0,0.0,0.0,0.7320012027312106,0.6483812949640287,0.2679987972687896,0.35161870503597126,-0.0
c_38c04a07c4e7,2013,5,2008-11,screen,1.316430224923398,0.3015873015873015,8,42,0.4237164587432115,0,0,0.0,0.0,0.0,0.0,0.0,0.0,0.7274124938886541,0.6547619047619047,0.272587506111346,0.34523809523809523,-0.0
c_38c04a07c4e7,2014,6,2008-11,screen,1.3740943413002,0.3236213991769547,9,45,0.5366473606692052,0,0,0.0,0.0,0.0,0.0,0.0,0.0,0.7377083810064687,0.664292980671414,0.2622916189935313,0.33570701932858593,-0.0
c_38c04a07c4e7,2015,7,2008-11,screen,1.4306173283367842,0.3133629191321499,10,52,0.9263246002188305,0,0,0.0,0.0,0.0,0.0,0.0,0.0,0.750557424110574,0.6601101494885917,0.24944257588942598,0.33988985051140835,-0.0
c_38c04a07c4e7,2016,8,2008-11,screen,1.5716465550879757,0.33507745973119935,12,57,-0.0531562624484443,0,0,0.0,0.0,0.0,0.0,0.0,0.0,0.7682624975801932,0.6840171463563991,0.23173750241980687,0.31598285364360057,-0.0
c_7afec8c4aadb,2016,3,2012-16,screen,1.680401536986175,0.39505416029393803,13,91,1.4264144719560345,1,0,0.0,0.0,0.0,0.0,0.0,0.0,0.7829902036289015,0.6907808394647025,0.21700979637109863,0.30921916053529747,-0.0
c_7afec8c4aadb,2017,4,2012-16,screen,2.159165324433937,0.5155248775000446,28,216,1.433539325049867,2,1,0.15010924474830115,0.1548845179266171,0.0,0.0,0.0,0.0,0.6795929953090335,0.5852401069940304,0.17029775994266505,0.25987537507935254,0.6554817739013927
c_7afec8c4aadb,2018,5,2012-16,screen,2.523698931240732,0.6036657869706172,40,357,1.2080797809004094,6,2,0.22439405151192135,0.24299260492129596,0.0,0.0,0.0,0.0,0.6316808632307008,0.5274771391190338,0.14392508525737774,0.22953025595967025,1.0313827718520994
c_7afec8c4aadb,2019,6,2012-16,screen,2.883434292412673,0.6587035540699777,61,543,1.2119935337722711,6,2,0.1767659807775431,0.19936254348809643,0.0,0.0,0.0,0.0,0.7011608005704792,0.5968356172612195,0.12207321865197782,0.2038018392506841,1.0210944147684944
c_fa856c1c78e2,2013,3,2008-11,screen,0.2868359830561607,0.10185185185185183,2,36,0.0,0,0,0.0,0.0,0.0,0.0,0.0,0.0,0.721930184430368,0.5,0.2780698155696319,0.5,-0.0
c_fa856c1c78e2,2014,4,2008-11,screen,0.336495757583516,0.1255771006463527,2,38,0.0,0,0,0.0,0.0,0.0,0.0,0.0,0.0,0.7042528136629633,0.5,0.2957471863370367,0.5,-0.0
c_fa856c1c78e2,2015,5,2008-11,screen,0.39830711380528416,0.15702479338842973,2,44,0.0,0,0,0.0,0.0,0.0,0.0,0.0,0.0,0.6821244538217709,0.5,0.31787554617822905,0.5,-0.0
c_fa856c1c78e2,2016,6,2008-11,screen,0.3707947167874672,0.14277215942891136,2,41,0.0,0,0,0.0,0.0,0.0,0.0,0.0,0.0,0.6920317753005971,0.5,0.3079682246994029,0.5,-0.0
c_fa856c1c78e2,2017,7,2008-11,screen,0.3594451475127912,0.13701099693528032,2,43,0.0,0,0,0.0,0.0,0.0,0.0,0.0,0.0,0.6960864796396997,0.5,0.30391352036030034,0.5,-0.0
c_fa856c1c78e2,2018,8,2008-11,screen,0.48504514255633646,0.20452885317750183,2,37,0.0,0,0,0.0,0.0,0.0,0.0,0.0,0.0,0.6494271174986663,0.5,0.35057288250133367,0.5,-0.0
c_365ed459d0e7,2008,3,2005-07,heldout_concept,0.31449220128141064,0.05744520030234315,2,21,0.0,0,0,0.0,0.0,0.0,0.0,0.0,0.0,0.7120701237416436,0.5,0.28792987625835637,0.5,-0.0
c_365ed459d0e7,2009,4,2005-07,heldout_concept,0.2954391918721161,0.05293005671077504,2,23,0.0,0,0,0.0,0.0,0.0,0.0,0.0,0.0,0.7188552125728566,0.5,0.28114478742714344,0.5,-0.0
c_365ed459d0e7,2010,5,2005-07,heldout_concept,0.30463609734923813,0.05509641873278237,2,22,0.0,0,0,0.0,0.0,0.0,0.0,0.0,0.0,0.7155766543824903,0.5,0.2844233456175098,0.5,-0.0
c_365ed459d0e7,2011,6,2005-07,heldout_concept,0.37677016125643675,0.07291666666666666,2,16,0.0,0,0,0.0,0.0,0.0,0.0,0.0,0.0,0.6898906002619092,0.5,0.3101093997380909,0.5,-0.0
c_365ed459d0e7,2012,7,2005-07,heldout_concept,0.47413931305783735,0.09917355371900827,2,11,0.0,0,0,0.0,0.0,0.0,0.0,0.0,0.0,0.653719677007663,0.5,0.346280322992337,0.5,-0.0
c_365ed459d0e7,2013,8,2005-07,heldout_concept,0.0,0.0,1,4,0.0,0,0,0.0,,0.0,,0.0,,0.0,,1.0,,-0.0
c_9a6442305923,2009,3,2005-07,heldout_concept,0.562634716286576,0.21037253469685904,3,37,0.0,0,0,0.0,0.0,0.0,0.0,0.0,0.0,0.6977725176797765,0.5138888888888888,0.3022274823202236,0.48611111111111116,-0.0
c_9a6442305923,2010,4,2005-07,heldout_concept,0.6625063069704287,0.2517328292375551,4,46,0.0,0,0,0.0,0.0,0.0,0.0,0.0,0.0,0.710440542017645,0.5269086357947436,0.28955945798235516,0.4730913642052566,-0.0
c_9a6442305923,2011,5,2005-07,heldout_concept,0.73776541018958,0.2887970615243342,4,66,0.256107332733837,0,0,0.0,0.0,0.0,0.0,0.0,0.0,0.6860753969459769,0.5294117647058824,0.3139246030540231,0.4705882352941178,-0.0
c_9a6442305923,2012,6,2005-07,heldout_concept,0.8580968099047646,0.32104166666666667,6,80,0.2083774558056287,0,0,0.0,0.0,0.0,0.0,0.0,0.0,0.7185399758101552,0.5468851395197923,0.2814600241898448,0.4531148604802076,-0.0
c_9a6442305923,2013,7,2005-07,heldout_concept,1.0479747884623183,0.3487388768788804,10,91,0.0861208427529128,0,0,0.0,0.0,0.0,0.0,0.0,0.0,0.7505292144159348,0.5634669592664739,0.2494707855840654,0.4365330407335263,-0.0
c_9a6442305923,2014,8,2005-07,heldout_concept,1.0558110115736583,0.35751504776738774,10,95,0.2194707409483251,0,0,0.0,0.0,0.0,0.0,0.0,0.0,0.7420116795773207,0.5639336638223279,0.2579883204226792,0.43606633617767215,-0.0
c_6388f9983159,2009,3,2005-07,screen,0.2754967805661134,0.05133541449878598,3,62,0.0,0,0,0.0,0.0,0.0,0.0,0.0,0.0,0.7735410735182608,0.5101351351351352,0.22645892648173915,0.4898648648648648,-0.0
c_6388f9983159,2010,4,2005-07,screen,0.20862295773572154,0.036274881117703994,3,89,0.0,0,0,0.0,0.0,0.0,0.0,0.0,0.0,0.7894844984658677,0.5069605568445475,0.21051550153413237,0.4930394431554524,-0.0
c_6388f9983159,2011,5,2005-07,screen,0.22976540170889515,0.03563111971495104,4,109,0.0,0,0,0.0,0.0,0.0,0.0,0.0,0.0,0.8050054851398512,0.5086614173228347,0.19499451486014888,0.4913385826771654,-0.0
c_6388f9983159,2012,6,2005-07,screen,0.1414607038777385,0.021371758433031487,4,123,0.0,0,0,0.0,0.0,0.0,0.0,0.0,0.0,0.8297028567910655,0.5051546391752577,0.1702971432089346,0.49484536082474223,-0.0
c_6388f9983159,2013,7,2005-07,screen,0.11741198319899554,0.017119244391971666,4,154,0.0,0,0,0.0,0.0,0.0,0.0,0.0,0.0,0.8357107223669776,0.5041050903119868,0.1642892776330222,0.49589490968801314,-0.0
c_6388f9983159,2014,8,2005-07,screen,0.1407314123764758,0.020148794961546663,4,163,0.0,0,0,0.0,0.0,0.0,0.0,0.0,0.0,0.8277834321383009,0.5049813200498132,0.17221656786169903,0.49501867995018684,-0.0
c_f08a5ddb1f48,2011,3,2008-11,screen,0.26929379607760084,0.07774538386783282,3,49,0.0,0,0,0.0,0.0,0.0,0.0,0.0,0.0,0.7797542815030334,0.5071428571428572,0.22024571849696647,0.4928571428571429,-0.0
c_f08a5ddb1f48,2012,4,2008-11,screen,0.344287106829016,0.0967258382642998,4,65,0.0,0,0,0.0,0.0,0.0,0.0,0.0,0.0,0.7853954596367516,0.5106035889070146,0.21460454036324839,0.4893964110929853,-0.0
c_f08a5ddb1f48,2013,5,2008-11,screen,0.44324405498086755,0.1149584487534626,6,76,0.0,0,0,0.0,0.0,0.0,0.0,0.0,0.0,0.8020797017489569,0.5150602409638555,0.19792029825104307,0.4849397590361446,-0.0
c_f08a5ddb1f48,2014,6,2008-11,screen,0.44443097414861915,0.11485445016955126,6,87,0.0,0,0,0.0,0.0,0.0,0.0,0.0,0.0,0.8029157242677166,0.5153374233128832,0.19708427573228332,0.4846625766871165,-0.0
c_f08a5ddb1f48,2015,7,2008-11,screen,0.4083127722170603,0.1024878312601406,6,86,0.0,0,0,0.0,0.0,0.0,0.0,0.0,0.0,0.8089968542499058,0.51363236587511,0.1910031457500942,0.48636763412489004,-0.0
c_f08a5ddb1f48,2016,8,2008-11,screen,0.4910386693406396,0.12759515570934257,6,68,0.0,0,0,0.0,0.0,0.0,0.0,0.0,0.0,0.8015411989114732,0.5175141242937852,0.1984588010885267,0.48248587570621465,-0.0
c_850369b36e8c,2017,3,2012-16,screen,0.0,0.0,1,33,0.0,0,0,0.0,,0.0,,0.0,,0.0,,1.0,,-0.0
c_850369b36e8c,2018,4,2012-16,screen,0.0,0.0,1,39,0.0,0,0,0.0,,0.0,,0.0,,0.0,,1.0,,-0.0
c_850369b36e8c,2019,5,2012-16,screen,0.0,0.0,1,46,0.0,0,0,0.0,,0.0,,0.0,,0.0,,1.0,,-0.0
c_793dc61d6540,2008,3,2005-07,screen,0.6902498233179886,0.14035087719298245,5,38,0.0,0,0,0.0,0.0,0.0,0.0,0.0,0.0,0.7593713479845561,0.5411184210526316,0.24062865201544395,0.4588815789473684,-0.0
c_793dc61d6540,2009,4,2005-07,screen,0.5926932270496965,0.11619133846385996,5,47,0.0,0,0,0.0,0.0,0.0,0.0,0.0,0.0,0.7684308153831146,0.5324675324675325,0.2315691846168854,0.4675324675324676,-0.0
c_793dc61d6540,2010,5,2005-07,screen,0.5503785361940438,0.10601577909270218,5,52,0.0,0,0,0.0,0.0,0.0,0.0,0.0,0.0,0.7726685129261233,0.5290697674418605,0.22733148707387663,0.47093023255813954,-0.0
c_793dc61d6540,2011,6,2005-07,screen,0.42781820268682774,0.07612598748332819,4,57,0.0,0,0,0.0,0.0,0.0,0.0,0.0,0.0,0.7673832649132895,0.518867924528302,0.23261673508671055,0.4811320754716982,-0.0
c_793dc61d6540,2012,7,2005-07,screen,0.36466458925734435,0.0714990138067061,3,52,0.0,0,0,0.0,0.0,0.0,0.0,0.0,0.0,0.7494263520648993,0.5137931034482759,0.25057364793510073,0.48620689655172417,-0.0
c_793dc61d6540,2013,8,2005-07,screen,0.11251593411963928,0.030990173847316702,2,42,0.0,0,0,0.0,0.0,0.0,0.0,0.0,0.0,0.7909291645219373,0.5,0.20907083547806282,0.5,-0.0
c_457b5eab7f19,2012,3,2008-11,heldout_concept,1.7804913623823873,0.451686440114188,17,232,1.7136974316649496,4,0,0.0,0.0,0.0,0.0,0.0,0.0,0.8004651097981101,0.8016856523705358,0.1995348902018899,0.19831434762946418,-0.0
c_457b5eab7f19,2013,4,2008-11,heldout_concept,1.7761535619214666,0.42859757589929726,27,517,1.7323188982365483,6,0,0.0,0.0,0.0,0.0,0.0,0.0,0.8076705868374505,0.8174746305211351,0.1923294131625493,0.18252536947886475,-0.0
c_457b5eab7f19,2014,5,2008-11,heldout_concept,1.7007075524985522,0.4119517638928519,34,866,1.1105672432457725,5,2,0.19784533267998314,0.36057064514083625,0.07320920677276054,0.06458934396025967,0.0,0.0,0.5381342878645057,0.4085033359038506,0.19081117268275077,0.16633667499505347,0.5913423540895593
c_457b5eab7f19,2015,6,2008-11,heldout_concept,1.6572732027169699,0.3971828245146929,38,1296,0.8140430267346993,5,3,0.25462715887873305,0.391107699515821,0.07258215414163208,0.06371889897814728,0.0,0.0,0.47586793166804103,0.3743386922608722,0.19692275531159426,0.17083470924515945,0.7105680799998196
c_457b5eab7f19,2016,7,2008-11,heldout_concept,1.6122654147729203,0.38805691605636256,41,1714,0.20911408117797237,5,3,0.3126628367080611,0.5136801042553338,0.07363273416949488,0.06441005952371412,0.0,0.0,0.4140110917561506,0.2545265311912815,0.1996933373662934,0.1673833050296705,0.8089347389178443
c_457b5eab7f19,2017,8,2008-11,heldout_concept,1.6025180229243832,0.3811732734512426,45,2033,0.1002351501578044,3,3,0.29727589441716823,0.46253701275705694,0.06943771559772295,0.06003265129967174,0.0,0.0,0.43425363607300005,0.311785094761017,0.19903275391210914,0.16564524118225435,0.7711875704897205
c_8cebebdabedf,2016,3,2012-16,heldout_concept,0.7302711614461928,0.472856357071156,4,179,1.85288900449732,1,0,0.0,0.0,0.0,0.0,0.0,0.0,0.5825573374787715,0.5085585853916558,0.4174426625212287,0.4914414146083442,-0.0
c_8cebebdabedf,2017,4,2012-16,heldout_concept,0.7918619905140972,0.4696512598245856,8,288,1.3877344547976602,1,0,0.0,0.0,0.0,0.0,0.0,0.0,0.6133729465783879,0.5110879128838058,0.3866270534216119,0.4889120871161943,-0.0
c_8cebebdabedf,2018,5,2012-16,heldout_concept,0.860727389904663,0.48333152631007137,12,401,0.4769869231736059,1,1,0.42541048471831266,0.4742487630529118,0.0,0.0,0.0,0.0,0.2003610347018302,0.04138189964290891,0.3742284805798571,0.48436933730417914,0.679121090981108
c_8cebebdabedf,2019,6,2012-16,heldout_concept,0.9171022217116976,0.4938329222537868,13,491,0.3149313708982241,1,1,0.39842939858590676,0.465340853617256,0.0,0.0,0.0,0.0,0.24210553578814079,0.05805363509972117,0.3594650656259523,0.4766055112830228,0.6829951725982901
c_4a4eb107fab6,2011,3,2008-11,screen,0.4175732119168012,0.24342732310904208,2,34,0.0,0,0,0.0,0.0,0.0,0.0,0.0,0.0,0.6750921182189906,0.5,0.3249078817810093,0.5,-0.0
c_4a4eb107fab6,2012,4,2008-11,screen,0.4744822052693097,0.2154156855860354,3,42,0.0,0,0,0.0,0.0,0.0,0.0,0.0,0.0,0.7215298009697639,0.5087720851972634,0.27847019903023607,0.4912279148027366,-0.0
c_4a4eb107fab6,2013,5,2008-11,screen,0.4283676329729558,0.17185406691483554,3,68,0.0,0,0,0.0,0.0,0.0,0.0,0.0,0.0,0.742188580995496,0.510067284628683,0.25781141900450394,0.48993271537131705,-0.0
c_4a4eb107fab6,2014,6,2008-11,screen,0.45132736993609307,0.16414496709660303,4,79,0.0,0,0,0.0,0.0,0.0,0.0,0.0,0.0,0.7625377802382481,0.511063076322133,0.23746221976175175,0.4889369236778669,-0.0
c_4a4eb107fab6,2015,7,2008-11,screen,0.33080539238700396,0.10245483131011739,4,96,0.0,0,0,0.0,0.0,0.0,0.0,0.0,0.0,0.7878173400953724,0.5084725682962482,0.21218265990462748,0.4915274317037519,-0.0
c_4a4eb107fab6,2016,8,2008-11,screen,0.3481379744002377,0.11467114893899369,4,101,0.0,0,0,0.0,0.0,0.0,0.0,0.0,0.0,0.7817396820586806,0.5082638006437943,0.21826031794131945,0.4917361993562057,-0.0
c_26dab993c720,2012,3,2008-11,screen,0.32968434442478445,0.05949161709031909,4,43,0.0,0,0,0.0,0.0,0.0,0.0,0.0,0.0,0.7959410716182563,0.5151515151515152,0.20405892838174364,0.48484848484848486,-0.0
c_26dab993c720,2013,4,2008-11,screen,0.5110496231826168,0.096390784555622,5,52,0.0,0,0,0.0,0.0,0.0,0.0,0.0,0.0,0.7877781424883419,0.5293648482282037,0.21222185751165812,0.4706351517717962,-0.0
c_26dab993c720,2014,5,2008-11,screen,0.5261457691933605,0.08951850641600037,6,70,0.0,0,0,0.0,0.0,0.0,0.0,0.0,0.0,0.7957010184839005,0.5288474703509944,0.20429898151609954,0.47115252964900567,-0.0
c_26dab993c720,2015,6,2008-11,screen,0.5856516098339124,0.10107725303779354,6,73,0.0,0,0,0.0,0.0,0.0,0.0,0.0,0.0,0.7829029326530776,0.5321556490552259,0.21709706734692225,0.46784435094477417,-0.0
c_26dab993c720,2016,7,2008-11,screen,0.5313982472227536,0.0874829931972789,5,70,0.0,0,0,0.0,0.0,0.0,0.0,0.0,0.0,0.774317658465508,0.5256609642301711,0.22568234153449196,0.47433903576982894,-0.0
c_26dab993c720,2017,8,2008-11,screen,0.5373688017813969,0.09427012888852199,6,66,0.0,0,0,0.0,0.0,0.0,0.0,0.0,0.0,0.7886931599947704,0.5291909884424485,0.21130684000522973,0.47080901155755145,-0.0
c_29b715c0d545,2012,3,2008-11,screen,0.0,0.0,1,31,0.0,0,0,0.0,,0.0,,0.0,,0.0,,1.0,,-0.0
c_29b715c0d545,2013,4,2008-11,screen,0.0,0.0,1,39,0.0,0,0,0.0,,0.0,,0.0,,0.0,,1.0,,-0.0
c_29b715c0d545,2014,5,2008-11,screen,0.0,0.0,1,43,0.0,0,0,0.0,,0.0,,0.0,,0.0,,1.0,,-0.0
c_29b715c0d545,2015,6,2008-11,screen,0.0,0.0,1,45,0.0,0,0,0.0,,0.0,,0.0,,0.0,,1.0,,-0.0
c_29b715c0d545,2016,7,2008-11,screen,0.0,0.0,1,57,0.0,0,0,0.0,,0.0,,0.0,,0.0,,1.0,,-0.0
c_29b715c0d545,2017,8,2008-11,screen,0.08364970461058928,0.010749798441279226,2,61,0.0,0,0,0.0,0.0,0.0,0.0,0.0,0.0,0.805637929461166,0.5,0.194362070538834,0.5,-0.0
c_8c66d94e3b0b,2015,3,2012-16,heldout_concept,0.3805062184775959,0.1481481481481481,3,21,0.0,0,0,0.0,0.0,0.0,0.0,0.0,0.0,0.7620230729435337,0.5153061224489796,0.23797692705646628,0.4846938775510204,-0.0
c_8c66d94e3b0b,2016,4,2012-16,heldout_concept,0.36764947740014225,0.1418732782369146,3,22,0.0,0,0,0.0,0.0,0.0,0.0,0.0,0.0,0.7643254694208952,0.5145631067961166,0.23567453057910479,0.48543689320388356,-0.0
c_8c66d94e3b0b,2017,5,2012-16,heldout_concept,0.355712859746894,0.13610586011342155,3,23,0.0,0,0,0.0,0.0,0.0,0.0,0.0,0.0,0.7664937139027389,0.5138888888888888,0.23350628609726107,0.4861111111111111,-0.0
c_8c66d94e3b0b,2018,6,2012-16,heldout_concept,0.25731864054383163,0.08843537414965986,2,14,0.0,0,0,0.0,0.0,0.0,0.0,0.0,0.0,0.7325706935732419,0.5,0.26742930642675805,0.5,-0.0
c_8c66d94e3b0b,2019,7,2012-16,heldout_concept,0.0,0.0,1,6,0.0,0,0,0.0,,0.0,,0.0,,0.0,,1.0,,-0.0
c_9026d95a869c,2014,3,2008-11,screen,0.36761404503339634,0.06469526586144661,4,49,0.0,0,0,0.0,0.0,0.0,0.0,0.0,0.0,0.7872601670877304,0.5171673819742489,0.21273983291226967,0.48283261802575106,-0.0
c_9026d95a869c,2015,4,2008-11,screen,0.3362531555950072,0.05796143250688704,4,55,0.0,0,0,0.0,0.0,0.0,0.0,0.0,0.0,0.7917756518298797,0.5152091254752853,0.20822434817012037,0.4847908745247149,-0.0
c_9026d95a869c,2016,5,2008-11,screen,0.31424474485062986,0.05333333333333333,4,60,0.0,0,0,0.0,0.0,0.0,0.0,0.0,0.0,0.7950853664974962,0.5138888888888888,0.20491463350250388,0.4861111111111111,-0.0
c_9026d95a869c,2017,6,2008-11,screen,0.31424474485062986,0.05333333333333333,4,60,0.0,0,0,0.0,0.0,0.0,0.0,0.0,0.0,0.7950853664974962,0.5138888888888888,0.20491463350250388,0.4861111111111111,-0.0
c_9026d95a869c,2018,7,2008-11,screen,0.2975855177331088,0.05247813411078717,4,49,0.0,0,0,0.0,0.0,0.0,0.0,0.0,0.0,0.8006932391882053,0.5132275132275133,0.19930676081179458,0.48677248677248675,-0.0
c_9026d95a869c,2019,8,2008-11,screen,0.35569801063169865,0.0653079114617576,4,39,0.0,0,0,0.0,0.0,0.0,0.0,0.0,0.0,0.7922800406366705,0.5167785234899328,0.20771995936332946,0.48322147651006714,-0.0
c_e1a8b816be94,2018,3,2012-16,screen,0.18490739916777568,0.04272339038573484,2,44,0.0,0,0,0.0,0.0,0.0,0.0,0.0,0.0,0.7598502295228374,0.5,0.2401497704771626,0.5,-0.0
c_e1a8b816be94,2019,4,2012-16,screen,0.19373848090893384,0.04534001545469912,2,62,0.0,0,0,0.0,0.0,0.0,0.0,0.0,0.0,0.7563876369457954,0.5,0.24361236305420467,0.5,-0.0
c_03828aedf823,2009,3,2005-07,screen,1.4233532844630856,0.2679516250944822,6,42,1.3664439527674863,0,0,0.0,0.0,0.0,0.0,0.0,0.0,0.7448787603081712,0.6699576868829338,0.2551212396918288,0.3300423131170663,-0.0
c_03828aedf823,2010,4,2005-07,screen,1.4311007672789884,0.265564738292011,6,55,1.2320619081746544,0,0,0.0,0.0,0.0,0.0,0.0,0.0,0.7431217581219819,0.6863070539419087,0.25687824187801805,0.31369294605809134,-0.0
c_03828aedf823,2011,5,2005-07,screen,1.3919032618379354,0.25823794658342003,6,62,0.5988058590188321,0,0,0.0,0.0,0.0,0.0,0.0,0.0,0.7360549175752524,0.6776359973136333,0.26394508242474746,0.3223640026863667,-0.0
c_03828aedf823,2012,6,2005-07,screen,1.3421696934278091,0.24545255314486078,5,78,0.6600768888183366,1,0,0.0,0.0,0.0,0.0,0.0,0.0,0.725987867191402,0.68125,0.27401213280859804,0.31875000000000003,-0.0
c_03828aedf823,2013,7,2005-07,screen,1.331118282204639,0.24385416666666665,5,80,0.35908393249482,0,0,0.0,0.0,0.0,0.0,0.0,0.0,0.7239631154596001,0.6830414352840667,0.27603688454039976,0.3169585647159333,-0.0
c_03828aedf823,2014,8,2005-07,screen,1.3216677394239955,0.24273029499642299,5,89,0.0063581871836919,0,0,0.0,0.0,0.0,0.0,0.0,0.0,0.7247256263173896,0.6990291262135923,0.27527437368261026,0.30097087378640774,-0.0
c_6016216be4fa,2008,3,2005-07,screen,1.263149623376687,0.25483028686104214,8,130,1.0413958321647678,0,1,0.0,0.0,0.0,0.0,0.27552547706832864,0.2949673825915753,0.4705504511271241,0.33846618628486896,0.2539240718045473,0.36656643112355575,-0.0
c_6016216be4fa,2009,4,2005-07,screen,1.4275539226906315,0.29000109247124883,12,202,1.1522809358262422,3,0,0.0,0.0,0.0,0.0,0.0,0.0,0.7654967505658381,0.653179324905055,0.23450324943416198,0.3468206750949451,-0.0
c_6016216be4fa,2010,5,2005-07,screen,1.5312907242365368,0.30252443886863073,14,266,1.1896169218084998,3,1,0.22277825112768412,0.24829878519727996,0.0,0.0,0.0,0.0,0.5532364619472161,0.41919974552677386,0.2239852869250999,0.3325014692759462,0.6242668738563033
c_6016216be4fa,2011,6,2005-07,screen,1.551369410959076,0.30162500958253446,14,322,0.6344075187991685,1,1,0.21277676585951058,0.22988961603671373,0.0,0.0,0.0,0.0,0.5677314360003284,0.435473372082615,0.21949179814016095,0.33463701188067124,0.6042626715899787
c_6016216be4fa,2012,7,2005-07,screen,1.6691702975046625,0.3262941135541497,16,381,0.5450559190992086,1,1,0.19720984672077943,0.2176437212026151,0.0,0.0,0.0,0.0,0.5917743497881626,0.46811699885995883,0.2110158034910582,0.31423927993742623,0.6165311201976511
c_6016216be4fa,2013,8,2005-07,screen,1.7602320425205735,0.33719412460909004,17,428,0.21964654487477264,0,1,0.18701335840995878,0.21075612324520107,0.0,0.0,0.0,0.0,0.6086904268923335,0.4898035555290438,0.20429621469770767,0.2994403212257552,0.6280358498610206
c_509ba93dffc8,2012,3,2008-11,screen,0.9184149318165717,0.3215790863185963,5,65,1.0308921607084374,1,0,0.0,0.0,0.0,0.0,0.0,0.0,0.7023794095141219,0.5713910975164248,0.29762059048587813,0.42860890248357525,-0.0
c_509ba93dffc8,2013,4,2008-11,screen,0.8951286227714883,0.30951875856201133,5,78,0.3421912979616771,1,0,0.0,0.0,0.0,0.0,0.0,0.0,0.6896443313946198,0.5665544404676511,0.3103556686053803,0.43344555953234887,-0.0
c_509ba93dffc8,2014,5,2008-11,screen,0.91130509766125,0.3016294277720324,6,93,0.2275027789240556,0,0,0.0,0.0,0.0,0.0,0.0,0.0,0.6964619907786288,0.5641402916662553,0.30353800922137125,0.4358597083337446,-0.0
c_509ba93dffc8,2015,6,2008-11,screen,0.9867316488264108,0.31905819932667384,7,102,0.0482728506233161,0,0,0.0,0.0,0.0,0.0,0.0,0.0,0.6983922857319723,0.5742063003390199,0.3016077142680278,0.42579369966098035,-0.0
c_509ba93dffc8,2016,7,2008-11,screen,0.9715083450263357,0.29968530827752043,8,102,0.0506278732604614,0,0,0.0,0.0,0.0,0.0,0.0,0.0,0.6885176811746797,0.5645388108252751,0.31148231882532024,0.43546118917472487,-0.0
c_509ba93dffc8,2017,8,2008-11,screen,1.1117771240518226,0.3334131889520825,10,130,0.1121765538331646,0,1,0.3283331214269596,0.3520076185924049,0.0,0.0,0.0,0.0,0.3862369859438213,0.23541384684176353,0.2854298926292192,0.4125785345658316,0.652825793916348
c_9d4eaaf7197d,2018,3,2012-16,screen,0.8006944351863099,0.2743984220907298,5,65,1.3012439005541898,1,0,0.0,0.0,0.0,0.0,0.0,0.0,0.7071913937349178,0.527027027027027,0.29280860626508226,0.47297297297297297,-0.0
c_9d4eaaf7197d,2019,4,2012-16,screen,0.8229714089008693,0.2712648369214026,4,99,0.8014630649464114,0,0,0.0,0.0,0.0,0.0,0.0,0.0,0.7185774486988891,0.530591775325978,0.28142255130111093,0.46940822467402205,-0.0
c_8904d963bc30,2013,3,2008-11,screen,0.5130308358569238,0.2206598161168199,2,43,0.0,0,0,0.0,0.0,0.0,0.0,0.0,0.0,0.6380585618871021,0.5,0.36194143811289803,0.5,-0.0
c_8904d963bc30,2014,4,2008-11,screen,0.5623351446188083,0.25,2,60,1.0904466492237832,0,0,0.0,0.0,0.0,0.0,0.0,0.0,0.6163114534036557,0.5,0.3836885465963444,0.5,-0.0
c_8904d963bc30,2015,5,2008-11,screen,0.6904362120386408,0.27049360268190803,4,71,0.5200722950036875,0,0,0.0,0.0,0.0,0.0,0.0,0.0,0.6696377103213849,0.5169501074663345,0.33036228967861514,0.4830498925336656,-0.0
c_8904d963bc30,2016,6,2008-11,screen,0.7421047418685274,0.2898798294077686,4,76,0.7821268888666526,0,0,0.0,0.0,0.0,0.0,0.0,0.0,0.6727929995695858,0.5269794595452024,0.3272070004304142,0.4730205404547975,-0.0
c_8904d963bc30,2017,7,2008-11,screen,0.7183246206307708,0.28247990362618547,4,89,-0.0632838102410152,0,0,0.0,0.0,0.0,0.0,0.0,0.0,0.6698902530564403,0.5232824352076321,0.3301097469435597,0.4767175647923681,-0.0
c_8904d963bc30,2018,8,2008-11,screen,0.7388895844637803,0.2962390601669927,4,92,-0.0269065534338433,0,0,0.0,0.0,0.0,0.0,0.0,0.0,0.6583305531459005,0.5235374504096985,0.3416694468540998,0.4764625495903016,-0.0
c_4a952e8aa8a9,2018,3,2012-16,screen,0.15679841876856188,0.02969084787266605,3,66,0.0,0,0,0.0,0.0,0.0,0.0,0.0,0.0,0.8096971615144676,0.5051546391752578,0.1903028384855325,0.49484536082474234,-0.0
c_4a952e8aa8a9,2019,4,2012-16,screen,0.11980085607378099,0.021424070573408945,3,92,0.0,0,0,0.0,0.0,0.0,0.0,0.0,0.0,0.8205262875120015,0.5036764705882353,0.17947371248799845,0.4963235294117647,-0.0
c_3a8d31dc5fbf,2009,3,2005-07,screen,0.9516753641629639,0.46164981945211425,5,92,0.3306919071763938,1,0,0.0,0.0,0.0,0.0,0.0,0.0,0.6713867924328905,0.5197914860893472,0.3286132075671096,0.48020851391065295,-0.0
c_3a8d31dc5fbf,2010,4,2005-07,screen,0.9249993751563725,0.46011462525929625,5,118,0.350083307510922,1,0,0.0,0.0,0.0,0.0,0.0,0.0,0.6651096522114048,0.5176379615225928,0.3348903477885953,0.4823620384774072,-0.0
c_3a8d31dc5fbf,2011,5,2005-07,screen,0.9886068817839653,0.48254505206238485,6,155,0.2232809273335417,1,0,0.0,0.0,0.0,0.0,0.0,0.0,0.654698986150847,0.5229445937965709,0.3453010138491529,0.4770554062034291,-0.0
c_3a8d31dc5fbf,2012,6,2005-07,screen,0.9709960728053417,0.4826872071973024,7,189,0.2062202455935142,1,0,0.0,0.0,0.0,0.0,0.0,0.0,0.6492752527640638,0.52055051040374,0.3507247472359363,0.47944948959625994,-0.0
c_3a8d31dc5fbf,2013,7,2005-07,screen,1.1217648290871,0.4962666411600964,11,227,0.25859191419295,1,0,0.0,0.0,0.0,0.0,0.0,0.0,0.6773759512821969,0.5440209239618715,0.32262404871780326,0.4559790760381286,-0.0
c_3a8d31dc5fbf,2014,8,2005-07,screen,1.0302256630087456,0.48114899022119534,10,262,0.4383074100458161,2,0,0.0,0.0,0.0,0.0,0.0,0.0,0.6431618832558403,0.5416594587532694,0.3568381167441597,0.45834054124673074,-0.0
c_4010f34bf1ab,2013,3,2008-11,screen,0.266484535034237,0.07828098368638908,4,74,0.0,0,0,0.0,0.0,0.0,0.0,0.0,0.0,0.8027424915672523,0.5101088646967341,0.19725750843274778,0.48989113530326595,-0.0
c_4010f34bf1ab,2014,4,2008-11,screen,0.26845602221003423,0.0769533711405167,4,92,0.0,0,0,0.0,0.0,0.0,0.0,0.0,0.0,0.8031577890302207,0.5102354145342886,0.19684221096977914,0.48976458546571133,-0.0
c_4010f34bf1ab,2015,5,2008-11,screen,0.3604545568879596,0.08046296296296294,7,120,0.0,0,0,0.0,0.0,0.0,0.0,0.0,0.0,0.8213551597818469,0.51668584579977,0.17864484021815297,0.4833141542002303,-0.0
c_4010f34bf1ab,2016,6,2008-11,screen,0.46306964268525114,0.09894691989286584,9,148,0.0,0,0,0.0,0.0,0.0,0.0,0.0,0.0,0.8189000167798689,0.522454629344817,0.18109998322013104,0.47754537065518304,-0.0
c_4010f34bf1ab,2017,7,2008-11,screen,0.5961989714109219,0.13170788164036884,9,161,0.0,0,0,0.0,0.0,0.0,0.0,0.0,0.0,0.8051541420037533,0.5319273579379027,0.1948458579962465,0.46807264206209714,-0.0
c_4010f34bf1ab,2018,8,2008-11,screen,0.5798780416610043,0.12304537808434608,9,183,0.0,0,0,0.0,0.0,0.0,0.0,0.0,0.0,0.8056764195241003,0.5311438278595697,0.19432358047589973,0.4688561721404304,-0.0
c_70af732266c6,2016,3,2012-16,screen,0.7308761240514247,0.21733201224874896,6,54,0.0,0,0,0.0,0.0,0.0,0.0,0.0,0.0,0.7716856305412311,0.5371394184353302,0.228314369458769,0.46286058156466975,-0.0
c_70af732266c6,2017,4,2012-16,screen,0.7773142100449819,0.2087235077385704,8,88,0.0,0,0,0.0,0.0,0.0,0.0,0.0,0.0,0.7887789617797779,0.5397050327190555,0.2112210382202219,0.4602949672809446,-0.0
c_70af732266c6,2018,5,2012-16,screen,0.7474673093980588,0.19973915410380919,9,122,0.0,0,0,0.0,0.0,0.0,0.0,0.0,0.0,0.7907803307400989,0.5356974080241986,0.20921966925990113,0.4643025919758014,-0.0
c_70af732266c6,2019,6,2012-16,screen,0.7216793622645525,0.19379936894983038,9,145,0.0,0,0,0.0,0.0,0.0,0.0,0.0,0.0,0.7907741499418858,0.534763681414463,0.20922585005811434,0.4652363185855372,-0.0
c_a86b2f667874,2010,3,2005-07,heldout_concept,1.0669969057166935,0.2276849940576718,10,73,0.0,0,0,0.0,0.0,0.0,0.0,0.0,0.0,0.8000797366332345,0.576923076923077,0.19992026336676588,0.42307692307692313,-0.0
c_a86b2f667874,2011,4,2005-07,heldout_concept,1.041985761912377,0.2313758758286988,12,103,0.0,0,0,0.0,0.0,0.0,0.0,0.0,0.0,0.8047304838297513,0.5708853883758828,0.19526951617024868,0.42911461162411735,-0.0
c_a86b2f667874,2012,5,2005-07,heldout_concept,1.0921722800857965,0.24324715316097292,14,127,0.0,0,0,0.0,0.0,0.0,0.0,0.0,0.0,0.8115495712761418,0.5714528462192014,0.1884504287238582,0.42854715378079866,-0.0
c_a86b2f667874,2013,6,2005-07,heldout_concept,1.227337272455749,0.25917542712472547,18,141,0.0,0,0,0.0,0.0,0.0,0.0,0.0,0.0,0.8211318295047944,0.578858843317376,0.17886817049520568,0.4211411566826238,-0.0
c_a86b2f667874,2014,7,2005-07,heldout_concept,1.3068701621632137,0.2652154875836617,19,146,0.0,0,0,0.0,0.0,0.0,0.0,0.0,0.0,0.822131988717831,0.5875,0.17786801128216884,0.41250000000000003,-0.0
c_a86b2f667874,2015,8,2005-07,heldout_concept,1.3273568894916803,0.29587255829317,16,149,-0.4406275373306417,0,0,0.0,0.0,0.0,0.0,0.0,0.0,0.8109288845456709,0.5936263067086166,0.18907111545432953,0.4063736932913833,-0.0
c_9cf3e02c40c3,2010,3,2005-07,screen,1.3157866830355225,0.25810185185185186,5,24,0.0,0,0,0.0,0.0,0.0,0.0,0.0,0.0,0.7227676451911037,0.663677130044843,0.27723235480889646,0.3363228699551569,-0.0
c_9cf3e02c40c3,2011,4,2005-07,screen,1.3157866830355225,0.25810185185185186,5,24,0.0,0,0,0.0,0.0,0.0,0.0,0.0,0.0,0.7227676451911037,0.663677130044843,0.27723235480889646,0.3363228699551569,-0.0
c_9cf3e02c40c3,2012,5,2005-07,screen,1.310532911846215,0.25706666666666667,5,25,0.0,0,0,0.0,0.0,0.0,0.0,0.0,0.0,0.7203303408585658,0.6680497925311204,0.27966965914143405,0.33195020746887965,-0.0
c_9cf3e02c40c3,2013,6,2005-07,screen,1.0775733728921972,0.19259259259259254,4,15,0.0,0,0,0.0,0.0,0.0,0.0,0.0,0.0,0.7155689051252596,0.5846153846153848,0.2844310948747403,0.41538461538461546,-0.0
c_9cf3e02c40c3,2014,7,2005-07,screen,0.6829081047004717,0.16326530612244894,2,7,0.0,0,0,0.0,0.0,0.0,0.0,0.0,0.0,0.5317372161089361,0.5,0.4682627838910639,0.5,-0.0
c_9cf3e02c40c3,2015,8,2005-07,screen,0.5623351446188083,0.125,2,4,0.0,0,0,0.0,0.0,0.0,0.0,0.0,0.0,0.6163114534036557,0.5,0.3836885465963444,0.5,-0.0
c_77d5d74f1bf6,2011,3,2008-11,screen,0.19401819909242526,0.06369935685454589,4,110,0.0,0,0,0.0,0.0,0.0,0.0,0.0,0.0,0.816025937187911,0.503892104861911,0.18397406281208892,0.4961078951380889,-0.0
c_77d5d74f1bf6,2012,4,2008-11,screen,0.2582646359927042,0.08826410395782981,5,178,0.0,0,0,0.0,0.0,0.0,0.0,0.0,0.0,0.8092598135734018,0.5053635314734678,0.1907401864265982,0.4946364685265323,-0.0
c_77d5d74f1bf6,2013,5,2008-11,screen,0.22359281046289683,0.07426913286822386,5,213,0.0,0,0,0.0,0.0,0.0,0.0,0.0,0.0,0.8150745746090284,0.5044515104223231,0.18492542539097143,0.49554848957767716,-0.0
c_77d5d74f1bf6,2014,6,2008-11,screen,0.27085544732150973,0.09504195756863137,6,244,0.0,0,0,0.0,0.0,0.0,0.0,0.0,0.0,0.8086304718589826,0.5061853152408267,0.19136952814101732,0.49381468475917356,-0.0
c_77d5d74f1bf6,2015,7,2008-11,screen,0.4123135081881585,0.13409219522307397,10,271,0.1095877738689127,0,0,0.0,0.0,0.0,0.0,0.0,0.0,0.8113263951007911,0.5103415964970603,0.18867360489920895,0.4896584035029397,-0.0
c_77d5d74f1bf6,2016,8,2008-11,screen,0.4831874618128022,0.16947115887976918,9,259,0.367806500490203,0,0,0.0,0.0,0.0,0.0,0.0,0.0,0.795909326738897,0.5119739644264766,0.20409067326110295,0.48802603557352336,-0.0
c_24e2ee0faf24,2011,3,2008-11,screen,0.0,0.0,1,29,0.0,0,0,0.0,,0.0,,0.0,,0.0,,1.0,,-0.0
c_24e2ee0faf24,2012,4,2008-11,screen,0.23317260237386989,0.06416666666666666,3,40,0.0,0,0,0.0,0.0,0.0,0.0,0.0,0.0,0.7910190598205814,0.5064935064935064,0.20898094017941854,0.49350649350649345,-0.0
c_24e2ee0faf24,2013,5,2008-11,screen,0.22035233116154795,0.05985217234541194,3,43,0.0,0,0,0.0,0.0,0.0,0.0,0.0,0.0,0.7939082801740934,0.5060240963855421,0.20609171982590657,0.4939759036144578,-0.0
c_24e2ee0faf24,2014,6,2008-11,screen,0.20547074980230556,0.05492681454655199,3,47,0.0,0,0,0.0,0.0,0.0,0.0,0.0,0.0,0.7973693010587166,0.5054945054945055,0.20263069894128344,0.4945054945054944,-0.0
c_24e2ee0faf24,2015,7,2008-11,screen,0.3075019869780694,0.06820582465670741,4,47,0.0,0,0,0.0,0.0,0.0,0.0,0.0,0.0,0.7991951683041939,0.5132743362831858,0.20080483169580596,0.4867256637168141,-0.0
c_24e2ee0faf24,2016,8,2008-11,screen,0.3421507479335112,0.0777315090224073,4,41,0.0,0,0,0.0,0.0,0.0,0.0,0.0,0.0,0.7941668606885849,0.5153061224489796,0.2058331393114152,0.48469387755102045,-0.0
c_e79d5454fc88,2010,3,2005-07,screen,0.42905505047544,0.09416666666666668,4,40,0.0,0,0,0.0,0.0,0.0,0.0,0.0,0.0,0.7789923134875868,0.5221238938053098,0.22100768651241318,0.4778761061946903,-0.0
c_e79d5454fc88,2011,4,2005-07,screen,0.37824240286658845,0.07958984375,5,64,0.0,0,0,0.0,0.0,0.0,0.0,0.0,0.0,0.8017395437336448,0.5173824130879345,0.19826045626635524,0.48261758691206535,-0.0
c_e79d5454fc88,2012,5,2005-07,screen,0.5429096888735152,0.1120559334845049,8,84,0.0,0,0,0.0,0.0,0.0,0.0,0.0,0.0,0.8136221765043116,0.525716694772344,0.18637782349568832,0.474283305227656,-0.0
c_e79d5454fc88,2013,6,2005-07,screen,0.5905665897536296,0.13593333333333332,8,100,0.0,0,0,0.0,0.0,0.0,0.0,0.0,0.0,0.8095162021007176,0.5252574791564493,0.19048379789928221,0.4747425208435508,-0.0
c_e79d5454fc88,2014,7,2005-07,screen,0.5897000497510732,0.13734567901234568,8,108,0.0,0,0,0.0,0.0,0.0,0.0,0.0,0.0,0.8086886482327575,0.5255930087390761,0.19131135176724234,0.47440699126092384,-0.0
c_e79d5454fc88,2015,8,2005-07,screen,0.629273219697623,0.15240533333333334,9,125,0.0,0,0,0.0,0.0,0.0,0.0,0.0,0.0,0.8102029104604459,0.5270156774916014,0.18979708953955415,0.47298432250839867,-0.0
c_e5a45e82b8e9,2015,3,2012-16,heldout_concept,0.7445004066120595,0.17082179132040626,4,38,0.0,0,0,0.0,0.0,0.0,0.0,0.0,0.0,0.6977596579322219,0.545945945945946,0.3022403420677781,0.4540540540540541,-0.0
c_e5a45e82b8e9,2016,4,2012-16,heldout_concept,0.7119439143231574,0.14397461594445385,6,61,0.0,0,0,0.0,0.0,0.0,0.0,0.0,0.0,0.7528442090403236,0.5426796937715908,0.24715579095967632,0.45732030622840925,-0.0
c_e5a45e82b8e9,2017,5,2012-16,heldout_concept,0.7311006216866344,0.1474367666854396,7,72,0.0,0,0,0.0,0.0,0.0,0.0,0.0,0.0,0.7617568346948228,0.5446886747533433,0.2382431653051773,0.4553113252466567,-0.0
c_e5a45e82b8e9,2018,6,2012-16,heldout_concept,0.6839165907865189,0.13599624269581964,7,75,0.0,0,0,0.0,0.0,0.0,0.0,0.0,0.0,0.769914804905608,0.5407280523259694,0.23008519509439193,0.4592719476740307,-0.0
c_e5a45e82b8e9,2019,7,2012-16,heldout_concept,0.5869562684908946,0.11341782800941627,6,75,0.0,0,0,0.0,0.0,0.0,0.0,0.0,0.0,0.7694155998503243,0.5318522914061791,0.23058440014967563,0.4681477085938209,-0.0
c_4380b7a089e5,2011,3,2008-11,heldout_concept,0.5175034144552377,0.12432875629272545,12,218,0.0,0,0,0.0,0.0,0.0,0.0,0.0,0.0,0.8231240424568705,0.5221090011969205,0.17687595754312943,0.4778909988030797,-0.0
c_4380b7a089e5,2012,4,2008-11,heldout_concept,0.5398057354372412,0.12354119924217075,14,255,0.0,0,0,0.0,0.0,0.0,0.0,0.0,0.0,0.8275895780022481,0.5228176056984561,0.1724104219977517,0.4771823943015437,-0.0
c_4380b7a089e5,2013,5,2008-11,heldout_concept,0.5182827844952183,0.11981666766748686,14,284,1.1173913502241115,0,0,0.0,0.0,0.0,0.0,0.0,0.0,0.8255763140723505,0.5213129137539678,0.17442368592764956,0.47868708624603207,-0.0
c_4380b7a089e5,2014,6,2008-11,heldout_concept,0.5689683145348644,0.12926563582363068,15,290,0.4749076155505486,0,0,0.0,0.0,0.0,0.0,0.0,0.0,0.8225421386952985,0.5235134158590926,0.17745786130470137,0.47648658414090717,-0.0
c_4380b7a089e5,2015,7,2008-11,heldout_concept,0.571347096123144,0.1279234641213341,14,235,0.0,0,0,0.0,0.0,0.0,0.0,0.0,0.0,0.8240784959073398,0.5243874110417339,0.17592150409266039,0.47561258895826614,-0.0
c_4380b7a089e5,2016,8,2008-11,heldout_concept,0.5468612789055384,0.12824828729831445,11,184,0.0,0,0,0.0,0.0,0.0,0.0,0.0,0.0,0.8124537284046205,0.5215693769087327,0.18754627159537954,0.47843062309126755,-0.0
c_833923f506ca,2012,3,2008-11,screen,0.1788313601195989,0.03486394557823129,3,56,0.0,0,0,0.0,0.0,0.0,0.0,0.0,0.0,0.8039001676621629,0.5060975609756098,0.19609983233783718,0.49390243902439024,-0.0
c_833923f506ca,2013,4,2008-11,screen,0.2320281815548616,0.038761416796613934,4,67,0.0,0,0,0.0,0.0,0.0,0.0,0.0,0.0,0.8114092758779164,0.5095785440613027,0.18859072412208366,0.4904214559386974,-0.0
c_833923f506ca,2014,5,2008-11,screen,0.26936843870550364,0.044160880715581406,4,73,0.0,0,0,0.0,0.0,0.0,0.0,0.0,0.0,0.8022592970901924,0.5113314447592068,0.19774070290980755,0.48866855524079317,-0.0
c_833923f506ca,2015,6,2008-11,screen,0.27232142022306716,0.04475308641975308,4,72,0.0,0,0,0.0,0.0,0.0,0.0,0.0,0.0,0.8017675349953127,0.5114942528735632,0.19823246500468739,0.48850574712643685,-0.0
c_833923f506ca,2016,7,2008-11,screen,0.1738965505262752,0.02239397542608006,3,58,0.0,0,0,0.0,0.0,0.0,0.0,0.0,0.0,0.8051641956209059,0.504424778761062,0.19483580437909412,0.4955752212389381,-0.0
c_833923f506ca,2017,8,2008-11,screen,0.22445109055580997,0.030612244897959176,3,42,0.0,0,0,0.0,0.0,0.0,0.0,0.0,0.0,0.7929757306884072,0.5061728395061729,0.20702426931159285,0.4938271604938272,-0.0
c_b3fdf1de179c,2016,3,2012-16,screen,0.0,0.0,1,37,0.0,0,0,0.0,,0.0,,0.0,,0.0,,1.0,,-0.0
c_b3fdf1de179c,2017,4,2012-16,screen,0.0,0.0,1,39,0.0,0,0,0.0,,0.0,,0.0,,0.0,,1.0,,-0.0
c_b3fdf1de179c,2018,5,2012-16,screen,0.0,0.0,1,40,0.0,0,0,0.0,,0.0,,0.0,,0.0,,1.0,,-0.0
c_b3fdf1de179c,2019,6,2012-16,screen,0.0,0.0,1,32,0.0,0,0,0.0,,0.0,,0.0,,0.0,,1.0,,-0.0
c_4bd7704f481d,2018,3,2012-16,heldout_concept,1.861083527480282,0.5023236138310065,18,106,0.9704725034130296,0,0,0.0,0.0,0.0,0.0,0.0,0.0,0.8033389694505975,0.7031087383700754,0.1966610305494026,0.29689126162992463,-0.0
c_4bd7704f481d,2019,4,2012-16,heldout_concept,2.0453732037015873,0.5277293066624589,27,166,1.0168616404065889,1,1,0.0,0.0,0.0,0.0,0.17300179886598188,0.228692847018446,0.6475039491960985,0.4855038642136531,0.17949425193791962,0.28580328876790095,-0.0
c_02792d2208de,2013,3,2008-11,screen,0.6097584579830415,0.16467758896887366,4,65,0.0,0,0,0.0,0.0,0.0,0.0,0.0,0.0,0.7473962169567546,0.5343240630815941,0.2526037830432454,0.4656759369184059,-0.0
c_02792d2208de,2014,4,2008-11,screen,0.6480108635235887,0.1759860760557661,4,80,0.0,0,0,0.0,0.0,0.0,0.0,0.0,0.0,0.7396540808514047,0.5383157473534802,0.2603459191485953,0.46168425264652,-0.0
c_02792d2208de,2015,5,2008-11,screen,0.742486069125551,0.1873377632326661,6,103,0.0,0,0,0.0,0.0,0.0,0.0,0.0,0.0,0.755520910629482,0.5461558335236956,0.24447908937051838,0.45384416647630454,-0.0
c_02792d2208de,2016,6,2008-11,screen,0.707257128456996,0.17911528646266076,6,115,0.2239629108292654,0,0,0.0,0.0,0.0,0.0,0.0,0.0,0.7572135055272295,0.5419621098682489,0.2427864944727702,0.4580378901317511,-0.0
c_02792d2208de,2017,7,2008-11,screen,0.8103866194524493,0.2044849902709871,9,119,0.8738497884589135,0,0,0.0,0.0,0.0,0.0,0.0,0.0,0.778107496871724,0.5516358819541957,0.22189250312827602,0.4483641180458044,-0.0
c_02792d2208de,2018,8,2008-11,screen,0.927204482291838,0.2203223079106046,11,115,0.0,0,0,0.0,0.0,0.0,0.0,0.0,0.0,0.786076712978679,0.5621926437095147,0.21392328702132107,0.4378073562904853,-0.0
c_8a0a8dab0e65,2014,3,2008-11,screen,0.11690684913753106,0.0325,2,40,0.0,0,0,0.0,0.0,0.0,0.0,0.0,0.0,0.7888501574818513,0.5,0.2111498425181487,0.5,-0.0
c_8a0a8dab0e65,2015,4,2008-11,screen,0.1738965505262752,0.04478795085216012,3,58,0.0,0,0,0.0,0.0,0.0,0.0,0.0,0.0,0.8051641956209059,0.504424778761062,0.19483580437909412,0.4955752212389381,-0.0
c_8a0a8dab0e65,2016,5,2008-11,screen,0.2214612298303964,0.05461879256761225,4,71,0.0,0,0,0.0,0.0,0.0,0.0,0.0,0.0,0.8132946537826059,0.5060532687651332,0.1867053462173941,0.4939467312348668,-0.0
c_8a0a8dab0e65,2017,6,2008-11,screen,0.20743117643668957,0.050486310226569964,4,77,0.0,0,0,0.0,0.0,0.0,0.0,0.0,0.0,0.8158810801117327,0.5055679287305123,0.18411891988826734,0.4944320712694878,-0.0
c_8a0a8dab0e65,2018,7,2008-11,screen,0.20111391613971086,0.04864583333333334,4,80,0.0,0,0,0.0,0.0,0.0,0.0,0.0,0.0,0.817079205429602,0.5053533190578158,0.18292079457039812,0.4946466809421841,-0.0
c_8a0a8dab0e65,2019,8,2008-11,screen,0.138459856720914,0.033844942935852024,3,77,0.0,0,0,0.0,0.0,0.0,0.0,0.0,0.0,0.8148651712153648,0.5016611295681063,0.18513482878463502,0.4983388704318937,-0.0
c_92ba186c01f3,2010,3,2005-07,screen,1.0858418398810363,0.20958333333333334,7,40,0.0,0,0,0.0,0.0,0.0,0.0,0.0,0.0,0.7700655366305774,0.5825049701789264,0.2299344633694227,0.4174950298210735,-0.0
c_92ba186c01f3,2011,4,2005-07,screen,1.1447690166176852,0.22839506172839508,7,54,2.198266708324565,1,0,0.0,0.0,0.0,0.0,0.0,0.0,0.7216824585522343,0.5965965965965964,0.2783175414477657,0.4034034034034033,-0.0
c_92ba186c01f3,2012,5,2005-07,screen,1.1505856391771556,0.22672526041666666,7,64,2.402487552487458,1,0,0.0,0.0,0.0,0.0,0.0,0.0,0.7131389408602914,0.5979899497487436,0.2868610591397086,0.4020100502512563,-0.0
c_92ba186c01f3,2013,6,2005-07,screen,1.1578995719565959,0.24002687494750985,7,63,1.850821921069552,1,0,0.0,0.0,0.0,0.0,0.0,0.0,0.7074794087976478,0.6074177746675997,0.29252059120235235,0.3925822253324003,-0.0
c_92ba186c01f3,2014,7,2005-07,screen,1.0672353863871007,0.21513605442176875,7,56,-0.1762328399963344,0,0,0.0,0.0,0.0,0.0,0.0,0.0,0.6806900031291678,0.5844861660079049,0.31930999687083245,0.4155138339920948,-0.0
c_92ba186c01f3,2015,8,2005-07,screen,1.0916737859376795,0.23755787037037038,6,48,-1.1503477177718415,0,0,0.0,0.0,0.0,0.0,0.0,0.0,0.6658538060884158,0.6224116930572473,0.33414619391158407,0.3775883069427527,-0.0
c_9d2447253ac5,2015,3,2012-16,screen,0.5382447612698886,0.23241374174090038,8,289,1.7336552274288477,1,0,0.0,0.0,0.0,0.0,0.0,0.0,0.745234905835959,0.5104577570853545,0.25476509416404125,0.48954224291464554,-0.0
c_9d2447253ac5,2016,4,2012-16,screen,0.5724039377515184,0.2504393152311782,10,566,1.45535691209788,1,0,0.0,0.0,0.0,0.0,0.0,0.0,0.7404742286452607,0.5111305362622907,0.25952577135473953,0.4888694637377095,-0.0
c_9d2447253ac5,2017,5,2012-16,screen,0.6661987538494486,0.2758089807871185,15,900,1.0697978098100835,1,1,0.42106697504535284,0.4318798093032324,0.0,0.0,0.0,0.0,0.3280109737658292,0.08441780373101077,0.25092205118881794,0.483702386965757,0.4255095178523584
c_9d2447253ac5,2018,6,2012-16,screen,0.7352725386697975,0.3115448120095008,19,1245,0.6880151522634663,1,1,0.4099832795841844,0.4335642410098257,0.0,0.0,0.0,0.0,0.33213266609845227,0.08505540317420963,0.2578840543173635,0.48138035581596433,0.4685785461690053
c_9d2447253ac5,2019,7,2012-16,screen,0.7794860484404044,0.32234432017185816,21,1495,0.8426775001005037,2,1,0.3909095273030337,0.4266419913655451,0.0,0.0,0.0,0.0,0.3559049880671569,0.09471242486483215,0.25318548462980955,0.47864558376962274,0.4771111564108027
c_007a7950eb4d,2010,3,2005-07,screen,1.7189512773692925,0.5018451871045514,13,48,1.762118944700858,1,0,0.0,0.0,0.0,0.0,0.0,0.0,0.7885427976640749,0.705946279377786,0.21145720233592502,0.29405372062221397,-0.0
c_007a7950eb4d,2011,4,2005-07,screen,1.8380549724865682,0.5591192018317894,16,70,1.3340300441315591,1,0,0.0,0.0,0.0,0.0,0.0,0.0,0.8074278877426885,0.7457127741588938,0.19257211225731105,0.2542872258411062,-0.0
c_007a7950eb4d,2012,5,2005-07,screen,1.9586667313961583,0.5673896868765564,19,97,0.4631474593709465,1,1,0.1865000024804147,0.30969166049756913,0.0,0.0,0.0,0.0,0.6350918771871954,0.448358384327163,0.17840812033238998,0.241949955175268,0.666278442414676
c_007a7950eb4d,2013,6,2005-07,screen,1.842765912528097,0.5450502984192322,18,113,0.2669173231327516,1,1,0.19484788450482646,0.32974882906690733,0.0,0.0,0.0,0.0,0.6175487221133723,0.42618100529593883,0.18760339338180124,0.2440701656371538,0.6501461619120047
c_007a7950eb4d,2014,7,2005-07,screen,1.7978877133235458,0.5268667513678323,18,121,0.0755845554492674,0,1,0.19479669624503146,0.3441835672601905,0.0,0.0,0.0,0.0,0.6190401716735923,0.42247010438157834,0.18616313208137633,0.23334632835823108,0.6222274756424109
c_007a7950eb4d,2015,8,2005-07,screen,1.8838335279135001,0.5394321053462783,19,133,-0.1195875320870377,0,1,0.1888618665589461,0.32920705985617005,0.0,0.0,0.0,0.0,0.6370089224232114,0.4507136269678105,0.17412921101784262,0.22007931317601964,0.6199868019113608
c_bc7039a1fcd8,2013,3,2008-11,heldout_concept,0.6089396320718438,0.17703703703703705,4,30,0.0,0,0,0.0,0.0,0.0,0.0,0.0,0.0,0.7504931151472444,0.5292887029288703,0.2495068848527555,0.47071129707112974,-0.0
c_bc7039a1fcd8,2014,4,2008-11,heldout_concept,0.5144128335580127,0.1435826408125577,4,38,0.0,0,0,0.0,0.0,0.0,0.0,0.0,0.0,0.761834042985947,0.522508038585209,0.23816595701405283,0.47749196141479094,-0.0
c_bc7039a1fcd8,2015,5,2008-11,heldout_concept,0.6616822467568312,0.16131687242798354,6,45,0.0,0,0,0.0,0.0,0.0,0.0,0.0,0.0,0.7842233665895445,0.5346938775510204,0.21577663341045555,0.4653061224489795,-0.0
c_bc7039a1fcd8,2016,6,2008-11,heldout_concept,0.4159865276216719,0.09609325771896658,5,46,0.0,0,0,0.0,0.0,0.0,0.0,0.0,0.0,0.8003272142696048,0.518032786885246,0.19967278573039499,0.4819672131147541,-0.0
c_bc7039a1fcd8,2017,7,2008-11,heldout_concept,0.32968434442478445,0.07427438254912566,4,43,0.0,0,0,0.0,0.0,0.0,0.0,0.0,0.0,0.7959410716182563,0.5145631067961164,0.20405892838174364,0.4854368932038835,-0.0
c_bc7039a1fcd8,2018,8,2008-11,heldout_concept,0.42905505047544,0.07833333333333334,4,40,0.0,0,0,0.0,0.0,0.0,0.0,0.0,0.0,0.7789923134875868,0.5212765957446808,0.22100768651241318,0.4787234042553192,-0.0
c_f03a00abe2dc,2018,3,2012-16,screen,0.5663618939831055,0.16572605930305473,5,61,0.0,0,0,0.0,0.0,0.0,0.0,0.0,0.0,0.7597328521857464,0.5221621621621622,0.24026714781425357,0.47783783783783784,-0.0
c_f03a00abe2dc,2019,4,2012-16,screen,0.5882659419012823,0.16047407407407407,5,75,0.0,0,0,0.0,0.0,0.0,0.0,0.0,0.0,0.7699289565419427,0.5273264401772527,0.2300710434580572,0.4726735598227474,-0.0
c_934bf6901f0f,2018,3,2012-16,heldout_concept,2.0756538106106803,0.493915456781477,31,197,1.5207332252865664,2,0,0.0,0.0,0.0,0.0,0.0,0.0,0.8227692360117527,0.7141788496182632,0.1772307639882474,0.28582115038173694,-0.0
c_934bf6901f0f,2019,4,2012-16,heldout_concept,2.231575399262138,0.5095403472759409,45,444,1.640957372682765,4,0,0.0,0.0,0.0,0.0,0.0,0.0,0.8354228135565458,0.7311964433830742,0.1645771864434541,0.2688035566169256,-0.0
c_81212986e10d,2009,3,2005-07,heldout_concept,0.4152177581785436,0.08330129437395874,3,51,0.0,0,0,0.0,0.0,0.0,0.0,0.0,0.0,0.7340237378169411,0.5153846153846152,0.2659762621830589,0.48461538461538456,-0.0
c_81212986e10d,2010,4,2005-07,heldout_concept,0.4535692461699843,0.08182965768174055,4,67,0.0,0,0,0.0,0.0,0.0,0.0,0.0,0.0,0.7531303788558535,0.5181488203266787,0.24686962114414657,0.4818511796733212,-0.0
c_81212986e10d,2011,5,2005-07,heldout_concept,0.31176154415967805,0.04905355493998153,3,76,0.0,0,0,0.0,0.0,0.0,0.0,0.0,0.0,0.7570398972670735,0.5058823529411764,0.24296010273292643,0.4941176470588235,-0.0
c_81212986e10d,2012,6,2005-07,heldout_concept,0.3516947250212449,0.05888927428989864,3,93,0.0,0,0,0.0,0.0,0.0,0.0,0.0,0.0,0.7386006965405515,0.5052356020942408,0.26139930345944845,0.4947643979057592,-0.0
c_81212986e10d,2013,7,2005-07,heldout_concept,0.36679417969912476,0.0627827092473557,4,99,0.0,0,0,0.0,0.0,0.0,0.0,0.0,0.0,0.7637759190317425,0.5124593716143012,0.23622408096825773,0.48754062838569884,-0.0
c_81212986e10d,2014,8,2005-07,heldout_concept,0.448804905169443,0.08209185534326516,4,109,1.6807414628827972,0,0,0.0,0.0,0.0,0.0,0.0,0.0,0.7330373069363841,0.5129870129870129,0.2669626930636157,0.48701298701298695,-0.0
c_eb3e469ad899,2013,3,2008-11,screen,0.07948700320303707,0.010098619329388561,2,65,0.0,0,0,0.0,0.0,0.0,0.0,0.0,0.0,0.8079477150463917,0.5,0.1920522849536082,0.5,-0.0
c_eb3e469ad899,2014,4,2008-11,screen,0.07319012915586921,0.009130658436213992,2,72,0.0,0,0,0.0,0.0,0.0,0.0,0.0,0.0,0.81155944424408,0.5,0.18844055575592009,0.5,-0.0
c_eb3e469ad899,2015,5,2008-11,screen,0.0693153717009415,0.008545566987125428,2,77,0.0,0,0,0.0,0.0,0.0,0.0,0.0,0.0,0.8138607071179419,0.5,0.1861392928820581,0.5,-0.0
c_eb3e469ad899,2016,6,2008-11,screen,0.07081055490819625,0.008770370370370371,2,75,0.0,0,0,0.0,0.0,0.0,0.0,0.0,0.0,0.8129650763945767,0.5,0.18703492360542331,0.5,-0.0
c_eb3e469ad899,2017,7,2008-11,screen,0.08957802666754391,0.011692176870748298,2,56,0.0,0,0,0.0,0.0,0.0,0.0,0.0,0.0,0.8024432203499663,0.5,0.19755677965003376,0.5,-0.0
c_eb3e469ad899,2018,8,2008-11,screen,0.0,0.0,1,37,0.0,0,0,0.0,,0.0,,0.0,,0.0,,1.0,,-0.0
c_7f7851d9c6b6,2013,3,2008-11,screen,0.7000399175840192,0.23507805325987147,5,33,0.0,0,0,0.0,0.0,0.0,0.0,0.0,0.0,0.7654632109613562,0.54296875,0.23453678903864383,0.45703124999999994,-0.0
c_7f7851d9c6b6,2014,4,2008-11,screen,1.0110763263967235,0.3180978762696213,6,38,0.0,0,0,0.0,0.0,0.0,0.0,0.0,0.0,0.7598382434119916,0.5689404934687955,0.2401617565880084,0.4310595065312048,-0.0
c_7f7851d9c6b6,2015,5,2008-11,screen,1.0664856447564155,0.33844655466277074,7,37,0.0,0,0,0.0,0.0,0.0,0.0,0.0,0.0,0.767527547381746,0.5697841726618708,0.23247245261825394,0.4302158273381297,-0.0
c_7f7851d9c6b6,2016,6,2008-11,screen,1.172993472439513,0.374074074074074,7,30,0.0,0,0,0.0,0.0,0.0,0.0,0.0,0.0,0.7695553484113284,0.5841584158415842,0.23044465158867158,0.41584158415841593,-0.0
c_7f7851d9c6b6,2017,7,2008-11,screen,1.4082930736148822,0.4096,7,25,0.0,0,0,0.0,0.0,0.0,0.0,0.0,0.0,0.7694383623515278,0.6171875,0.23056163764847215,0.38281249999999994,-0.0
c_7f7851d9c6b6,2018,8,2008-11,screen,1.4085788142038693,0.38095238095238093,6,21,0.0,0,0,0.0,0.0,0.0,0.0,0.0,0.0,0.7595381501367154,0.6289682539682538,0.2404618498632845,0.3710317460317461,-0.0
c_bcd3d69b7a16,2016,3,2012-16,screen,1.5320814943269472,0.4774609499659482,8,34,1.480790441564099,1,0,0.0,0.0,0.0,0.0,0.0,0.0,0.7643602760619467,0.6648215899383226,0.23563972393805332,0.33517841006167726,-0.0
c_bcd3d69b7a16,2017,4,2012-16,screen,1.5703560229846079,0.47004799736974423,8,39,0.9544209236411204,0,0,0.0,0.0,0.0,0.0,0.0,0.0,0.7672328134253308,0.686688311170335,0.23276718657466935,0.313311688829665,-0.0
c_bcd3d69b7a16,2018,5,2012-16,screen,1.5008761399312938,0.43205451906785786,9,52,-0.0191797045648482,0,0,0.0,0.0,0.0,0.0,0.0,0.0,0.7690858152386659,0.643919581773913,0.23091418476133407,0.35608041822608727,-0.0
c_bcd3d69b7a16,2019,6,2012-16,screen,1.687040068173357,0.45690241618795246,10,60,-1.003993039587994,0,0,0.0,0.0,0.0,0.0,0.0,0.0,0.7891778836011988,0.682240277045369,0.2108221163988013,0.31775972295463073,-0.0
c_4bc22ae42748,2013,3,2008-11,screen,0.9545292994845294,0.312868539715574,6,62,1.706062796916719,1,0,0.0,0.0,0.0,0.0,0.0,0.0,0.6479758140534332,0.6352549889135255,0.3520241859465668,0.36474501108647456,-0.0
c_4bc22ae42748,2014,4,2008-11,screen,0.9774785516931014,0.2819134641225477,8,122,1.493945009580261,1,0,0.0,0.0,0.0,0.0,0.0,0.0,0.703720309262562,0.6951064505878614,0.2962796907374378,0.30489354941213853,-0.0
c_4bc22ae42748,2015,5,2008-11,screen,1.0575958752028591,0.27751696401031634,11,193,0.822214677875966,1,1,0.22020168149228167,0.44241383834305825,0.0,0.0,0.0,0.0,0.5294732184611433,0.29397587532643876,0.2503251000465749,0.26361028633050304,0.4253282933732616
c_4bc22ae42748,2016,6,2008-11,screen,1.0153846359643537,0.2631413459164769,11,299,1.1289432480399275,3,1,0.2154137368412459,0.4455241524068172,0.0,0.0,0.0,0.0,0.5573880274742101,0.33301025900053705,0.22719823568454395,0.22146558859264553,0.36408029313277274
c_4bc22ae42748,2017,7,2008-11,screen,1.0818223160610698,0.2740416239880107,12,386,0.7323996885323061,4,1,0.21364028298529628,0.4358605116029665,0.0,0.0,0.0,0.0,0.5818413845016187,0.36487963885207764,0.20451833251308515,0.19925984954495607,0.353903843696831
c_4bc22ae42748,2018,8,2008-11,screen,1.10087402952298,0.27528650892335227,12,460,0.2535473238208627,2,1,0.2124536641857841,0.4325618802432375,0.0,0.0,0.0,0.0,0.6034013137241678,0.3946674421853079,0.18414502209004802,0.17277067757145464,0.32508297339144826
c_8a7b58068a03,2016,3,2012-16,screen,0.6103203406270864,0.09999999999999999,4,70,0.0,0,0,0.0,0.0,0.0,0.0,0.0,0.0,0.7447001259333081,0.526530612244898,0.2552998740666919,0.47346938775510206,-0.0
c_8a7b58068a03,2017,4,2012-16,screen,0.5846332959374642,0.09459940049789159,4,81,0.0,0,0,0.0,0.0,0.0,0.0,0.0,0.0,0.7487922296622478,0.5252416756176154,0.25120777033775205,0.47475832438238447,-0.0
c_8a7b58068a03,2018,5,2012-16,screen,0.47404726304562406,0.07222414922727098,4,93,0.0,0,0,0.0,0.0,0.0,0.0,0.0,0.0,0.7658647286892771,0.5186766275346851,0.23413527131072287,0.4813233724653148,-0.0
c_8a7b58068a03,2019,6,2012-16,screen,0.3419662529026592,0.052010995370370364,3,96,0.0,0,0,0.0,0.0,0.0,0.0,0.0,0.0,0.7667593564273008,0.5104311543810849,0.23324064357269925,0.4895688456189151,-0.0
c_667b35b905bc,2011,3,2008-11,screen,0.25489077731452714,0.06056595758585759,5,202,0.0,0,0,0.0,0.0,0.0,0.0,0.0,0.0,0.8106685364306315,0.5079579174534663,0.18933146356936842,0.49204208254653353,-0.0
c_667b35b905bc,2012,4,2008-11,screen,0.23217660069937043,0.05249454473318786,6,284,0.0,0,0,0.0,0.0,0.0,0.0,0.0,0.0,0.8219114438549614,0.5074791371437568,0.17808855614503863,0.4925208628562431,-0.0
c_667b35b905bc,2013,5,2008-11,screen,0.24417490838840997,0.05785358682214574,6,346,0.0,0,0,0.0,0.0,0.0,0.0,0.0,0.0,0.8150641074717062,0.5076523245740687,0.18493589252829384,0.49234767542593133,-0.0
c_667b35b905bc,2014,6,2008-11,screen,0.27982097530130556,0.06593695637878778,7,409,0.7935486000201015,1,0,0.0,0.0,0.0,0.0,0.0,0.0,0.8130361606326615,0.5087941976427923,0.1869638393673385,0.49120580235720757,-0.0
c_667b35b905bc,2015,7,2008-11,screen,0.3239911278203593,0.07320473261011598,8,454,0.1199209899145558,0,0,0.0,0.0,0.0,0.0,0.0,0.0,0.8156374921042606,0.5106260769672601,0.1843625078957394,0.4893739230327398,-0.0
c_667b35b905bc,2016,8,2008-11,screen,0.42432474418449095,0.09697211449676824,11,475,0.285196569561345,1,0,0.0,0.0,0.0,0.0,0.0,0.0,0.8146740353399858,0.5150979615466651,0.18532596466001408,0.48490203845333496,-0.0
c_4561b92644a6,2013,3,2008-11,heldout_concept,0.5476393582015577,0.26291681298141734,4,46,0.0,0,0,0.0,0.0,0.0,0.0,0.0,0.0,0.7444323226828795,0.5196961621892129,0.25556767731712066,0.48030383781078734,-0.0
c_4561b92644a6,2014,4,2008-11,heldout_concept,0.6378476437957711,0.24438196277964097,7,68,0.0,0,0,0.0,0.0,0.0,0.0,0.0,0.0,0.7872958705859535,0.528575490186232,0.21270412941404662,0.471424509813768,-0.0
c_4561b92644a6,2015,5,2008-11,heldout_concept,0.645626791776086,0.20181536237080622,9,96,0.0,0,0,0.0,0.0,0.0,0.0,0.0,0.0,0.8051452738358653,0.5306235144390707,0.19485472616413482,0.46937648556092937,-0.0
c_4561b92644a6,2016,6,2008-11,heldout_concept,0.5856569157561266,0.17240185570045233,10,121,0.0,0,0,0.0,0.0,0.0,0.0,0.0,0.0,0.8143371428434287,0.5258666527118455,0.18566285715657133,0.47413334728815454,-0.0
c_4561b92644a6,2017,7,2008-11,heldout_concept,0.5903183294452508,0.17258755219602304,11,132,0.0,0,0,0.0,0.0,0.0,0.0,0.0,0.0,0.8188769405076363,0.525923948844951,0.18112305949236368,0.47407605115504897,-0.0
c_4561b92644a6,2018,8,2008-11,heldout_concept,0.6358132685487468,0.180959215097429,10,131,0.0,0,0,0.0,0.0,0.0,0.0,0.0,0.0,0.8097541229970293,0.529303405652944,0.19024587700297063,0.4706965943470561,-0.0
c_05d308510ee3,2017,3,2012-16,heldout_concept,1.177773185708897,0.3598340948855633,8,43,0.0627879876791097,0,0,0.0,0.0,0.0,0.0,0.0,0.0,0.7417141373782548,0.57014022119271,0.2582858626217453,0.4298597788072899,-0.0
c_05d308510ee3,2018,4,2012-16,heldout_concept,1.2147838888414546,0.3611819434874808,9,56,0.1630197070174931,0,0,0.0,0.0,0.0,0.0,0.0,0.0,0.7434603032485828,0.5726897828733039,0.25653969675141736,0.42731021712669626,-0.0
c_05d308510ee3,2019,5,2012-16,heldout_concept,1.3004427062932264,0.3685995837735874,9,65,0.0253723723512108,0,0,0.0,0.0,0.0,0.0,0.0,0.0,0.7533577649257339,0.5881849072078389,0.24664223507426608,0.411815092792161,-0.0
c_6340f70f7803,2008,3,2005-07,screen,0.31325985468909356,0.05891927083333333,3,64,0.0,0,0,0.0,0.0,0.0,0.0,0.0,0.0,0.7606124428358702,0.511049723756906,0.2393875571641298,0.4889502762430939,-0.0
c_6340f70f7803,2009,4,2005-07,screen,0.3191833324227222,0.05953414351851852,4,96,0.0,0,0,0.0,0.0,0.0,0.0,0.0,0.0,0.7800913740241665,0.5133657351154314,0.21990862597583338,0.4866342648845686,-0.0
c_6340f70f7803,2010,5,2005-07,screen,0.3606338290208833,0.07189317416590144,5,132,0.0,0,0,0.0,0.0,0.0,0.0,0.0,0.0,0.7788326482745412,0.5170303352847259,0.22116735172545876,0.48296966471527414,-0.0
c_6340f70f7803,2011,6,2005-07,screen,0.32545552225372376,0.06327207870999808,5,151,0.0,0,0,0.0,0.0,0.0,0.0,0.0,0.0,0.7845253833346255,0.5147874306839187,0.21547461666537454,0.4852125693160813,-0.0
c_6340f70f7803,2012,7,2005-07,screen,0.3097843249355372,0.05951416483417564,5,161,0.0,0,0,0.0,0.0,0.0,0.0,0.0,0.0,0.7871618682116638,0.513828867761452,0.21283813178833613,0.48617113223854796,-0.0
c_6340f70f7803,2013,8,2005-07,screen,0.26860890889043276,0.050689073963910376,4,164,0.0,0,0,0.0,0.0,0.0,0.0,0.0,0.0,0.7800608446379962,0.5105134474327628,0.2199391553620037,0.4894865525672371,-0.0
c_e895570ed25f,2016,3,2012-16,screen,0.6955110391677025,0.1690929698766162,15,253,0.952127063828908,1,0,0.0,0.0,0.0,0.0,0.0,0.0,0.8155365255194981,0.5315301368982251,0.18446347448050207,0.4684698631017747,-0.0
c_e895570ed25f,2017,4,2012-16,screen,0.7028293820476761,0.16028359198154554,20,423,1.2888567129676634,2,0,0.0,0.0,0.0,0.0,0.0,0.0,0.8189408492964818,0.5304399207521238,0.18105915070351836,0.4695600792478761,-0.0
c_e895570ed25f,2018,5,2012-16,screen,0.7353214495979281,0.1669290527252699,22,525,1.1417620111344704,2,0,0.0,0.0,0.0,0.0,0.0,0.0,0.8203110296729438,0.5318612930962229,0.17968897032705614,0.4681387069037769,-0.0
c_e895570ed25f,2019,6,2012-16,screen,0.8014738841009456,0.17685602236837436,27,616,0.7514753127625003,0,0,0.0,0.0,0.0,0.0,0.0,0.0,0.8249320460887473,0.5345953553575492,0.17506795391125268,0.4654046446424509,-0.0
c_2fc072066f34,2008,3,2005-07,screen,0.2586309979328254,0.08680620580872976,3,87,0.0,0,0,0.0,0.0,0.0,0.0,0.0,0.0,0.7842980440824268,0.5091319173248415,0.21570195591757327,0.49086808267515847,-0.0
c_2fc072066f34,2009,4,2005-07,screen,0.2333681381042237,0.07514782737925411,3,118,0.0,0,0,0.0,0.0,0.0,0.0,0.0,0.0,0.7877506299708793,0.5076455642677418,0.21224937002912084,0.4923544357322583,-0.0
c_2fc072066f34,2010,5,2005-07,screen,0.2672250791992359,0.07046490572616558,5,154,0.0,0,0,0.0,0.0,0.0,0.0,0.0,0.0,0.8107409638348831,0.5107710536279049,0.1892590361651169,0.4892289463720951,-0.0
c_2fc072066f34,2011,6,2005-07,screen,0.1614139159338849,0.03477936113348039,4,169,0.0,0,0,0.0,0.0,0.0,0.0,0.0,0.0,0.8194470549447322,0.5046979865771812,0.18055294505526792,0.49530201342281877,-0.0
c_2fc072066f34,2012,7,2005-07,screen,0.2540025573479579,0.062399392673937605,6,175,0.0,0,0,0.0,0.0,0.0,0.0,0.0,0.0,0.8242021980696843,0.5081982308469487,0.1757978019303157,0.4918017691530513,-0.0
c_2fc072066f34,2013,8,2005-07,screen,0.2662779896232379,0.06987113025553779,6,183,0.0,0,0,0.0,0.0,0.0,0.0,0.0,0.0,0.8199226012684651,0.5081199555698437,0.18007739873153483,0.4918800444301561,-0.0
c_74026fe51449,2019,3,2012-16,screen,2.1820793796528437,0.5619834710743801,14,44,0.6585428783181649,0,0,0.0,0.0,0.0,0.0,0.0,0.0,0.8456846676177859,0.7824754901960785,0.15431533238221382,0.21752450980392155,-0.0
c_7f09154f6349,2014,3,2008-11,screen,1.021073227962472,0.29024036710049206,10,65,0.0,0,0,0.0,0.0,0.0,0.0,0.0,0.0,0.8023465316217155,0.5650751724219999,0.1976534683782843,0.4349248275780003,-0.0
c_7f09154f6349,2015,4,2008-11,screen,0.9079492624952179,0.2606872220222215,10,85,0.0,0,0,0.0,0.0,0.0,0.0,0.0,0.0,0.8033867657309673,0.5547214379281916,0.19661323426903274,0.4452785620718083,-0.0
c_7f09154f6349,2016,5,2008-11,screen,0.9032323697577113,0.24933203604062842,12,120,0.0,0,0,0.0,0.0,0.0,0.0,0.0,0.0,0.8095752652169411,0.5497228502949999,0.190424734783059,0.45027714970500005,-0.0
c_7f09154f6349,2017,6,2008-11,screen,1.1385265823818824,0.3220395844738309,15,166,0.0,0,0,0.0,0.0,0.0,0.0,0.0,0.0,0.8123803330471141,0.5680324214404268,0.18761966695288532,0.43196757855957313,-0.0
c_7f09154f6349,2018,7,2008-11,screen,1.0833224819424887,0.29562434172078345,16,209,0.0,0,0,0.0,0.0,0.0,0.0,0.0,0.0,0.8177344606047008,0.5609132866653489,0.18226553939529935,0.43908671333465127,-0.0
c_7f09154f6349,2019,8,2008-11,screen,1.3546745167442802,0.3483539650165075,24,316,1.0398032724440691,1,0,0.0,0.0,0.0,0.0,0.0,0.0,0.8245880935455023,0.5801762649147386,0.17541190645449706,0.4198237350852614,-0.0
c_bf12df84c614,2014,3,2008-11,screen,1.1672600442199537,0.2190496011099549,7,155,1.1829820089196919,0,0,0.0,0.0,0.0,0.0,0.0,0.0,0.7057116839123859,0.604699771978718,0.2942883160876138,0.3953002280212819,-0.0
c_bf12df84c614,2015,4,2008-11,screen,1.1826428475865598,0.2240826790578433,7,158,0.14973086493457996,0,1,0.0,0.0,0.0,0.0,0.3092744295899778,0.3408413776665475,0.3993513868971872,0.26826361577881064,0.2913741835128349,0.39089500655464193,-0.0
c_bf12df84c614,2016,5,2008-11,screen,1.2100444648954438,0.22893229166666665,8,160,-1.4859384073711546,0,1,0.0,0.0,0.0,0.0,0.3018709576458352,0.33420543737913777,0.4133321861998083,0.2788078716869526,0.28479685615435635,0.3869866909339097,-0.0
c_bf12df84c614,2017,6,2008-11,screen,1.1985988841217043,0.228133608815427,7,88,-1.1475668465848334,0,0,0.0,0.0,0.0,0.0,0.0,0.0,0.7031159097361418,0.6209433962264151,0.29688409026385854,0.37905660377358497,-0.0
c_bf12df84c614,2018,7,2008-11,screen,1.0559317168687192,0.23767258382643003,5,26,0.0,0,0,0.0,0.0,0.0,0.0,0.0,0.0,0.6994744829838395,0.5954356846473028,0.3005255170161605,0.404564315352697,-0.0
c_bf12df84c614,2019,8,2008-11,screen,1.2222669235381562,0.28604382929642447,5,17,0.0,0,0,0.0,0.0,0.0,0.0,0.0,0.0,0.6992703077019582,0.6854838709677419,0.30072969229804175,0.31451612903225806,-0.0
c_0db0c80eb81a,2017,3,2012-16,heldout_concept,0.8841505637202014,0.23528568504671174,12,219,0.7171496316680536,0,0,0.0,0.0,0.0,0.0,0.0,0.0,0.7854076960944069,0.5427370995683619,0.21459230390559336,0.4572629004316379,-0.0
c_0db0c80eb81a,2018,4,2012-16,heldout_concept,0.8418875976594035,0.22331532921810698,13,288,0.8926160840015374,0,0,0.0,0.0,0.0,0.0,0.0,0.0,0.7931080980983006,0.5407428735963145,0.20689190190169948,0.45925712640368566,-0.0
c_0db0c80eb81a,2019,5,2012-16,heldout_concept,0.8604732753377717,0.2190846919603583,16,408,0.4866573208489074,1,0,0.0,0.0,0.0,0.0,0.0,0.0,0.8005612155651279,0.5415373993471724,0.19943878443487226,0.4584626006528275,-0.0
c_1c1c5f783c18,2011,3,2008-11,heldout_concept,0.6642645496836943,0.15493762040803746,14,202,0.0,0,0,0.0,0.0,0.0,0.0,0.0,0.0,0.8257219482632543,0.5240607870524626,0.1742780517367455,0.47593921294753744,-0.0
c_1c1c5f783c18,2012,4,2008-11,heldout_concept,0.8475472954662677,0.20186567111224166,20,309,0.0,0,0,0.0,0.0,0.0,0.0,0.0,0.0,0.8317542050587664,0.5351059109479717,0.16824579494123368,0.46489408905202834,-0.0
c_1c1c5f783c18,2013,5,2008-11,heldout_concept,1.0083282791954506,0.23225847741003705,25,446,0.6565766745849734,0,0,0.0,0.0,0.0,0.0,0.0,0.0,0.8337888476242163,0.5443127958947758,0.16621115237578374,0.4556872041052244,-0.0
c_1c1c5f783c18,2014,6,2008-11,heldout_concept,0.9917363219363414,0.23037376887978459,27,524,0.28006028785167353,0,0,0.0,0.0,0.0,0.0,0.0,0.0,0.8364080822595477,0.5423029610408262,0.16359191774045231,0.45769703895917385,-0.0
c_1c1c5f783c18,2015,7,2008-11,heldout_concept,1.0322168274943386,0.23366506172646118,30,612,0.9461534409197191,1,0,0.0,0.0,0.0,0.0,0.0,0.0,0.8375001981290838,0.5448054355860081,0.16249980187091612,0.45519456441399164,-0.0
c_1c1c5f783c18,2016,8,2008-11,heldout_concept,1.076385084380695,0.24972790174875556,32,654,0.13932633456376156,1,0,0.0,0.0,0.0,0.0,0.0,0.0,0.8372539559830671,0.5469731748141918,0.162746044016933,0.4530268251858083,-0.0
c_baf08ae6e65e,2017,3,2012-16,heldout_concept,0.5963843108213702,0.1803483571844634,8,186,1.834787180909157,1,0,0.0,0.0,0.0,0.0,0.0,0.0,0.7600987969942042,0.5219039294143837,0.23990120300579587,0.4780960705856164,-0.0
c_baf08ae6e65e,2018,4,2012-16,heldout_concept,0.726756997155591,0.2101868427712988,9,243,1.411089704971404,2,0,0.0,0.0,0.0,0.0,0.0,0.0,0.7749086743657982,0.5350213626416551,0.22509132563420173,0.46497863735834494,-0.0
c_baf08ae6e65e,2019,5,2012-16,heldout_concept,0.8041388326940577,0.22458684495410583,10,276,0.6288436368660016,1,0,0.0,0.0,0.0,0.0,0.0,0.0,0.7822199304416276,0.5415044691805799,0.2177800695583723,0.45849553081942,-0.0
c_16e9bc1ff20f,2012,3,2008-11,screen,0.7124198526367209,0.39435967897947255,4,67,0.2847765115163432,0,0,0.0,0.0,0.0,0.0,0.0,0.0,0.6646368564589423,0.5165698778775051,0.3353631435410574,0.483430122122495,-0.0
c_16e9bc1ff20f,2013,4,2008-11,screen,0.6709304591478906,0.371549329443423,4,81,0.2077493058041833,0,0,0.0,0.0,0.0,0.0,0.0,0.0,0.6686695393235068,0.513400416636835,0.331330460676493,0.48659958336316517,-0.0
c_16e9bc1ff20f,2014,5,2008-11,screen,0.6263170529172526,0.3431313265326967,4,95,0.004525635184964,0,0,0.0,0.0,0.0,0.0,0.0,0.0,0.6768162169381164,0.511086855575673,0.32318378306188367,0.4889131444243268,-0.0
c_16e9bc1ff20f,2015,6,2008-11,screen,0.6337835076316504,0.3522855998479283,4,100,-0.1816760889700147,0,0,0.0,0.0,0.0,0.0,0.0,0.0,0.6709097030423861,0.5106920824135095,0.3290902969576137,0.4893079175864905,-0.0
c_16e9bc1ff20f,2016,7,2008-11,screen,0.4535625504777385,0.27195817658045474,2,89,-0.8808155124360755,0,0,0.0,0.0,0.0,0.0,0.0,0.0,0.6616480839293802,0.5,0.33835191607061976,0.5,-0.0
c_16e9bc1ff20f,2017,8,2008-11,screen,0.410116318288409,0.2376371446987073,2,77,-1.316984211344412,0,0,0.0,0.0,0.0,0.0,0.0,0.0,0.6778251724069856,0.5,0.3221748275930144,0.5,-0.0
c_e6673f0a4a58,2008,3,2005-07,heldout_concept,0.5195798391305154,0.3267510739607226,2,42,0.0,0,0,0.0,0.0,0.0,0.0,0.0,0.0,0.6353121138603843,0.5,0.36468788613961567,0.5,-0.0
c_e6673f0a4a58,2009,4,2005-07,heldout_concept,0.5004024235381879,0.3105125357396443,2,60,0.944299310407968,1,0,0.0,0.0,0.0,0.0,0.0,0.0,0.6432574411028117,0.5,0.35674255889718837,0.5,-0.0
c_e6673f0a4a58,2010,5,2005-07,heldout_concept,0.4637264398194103,0.2801890459213196,2,80,0.0972082185207341,0,0,0.0,0.0,0.0,0.0,0.0,0.0,0.6577576825337872,0.5,0.3422423174662129,0.5,-0.0
c_e6673f0a4a58,2011,6,2005-07,heldout_concept,0.44119154602876565,0.26204238631747623,2,87,-0.1569097410448579,0,0,0.0,0.0,0.0,0.0,0.0,0.0,0.6663228062435351,0.5,0.3336771937564649,0.5,-0.0
c_e6673f0a4a58,2012,7,2005-07,heldout_concept,0.5026963283719281,0.27572485237219985,3,92,-0.1172364444092649,0,0,0.0,0.0,0.0,0.0,0.0,0.0,0.6860366186162496,0.504284976381296,0.3139633813837505,0.49571502361870384,-0.0
c_e6673f0a4a58,2013,8,2005-07,heldout_concept,0.5161338159483804,0.2894093187613949,3,103,-0.0140588077273627,0,0,0.0,0.0,0.0,0.0,0.0,0.0,0.6778019297302609,0.5039083575325128,0.3221980702697392,0.49609164246748716,-0.0
c_f254c2991eae,2015,3,2012-16,heldout_concept,0.0,0.0,1,51,0.0,0,0,0.0,,0.0,,0.0,,0.0,,1.0,,-0.0
c_f254c2991eae,2016,4,2012-16,heldout_concept,0.0,0.0,1,67,0.0,0,0,0.0,,0.0,,0.0,,0.0,,1.0,,-0.0
c_f254c2991eae,2017,5,2012-16,heldout_concept,0.0,0.0,1,75,0.0,0,0,0.0,,0.0,,0.0,,0.0,,1.0,,-0.0
c_f254c2991eae,2018,6,2012-16,heldout_concept,0.0,0.0,1,90,0.0,0,0,0.0,,0.0,,0.0,,0.0,,1.0,,-0.0
c_f254c2991eae,2019,7,2012-16,heldout_concept,0.06652161425379031,0.008128842148046536,2,81,0.0,0,0,0.0,0.0,0.0,0.0,0.0,0.0,0.8155613676583097,0.5,0.1844386323416903,0.5,-0.0
c_b38eddee27ee,2015,3,2012-16,screen,1.8018018038790524,0.5777120932327544,11,72,0.5361765739013262,0,0,0.0,0.0,0.0,0.0,0.0,0.0,0.7967178502075376,0.6611256297268588,0.20328214979246226,0.3388743702731412,-0.0
c_b38eddee27ee,2016,4,2012-16,screen,1.8055024506840813,0.5472466778646092,16,121,0.8431499096513598,1,0,0.0,0.0,0.0,0.0,0.0,0.0,0.8073530975080365,0.6331012150281027,0.1926469024919635,0.36689878497189704,-0.0
c_b38eddee27ee,2017,5,2012-16,screen,1.8125008967680145,0.5377946386557606,20,177,0.6048597999408888,1,0,0.0,0.0,0.0,0.0,0.0,0.0,0.8112873388125046,0.6219648598990314,0.18871266118749552,0.37803514010096817,-0.0
c_b38eddee27ee,2018,6,2012-16,screen,1.8971795273388021,0.5461853541756937,25,241,0.24363600696909374,0,0,0.0,0.0,0.0,0.0,0.0,0.0,0.8176594977988162,0.6275079873236256,0.18234050220118384,0.3724920126763744,-0.0
c_b38eddee27ee,2019,7,2012-16,screen,1.852881337564427,0.5227009464814437,28,330,0.4278422812771939,1,1,0.13433172585442058,0.16913658131825016,0.0,0.0,0.0,0.0,0.6847295680908129,0.45058384046496436,0.18093870605476675,0.3802795782167853,0.46768883186148985
c_e8febadc6f35,2011,3,2008-11,screen,0.6829856754684133,0.1498797221069059,5,58,0.0,0,0,0.0,0.0,0.0,0.0,0.0,0.0,0.7308250143040128,0.5438276375268069,0.2691749856959874,0.4561723624731931,-0.0
c_e8febadc6f35,2012,4,2008-11,screen,0.740413061214349,0.16245799711239547,6,94,1.032542531900769,1,0,0.0,0.0,0.0,0.0,0.0,0.0,0.7241725992555967,0.5485826946429772,0.2758274007444032,0.4514173053570228,-0.0
c_e8febadc6f35,2013,5,2008-11,screen,0.7977889548429544,0.1737542294005489,9,134,0.3755399247590066,1,0,0.0,0.0,0.0,0.0,0.0,0.0,0.7396495402284722,0.5531952387998558,0.26035045977152776,0.44680476120014434,-0.0
c_e8febadc6f35,2014,6,2008-11,screen,0.7476554728522633,0.16014876259861413,9,160,0.2253951846556666,1,0,0.0,0.0,0.0,0.0,0.0,0.0,0.7357853976395,0.54632025361257,0.26421460236049993,0.4536797463874301,-0.0
c_e8febadc6f35,2015,7,2008-11,screen,0.7865177416128382,0.16769613767340652,9,217,0.3050207021121881,1,1,0.0,0.0,0.4113748767297416,0.3444064648429322,0.0,0.0,0.311180006383431,0.20426253192880703,0.2774451168868275,0.45133100322826075,-0.0
c_e8febadc6f35,2016,8,2008-11,screen,0.8448355995894771,0.17988898137181394,9,305,0.3728405021526164,1,0,0.0,0.0,0.0,0.0,0.0,0.0,0.6839161214528642,0.5508193386790198,0.3160838785471356,0.44918066132097995,-0.0
c_92a2f061c4a9,2017,3,2012-16,screen,1.4559974469957844,0.45949074074074076,6,24,0.0,0,0,0.0,0.0,0.0,0.0,0.0,0.0,0.7494647800950567,0.6473551637279598,0.2505352199049434,0.3526448362720403,-0.0
c_92a2f061c4a9,2018,4,2012-16,screen,1.4532350513043655,0.44810242341106515,7,27,0.0,0,0,0.0,0.0,0.0,0.0,0.0,0.0,0.7519923366106627,0.6326530612244899,0.24800766338933736,0.3673469387755102,-0.0
c_92a2f061c4a9,2019,5,2012-16,screen,1.4236922472005211,0.44378698224852076,6,26,0.0,0,0,0.0,0.0,0.0,0.0,0.0,0.0,0.7443750183840033,0.6333333333333334,0.2556249816159967,0.36666666666666664,-0.0
c_8d4aa499810d,2014,3,2008-11,screen,1.0114042647073516,0.20370370370370366,3,24,0.0,0,0,0.0,0.0,0.0,0.0,0.0,0.0,0.6573342605192068,0.5909090909090909,0.3426657394807933,0.40909090909090917,-0.0
c_8d4aa499810d,2015,4,2008-11,screen,1.0778035055774542,0.20588235294117646,4,34,1.814149627658685,1,0,0.0,0.0,0.0,0.0,0.0,0.0,0.6708897860703089,0.5966386554621849,0.3291102139296913,0.40336134453781514,-0.0
c_8d4aa499810d,2016,5,2008-11,screen,1.0478406235728217,0.20014609203798392,4,37,0.0888116027820745,0,0,0.0,0.0,0.0,0.0,0.0,0.0,0.6733797763576291,0.5839416058394161,0.32662022364237064,0.41605839416058404,-0.0
c_8d4aa499810d,2017,6,2008-11,screen,0.9554363479176264,0.1879039704524469,4,38,-0.6169071515311063,0,0,0.0,0.0,0.0,0.0,0.0,0.0,0.6464255985614842,0.5577395577395577,0.3535744014385157,0.4422604422604422,-0.0
c_8d4aa499810d,2018,7,2008-11,screen,0.9623002145893347,0.21416666666666664,5,40,-0.3985274394581259,0,0,0.0,0.0,0.0,0.0,0.0,0.0,0.6693375859922843,0.5749027237354085,0.3306624140077158,0.42509727626459143,-0.0
c_8d4aa499810d,2019,8,2008-11,screen,0.8766666046423313,0.21061224489795916,4,35,-1.0519864987396743,0,0,0.0,0.0,0.0,0.0,0.0,0.0,0.6503854799115558,0.565891472868217,0.3496145200884441,0.43410852713178294,-0.0
c_05d3dfa90ab3,2013,3,2008-11,heldout_concept,0.36955923428743265,0.10710814938220184,4,98,0.0,0,0,0.0,0.0,0.0,0.0,0.0,0.0,0.7632737425361064,0.5097213220998057,0.23672625746389392,0.49027867790019447,-0.0
c_05d3dfa90ab3,2014,4,2008-11,heldout_concept,0.32590019837266077,0.09469299166841699,4,138,0.0,0,0,0.0,0.0,0.0,0.0,0.0,0.0,0.7654332569926955,0.5070240295748614,0.23456674300730446,0.4929759704251386,-0.0
c_05d3dfa90ab3,2015,5,2008-11,heldout_concept,0.31699640235499515,0.09353943717796273,4,174,0.5888398734832382,0,0,0.0,0.0,0.0,0.0,0.0,0.0,0.7733430817640742,0.5072975517890772,0.22665691823592582,0.4927024482109228,-0.0
c_05d3dfa90ab3,2016,6,2008-11,heldout_concept,0.32816644139274104,0.09304643335620691,5,202,-0.1960593933864723,0,0,0.0,0.0,0.0,0.0,0.0,0.0,0.7823377504737683,0.5074626865671642,0.2176622495262317,0.4925373134328358,-0.0
c_05d3dfa90ab3,2017,7,2008-11,heldout_concept,0.39526138288209367,0.11122411242603548,6,208,-0.1413509075052217,0,0,0.0,0.0,0.0,0.0,0.0,0.0,0.7908192700797404,0.5130229980604046,0.20918072992025963,0.4869770019395955,-0.0
c_05d3dfa90ab3,2018,8,2008-11,heldout_concept,0.40661899361776865,0.11346597462514416,6,204,-0.1832705180216508,0,0,0.0,0.0,0.0,0.0,0.0,0.0,0.7928706371749008,0.5141889030072004,0.2071293628250991,0.4858110969927997,-0.0
c_6f6fc1488a11,2017,3,2012-16,screen,0.2501247721783552,0.042461703843052936,4,61,0.0,0,0,0.0,0.0,0.0,0.0,0.0,0.0,0.8082930879128463,0.5105485232067511,0.19170691208715376,0.48945147679324896,-0.0
c_6f6fc1488a11,2018,4,2012-16,screen,0.30171269962310854,0.0560774359222922,5,69,0.0,0,0,0.0,0.0,0.0,0.0,0.0,0.0,0.8135403310781631,0.513080661827072,0.18645966892183677,0.4869193381729278,-0.0
c_6f6fc1488a11,2019,5,2012-16,screen,0.34127883689686667,0.06601764284889869,6,78,0.0,0,0,0.0,0.0,0.0,0.0,0.0,0.0,0.8183226635980149,0.5153342022800073,0.18167733640198527,0.4846657977199929,-0.0
c_6ed72db6e3f6,2015,3,2012-16,screen,0.08151041095033153,0.010414042160073904,2,63,0.0,0,0,0.0,0.0,0.0,0.0,0.0,0.0,0.8068177121095547,0.5,0.19318228789044536,0.5,-0.0
c_6ed72db6e3f6,2016,4,2012-16,screen,0.19546285494669294,0.035062089116143176,3,74,0.0,0,0,0.0,0.0,0.0,0.0,0.0,0.0,0.7968543069727789,0.5069444444444444,0.2031456930272211,0.4930555555555555,-0.0
c_6ed72db6e3f6,2017,5,2012-16,screen,0.22884727802110238,0.04069860599262938,3,79,0.0,0,0,0.0,0.0,0.0,0.0,0.0,0.0,0.7844463499849398,0.5078740157480315,0.2155536500150603,0.4921259842519686,-0.0
c_6ed72db6e3f6,2018,6,2012-16,screen,0.2728296034947807,0.0494743351886209,3,77,0.0,0,0,0.0,0.0,0.0,0.0,0.0,0.0,0.7698944431102648,0.5090909090909091,0.23010555688973522,0.4909090909090909,-0.0
c_6ed72db6e3f6,2019,7,2012-16,screen,0.3326168344319842,0.06358326151489037,3,59,0.0,0,0,0.0,0.0,0.0,0.0,0.0,0.0,0.7563296148812608,0.5120481927710843,0.24367038511873923,0.48795180722891557,-0.0
c_6d2c0bb6acb0,2009,3,2005-07,screen,0.19144408195771734,0.060468631897203313,2,42,0.0,0,0,0.0,0.0,0.0,0.0,0.0,0.0,0.7572825310485729,0.5,0.24271746895142707,0.5,-0.0
c_6d2c0bb6acb0,2010,4,2005-07,screen,0.32265968510520027,0.08660325009908838,4,58,0.0,0,0,0.0,0.0,0.0,0.0,0.0,0.0,0.7938051679809596,0.505720823798627,0.20619483201904043,0.494279176201373,-0.0
c_6d2c0bb6acb0,2011,5,2005-07,screen,0.47807350726412795,0.1383673469387755,5,70,0.0,0,0,0.0,0.0,0.0,0.0,0.0,0.0,0.775157913705891,0.5122910521140609,0.22484208629410887,0.48770894788593905,-0.0
c_6d2c0bb6acb0,2012,6,2005-07,screen,0.5770826707167677,0.17231806464406108,6,82,0.0,0,0,0.0,0.0,0.0,0.0,0.0,0.0,0.7659446737905704,0.5166858457997697,0.2340553262094295,0.48331415420023016,-0.0
c_6d2c0bb6acb0,2013,7,2005-07,screen,0.6443540431502053,0.2047333333333333,6,100,0.4854037506026984,0,0,0.0,0.0,0.0,0.0,0.0,0.0,0.7474528615387089,0.5193747964832304,0.2525471384612908,0.4806252035167698,-0.0
c_6d2c0bb6acb0,2014,8,2005-07,screen,0.6736143975880496,0.2219803476946334,6,105,0.7657392163346981,0,0,0.0,0.0,0.0,0.0,0.0,0.0,0.7349895701597834,0.5194769817488423,0.2650104298402169,0.48052301825115773,-0.0
c_444e89430419,2011,3,2008-11,heldout_concept,2.189643025661107,0.5624913362624469,13,31,0.0,0,0,0.0,0.0,0.0,0.0,0.0,0.0,0.840357461490331,0.7791462666126543,0.15964253850966914,0.22085373338734557,-0.0
c_444e89430419,2012,4,2008-11,heldout_concept,2.098952208834459,0.5413932441393934,14,44,1.151163685572795,1,0,0.0,0.0,0.0,0.0,0.0,0.0,0.8283762345020562,0.755502604742081,0.17162376549794353,0.24449739525791903,-0.0
c_444e89430419,2013,5,2008-11,heldout_concept,2.0938461961513353,0.5448480704810595,16,54,0.03295581417838,0,0,0.0,0.0,0.0,0.0,0.0,0.0,0.8251045865279805,0.7384504116626492,0.1748954134720196,0.2615495883373507,-0.0
c_444e89430419,2014,6,2008-11,heldout_concept,2.1503035633247136,0.5375351762307933,17,61,0.3830904205762426,0,0,0.0,0.0,0.0,0.0,0.0,0.0,0.8310397703602116,0.7509903782961942,0.1689602296397885,0.24900962170380583,-0.0
c_444e89430419,2015,7,2008-11,heldout_concept,2.1829329054121183,0.5594412740581233,18,73,-0.396408515349995,0,0,0.0,0.0,0.0,0.0,0.0,0.0,0.837503126612724,0.7704747874460688,0.16249687338727586,0.2295252125539312,-0.0
c_444e89430419,2016,8,2008-11,heldout_concept,2.317302143249683,0.5949890686467645,21,80,0.1562033267794927,0,0,0.0,0.0,0.0,0.0,0.0,0.0,0.8526618252274113,0.7946179565720766,0.14733817477258918,0.2053820434279233,-0.0
c_91a8f1c2869f,2015,3,2012-16,screen,1.975409622004988,0.6028712639995497,12,37,0.0,0,0,0.0,0.0,0.0,0.0,0.0,0.0,0.8138456817664337,0.7059780249974447,0.1861543182335663,0.2940219750025551,-0.0
c_91a8f1c2869f,2016,4,2012-16,screen,1.8608817078500937,0.5730930896221499,12,49,1.1843019107773056,1,0,0.0,0.0,0.0,0.0,0.0,0.0,0.8025925353293016,0.696221428175408,0.1974074646706983,0.30377857182459195,-0.0
c_91a8f1c2869f,2017,5,2012-16,screen,1.7798807065355842,0.5457341964350989,13,64,0.3873037175194428,1,0,0.0,0.0,0.0,0.0,0.0,0.0,0.7937669557206206,0.7014619244616246,0.20623304427937938,0.2985380755383753,-0.0
c_91a8f1c2869f,2018,6,2012-16,screen,1.6880426122196748,0.5116861548439138,12,74,0.3210863421522376,1,0,0.0,0.0,0.0,0.0,0.0,0.0,0.7836589909734462,0.7002146055084908,0.21634100902655373,0.299785394491509,-0.0
c_91a8f1c2869f,2019,7,2012-16,screen,1.630292015581533,0.4921337227159546,13,79,0.2689113051236938,1,1,0.22256608463557603,0.3320954028461599,0.0,0.0,0.0,0.0,0.5540965815953784,0.36086722011477884,0.22333733376904583,0.3070373770390613,0.6814670463014058
c_b6ceebb6f368,2011,3,2008-11,screen,0.8808436026614626,0.17795918367346938,3,35,1.011308515822602,0,0,0.0,0.0,0.0,0.0,0.0,0.0,0.6520433669115371,0.5504587155963302,0.34795663308846303,0.44954128440366964,-0.0
c_b6ceebb6f368,2012,4,2008-11,screen,0.9750980639173958,0.1997245179063361,4,44,0.0747930632672577,0,0,0.0,0.0,0.0,0.0,0.0,0.0,0.6811877650735956,0.5741379310344827,0.3188122349264045,0.42586206896551726,-0.0
c_b6ceebb6f368,2013,5,2008-11,screen,0.9474228558405137,0.19226337448559672,4,45,-0.962140341666088,0,0,0.0,0.0,0.0,0.0,0.0,0.0,0.6883985892942878,0.5684931506849314,0.3116014107057123,0.43150684931506844,-0.0
c_b6ceebb6f368,2014,6,2008-11,screen,1.1069231754000706,0.22684992364292658,6,49,-0.5473478526043275,0,0,0.0,0.0,0.0,0.0,0.0,0.0,0.7286339430838408,0.5960832313341493,0.27136605691615934,0.4039167686658507,-0.0
c_b6ceebb6f368,2015,7,2008-11,screen,1.078791964467033,0.2309388783868935,6,46,0.0,0,0,0.0,0.0,0.0,0.0,0.0,0.0,0.7415925915851418,0.5907230559345156,0.2584074084148582,0.40927694406548437,-0.0
c_b6ceebb6f368,2016,8,2008-11,screen,1.1384395608617321,0.24678760393046106,6,42,0.0,0,0,0.0,0.0,0.0,0.0,0.0,0.0,0.7392232458342067,0.6018376722817764,0.2607767541657931,0.3981623277182235,-0.0
c_380e2739f62c,2014,3,2008-11,screen,0.24267348118901844,0.0507848568790397,3,38,0.0,0,0,0.0,0.0,0.0,0.0,0.0,0.0,0.7889279957803549,0.509090909090909,0.21107200421964506,0.4909090909090909,-0.0
c_380e2739f62c,2015,4,2008-11,screen,0.6447067858933476,0.14951417806860995,6,41,0.0,0,0,0.0,0.0,0.0,0.0,0.0,0.0,0.7904950347974683,0.5358090185676393,0.2095049652025317,0.4641909814323607,-0.0
c_380e2739f62c,2016,5,2008-11,screen,0.6733099832849322,0.1623045267489712,6,45,0.0,0,0,0.0,0.0,0.0,0.0,0.0,0.0,0.7879497242917972,0.537525354969574,0.2120502757082029,0.46247464503042585,-0.0
c_380e2739f62c,2017,6,2008-11,screen,0.8940201053329406,0.2318367346938775,6,35,0.0,0,0,0.0,0.0,0.0,0.0,0.0,0.0,0.7760739947473267,0.5563380281690141,0.22392600525267323,0.44366197183098594,-0.0
c_380e2739f62c,2018,7,2008-11,screen,1.1724800154383195,0.30544124371284864,8,27,0.0,0,0,0.0,0.0,0.0,0.0,0.0,0.0,0.7890966232383637,0.5733532934131735,0.2109033767616364,0.42664670658682635,-0.0
c_380e2739f62c,2019,8,2008-11,screen,1.565192895527421,0.3957151858853182,9,23,0.0,0,0,0.0,0.0,0.0,0.0,0.0,0.0,0.793966687782271,0.6273885350318472,0.20603331221772908,0.3726114649681529,-0.0
c_f546e5e7ea86,2016,3,2012-16,screen,0.11190205689093088,0.026199999999999998,3,100,0.0,0,0,0.0,0.0,0.0,0.0,0.0,0.0,0.8230715884832529,0.5012722646310432,0.17692841151674718,0.49872773536895676,-0.0
c_f546e5e7ea86,2017,4,2012-16,screen,0.1884795124433768,0.042435058496926435,5,123,0.0,0,0,0.0,0.0,0.0,0.0,0.0,0.0,0.8302960791121888,0.505711318795431,0.1697039208878113,0.49428868120456904,-0.0
c_f546e5e7ea86,2018,5,2012-16,screen,0.15817383323384854,0.034481763619575244,5,152,0.0,0,0,0.0,0.0,0.0,0.0,0.0,0.0,0.8358359876887763,0.504602510460251,0.16416401231122363,0.495397489539749,-0.0
c_f546e5e7ea86,2019,6,2012-16,screen,0.1732473376622213,0.04052518621386189,6,178,0.0,0,0,0.0,0.0,0.0,0.0,0.0,0.0,0.8401613535246496,0.5059709241952233,0.1598386464753504,0.4940290758047767,-0.0
c_5af098ea73b2,2012,3,2008-11,screen,0.28487812140935836,0.05671453657559301,4,68,0.0,0,0,0.0,0.0,0.0,0.0,0.0,0.0,0.7997091973590068,0.5139816754645332,0.20029080264099317,0.48601832453546684,-0.0
c_5af098ea73b2,2013,4,2008-11,screen,0.3307829553215775,0.06802207069804135,6,123,0.0,0,0,0.0,0.0,0.0,0.0,0.0,0.0,0.8099113106898839,0.5138825877346144,0.19008868931011605,0.4861174122653855,-0.0
c_5af098ea73b2,2014,5,2008-11,screen,0.32662942278577606,0.06872514217818931,6,171,0.0,0,0,0.0,0.0,0.0,0.0,0.0,0.0,0.8095314779702583,0.5122050396195554,0.19046852202974154,0.4877949603804446,-0.0
c_5af098ea73b2,2015,6,2008-11,screen,0.3408125275131634,0.07276300384909523,5,213,0.5677967244375124,0,0,0.0,0.0,0.0,0.0,0.0,0.0,0.7880869009831638,0.5117576161986702,0.21191309901683605,0.4882423838013297,-0.0
c_5af098ea73b2,2016,7,2008-11,screen,0.5172176782273097,0.11261738408954466,8,275,1.0908847253090914,1,0,0.0,0.0,0.0,0.0,0.0,0.0,0.770297369502303,0.5221198492660193,0.22970263049769687,0.4778801507339807,-0.0
c_5af098ea73b2,2017,8,2008-11,screen,0.5765747737891387,0.12149626482768563,10,307,0.4410732250090157,1,0,0.0,0.0,0.0,0.0,0.0,0.0,0.7701553463900037,0.5250351299508014,0.22984465360999634,0.4749648700491986,-0.0
c_e470c5c98b3e,2014,3,2008-11,screen,1.0132843295512497,0.2905092592592593,4,24,0.0,0,0,0.0,0.0,0.0,0.0,0.0,0.0,0.6897074036794344,0.6095617529880477,0.31029259632056544,0.3904382470119522,-0.0
c_e470c5c98b3e,2015,4,2008-11,screen,0.9120599268955134,0.247534516765286,4,26,0.0,0,0,0.0,0.0,0.0,0.0,0.0,0.0,0.6724184105993789,0.5856573705179283,0.3275815894006212,0.4143426294820717,-0.0
c_e470c5c98b3e,2016,5,2008-11,screen,1.028181455698951,0.29185185185185186,5,30,0.1196673988850844,0,0,0.0,0.0,0.0,0.0,0.0,0.0,0.686964183679781,0.6116751269035533,0.31303581632021904,0.38832487309644664,-0.0
c_e470c5c98b3e,2017,6,2008-11,screen,1.0480164088873034,0.29621921609434615,5,31,0.1804890240107101,0,0,0.0,0.0,0.0,0.0,0.0,0.0,0.6648336444278382,0.6311475409836066,0.33516635557216173,0.36885245901639346,-0.0
c_e470c5c98b3e,2018,7,2008-11,screen,1.1617409846790445,0.34061741241762056,6,31,-0.62477329573089,0,0,0.0,0.0,0.0,0.0,0.0,0.0,0.6976435840871836,0.6486761710794295,0.3023564159128163,0.3513238289205703,-0.0
c_e470c5c98b3e,2019,8,2008-11,screen,1.0581592396083688,0.3185185185185185,5,30,-0.2845488797271635,0,0,0.0,0.0,0.0,0.0,0.0,0.0,0.6575429006749637,0.6523255813953489,0.3424570993250363,0.34767441860465115,-0.0
c_3471cfc978c7,2011,3,2008-11,screen,0.2745237777875745,0.07318821105437608,4,122,0.0,0,0,0.0,0.0,0.0,0.0,0.0,0.0,0.7971083992857928,0.5073439412484699,0.2028916007142072,0.49265605875152996,-0.0
c_3471cfc978c7,2012,4,2008-11,screen,0.3161364578108888,0.08209976846832047,6,164,0.0,0,0,0.0,0.0,0.0,0.0,0.0,0.0,0.8131262146948862,0.5118097153325786,0.18687378530511378,0.4881902846674214,-0.0
c_3471cfc978c7,2013,5,2008-11,screen,0.44353622019345845,0.10252978769240635,9,224,0.0,0,0,0.0,0.0,0.0,0.0,0.0,0.0,0.8171111383632556,0.5218226373737154,0.1828888616367443,0.47817736262628446,-0.0
c_3471cfc978c7,2014,6,2008-11,screen,0.43652406610027555,0.09592526635754012,9,293,2.616096467726737,1,0,0.0,0.0,0.0,0.0,0.0,0.0,0.8131238582790151,0.5226928266888275,0.1868761417209848,0.47730717331117256,-0.0
c_3471cfc978c7,2015,7,2008-11,screen,0.5524453404929072,0.1141017120056742,11,318,3.023324898086322,1,0,0.0,0.0,0.0,0.0,0.0,0.0,0.797166544944123,0.5308428174799088,0.20283345505587727,0.46915718252009103,-0.0
c_3471cfc978c7,2016,8,2008-11,screen,0.660811492217793,0.1342079132494251,14,349,2.6756638385231417,1,0,0.0,0.0,0.0,0.0,0.0,0.0,0.7958680148556116,0.5381726763918188,0.20413198514438904,0.46182732360818096,-0.0
c_9aabfd15c0ee,2017,3,2012-16,screen,1.5477027415422853,0.39091885463313636,35,435,1.4182301333808056,3,0,0.0,0.0,0.0,0.0,0.0,0.0,0.8363083122562591,0.591904365143624,0.16369168774374068,0.4080956348563758,-0.0
c_9aabfd15c0ee,2018,4,2012-16,screen,1.7117494395434316,0.41787407139865973,46,722,1.5852217617859026,7,0,0.0,0.0,0.0,0.0,0.0,0.0,0.837204927477585,0.6081541735992344,0.16279507252241515,0.39184582640076554,-0.0
c_9aabfd15c0ee,2019,5,2012-16,screen,1.8179255034891582,0.44005151869217823,55,966,1.3200375893006586,9,1,0.0,0.0,0.0,0.0,0.1091475022612193,0.09482842219503242,0.7287392659113376,0.5240106712069591,0.16211323182744303,0.38116090659800833,-0.0
c_1ca4df65e868,2014,3,2008-11,screen,1.0029443943588503,0.23121158040848705,8,41,0.0,0,0,0.0,0.0,0.0,0.0,0.0,0.0,0.789227165934013,0.5746140651801028,0.2107728340659872,0.42538593481989706,-0.0
c_1ca4df65e868,2015,4,2008-11,screen,1.0976604735757594,0.22240733027905035,8,49,0.0,0,0,0.0,0.0,0.0,0.0,0.0,0.0,0.7810458537425807,0.5848938826466916,0.2189541462574193,0.4151061173533084,-0.0
c_1ca4df65e868,2016,5,2008-11,screen,1.0976604735757594,0.22240733027905035,8,49,0.0,0,0,0.0,0.0,0.0,0.0,0.0,0.0,0.7810458537425807,0.5848938826466916,0.2189541462574193,0.4151061173533084,-0.0
c_1ca4df65e868,2017,6,2008-11,screen,1.140970316513313,0.23408947700063007,8,46,0.0,0,0,0.0,0.0,0.0,0.0,0.0,0.0,0.7787357024488815,0.590847913862719,0.22126429755111843,0.40915208613728127,-0.0
c_1ca4df65e868,2018,7,2008-11,screen,1.2989722260477188,0.2653686677483324,8,43,0.0,0,0,0.0,0.0,0.0,0.0,0.0,0.0,0.7750492078731467,0.6148097826086957,0.22495079212685332,0.38519021739130443,-0.0
c_1ca4df65e868,2019,8,2008-11,screen,1.4860325981639935,0.3254437869822486,7,26,0.0,0,0,0.0,0.0,0.0,0.0,0.0,0.0,0.7667792814853677,0.6651515151515152,0.23322071851463247,0.3348484848484848,-0.0
