y,O_raw,O_clean,T,O_raw_1e4,O_star,concept_id
2011,1,1,58822,0.17000442011492298,0.17000442011492298,c_9cceb3c510be
2012,3,2,59349,0.5054845068998636,0.3369896712665757,c_9cceb3c510be
2013,8,8,59125,1.3530655391120507,1.3530655391120507,c_9cceb3c510be
2014,7,2,59783,1.1709014268270244,0.3345432648077213,c_9cceb3c510be
2015,16,7,60639,2.6385659394119294,1.1543725984927191,c_9cceb3c510be
2016,11,6,61254,1.795801090541026,0.9795278675678323,c_9cceb3c510be
2017,12,2,60558,1.9815713861091846,0.3302618976848641,c_9cceb3c510be
2018,14,6,61455,2.2780896591001545,0.9763241396143519,c_9cceb3c510be
2019,11,2,61056,1.8016247379454926,0.3275681341719078,c_9cceb3c510be
2020,9,4,61021,1.474902082889497,0.6555120368397764,c_9cceb3c510be
2021,7,1,59002,1.186400461001322,0.169485780143046,c_9cceb3c510be
2022,5,2,59296,0.8432271991365353,0.33729087965461413,c_9cceb3c510be
2023,6,1,63288,0.9480470231323473,0.15800783718872455,c_9cceb3c510be
2024,12,3,58473,2.052229234005438,0.5130573085013596,c_9cceb3c510be
2006,7,4,27307,2.5634452704434763,1.4648258688248434,c_8b7be83fd666
2007,8,7,29129,2.746403927357616,2.403103436437914,c_8b7be83fd666
2008,10,6,30787,3.2481242082697244,1.9488745249618344,c_8b7be83fd666
2009,5,3,40208,1.243533625149224,0.7461201750895344,c_8b7be83fd666
2010,4,3,30582,1.3079589300895953,0.9809691975671964,c_8b7be83fd666
2011,3,2,32539,0.9219705584068348,0.61464703893789,c_8b7be83fd666
2012,4,3,35221,1.1356860963629654,0.8517645722722239,c_8b7be83fd666
2013,3,3,36824,0.81468607429937,0.81468607429937,c_8b7be83fd666
2014,5,5,34386,1.4540801488978072,1.4540801488978072,c_8b7be83fd666
2015,5,4,36146,1.3832789243623085,1.1066231394898467,c_8b7be83fd666
2016,7,5,41256,1.6967229009113827,1.211944929222416,c_8b7be83fd666
2017,4,4,36680,1.0905125408942202,1.0905125408942202,c_8b7be83fd666
2018,4,3,33992,1.1767474699929394,0.8825606024947046,c_8b7be83fd666
2019,4,4,35093,1.1398284558173994,1.1398284558173994,c_8b7be83fd666
2020,4,4,31855,1.2556898446083817,1.2556898446083817,c_8b7be83fd666
2021,2,0,33680,0.5938242280285035,0.0,c_8b7be83fd666
2022,0,0,34890,0.0,0.0,c_8b7be83fd666
2023,1,1,36843,0.2714219797519203,0.2714219797519203,c_8b7be83fd666
2024,1,1,32755,0.3052969012364524,0.3052969012364524,c_8b7be83fd666
2015,12,12,217789,0.5509920152073796,0.5509920152073796,c_af151bc76848
2016,25,25,220002,1.1363533058790374,1.1363533058790374,c_af151bc76848
2017,26,26,222398,1.1690752614681788,1.1690752614681788,c_af151bc76848
2018,18,18,232405,0.7745100148447753,0.7745100148447753,c_af151bc76848
2019,14,14,240359,0.5824620671578763,0.5824620671578763,c_af151bc76848
2020,7,7,235323,0.29746348635704967,0.29746348635704967,c_af151bc76848
2021,5,5,230890,0.2165533370869245,0.2165533370869245,c_af151bc76848
2022,6,6,229737,0.2611682053826767,0.2611682053826767,c_af151bc76848
2023,2,2,253497,0.07889639719602204,0.07889639719602204,c_af151bc76848
2024,9,9,266529,0.337674324369956,0.337674324369956,c_af151bc76848
2015,6,6,65630,0.9142160597287826,0.9142160597287826,c_ce417b0a39d3
2016,10,9,65573,1.5250179189605477,1.372516127064493,c_ce417b0a39d3
2017,29,27,68372,4.241502369390979,3.948984964605394,c_ce417b0a39d3
2018,54,51,75449,7.15715251361847,6.759532929528556,c_ce417b0a39d3
2019,89,67,83321,10.681580873969347,8.041190096134228,c_ce417b0a39d3
2020,83,58,84185,9.859238581695076,6.889588406485716,c_ce417b0a39d3
2021,87,59,88627,9.81642163223397,6.657113520710393,c_ce417b0a39d3
2022,60,39,89722,6.6873230645772495,4.346759991975213,c_ce417b0a39d3
2023,64,48,103203,6.201370115209829,4.651027586407372,c_ce417b0a39d3
2024,54,40,105524,5.117319282817179,3.7906068761608736,c_ce417b0a39d3
2008,14,14,112984,1.2391135027968563,1.2391135027968563,c_10899378a764
2009,27,26,115035,2.3471117485982527,2.2601816838353543,c_10899378a764
2010,43,39,129281,3.3260881336004515,3.0166845862887817,c_10899378a764
2011,47,39,150946,3.1136962887390194,2.583705431081314,c_10899378a764
2012,87,73,142191,6.118530708694643,5.133939560169068,c_10899378a764
2013,143,101,167554,8.534561991954833,6.027907420891175,c_10899378a764
2014,220,128,158773,13.856260195373268,8.06182411367172,c_10899378a764
2015,291,152,167833,17.33866402912419,9.056621760917102,c_10899378a764
2016,355,186,168321,21.09065416674093,11.050314577503698,c_10899378a764
2017,360,178,171549,20.98525785635591,10.376044162309311,c_10899378a764
2018,378,171,194941,19.39048224847518,8.771884826691153,c_10899378a764
2019,387,171,184672,20.956073470802288,9.259660370819615,c_10899378a764
2020,417,160,200716,20.775623268698062,7.971462165447697,c_10899378a764
2021,452,179,176122,25.664028343988825,10.163409454809734,c_10899378a764
2022,423,160,175571,24.09281715089622,9.11312232658013,c_10899378a764
2023,411,142,186792,22.003083643839137,7.6020386312047625,c_10899378a764
2024,404,136,148815,27.147800960924638,9.138863689816215,c_10899378a764
2015,9,9,659,136.57056145675264,136.57056145675264,c_7eed579eaddd
2016,9,9,770,116.88311688311688,116.88311688311688,c_7eed579eaddd
2017,9,9,900,100.0,100.0,c_7eed579eaddd
2018,20,20,1012,197.62845849802372,197.62845849802372,c_7eed579eaddd
2019,19,19,1133,167.6963812886143,167.6963812886143,c_7eed579eaddd
2020,11,9,1171,93.93680614859095,76.85738684884714,c_7eed579eaddd
2021,13,9,1245,104.41767068273093,72.28915662650603,c_7eed579eaddd
2022,19,16,1213,156.63643858202803,131.90436933223413,c_7eed579eaddd
2023,18,14,1200,150.0,116.66666666666667,c_7eed579eaddd
2024,14,10,1109,126.23985572587917,90.17132551848512,c_7eed579eaddd
2011,3,3,58822,0.510013260344769,0.510013260344769,c_1e0ff7706e23
2012,4,3,59349,0.6739793425331514,0.5054845068998636,c_1e0ff7706e23
2013,4,4,59125,0.6765327695560254,0.6765327695560254,c_1e0ff7706e23
2014,12,12,59783,2.0072595888463276,2.0072595888463276,c_1e0ff7706e23
2015,6,6,60639,0.9894622272794736,0.9894622272794736,c_1e0ff7706e23
2016,11,9,61254,1.795801090541026,1.4692918013517484,c_1e0ff7706e23
2017,11,9,60558,1.8164404372667526,1.4861785395818885,c_1e0ff7706e23
2018,10,9,61455,1.6272068993572533,1.4644862094215279,c_1e0ff7706e23
2019,10,8,61056,1.6378406708595388,1.310272536687631,c_1e0ff7706e23
2020,8,7,61021,1.3110240736795529,1.1471460644696088,c_1e0ff7706e23
2021,12,10,59002,2.033829361716552,1.69485780143046,c_1e0ff7706e23
2022,2,1,59296,0.33729087965461413,0.16864543982730706,c_1e0ff7706e23
2023,4,3,63288,0.6320313487548982,0.47402351156617367,c_1e0ff7706e23
2024,3,3,58473,0.5130573085013596,0.5130573085013596,c_1e0ff7706e23
2013,5,5,205060,0.24383107383204916,0.24383107383204916,c_7f10d7675fc9
2014,9,9,216783,0.4151617054842861,0.4151617054842861,c_7f10d7675fc9
2015,19,19,217789,0.872404024078351,0.872404024078351,c_7f10d7675fc9
2016,21,21,220002,0.9545367769383915,0.9545367769383915,c_7f10d7675fc9
2017,33,33,222398,1.483826293401919,1.483826293401919,c_7f10d7675fc9
2018,27,27,232405,1.161765022267163,1.161765022267163,c_7f10d7675fc9
2019,40,40,240359,1.6641773347367896,1.6641773347367896,c_7f10d7675fc9
2020,26,26,235323,1.104864377897613,1.104864377897613,c_7f10d7675fc9
2021,41,40,230890,1.775737364112781,1.732426696695396,c_7f10d7675fc9
2022,21,21,229737,0.9140887188393685,0.9140887188393685,c_7f10d7675fc9
2023,16,16,253497,0.6311711775681763,0.6311711775681763,c_7f10d7675fc9
2024,14,14,266529,0.5252711712421537,0.5252711712421537,c_7f10d7675fc9
2014,7,7,216783,0.3229035487100003,0.3229035487100003,c_e44f84504a49
2015,8,8,217789,0.36732801013825306,0.36732801013825306,c_e44f84504a49
2016,29,29,220002,1.3181698348196835,1.3181698348196835,c_e44f84504a49
2017,34,34,222398,1.5287907265353107,1.5287907265353107,c_e44f84504a49
2018,34,34,232405,1.4629633613734645,1.4629633613734645,c_e44f84504a49
2019,28,28,240359,1.1649241343157526,1.1649241343157526,c_e44f84504a49
2020,24,21,235323,1.0198748103670274,0.892390459071149,c_e44f84504a49
2021,15,12,230890,0.6496600112607736,0.5197280090086188,c_e44f84504a49
2022,18,18,229737,0.7835046161480301,0.7835046161480301,c_e44f84504a49
2023,9,9,253497,0.3550337873820992,0.3550337873820992,c_e44f84504a49
2024,9,9,266529,0.337674324369956,0.337674324369956,c_e44f84504a49
2007,7,6,75558,0.9264406151565685,0.7940919558484872,c_2cfdd88c29c0
2008,10,6,79496,1.2579249270403543,0.7547549562242125,c_2cfdd88c29c0
2009,11,10,86153,1.2767982542685687,1.1607256856986987,c_2cfdd88c29c0
2010,14,13,93500,1.4973262032085561,1.3903743315508021,c_2cfdd88c29c0
2011,10,8,102571,0.9749344356592019,0.7799475485273616,c_2cfdd88c29c0
2012,19,15,108152,1.7567867445816998,1.3869369036171315,c_2cfdd88c29c0
2013,31,25,114185,2.714892499014757,2.18942943468932,c_2cfdd88c29c0
2014,24,20,118513,2.025094293453039,1.6875785778775325,c_2cfdd88c29c0
2015,20,17,122634,1.6308690901381346,1.3862387266174143,c_2cfdd88c29c0
2016,24,18,127359,1.8844369066968176,1.4133276800226133,c_2cfdd88c29c0
2017,25,20,128667,1.9430001476680112,1.554400118134409,c_2cfdd88c29c0
2018,21,18,132986,1.5791135909043057,1.3535259350608335,c_2cfdd88c29c0
2019,19,17,139758,1.3594928376193134,1.2163883283962278,c_2cfdd88c29c0
2020,12,12,144402,0.831013420866747,0.831013420866747,c_2cfdd88c29c0
2021,12,11,140889,0.8517343440580882,0.7807564820532475,c_2cfdd88c29c0
2022,13,12,142920,0.9095997760985166,0.8396305625524769,c_2cfdd88c29c0
2023,5,5,151908,0.32914658872475444,0.32914658872475444,c_2cfdd88c29c0
2024,7,7,160217,0.43690744427869704,0.43690744427869704,c_2cfdd88c29c0
2007,1,1,72745,0.13746649254244278,0.13746649254244278,c_4b595245dc4e
2008,9,4,78057,1.1530035743110805,0.5124460330271469,c_4b595245dc4e
2009,6,2,83127,0.7217871449709481,0.240595714990316,c_4b595245dc4e
2010,3,1,87106,0.3444079627120979,0.11480265423736596,c_4b595245dc4e
2011,0,0,90487,0.0,0.0,c_4b595245dc4e
2012,2,0,90571,0.22082123416987778,0.0,c_4b595245dc4e
2013,0,0,88428,0.0,0.0,c_4b595245dc4e
2014,6,4,90387,0.6638122738889443,0.4425415159259628,c_4b595245dc4e
2015,4,1,88603,0.45145198243851786,0.11286299560962947,c_4b595245dc4e
2016,5,3,93098,0.5370684654879804,0.3222410792927882,c_4b595245dc4e
2017,5,1,84609,0.5909536810504793,0.11819073621009585,c_4b595245dc4e
2018,1,0,85970,0.11631964638827498,0.0,c_4b595245dc4e
2019,7,1,84262,0.8307422088248558,0.11867745840355083,c_4b595245dc4e
2020,5,1,80722,0.6194098263174846,0.12388196526349694,c_4b595245dc4e
2021,3,2,73953,0.4056630562654659,0.2704420375103106,c_4b595245dc4e
2022,3,0,69144,0.4338771259979174,0.0,c_4b595245dc4e
2023,3,2,73858,0.4061848411817271,0.2707898941211514,c_4b595245dc4e
2024,3,3,76699,0.39113938904027434,0.39113938904027434,c_4b595245dc4e
2012,14,14,35221,3.9749013372703783,3.9749013372703783,c_87df94bef363
2013,20,20,36824,5.431240495329133,5.431240495329133,c_87df94bef363
2014,20,20,34386,5.816320595591229,5.816320595591229,c_87df94bef363
2015,20,20,36146,5.533115697449234,5.533115697449234,c_87df94bef363
2016,21,21,41256,5.090168702734148,5.090168702734148,c_87df94bef363
2017,16,16,36680,4.362050163576881,4.362050163576881,c_87df94bef363
2018,8,8,33992,2.353494939985879,2.353494939985879,c_87df94bef363
2019,4,4,35093,1.1398284558173994,1.1398284558173994,c_87df94bef363
2020,5,5,31855,1.5696123057604772,1.5696123057604772,c_87df94bef363
2021,5,5,33680,1.484560570071259,1.484560570071259,c_87df94bef363
2022,6,6,34890,1.7196904557179709,1.7196904557179709,c_87df94bef363
2023,1,1,36843,0.2714219797519203,0.2714219797519203,c_87df94bef363
2024,4,4,32755,1.2211876049458097,1.2211876049458097,c_87df94bef363
2010,3,2,30582,0.9809691975671964,0.6539794650447976,c_1ae65909ef19
2011,8,7,32539,2.45858815575156,2.151264636282615,c_1ae65909ef19
2012,14,14,35221,3.9749013372703783,3.9749013372703783,c_1ae65909ef19
2013,3,3,36824,0.81468607429937,0.81468607429937,c_1ae65909ef19
2014,11,11,34386,3.198976327575176,3.198976327575176,c_1ae65909ef19
2015,3,3,36146,0.829967354617385,0.829967354617385,c_1ae65909ef19
2016,9,9,41256,2.181500872600349,2.181500872600349,c_1ae65909ef19
2017,4,4,36680,1.0905125408942202,1.0905125408942202,c_1ae65909ef19
2018,4,4,33992,1.1767474699929394,1.1767474699929394,c_1ae65909ef19
2019,2,2,35093,0.5699142279086997,0.5699142279086997,c_1ae65909ef19
2020,5,5,31855,1.5696123057604772,1.5696123057604772,c_1ae65909ef19
2021,2,2,33680,0.5938242280285035,0.5938242280285035,c_1ae65909ef19
2022,4,4,34890,1.1464603038119805,1.1464603038119805,c_1ae65909ef19
2023,2,2,36843,0.5428439595038406,0.5428439595038406,c_1ae65909ef19
2024,4,4,32755,1.2211876049458097,1.2211876049458097,c_1ae65909ef19
2011,6,5,150946,0.39749314324327906,0.33124428603606587,c_99bda3ffe651
2012,12,10,142191,0.8439352701647783,0.7032793918039819,c_99bda3ffe651
2013,45,38,167554,2.6857013261396325,2.2679255642956897,c_99bda3ffe651
2014,69,64,158773,4.345827061276162,4.03091205683586,c_99bda3ffe651
2015,58,48,167833,3.455816198244684,2.8599858192369796,c_99bda3ffe651
2016,44,36,168321,2.6140529108073265,2.1387705633878125,c_99bda3ffe651
2017,36,28,171549,2.098525785635591,1.6321867221610151,c_99bda3ffe651
2018,24,20,194941,1.231141730061916,1.0259514417182636,c_99bda3ffe651
2019,44,42,184672,2.3826026685149886,2.274302547218853,c_99bda3ffe651
2020,29,22,200716,1.444827517487395,1.0960760477490583,c_99bda3ffe651
2021,23,17,176122,1.305912946707396,0.9652400040880753,c_99bda3ffe651
2022,28,22,175571,1.5947964071515228,1.253054319904768,c_99bda3ffe651
2023,16,15,186792,0.8565677330934943,0.803032249775151,c_99bda3ffe651
2024,14,14,148815,0.9407653798340221,0.9407653798340221,c_99bda3ffe651
2008,19,19,20260,9.378084896347483,9.378084896347483,c_a13026e2ec51
2009,23,23,21235,10.831174947021427,10.831174947021427,c_a13026e2ec51
2010,14,14,22089,6.337996287745032,6.337996287745032,c_a13026e2ec51
2011,2,2,24269,0.8240965841196588,0.8240965841196588,c_a13026e2ec51
2012,7,7,26061,2.686005909213,2.686005909213,c_a13026e2ec51
2013,5,5,26559,1.8826010015437329,1.8826010015437329,c_a13026e2ec51
2014,2,2,28351,0.7054424888011005,0.7054424888011005,c_a13026e2ec51
2015,2,2,28832,0.6936736958934517,0.6936736958934517,c_a13026e2ec51
2016,2,2,29688,0.6736728644570197,0.6736728644570197,c_a13026e2ec51
2017,2,2,31533,0.6342561760695145,0.6342561760695145,c_a13026e2ec51
2018,1,1,30585,0.3269576589831617,0.3269576589831617,c_a13026e2ec51
2019,3,3,32424,0.9252405625462621,0.9252405625462621,c_a13026e2ec51
2020,6,6,34042,1.7625286410904177,1.7625286410904177,c_a13026e2ec51
2021,0,0,32161,0.0,0.0,c_a13026e2ec51
2022,0,0,32709,0.0,0.0,c_a13026e2ec51
2023,0,0,35001,0.0,0.0,c_a13026e2ec51
2024,0,0,36029,0.0,0.0,c_a13026e2ec51
2014,5,2,63666,0.7853485376810229,0.3141394150724091,c_3ece93670063
2015,2,0,65630,0.30473868657626085,0.0,c_3ece93670063
2016,4,1,65573,0.6100071675842191,0.15250179189605478,c_3ece93670063
2017,10,1,68372,1.4625870239279237,0.14625870239279237,c_3ece93670063
2018,20,7,75449,2.6507972272661005,0.9277790295431351,c_3ece93670063
2019,15,6,83321,1.800266439433036,0.7201065757732145,c_3ece93670063
2020,18,8,84185,2.1381481261507393,0.9502880560669953,c_3ece93670063
2021,18,7,88627,2.030983785979442,0.7898270278808941,c_3ece93670063
2022,9,3,89722,1.0030984596865875,0.3343661532288625,c_3ece93670063
2023,7,4,103203,0.6782748563510751,0.3875856322006143,c_3ece93670063
2024,19,10,105524,1.8005382661764149,0.9476517190402184,c_3ece93670063
2012,4,4,35221,1.1356860963629654,1.1356860963629654,c_9e3bad270e4c
2013,10,10,36824,2.7156202476645666,2.7156202476645666,c_9e3bad270e4c
2014,15,15,34386,4.362240446693422,4.362240446693422,c_9e3bad270e4c
2015,18,18,36146,4.97980412770431,4.97980412770431,c_9e3bad270e4c
2016,26,26,41256,6.302113631956564,6.302113631956564,c_9e3bad270e4c
2017,13,13,36680,3.544165757906216,3.544165757906216,c_9e3bad270e4c
2018,18,18,33992,5.2953636149682275,5.2953636149682275,c_9e3bad270e4c
2019,10,10,35093,2.8495711395434986,2.8495711395434986,c_9e3bad270e4c
2020,13,13,31855,4.08099199497724,4.08099199497724,c_9e3bad270e4c
2021,11,10,33680,3.2660332541567696,2.969121140142518,c_9e3bad270e4c
2022,9,9,34890,2.5795356835769563,2.5795356835769563,c_9e3bad270e4c
2023,12,12,36843,3.257063757023044,3.257063757023044,c_9e3bad270e4c
2024,2,2,32755,0.6105938024729048,0.6105938024729048,c_9e3bad270e4c
2014,12,12,6330,18.95734597156398,18.95734597156398,c_e85f6af2801f
2015,9,8,6299,14.287982219399904,12.700428639466582,c_e85f6af2801f
2016,11,9,6871,16.009314510260516,13.098530053849512,c_e85f6af2801f
2017,4,3,6471,6.181424818420646,4.6360686138154845,c_e85f6af2801f
2018,3,3,6655,4.507888805409467,4.507888805409467,c_e85f6af2801f
2019,8,5,6780,11.799410029498524,7.374631268436578,c_e85f6af2801f
2020,6,4,7348,8.165487207403375,5.443658138268916,c_e85f6af2801f
2021,2,1,7205,2.775850104094379,1.3879250520471895,c_e85f6af2801f
2022,1,1,7260,1.3774104683195592,1.3774104683195592,c_e85f6af2801f
2023,1,0,7291,1.371553970648745,0.0,c_e85f6af2801f
2024,2,1,7617,2.625705658395694,1.312852829197847,c_e85f6af2801f
2009,7,7,40208,1.7409470752089136,1.7409470752089136,c_b90a0c18af13
2010,9,9,30582,2.942907592701589,2.942907592701589,c_b90a0c18af13
2011,21,21,32539,6.453793908847844,6.453793908847844,c_b90a0c18af13
2012,22,22,35221,6.246273529996309,6.246273529996309,c_b90a0c18af13
2013,46,46,36824,12.491853139257007,12.491853139257007,c_b90a0c18af13
2014,43,43,34386,12.505089280521142,12.505089280521142,c_b90a0c18af13
2015,41,41,36146,11.34288717977093,11.34288717977093,c_b90a0c18af13
2016,53,51,41256,12.846616249757611,12.361838278068644,c_b90a0c18af13
2017,49,47,36680,13.358778625954198,12.813522355507088,c_b90a0c18af13
2018,47,44,33992,13.826782772417038,12.944222169922334,c_b90a0c18af13
2019,50,47,35093,14.247855697717494,13.392984355854443,c_b90a0c18af13
2020,45,42,31855,14.126510751844295,13.184743368388007,c_b90a0c18af13
2021,41,39,33680,12.173396674584323,11.579572446555819,c_b90a0c18af13
2022,55,53,34890,15.763829177414731,15.190599025508742,c_b90a0c18af13
2023,44,44,36843,11.942567109084493,11.942567109084493,c_b90a0c18af13
2024,43,42,32755,13.127766753167455,12.822469851931002,c_b90a0c18af13
2007,4,4,37909,1.0551584056556491,1.0551584056556491,c_62af526ae811
2008,9,9,38335,2.347724011999478,2.347724011999478,c_62af526ae811
2009,42,42,39646,10.59375472935479,10.59375472935479,c_62af526ae811
2010,50,47,41570,12.027904738994467,11.306230454654798,c_62af526ae811
2011,77,75,44188,17.425545396940347,16.972933828188648,c_62af526ae811
2012,81,71,44614,18.15573586766486,15.914286995113642,c_62af526ae811
2013,128,114,53634,23.865458477831226,21.255173956818435,c_62af526ae811
2014,126,108,47652,26.44170234197935,22.664316293125157,c_62af526ae811
2015,121,105,49413,24.487483051018962,21.24946876328092,c_62af526ae811
2016,118,100,47197,25.001589084051954,21.187787359366062,c_62af526ae811
2017,130,116,48985,26.53873634786159,23.68071858732265,c_62af526ae811
2018,134,118,50695,26.432587040142025,23.276457244304172,c_62af526ae811
2019,146,112,50373,28.983780993786354,22.23413336509638,c_62af526ae811
2020,94,78,48810,19.258348699037082,15.980331899200984,c_62af526ae811
2021,89,64,46065,19.32052534462173,13.89341148377293,c_62af526ae811
2022,86,67,43763,19.651303612640817,15.309736535429472,c_62af526ae811
2023,69,51,45461,15.17784474604606,11.218406986207958,c_62af526ae811
2024,39,28,48073,8.112661993218646,5.824475277182618,c_62af526ae811
2008,5,5,159840,0.3128128128128128,0.3128128128128128,c_55c5e5df6bab
2009,10,10,166639,0.600099616536345,0.600099616536345,c_55c5e5df6bab
2010,13,12,180517,0.7201537805303656,0.6647573358741836,c_55c5e5df6bab
2011,20,19,193927,1.0313159075322158,0.9797501121556049,c_55c5e5df6bab
2012,47,43,199321,2.3580054284295184,2.157324115371687,c_55c5e5df6bab
2013,67,63,205060,3.2673363893494587,3.0722715302838193,c_55c5e5df6bab
2014,112,104,216783,5.166456779360005,4.797424152262862,c_55c5e5df6bab
2015,134,131,217789,6.1527441698157395,6.014996166013894,c_55c5e5df6bab
2016,183,171,220002,8.318106199034554,7.772656612212616,c_55c5e5df6bab
2017,220,207,222398,9.892175289346127,9.307637658612038,c_55c5e5df6bab
2018,234,222,232405,10.068630192982079,9.552290183085562,c_55c5e5df6bab
2019,231,222,240359,9.61062410810496,9.236184207789181,c_55c5e5df6bab
2020,207,192,235323,8.796420239415612,8.15899848293622,c_55c5e5df6bab
2021,190,166,230890,8.229026809303132,7.1895707912858935,c_55c5e5df6bab
2022,184,160,229737,8.009158298402086,6.964485476871379,c_55c5e5df6bab
2023,177,152,253497,6.9823311518479505,5.996126186897675,c_55c5e5df6bab
2024,199,173,266529,7.466354505513471,6.490850901778043,c_55c5e5df6bab
2015,12,12,126862,0.9459097286815595,0.9459097286815595,c_e3cf4e8c060a
2016,30,29,137465,2.182373695122395,2.109627905284982,c_e3cf4e8c060a
2017,146,138,140391,10.39952703520881,9.82968993738915,c_e3cf4e8c060a
2018,412,361,156293,26.360745522832115,23.097643528500956,c_e3cf4e8c060a
2019,714,617,175096,40.777630556951614,35.23781240005483,c_e3cf4e8c060a
2020,961,847,191125,50.2812295618051,44.31654676258993,c_e3cf4e8c060a
2021,1079,941,193031,55.89775735503624,48.748646590444025,c_e3cf4e8c060a
2022,1025,917,187583,54.6424782629556,48.88502689476125,c_e3cf4e8c060a
2023,1051,934,219795,47.81728428763166,42.494142268932414,c_e3cf4e8c060a
2024,917,774,242288,37.84752030641221,31.945453344779768,c_e3cf4e8c060a
2014,4,4,59783,0.6690865296154426,0.6690865296154426,c_5891791e366f
2015,32,32,60639,5.277131878823859,5.277131878823859,c_5891791e366f
2016,46,46,61254,7.509713651353381,7.509713651353381,c_5891791e366f
2017,42,42,60558,6.935499851382146,6.935499851382146,c_5891791e366f
2018,55,54,61455,8.949637946464893,8.786917256529168,c_5891791e366f
2019,54,52,61056,8.84433962264151,8.516771488469601,c_5891791e366f
2020,73,68,61021,11.963094672325921,11.1437046262762,c_5891791e366f
2021,68,61,59002,11.525033049727128,10.338632588725806,c_5891791e366f
2022,41,36,59296,6.91446303291959,6.071235833783055,c_5891791e366f
2023,46,43,63288,7.26836051068133,6.794336999115156,c_5891791e366f
2024,36,32,58473,6.156687702016315,5.4726112906811695,c_5891791e366f
2005,16,16,28516,5.610885117127227,5.610885117127227,c_af9db7d6afa5
2006,6,6,27307,2.197238803237265,2.197238803237265,c_af9db7d6afa5
2007,17,17,29129,5.836108345634934,5.836108345634934,c_af9db7d6afa5
2008,5,5,30787,1.6240621041348622,1.6240621041348622,c_af9db7d6afa5
2009,5,5,40208,1.243533625149224,1.243533625149224,c_af9db7d6afa5
2010,10,10,30582,3.269897325223988,3.269897325223988,c_af9db7d6afa5
2011,7,7,32539,2.151264636282615,2.151264636282615,c_af9db7d6afa5
2012,6,6,35221,1.7035291445444478,1.7035291445444478,c_af9db7d6afa5
2013,2,2,36824,0.5431240495329133,0.5431240495329133,c_af9db7d6afa5
2014,5,5,34386,1.4540801488978072,1.4540801488978072,c_af9db7d6afa5
2015,1,1,36146,0.2766557848724617,0.2766557848724617,c_af9db7d6afa5
2016,1,1,41256,0.24238898584448323,0.24238898584448323,c_af9db7d6afa5
2017,0,0,36680,0.0,0.0,c_af9db7d6afa5
2018,1,1,33992,0.29418686749823486,0.29418686749823486,c_af9db7d6afa5
2019,3,3,35093,0.8548713418630496,0.8548713418630496,c_af9db7d6afa5
2020,0,0,31855,0.0,0.0,c_af9db7d6afa5
2021,1,1,33680,0.29691211401425177,0.29691211401425177,c_af9db7d6afa5
2022,0,0,34890,0.0,0.0,c_af9db7d6afa5
2023,0,0,36843,0.0,0.0,c_af9db7d6afa5
2024,0,0,32755,0.0,0.0,c_af9db7d6afa5
2012,7,4,35221,1.9874506686351892,1.1356860963629654,c_0bce43f9d6c1
2013,4,1,36824,1.0862480990658265,0.27156202476645663,c_0bce43f9d6c1
2014,10,1,34386,2.9081602977956145,0.29081602977956145,c_0bce43f9d6c1
2015,9,2,36146,2.489902063852155,0.5533115697449233,c_0bce43f9d6c1
2016,4,1,41256,0.9695559433779329,0.24238898584448323,c_0bce43f9d6c1
2017,2,1,36680,0.5452562704471101,0.27262813522355506,c_0bce43f9d6c1
2018,9,3,33992,2.6476818074841137,0.8825606024947046,c_0bce43f9d6c1
2019,8,2,35093,2.279656911634799,0.5699142279086997,c_0bce43f9d6c1
2020,9,3,31855,2.825302150368859,0.9417673834562863,c_0bce43f9d6c1
2021,11,5,33680,3.2660332541567696,1.484560570071259,c_0bce43f9d6c1
2022,6,2,34890,1.7196904557179709,0.5732301519059902,c_0bce43f9d6c1
2023,8,1,36843,2.1713758380153623,0.2714219797519203,c_0bce43f9d6c1
2024,9,2,32755,2.747672111128072,0.6105938024729048,c_0bce43f9d6c1
2007,5,5,29129,1.7165024545985101,1.7165024545985101,c_35e295b4ba1b
2008,7,7,30787,2.273686945788807,2.273686945788807,c_35e295b4ba1b
2009,19,19,40208,4.725427775567051,4.725427775567051,c_35e295b4ba1b
2010,13,13,30582,4.250866522791184,4.250866522791184,c_35e295b4ba1b
2011,7,7,32539,2.151264636282615,2.151264636282615,c_35e295b4ba1b
2012,9,9,35221,2.555293716816672,2.555293716816672,c_35e295b4ba1b
2013,7,7,36824,1.9009341733651965,1.9009341733651965,c_35e295b4ba1b
2014,4,4,34386,1.1632641191182458,1.1632641191182458,c_35e295b4ba1b
2015,11,11,36146,3.0432136335970785,3.0432136335970785,c_35e295b4ba1b
2016,4,4,41256,0.9695559433779329,0.9695559433779329,c_35e295b4ba1b
2017,5,5,36680,1.3631406761177753,1.3631406761177753,c_35e295b4ba1b
2018,5,5,33992,1.4709343374911743,1.4709343374911743,c_35e295b4ba1b
2019,6,6,35093,1.7097426837260992,1.7097426837260992,c_35e295b4ba1b
2020,7,7,31855,2.197457228064668,2.197457228064668,c_35e295b4ba1b
2021,8,8,33680,2.375296912114014,2.375296912114014,c_35e295b4ba1b
2022,10,10,34890,2.866150759529951,2.866150759529951,c_35e295b4ba1b
2023,11,11,36843,2.9856417772711232,2.9856417772711232,c_35e295b4ba1b
2024,1,1,32755,0.3052969012364524,0.3052969012364524,c_35e295b4ba1b
2009,7,7,16478,4.248088360237893,4.248088360237893,c_92c7d10cd004
2010,7,7,17320,4.041570438799076,4.041570438799076,c_92c7d10cd004
2011,5,5,19765,2.5297242600556538,2.5297242600556538,c_92c7d10cd004
2012,5,5,19830,2.5214321734745337,2.5214321734745337,c_92c7d10cd004
2013,13,13,21666,6.000184621065263,6.000184621065263,c_92c7d10cd004
2014,11,11,23452,4.690431519699812,4.690431519699812,c_92c7d10cd004
2015,8,7,23790,3.362757461118117,2.942412778478352,c_92c7d10cd004
2016,22,22,25681,8.566644601066937,8.566644601066937,c_92c7d10cd004
2017,13,11,26438,4.9171646871926775,4.160677812239958,c_92c7d10cd004
2018,10,8,27636,3.618468664061369,2.8947749312490956,c_92c7d10cd004
2019,4,4,30130,1.3275804845668768,1.3275804845668768,c_92c7d10cd004
2020,12,9,30305,3.9597426167299123,2.9698069625474344,c_92c7d10cd004
2021,15,11,29904,5.016051364365971,3.6784376672017123,c_92c7d10cd004
2022,24,16,29181,8.224529659710086,5.4830197731400565,c_92c7d10cd004
2023,17,15,29862,5.692853794119617,5.023106288929074,c_92c7d10cd004
2024,14,9,29052,4.818945339391436,3.097893432465923,c_92c7d10cd004
2012,5,3,58893,0.8489973341483708,0.5093984004890225,c_a6e0e7783421
2013,6,1,60870,0.9857072449482503,0.1642845408247084,c_a6e0e7783421
2014,12,4,76164,1.5755475027572081,0.5251825009190694,c_a6e0e7783421
2015,10,3,65764,1.5205887719725077,0.4561766315917523,c_a6e0e7783421
2016,6,2,65584,0.9148572822639668,0.3049524274213223,c_a6e0e7783421
2017,2,1,65720,0.30432136335970783,0.15216068167985392,c_a6e0e7783421
2018,9,6,68972,1.3048773415298962,0.8699182276865974,c_a6e0e7783421
2019,8,5,75252,1.0630946685802372,0.6644341678626482,c_a6e0e7783421
2020,9,4,67261,1.3380710961775768,0.594698264967812,c_a6e0e7783421
2021,5,2,62767,0.7965969378813708,0.3186387751525483,c_a6e0e7783421
2022,4,2,61771,0.6475530588787619,0.32377652943938096,c_a6e0e7783421
2023,2,1,70574,0.28339048374755577,0.14169524187377788,c_a6e0e7783421
2024,8,2,63536,1.2591286829513977,0.3147821707378494,c_a6e0e7783421
2009,12,12,83127,1.4435742899418962,1.4435742899418962,c_43521ace85c3
2010,26,25,87106,2.984869010171515,2.8700663559341493,c_43521ace85c3
2011,26,21,90487,2.8733409219003834,2.3207753599964636,c_43521ace85c3
2012,65,55,90571,7.176690110521028,6.072583939671639,c_43521ace85c3
2013,71,59,88428,8.029131044465554,6.672094811598137,c_43521ace85c3
2014,114,91,90387,12.61243320388994,10.067819487315655,c_43521ace85c3
2015,125,100,88603,14.107874451203683,11.286299560962947,c_43521ace85c3
2016,160,134,93098,17.186190895615372,14.393434875077874,c_43521ace85c3
2017,217,183,84609,25.6473897575908,21.62890472644754,c_43521ace85c3
2018,273,219,85970,31.755263463999068,25.474002559032222,c_43521ace85c3
2019,305,256,84262,36.196624813083005,30.381429351309013,c_43521ace85c3
2020,238,175,80722,29.48390773271227,21.679343921111965,c_43521ace85c3
2021,264,177,73953,35.698348951361,23.934120319662487,c_43521ace85c3
2022,218,156,69144,31.528404489181998,22.561610551891704,c_43521ace85c3
2023,232,145,73858,31.411627718053563,19.632267323783477,c_43521ace85c3
2024,137,88,76699,17.86203209950586,11.473422078514714,c_43521ace85c3
2011,13,13,32539,3.9952057530962843,3.9952057530962843,c_569519c8d163
2012,10,10,35221,2.8392152409074134,2.8392152409074134,c_569519c8d163
2013,9,9,36824,2.44405822289811,2.44405822289811,c_569519c8d163
2014,2,2,34386,0.5816320595591229,0.5816320595591229,c_569519c8d163
2015,1,1,36146,0.2766557848724617,0.2766557848724617,c_569519c8d163
2016,0,0,41256,0.0,0.0,c_569519c8d163
2017,0,0,36680,0.0,0.0,c_569519c8d163
2018,0,0,33992,0.0,0.0,c_569519c8d163
2019,0,0,35093,0.0,0.0,c_569519c8d163
2020,0,0,31855,0.0,0.0,c_569519c8d163
2021,0,0,33680,0.0,0.0,c_569519c8d163
2022,0,0,34890,0.0,0.0,c_569519c8d163
2023,0,0,36843,0.0,0.0,c_569519c8d163
2024,0,0,32755,0.0,0.0,c_569519c8d163
2013,8,3,88428,0.9046908219116117,0.33925905821685437,c_3b21300dbb0b
2014,20,6,90387,2.212707579629814,0.6638122738889443,c_3b21300dbb0b
2015,65,27,88603,7.336094714625916,3.0473008814599956,c_3b21300dbb0b
2016,178,49,93098,19.119637371372104,5.263270961782208,c_3b21300dbb0b
2017,461,201,84609,54.48592939285419,23.756337978229265,c_3b21300dbb0b
2018,782,305,85970,90.96196347563104,35.47749214842387,c_3b21300dbb0b
2019,930,395,84262,110.37003631530227,46.87759606940258,c_3b21300dbb0b
2020,849,338,80722,105.1757885087089,41.87210425906196,c_3b21300dbb0b
2021,797,321,73953,107.77115194785877,43.40594702040485,c_3b21300dbb0b
2022,656,271,69144,94.87446488487794,39.193567048478535,c_3b21300dbb0b
2023,637,260,73858,86.24658127758671,35.20268623574968,c_3b21300dbb0b
2024,566,267,76699,73.79496473226509,34.81140562458442,c_3b21300dbb0b
2011,9,9,58822,1.530039781034307,1.530039781034307,c_592b396b9fa6
2012,29,28,59349,4.886350233365348,4.71785539773206,c_592b396b9fa6
2013,51,50,59125,8.625792811839323,8.456659619450317,c_592b396b9fa6
2014,36,35,59783,6.021778766538983,5.854507134135122,c_592b396b9fa6
2015,79,74,60639,13.027919325846403,12.203367469780174,c_592b396b9fa6
2016,57,53,61254,9.305514741894408,8.652496163515853,c_592b396b9fa6
2017,46,43,60558,7.596023646751874,7.100630800224578,c_592b396b9fa6
2018,78,68,61455,12.692213814986575,11.065006915629322,c_592b396b9fa6
2019,86,78,61056,14.085429769392034,12.775157232704403,c_592b396b9fa6
2020,101,82,61021,16.551678930204357,13.437996755215417,c_592b396b9fa6
2021,97,77,59002,16.440120673875462,13.050405071014541,c_592b396b9fa6
2022,88,73,59296,14.840798704803023,12.311117107393416,c_592b396b9fa6
2023,133,111,63288,21.015042346100365,17.538869927948426,c_592b396b9fa6
2024,140,106,58473,23.942674396730116,18.128024900381373,c_592b396b9fa6
2014,2,2,59783,0.3345432648077213,0.3345432648077213,c_2425e0543e8f
2015,3,2,60639,0.4947311136397368,0.3298207424264912,c_2425e0543e8f
2016,6,4,61254,0.9795278675678323,0.6530185783785548,c_2425e0543e8f
2017,2,0,60558,0.3302618976848641,0.0,c_2425e0543e8f
2018,3,2,61455,0.48816206980717597,0.32544137987145066,c_2425e0543e8f
2019,4,3,61056,0.6551362683438156,0.4913522012578616,c_2425e0543e8f
2020,7,5,61021,1.1471460644696088,0.8193900460497205,c_2425e0543e8f
2021,3,1,59002,0.508457340429138,0.169485780143046,c_2425e0543e8f
2022,4,1,59296,0.6745817593092283,0.16864543982730706,c_2425e0543e8f
2023,2,1,63288,0.3160156743774491,0.15800783718872455,c_2425e0543e8f
2024,2,2,58473,0.3420382056675731,0.3420382056675731,c_2425e0543e8f
2015,7,7,65764,1.0644121403807554,1.0644121403807554,c_636516409d2a
2016,4,4,65584,0.6099048548426446,0.6099048548426446,c_636516409d2a
2017,3,3,65720,0.4564820450395618,0.4564820450395618,c_636516409d2a
2018,5,5,68972,0.7249318564054978,0.7249318564054978,c_636516409d2a
2019,2,2,75252,0.2657736671450593,0.2657736671450593,c_636516409d2a
2020,3,3,67261,0.44602369872585895,0.44602369872585895,c_636516409d2a
2021,3,3,62767,0.47795816272882247,0.47795816272882247,c_636516409d2a
2022,2,2,61771,0.32377652943938096,0.32377652943938096,c_636516409d2a
2023,1,1,70574,0.14169524187377788,0.14169524187377788,c_636516409d2a
2024,2,2,63536,0.3147821707378494,0.3147821707378494,c_636516409d2a
2009,7,7,56072,1.2483949208160936,1.2483949208160936,c_63ea2a7e38bb
2010,20,13,55084,3.630818386464309,2.360031951201801,c_63ea2a7e38bb
2011,11,5,95040,1.1574074074074074,0.5260942760942761,c_63ea2a7e38bb
2012,2,2,58893,0.3395989336593483,0.3395989336593483,c_63ea2a7e38bb
2013,4,3,60870,0.6571381632988336,0.4928536224741252,c_63ea2a7e38bb
2014,3,1,76164,0.39388687568930203,0.13129562522976734,c_63ea2a7e38bb
2015,6,2,65764,0.9123532631835046,0.30411775439450156,c_63ea2a7e38bb
2016,7,1,65584,1.067333495974628,0.15247621371066114,c_63ea2a7e38bb
2017,8,5,65720,1.2172854534388313,0.7608034083992696,c_63ea2a7e38bb
2018,6,2,68972,0.8699182276865974,0.2899727425621991,c_63ea2a7e38bb
2019,5,0,75252,0.6644341678626482,0.0,c_63ea2a7e38bb
2020,1,0,67261,0.148674566241953,0.0,c_63ea2a7e38bb
2021,7,2,62767,1.115235713033919,0.3186387751525483,c_63ea2a7e38bb
2022,3,1,61771,0.48566479415907143,0.16188826471969048,c_63ea2a7e38bb
2023,3,1,70574,0.4250857256213336,0.14169524187377788,c_63ea2a7e38bb
2024,0,0,63536,0.0,0.0,c_63ea2a7e38bb
2010,3,3,30582,0.9809691975671964,0.9809691975671964,c_792fc951778d
2011,5,5,32539,1.5366175973447247,1.5366175973447247,c_792fc951778d
2012,12,12,35221,3.4070582890888956,3.4070582890888956,c_792fc951778d
2013,8,8,36824,2.172496198131653,2.172496198131653,c_792fc951778d
2014,14,14,34386,4.07142441691386,4.07142441691386,c_792fc951778d
2015,3,3,36146,0.829967354617385,0.829967354617385,c_792fc951778d
2016,2,2,41256,0.48477797168896647,0.48477797168896647,c_792fc951778d
2017,5,5,36680,1.3631406761177753,1.3631406761177753,c_792fc951778d
2018,4,4,33992,1.1767474699929394,1.1767474699929394,c_792fc951778d
2019,8,8,35093,2.279656911634799,2.279656911634799,c_792fc951778d
2020,0,0,31855,0.0,0.0,c_792fc951778d
2021,1,1,33680,0.29691211401425177,0.29691211401425177,c_792fc951778d
2022,1,1,34890,0.2866150759529951,0.2866150759529951,c_792fc951778d
2023,2,2,36843,0.5428439595038406,0.5428439595038406,c_792fc951778d
2024,3,3,32755,0.9158907037093573,0.9158907037093573,c_792fc951778d
2014,6,6,127188,0.4717426172280404,0.4717426172280404,c_cbade03273e8
2015,7,7,126862,0.551780675064243,0.551780675064243,c_cbade03273e8
2016,10,10,137465,0.7274578983741316,0.7274578983741316,c_cbade03273e8
2017,19,18,140391,1.3533631073216945,1.2821334700942368,c_cbade03273e8
2018,45,44,156293,2.879207642056906,2.815225250011197,c_cbade03273e8
2019,46,43,175096,2.627130259971673,2.4557956777996073,c_cbade03273e8
2020,129,119,191125,6.749509483322433,6.226291693917593,c_cbade03273e8
2021,193,177,193031,9.99839404033549,9.169511632846538,c_cbade03273e8
2022,249,215,187583,13.274123987781408,11.461593001498004,c_cbade03273e8
2023,389,313,219795,17.698309788666712,14.240542323528743,c_cbade03273e8
2024,466,374,242288,19.233309119725284,15.436175130423297,c_cbade03273e8
2012,8,4,15374,5.203590477429426,2.601795238714713,c_b6dd7607bba6
2013,7,2,15547,4.5024763619991,1.2864218177140285,c_b6dd7607bba6
2014,10,9,15479,6.460365656696169,5.814329091026552,c_b6dd7607bba6
2015,14,4,15264,9.171907756813416,2.620545073375262,c_b6dd7607bba6
2016,10,7,15461,6.467886941336266,4.527520858935386,c_b6dd7607bba6
2017,7,4,15124,4.628405183813806,2.6448029621793174,c_b6dd7607bba6
2018,4,1,14673,2.726095549649015,0.6815238874122538,c_b6dd7607bba6
2019,2,2,15897,1.2580990123922753,1.2580990123922753,c_b6dd7607bba6
2020,6,4,20590,2.9140359397765905,1.942690626517727,c_b6dd7607bba6
2021,0,0,14940,0.0,0.0,c_b6dd7607bba6
2022,5,2,14829,3.371771528761211,1.3487086115044844,c_b6dd7607bba6
2023,6,2,16097,3.7274026216065104,1.2424675405355035,c_b6dd7607bba6
2024,4,1,15218,2.6284662899198317,0.6571165724799579,c_b6dd7607bba6
2006,4,4,653815,0.06117938560602005,0.06117938560602005,c_3d37fffdfb30
2007,14,14,686486,0.20393715239640722,0.20393715239640722,c_3d37fffdfb30
2008,20,20,736302,0.27162767451399017,0.27162767451399017,c_3d37fffdfb30
2009,15,15,775573,0.19340539188445188,0.19340539188445188,c_3d37fffdfb30
2010,22,22,813934,0.270292185852907,0.270292185852907,c_3d37fffdfb30
2011,24,24,843241,0.2846161417673002,0.2846161417673002,c_3d37fffdfb30
2012,29,29,873292,0.3320767853135034,0.3320767853135034,c_3d37fffdfb30
2013,26,25,900412,0.28875670248730584,0.27765067546856326,c_3d37fffdfb30
2014,21,21,935352,0.22451440741025838,0.22451440741025838,c_3d37fffdfb30
2015,32,32,961702,0.3327434070013372,0.3327434070013372,c_3d37fffdfb30
2016,35,34,1027522,0.3406253102123361,0.33089315849198364,c_3d37fffdfb30
2017,54,53,724967,0.7448614902471423,0.7310677589462693,c_3d37fffdfb30
2018,60,60,561833,1.0679329978837129,1.0679329978837129,c_3d37fffdfb30
2019,46,44,589740,0.780004747854987,0.7460914979482484,c_3d37fffdfb30
2020,44,43,599870,0.7334922566556087,0.7168219780952539,c_3d37fffdfb30
2021,29,29,392198,0.7394224345866118,0.7394224345866118,c_3d37fffdfb30
2022,29,29,227445,1.275033524588362,1.275033524588362,c_3d37fffdfb30
2023,31,31,241599,1.283117893699891,1.283117893699891,c_3d37fffdfb30
2024,28,28,280497,0.9982281450425494,0.9982281450425494,c_3d37fffdfb30
2010,6,6,5312,11.295180722891565,11.295180722891565,c_e81a3081874e
2011,3,3,5531,5.4239739649249685,5.4239739649249685,c_e81a3081874e
2012,11,8,5878,18.7138482477033,13.610071452875127,c_e81a3081874e
2013,5,1,6259,7.988496564946477,1.5976993129892954,c_e81a3081874e
2014,12,5,6330,18.95734597156398,7.898894154818326,c_e81a3081874e
2015,13,11,6299,20.638196539133197,17.46308937926655,c_e81a3081874e
2016,13,9,6871,18.920098966671517,13.098530053849512,c_e81a3081874e
2017,12,5,6471,18.544274455261938,7.726781023025808,c_e81a3081874e
2018,3,1,6655,4.507888805409467,1.5026296018031555,c_e81a3081874e
2019,10,6,6780,14.749262536873156,8.849557522123893,c_e81a3081874e
2020,9,4,7348,12.248230811105062,5.443658138268916,c_e81a3081874e
2021,3,2,7205,4.163775156141568,2.775850104094379,c_e81a3081874e
2022,8,3,7260,11.019283746556473,4.132231404958677,c_e81a3081874e
2023,8,8,7291,10.97243176518996,10.97243176518996,c_e81a3081874e
2024,4,3,7617,5.251411316791388,3.9385584875935407,c_e81a3081874e
2010,4,3,14769,2.7083756517028914,2.031281738777168,c_5d0609aeb10b
2011,3,3,14959,2.005481649842904,2.005481649842904,c_5d0609aeb10b
2012,1,1,15374,0.6504488096786782,0.6504488096786782,c_5d0609aeb10b
2013,5,5,15547,3.216054544285071,3.216054544285071,c_5d0609aeb10b
2014,10,10,15479,6.460365656696169,6.460365656696169,c_5d0609aeb10b
2015,8,8,15264,5.241090146750524,5.241090146750524,c_5d0609aeb10b
2016,8,8,15461,5.174309553069012,5.174309553069012,c_5d0609aeb10b
2017,19,18,15124,12.56281407035176,11.90161332980693,c_5d0609aeb10b
2018,15,14,14673,10.222858311183806,9.541334423771554,c_5d0609aeb10b
2019,29,26,15897,18.24243567968799,16.35528716109958,c_5d0609aeb10b
2020,23,21,20590,11.170471102476931,10.199125789218067,c_5d0609aeb10b
2021,26,26,14940,17.402945113788487,17.402945113788487,c_5d0609aeb10b
2022,22,21,14829,14.835794726549329,14.161440420797087,c_5d0609aeb10b
2023,23,21,16097,14.28837671615829,13.045909175622787,c_5d0609aeb10b
2024,24,22,15218,15.77079773951899,14.456564594559074,c_5d0609aeb10b
2009,4,4,56019,0.7140434495439048,0.7140434495439048,c_35914ea8d7b8
2010,7,7,56540,1.238061549345596,1.238061549345596,c_35914ea8d7b8
2011,17,10,58822,2.890075141953691,1.7000442011492298,c_35914ea8d7b8
2012,19,13,59349,3.201401877032469,2.190432863232742,c_35914ea8d7b8
2013,32,17,59125,5.412262156448203,2.875264270613108,c_35914ea8d7b8
2014,59,41,59783,9.869026311827778,6.858136928558285,c_35914ea8d7b8
2015,78,49,60639,12.863008954633157,8.080608189449034,c_35914ea8d7b8
2016,93,61,61254,15.1826819473014,9.958533320272961,c_35914ea8d7b8
2017,79,59,60558,13.045344958552132,9.74272598170349,c_35914ea8d7b8
2018,100,68,61455,16.272068993572532,11.065006915629322,c_35914ea8d7b8
2019,115,87,61056,18.835167714884697,14.249213836477987,c_35914ea8d7b8
2020,130,87,61021,21.304141197292736,14.257386801265138,c_35914ea8d7b8
2021,113,62,59002,19.1518931561642,10.508118368868852,c_35914ea8d7b8
2022,128,72,59296,21.586616297895304,12.14247166756611,c_35914ea8d7b8
2023,130,73,63288,20.541018834534192,11.534572114776893,c_35914ea8d7b8
2024,158,94,58473,27.021018247738272,16.075795666375935,c_35914ea8d7b8
2015,2,2,65764,0.30411775439450156,0.30411775439450156,c_c95c87230241
2016,12,8,65584,1.8297145645279336,1.2198097096852891,c_c95c87230241
2017,11,11,65720,1.6737674984783932,1.6737674984783932,c_c95c87230241
2018,14,12,68972,2.029809197935394,1.7398364553731949,c_c95c87230241
2019,17,13,75252,2.2590761707330036,1.7275288364428851,c_c95c87230241
2020,12,12,67261,1.7840947949034358,1.7840947949034358,c_c95c87230241
2021,11,9,62767,1.7525132633390157,1.4338744881864673,c_c95c87230241
2022,17,13,61771,2.752100500234738,2.104547441355976,c_c95c87230241
2023,15,14,70574,2.1254286281066683,1.9837333862328903,c_c95c87230241
2024,19,14,63536,2.9904306220095696,2.203475195164946,c_c95c87230241
2015,4,4,65764,0.6082355087890031,0.6082355087890031,c_5a54356703c2
2016,8,8,65584,1.2198097096852891,1.2198097096852891,c_5a54356703c2
2017,1,1,65720,0.15216068167985392,0.15216068167985392,c_5a54356703c2
2018,2,2,68972,0.2899727425621991,0.2899727425621991,c_5a54356703c2
2019,3,3,75252,0.3986605007175889,0.3986605007175889,c_5a54356703c2
2020,1,1,67261,0.148674566241953,0.148674566241953,c_5a54356703c2
2021,0,0,62767,0.0,0.0,c_5a54356703c2
2022,0,0,61771,0.0,0.0,c_5a54356703c2
2023,0,0,70574,0.0,0.0,c_5a54356703c2
2024,0,0,63536,0.0,0.0,c_5a54356703c2
2007,1,1,12611,0.7929585282689715,0.7929585282689715,c_ed80891593f2
2008,8,6,13893,5.758295544518822,4.318721658389117,c_ed80891593f2
2009,13,12,14712,8.836324089178902,8.156606851549755,c_ed80891593f2
2010,11,9,15829,6.949270326615705,5.685766630867395,c_ed80891593f2
2011,23,19,17503,13.140604467805518,10.855281951665429,c_ed80891593f2
2012,20,16,18090,11.055831951354339,8.844665561083472,c_ed80891593f2
2013,27,20,20023,13.484492833241772,9.98851320980872,c_ed80891593f2
2014,25,15,22282,11.219818687730006,6.731891212638004,c_ed80891593f2
2015,39,25,20588,18.94307363512726,12.142995919953371,c_ed80891593f2
2016,37,29,21969,16.841913605535073,13.200418771905868,c_ed80891593f2
2017,39,23,21668,17.998892375853792,10.614731401144544,c_ed80891593f2
2018,18,8,21593,8.33603482610105,3.704904367156023,c_ed80891593f2
2019,33,15,22071,14.951746635857006,6.796248470844094,c_ed80891593f2
2020,25,14,24045,10.39717196922437,5.822416302765648,c_ed80891593f2
2021,35,17,23097,15.153483136338053,7.360263237649911,c_ed80891593f2
2022,19,11,20712,9.173426033217458,5.3109308613364234,c_ed80891593f2
2023,19,9,20808,9.13110342176086,4.325259515570934,c_ed80891593f2
2024,20,13,20642,9.688983625617674,6.297839356651488,c_ed80891593f2
2007,4,4,112703,0.3549151309193189,0.3549151309193189,c_21960ecc2d0a
2008,9,9,112984,0.7965729660836932,0.7965729660836932,c_21960ecc2d0a
2009,17,17,115035,1.4778111009692703,1.4778111009692703,c_21960ecc2d0a
2010,20,20,129281,1.5470177365583497,1.5470177365583497,c_21960ecc2d0a
2011,29,26,150946,1.921216859009182,1.7224702873875426,c_21960ecc2d0a
2012,23,22,142191,1.6175426011491585,1.5472146619687603,c_21960ecc2d0a
2013,26,24,167554,1.5517385439917877,1.432374040607804,c_21960ecc2d0a
2014,17,17,158773,1.0707110150970254,1.0707110150970254,c_21960ecc2d0a
2015,23,17,167833,1.3704098717177193,1.012911644313097,c_21960ecc2d0a
2016,20,19,168321,1.1882058685487848,1.1287955751213454,c_21960ecc2d0a
2017,15,15,171549,0.8743857440148296,0.8743857440148296,c_21960ecc2d0a
2018,21,16,194941,1.0772490138041766,0.8207611533746108,c_21960ecc2d0a
2019,13,8,184672,0.703950788424883,0.4332004851845434,c_21960ecc2d0a
2020,17,10,200716,0.8469678550788178,0.49821638534048107,c_21960ecc2d0a
2021,14,8,176122,0.794903532778415,0.4542305901590943,c_21960ecc2d0a
2022,18,13,175571,1.0252262617402645,0.7404411890346355,c_21960ecc2d0a
2023,13,7,186792,0.6959612831384642,0.37474838322840376,c_21960ecc2d0a
2024,11,7,148815,0.7391727984410174,0.47038268991701104,c_21960ecc2d0a
2016,4,4,65573,0.6100071675842191,0.6100071675842191,c_372d7258975d
2017,16,16,68372,2.340139238284678,2.340139238284678,c_372d7258975d
2018,23,23,75449,3.0484168113560153,3.0484168113560153,c_372d7258975d
2019,44,44,83321,5.280781555670239,5.280781555670239,c_372d7258975d
2020,35,35,84185,4.157510245293104,4.157510245293104,c_372d7258975d
2021,40,40,88627,4.513297302176538,4.513297302176538,c_372d7258975d
2022,34,33,89722,3.7894830699271083,3.6780276855174874,c_372d7258975d
2023,31,31,103203,3.003788649554761,3.003788649554761,c_372d7258975d
2024,21,19,105524,1.9900686099844584,1.8005382661764149,c_372d7258975d
2012,6,6,119933,0.5002793226217972,0.5002793226217972,c_3ae606bfd61f
2013,17,17,122732,1.3851318319590653,1.3851318319590653,c_3ae606bfd61f
2014,15,15,127188,1.179356543070101,1.179356543070101,c_3ae606bfd61f
2015,9,8,126862,0.7094322965111696,0.6306064857877063,c_3ae606bfd61f
2016,14,13,137465,1.0184410577237841,0.945695267886371,c_3ae606bfd61f
2017,15,15,140391,1.068444558411864,1.068444558411864,c_3ae606bfd61f
2018,31,30,156293,1.9834541534169796,1.9194717613712706,c_3ae606bfd61f
2019,45,45,175096,2.570018732580984,2.570018732580984,c_3ae606bfd61f
2020,51,51,191125,2.6684107259646828,2.6684107259646828,c_3ae606bfd61f
2021,51,50,193031,2.6420626738710364,2.5902575234029768,c_3ae606bfd61f
2022,67,66,187583,3.571752237676122,3.5184425027854336,c_3ae606bfd61f
2023,98,97,219795,4.4587001524147505,4.413203212083987,c_3ae606bfd61f
2024,60,59,242288,2.4763917321534703,2.435118536617579,c_3ae606bfd61f
2007,0,0,19829,0.0,0.0,c_1f1d4e62775b
2008,0,0,19657,0.0,0.0,c_1f1d4e62775b
2009,2,2,20403,0.9802480027446944,0.9802480027446944,c_1f1d4e62775b
2010,3,3,21619,1.3876682547758916,1.3876682547758916,c_1f1d4e62775b
2011,3,1,23546,1.2741017582604264,0.4247005860868088,c_1f1d4e62775b
2012,0,0,24268,0.0,0.0,c_1f1d4e62775b
2013,0,0,24585,0.0,0.0,c_1f1d4e62775b
2014,2,1,24110,0.8295313148071339,0.41476565740356697,c_1f1d4e62775b
2015,2,2,25209,0.793367448133603,0.793367448133603,c_1f1d4e62775b
2016,2,2,23710,0.8435259384226065,0.8435259384226065,c_1f1d4e62775b
2017,3,1,22681,1.3226930029540143,0.44089766765133814,c_1f1d4e62775b
2018,0,0,23399,0.0,0.0,c_1f1d4e62775b
2019,5,2,24963,2.002964387293194,0.8011857549172776,c_1f1d4e62775b
2020,0,0,23903,0.0,0.0,c_1f1d4e62775b
2021,4,4,23825,1.6789087093389297,1.6789087093389297,c_1f1d4e62775b
2022,1,0,23064,0.43357613596947625,0.0,c_1f1d4e62775b
2023,1,0,24278,0.4118955432902216,0.0,c_1f1d4e62775b
2024,3,3,28522,1.0518196479910245,1.0518196479910245,c_1f1d4e62775b
2006,4,4,107872,0.3708098487095817,0.3708098487095817,c_59fffeba892f
2007,8,8,112703,0.7098302618386378,0.7098302618386378,c_59fffeba892f
2008,8,8,112984,0.7080648587410607,0.7080648587410607,c_59fffeba892f
2009,18,18,115035,1.5647411657321684,1.5647411657321684,c_59fffeba892f
2010,19,19,129281,1.4696668497304322,1.4696668497304322,c_59fffeba892f
2011,18,18,150946,1.1924794297298371,1.1924794297298371,c_59fffeba892f
2012,28,28,142191,1.9691822970511494,1.9691822970511494,c_59fffeba892f
2013,36,36,167554,2.1485610609117063,2.1485610609117063,c_59fffeba892f
2014,27,27,158773,1.7005410239776284,1.7005410239776284,c_59fffeba892f
2015,38,38,167833,2.2641554402292754,2.2641554402292754,c_59fffeba892f
2016,47,47,168321,2.7922837910896443,2.7922837910896443,c_59fffeba892f
2017,29,28,171549,1.6904791050953372,1.6321867221610151,c_59fffeba892f
2018,27,27,194941,1.3850344463196558,1.3850344463196558,c_59fffeba892f
2019,40,36,184672,2.166002425922717,1.9494021833304453,c_59fffeba892f
2020,35,30,200716,1.7437573486916838,1.4946491560214432,c_59fffeba892f
2021,26,25,176122,1.4762494180170564,1.4194705942471695,c_59fffeba892f
2022,17,16,175571,0.9682692471991388,0.911312232658013,c_59fffeba892f
2023,19,18,186792,1.0171741830485246,0.9636386997301811,c_59fffeba892f
2024,19,19,148815,1.27675301548903,1.27675301548903,c_59fffeba892f
2013,4,4,167554,0.23872900676796735,0.23872900676796735,c_be7b73687012
2014,8,8,158773,0.5038640071044825,0.5038640071044825,c_be7b73687012
2015,24,24,167833,1.4299929096184898,1.4299929096184898,c_be7b73687012
2016,30,30,168321,1.782308802823177,1.782308802823177,c_be7b73687012
2017,28,25,171549,1.6321867221610151,1.4573095733580492,c_be7b73687012
2018,39,36,194941,2.000605311350614,1.8467125950928742,c_be7b73687012
2019,52,39,184672,2.815803153699532,2.111852365274649,c_be7b73687012
2020,55,49,200716,2.740190119372646,2.4412602881683574,c_be7b73687012
2021,38,32,176122,2.1575953032556976,1.8169223606363771,c_be7b73687012
2022,46,37,175571,2.6200226688917874,2.107409538021655,c_be7b73687012
2023,41,35,186792,2.1949548160520793,1.873741916142019,c_be7b73687012
2024,47,40,148815,3.158283775157074,2.687901085240063,c_be7b73687012
2005,10,10,84645,1.18140469017662,1.18140469017662,c_a5d4697b6de1
2006,17,17,91985,1.8481274120780562,1.8481274120780562,c_a5d4697b6de1
2007,16,16,96309,1.661319295185289,1.661319295185289,c_a5d4697b6de1
2008,13,13,100189,1.2975476349699069,1.2975476349699069,c_a5d4697b6de1
2009,14,14,106981,1.3086435909180134,1.3086435909180134,c_a5d4697b6de1
2010,19,19,113874,1.668510810193723,1.668510810193723,c_a5d4697b6de1
2011,15,15,116728,1.2850387225001714,1.2850387225001714,c_a5d4697b6de1
2012,6,6,119933,0.5002793226217972,0.5002793226217972,c_a5d4697b6de1
2013,10,10,122732,0.814783430564156,0.814783430564156,c_a5d4697b6de1
2014,8,8,127188,0.6289901563040539,0.6289901563040539,c_a5d4697b6de1
2015,9,9,126862,0.7094322965111696,0.7094322965111696,c_a5d4697b6de1
2016,13,13,137465,0.945695267886371,0.945695267886371,c_a5d4697b6de1
2017,8,8,140391,0.5698370978196609,0.5698370978196609,c_a5d4697b6de1
2018,14,14,156293,0.8957534886399263,0.8957534886399263,c_a5d4697b6de1
2019,7,7,175096,0.3997806917348198,0.3997806917348198,c_a5d4697b6de1
2020,13,13,191125,0.6801831262262917,0.6801831262262917,c_a5d4697b6de1
2021,13,13,193031,0.6734669560847739,0.6734669560847739,c_a5d4697b6de1
2022,9,8,187583,0.4797876140161955,0.4264778791255071,c_a5d4697b6de1
2023,10,10,219795,0.4549694033076276,0.4549694033076276,c_a5d4697b6de1
2024,8,8,242288,0.33018556428712936,0.33018556428712936,c_a5d4697b6de1
2012,9,9,59349,1.5164535206995906,1.5164535206995906,c_30a83dce0f03
2013,17,17,59125,2.875264270613108,2.875264270613108,c_30a83dce0f03
2014,15,15,59783,2.5090744860579095,2.5090744860579095,c_30a83dce0f03
2015,8,8,60639,1.3192829697059647,1.3192829697059647,c_30a83dce0f03
2016,7,7,61254,1.142782512162471,1.142782512162471,c_30a83dce0f03
2017,4,4,60558,0.6605237953697282,0.6605237953697282,c_30a83dce0f03
2018,9,9,61455,1.4644862094215279,1.4644862094215279,c_30a83dce0f03
2019,1,1,61056,0.1637840670859539,0.1637840670859539,c_30a83dce0f03
2020,5,5,61021,0.8193900460497205,0.8193900460497205,c_30a83dce0f03
2021,2,2,59002,0.338971560286092,0.338971560286092,c_30a83dce0f03
2022,2,2,59296,0.33729087965461413,0.33729087965461413,c_30a83dce0f03
2023,0,0,63288,0.0,0.0,c_30a83dce0f03
2024,1,1,58473,0.17101910283378655,0.17101910283378655,c_30a83dce0f03
2016,8,6,65584,1.2198097096852891,0.9148572822639668,c_108519c4a344
2017,12,5,65720,1.8259281801582472,0.7608034083992696,c_108519c4a344
2018,8,2,68972,1.1598909702487965,0.2899727425621991,c_108519c4a344
2019,4,1,75252,0.5315473342901186,0.13288683357252964,c_108519c4a344
2020,13,5,67261,1.9327693611453889,0.7433728312097649,c_108519c4a344
2021,5,2,62767,0.7965969378813708,0.3186387751525483,c_108519c4a344
2022,5,4,61771,0.8094413235984523,0.6475530588787619,c_108519c4a344
2023,4,2,70574,0.5667809674951115,0.28339048374755577,c_108519c4a344
2024,5,1,63536,0.7869554268446235,0.1573910853689247,c_108519c4a344
2016,8,8,137465,0.5819663186993053,0.5819663186993053,c_01ebdf1dd642
2017,19,18,140391,1.3533631073216945,1.2821334700942368,c_01ebdf1dd642
2018,44,43,156293,2.815225250011197,2.751242857965488,c_01ebdf1dd642
2019,80,78,175096,4.568922191255083,4.454699136473706,c_01ebdf1dd642
2020,125,110,191125,6.540222367560497,5.755395683453237,c_01ebdf1dd642
2021,128,119,193031,6.631059259911621,6.164812905699085,c_01ebdf1dd642
2022,162,142,187583,8.636177052291519,7.569982354477752,c_01ebdf1dd642
2023,179,160,219795,8.143952319206534,7.279510452922041,c_01ebdf1dd642
2024,180,146,242288,7.4291751964604105,6.025886548240111,c_01ebdf1dd642
2011,3,3,150946,0.19874657162163953,0.19874657162163953,c_2c781d19e525
2012,14,14,142191,0.9845911485255747,0.9845911485255747,c_2c781d19e525
2013,19,19,167554,1.1339627821478448,1.1339627821478448,c_2c781d19e525
2014,28,28,158773,1.7635240248656887,1.7635240248656887,c_2c781d19e525
2015,23,23,167833,1.3704098717177193,1.3704098717177193,c_2c781d19e525
2016,28,28,168321,1.6634882159682987,1.6634882159682987,c_2c781d19e525
2017,51,50,171549,2.9729115296504207,2.9146191467160985,c_2c781d19e525
2018,33,33,194941,1.6928198788351347,1.6928198788351347,c_2c781d19e525
2019,17,17,184672,0.9205510310171547,0.9205510310171547,c_2c781d19e525
2020,15,15,200716,0.7473245780107216,0.7473245780107216,c_2c781d19e525
2021,13,13,176122,0.7381247090085282,0.7381247090085282,c_2c781d19e525
2022,13,12,175571,0.7404411890346355,0.6834841744935097,c_2c781d19e525
2023,5,5,186792,0.267677416591717,0.267677416591717,c_2c781d19e525
2024,7,7,148815,0.47038268991701104,0.47038268991701104,c_2c781d19e525
2011,3,3,57542,0.5213583121893574,0.5213583121893574,c_5382c59edd3c
2012,9,6,59205,1.5201418799087916,1.0134279199391942,c_5382c59edd3c
2013,21,12,62052,3.3842583639528137,1.9338619222587508,c_5382c59edd3c
2014,24,15,63666,3.7696729808689096,2.3560456130430687,c_5382c59edd3c
2015,39,28,65630,5.942404388237087,4.266341612067652,c_5382c59edd3c
2016,25,15,65573,3.8125447974013693,2.2875268784408216,c_5382c59edd3c
2017,26,20,68372,3.8027262622126017,2.9251740478558474,c_5382c59edd3c
2018,23,16,75449,3.0484168113560153,2.12063778181288,c_5382c59edd3c
2019,14,9,83321,1.6802486768041671,1.0801598636598218,c_5382c59edd3c
2020,12,10,84185,1.425432084100493,1.187860070083744,c_5382c59edd3c
2021,10,7,88627,1.1283243255441344,0.7898270278808941,c_5382c59edd3c
2022,14,11,89722,1.5603753817346917,1.226009228505829,c_5382c59edd3c
2023,6,5,103203,0.5813784483009214,0.4844820402507679,c_5382c59edd3c
2024,8,5,105524,0.7581213752321747,0.4738258595201092,c_5382c59edd3c
2016,8,8,61254,1.3060371567571096,1.3060371567571096,c_5ccf55244c8e
2017,5,5,60558,0.8256547442121602,0.8256547442121602,c_5ccf55244c8e
2018,11,11,61455,1.7899275892929787,1.7899275892929787,c_5ccf55244c8e
2019,4,4,61056,0.6551362683438156,0.6551362683438156,c_5ccf55244c8e
2020,1,1,61021,0.1638780092099441,0.1638780092099441,c_5ccf55244c8e
2021,2,2,59002,0.338971560286092,0.338971560286092,c_5ccf55244c8e
2022,0,0,59296,0.0,0.0,c_5ccf55244c8e
2023,0,0,63288,0.0,0.0,c_5ccf55244c8e
2024,1,1,58473,0.17101910283378655,0.17101910283378655,c_5ccf55244c8e
2011,3,3,32539,0.9219705584068348,0.9219705584068348,c_26644834ada8
2012,5,5,35221,1.4196076204537067,1.4196076204537067,c_26644834ada8
2013,14,6,36824,3.801868346730393,1.62937214859874,c_26644834ada8
2014,8,6,34386,2.3265282382364916,1.7448961786773687,c_26644834ada8
2015,12,7,36146,3.31986941846954,1.9365904941072318,c_26644834ada8
2016,6,3,41256,1.4543339150668995,0.7271669575334497,c_26644834ada8
2017,5,4,36680,1.3631406761177753,1.0905125408942202,c_26644834ada8
2018,1,1,33992,0.29418686749823486,0.29418686749823486,c_26644834ada8
2019,1,0,35093,0.28495711395434986,0.0,c_26644834ada8
2020,2,0,31855,0.6278449223041909,0.0,c_26644834ada8
2021,1,1,33680,0.29691211401425177,0.29691211401425177,c_26644834ada8
2022,0,0,34890,0.0,0.0,c_26644834ada8
2023,0,0,36843,0.0,0.0,c_26644834ada8
2024,0,0,32755,0.0,0.0,c_26644834ada8
2008,19,18,30787,6.171435995712476,5.846623574885504,c_24d62510b246
2009,18,16,40208,4.476721050537207,3.979307600477517,c_24d62510b246
2010,7,7,30582,2.2889281276567917,2.2889281276567917,c_24d62510b246
2011,7,6,32539,2.151264636282615,1.8439411168136697,c_24d62510b246
2012,5,5,35221,1.4196076204537067,1.4196076204537067,c_24d62510b246
2013,3,3,36824,0.81468607429937,0.81468607429937,c_24d62510b246
2014,3,2,34386,0.8724480893386843,0.5816320595591229,c_24d62510b246
2015,4,3,36146,1.1066231394898467,0.829967354617385,c_24d62510b246
2016,6,3,41256,1.4543339150668995,0.7271669575334497,c_24d62510b246
2017,4,2,36680,1.0905125408942202,0.5452562704471101,c_24d62510b246
2018,1,1,33992,0.29418686749823486,0.29418686749823486,c_24d62510b246
2019,0,0,35093,0.0,0.0,c_24d62510b246
2020,1,1,31855,0.31392246115209543,0.31392246115209543,c_24d62510b246
2021,0,0,33680,0.0,0.0,c_24d62510b246
2022,2,1,34890,0.5732301519059902,0.2866150759529951,c_24d62510b246
2023,0,0,36843,0.0,0.0,c_24d62510b246
2024,0,0,32755,0.0,0.0,c_24d62510b246
2008,6,6,112984,0.5310486440557955,0.5310486440557955,c_ef7889a4d23e
2009,29,29,115035,2.5209718781240493,2.5209718781240493,c_ef7889a4d23e
2010,58,58,129281,4.486351436019214,4.486351436019214,c_ef7889a4d23e
2011,122,122,150946,8.082360579280007,8.082360579280007,c_ef7889a4d23e
2012,139,139,142191,9.77558354607535,9.77558354607535,c_ef7889a4d23e
2013,126,126,167554,7.519963713190971,7.519963713190971,c_ef7889a4d23e
2014,137,136,158773,8.628671121664263,8.565688120776203,c_ef7889a4d23e
2015,142,141,167833,8.460791381909399,8.401208344008628,c_ef7889a4d23e
2016,121,118,168321,7.188645504720148,7.01041462443783,c_ef7889a4d23e
2017,150,147,171549,8.743857440148297,8.56898029134533,c_ef7889a4d23e
2018,127,125,194941,6.514791654910973,6.412196510739147,c_ef7889a4d23e
2019,124,121,184672,6.714607520360423,6.552157338416219,c_ef7889a4d23e
2020,76,75,200716,3.7864445285876562,3.7366228900536083,c_ef7889a4d23e
2021,69,67,176122,3.917738840122188,3.8041811925824143,c_ef7889a4d23e
2022,44,41,175571,2.506108639809536,2.3352375961861584,c_ef7889a4d23e
2023,43,38,186792,2.3020257826887662,2.034348366097049,c_ef7889a4d23e
2024,49,42,148815,3.2926788294190774,2.8222961395020665,c_ef7889a4d23e
2015,4,4,65630,0.6094773731525217,0.6094773731525217,c_b416c627fe94
2016,6,6,65573,0.9150107513763287,0.9150107513763287,c_b416c627fe94
2017,13,13,68372,1.9013631311063008,1.9013631311063008,c_b416c627fe94
2018,47,42,75449,6.229373484075336,5.56667417725881,c_b416c627fe94
2019,99,79,83321,11.881758500258039,9.481403247680657,c_b416c627fe94
2020,145,119,84185,17.22397101621429,14.135534833996555,c_b416c627fe94
2021,202,172,88627,22.792151375991516,19.40717839935911,c_b416c627fe94
2022,232,196,89722,25.85764918303203,21.845255344285682,c_b416c627fe94
2023,283,243,103203,27.421683478193465,23.545827156187322,c_b416c627fe94
2024,271,209,105524,25.68136158598992,19.805920927940562,c_b416c627fe94
2007,3,2,6998,4.286939125464419,2.857959416976279,c_de3171466662
2008,4,1,7684,5.205622071837585,1.3014055179593962,c_de3171466662
2009,6,4,8920,6.726457399103139,4.484304932735426,c_de3171466662
2010,15,7,10469,14.328016047377973,6.686407488776387,c_de3171466662
2011,24,10,11914,20.144367970454926,8.39348665435622,c_de3171466662
2012,43,19,13314,32.296830404085924,14.27069250413099,c_de3171466662
2013,57,21,14884,38.29615694705724,14.109110454178984,c_de3171466662
2014,71,31,16672,42.58637236084453,18.59404990403071,c_de3171466662
2015,62,16,18771,33.029673432422356,8.523786692238026,c_de3171466662
2016,57,26,20476,27.837468255518655,12.697792537605,c_de3171466662
2017,48,14,22276,21.547854192853293,6.2847908062488775,c_de3171466662
2018,34,10,23512,14.460700918679823,4.253147329023477,c_de3171466662
2019,19,10,24326,7.8105730494121515,4.110827920743238,c_de3171466662
2020,13,4,26471,4.911034717237732,1.5110876053039175,c_de3171466662
2021,6,2,20444,2.934846409704559,0.9782821365681863,c_de3171466662
2022,7,3,17900,3.910614525139665,1.675977653631285,c_de3171466662
2023,3,2,20546,1.4601382264187677,0.9734254842791784,c_de3171466662
2024,2,1,24460,0.8176614881439084,0.4088307440719542,c_de3171466662
2005,4,4,11947,3.3481208671633045,3.3481208671633045,c_4e82b990c351
2006,4,4,13323,3.002326803272536,3.002326803272536,c_4e82b990c351
2007,7,7,14235,4.917456972251493,4.917456972251493,c_4e82b990c351
2008,17,17,15316,11.099503786889528,11.099503786889528,c_4e82b990c351
2009,16,16,16478,9.709916251972327,9.709916251972327,c_4e82b990c351
2010,11,11,17320,6.351039260969977,6.351039260969977,c_4e82b990c351
2011,12,12,19765,6.071338224133569,6.071338224133569,c_4e82b990c351
2012,11,11,19830,5.547150781643974,5.547150781643974,c_4e82b990c351
2013,14,14,21666,6.46173728422413,6.46173728422413,c_4e82b990c351
2014,17,17,23452,7.248848712263347,7.248848712263347,c_4e82b990c351
2015,16,16,23790,6.725514922236234,6.725514922236234,c_4e82b990c351
2016,15,15,25681,5.840894046182003,5.840894046182003,c_4e82b990c351
2017,11,11,26438,4.160677812239958,4.160677812239958,c_4e82b990c351
2018,16,16,27636,5.789549862498191,5.789549862498191,c_4e82b990c351
2019,10,10,30130,3.318951211417192,3.318951211417192,c_4e82b990c351
2020,20,20,30305,6.599571027883187,6.599571027883187,c_4e82b990c351
2021,21,21,29904,7.022471910112359,7.022471910112359,c_4e82b990c351
2022,13,13,29181,4.454953565676297,4.454953565676297,c_4e82b990c351
2023,13,13,29862,4.35335878373853,4.35335878373853,c_4e82b990c351
2024,28,28,29052,9.637890678782872,9.637890678782872,c_4e82b990c351
2010,2,2,17947,1.1143923775561375,1.1143923775561375,c_4cdbc8f444d1
2011,5,5,18595,2.6888948642108095,2.6888948642108095,c_4cdbc8f444d1
2012,1,1,18984,0.5267593763168984,0.5267593763168984,c_4cdbc8f444d1
2013,0,0,18940,0.0,0.0,c_4cdbc8f444d1
2014,1,1,19464,0.5137690094533498,0.5137690094533498,c_4cdbc8f444d1
2015,0,0,19062,0.0,0.0,c_4cdbc8f444d1
2016,3,3,18928,1.5849535080304311,1.5849535080304311,c_4cdbc8f444d1
2017,8,8,19123,4.183444020289704,4.183444020289704,c_4cdbc8f444d1
2018,16,16,20346,7.863953602673744,7.863953602673744,c_4cdbc8f444d1
2019,28,27,20717,13.515470386638992,13.0327750156876,c_4cdbc8f444d1
2020,20,16,20551,9.731886526203105,7.785509220962483,c_4cdbc8f444d1
2021,19,19,20592,9.226884226884227,9.226884226884227,c_4cdbc8f444d1
2022,17,17,19995,8.502125531382847,8.502125531382847,c_4cdbc8f444d1
2023,23,23,22434,10.252295622715522,10.252295622715522,c_4cdbc8f444d1
2024,14,13,24642,5.681357032708384,5.275545816086357,c_4cdbc8f444d1
2008,9,7,54745,1.6439857521234815,1.2786555849849301,c_da11b8df9771
2009,21,14,56019,3.7487281101055,2.4991520734036667,c_da11b8df9771
2010,18,14,56540,3.1835868411743897,2.476123098691192,c_da11b8df9771
2011,11,5,58822,1.870048621264153,0.8500221005746149,c_da11b8df9771
2012,8,7,59349,1.3479586850663028,1.179463849433015,c_da11b8df9771
2013,12,8,59125,2.029598308668076,1.3530655391120507,c_da11b8df9771
2014,10,6,59783,1.6727163240386063,1.0036297944231638,c_da11b8df9771
2015,8,4,60639,1.3192829697059647,0.6596414848529824,c_da11b8df9771
2016,7,4,61254,1.142782512162471,0.6530185783785548,c_da11b8df9771
2017,6,2,60558,0.9907856930545923,0.3302618976848641,c_da11b8df9771
2018,9,2,61455,1.4644862094215279,0.32544137987145066,c_da11b8df9771
2019,11,5,61056,1.8016247379454926,0.8189203354297694,c_da11b8df9771
2020,9,5,61021,1.474902082889497,0.8193900460497205,c_da11b8df9771
2021,13,9,59002,2.2033151418595978,1.525372021287414,c_da11b8df9771
2022,10,6,59296,1.6864543982730706,1.0118726389638424,c_da11b8df9771
2023,6,2,63288,0.9480470231323473,0.3160156743774491,c_da11b8df9771
2024,9,4,58473,1.5391719255040788,0.6840764113351462,c_da11b8df9771
2015,5,5,126862,0.3941290536173164,0.3941290536173164,c_f9068dcb74a4
2016,19,19,137465,1.38217000691085,1.38217000691085,c_f9068dcb74a4
2017,25,25,140391,1.78074093068644,1.78074093068644,c_f9068dcb74a4
2018,38,38,156293,2.431330897736943,2.431330897736943,c_f9068dcb74a4
2019,33,32,175096,1.8846804038927216,1.8275688765020333,c_f9068dcb74a4
2020,22,22,191125,1.1510791366906474,1.1510791366906474,c_f9068dcb74a4
2021,29,29,193031,1.5023493635737264,1.5023493635737264,c_f9068dcb74a4
2022,15,15,187583,0.7996460233603259,0.7996460233603259,c_f9068dcb74a4
2023,12,12,219795,0.5459632839691531,0.5459632839691531,c_f9068dcb74a4
2024,6,6,242288,0.24763917321534704,0.24763917321534704,c_f9068dcb74a4
2010,3,3,15829,1.8952555436224652,1.8952555436224652,c_8ee79d97b600
2011,2,2,17503,1.142661258070045,1.142661258070045,c_8ee79d97b600
2012,8,8,18090,4.422332780541736,4.422332780541736,c_8ee79d97b600
2013,10,9,20023,4.99425660490436,4.494830944413924,c_8ee79d97b600
2014,5,4,22282,2.243963737546001,1.795170990036801,c_8ee79d97b600
2015,14,12,20588,6.800077715173888,5.8286380415776184,c_8ee79d97b600
2016,9,5,21969,4.096681687832856,2.275934271018253,c_8ee79d97b600
2017,12,8,21668,5.5381207310319365,3.6920804873546245,c_8ee79d97b600
2018,14,8,21593,6.48358264252304,3.704904367156023,c_8ee79d97b600
2019,14,7,22071,6.343165239454488,3.171582619727244,c_8ee79d97b600
2020,11,6,24045,4.5747556664587234,2.495321272613849,c_8ee79d97b600
2021,13,7,23097,5.628436593496991,3.0306966272676106,c_8ee79d97b600
2022,9,5,20712,4.345307068366164,2.414059482425647,c_8ee79d97b600
2023,10,8,20808,4.805843906189927,3.8446751249519417,c_8ee79d97b600
2024,7,4,20642,3.3911442689661855,1.9377967251235346,c_8ee79d97b600
2012,2,0,14966,1.3363624214887078,0.0,c_21571c2d1a59
2013,0,0,15465,0.0,0.0,c_21571c2d1a59
2014,4,1,16246,2.462144527883787,0.6155361319709467,c_21571c2d1a59
2015,2,0,16445,1.2161751292186074,0.0,c_21571c2d1a59
2016,0,0,17108,0.0,0.0,c_21571c2d1a59
2017,1,0,15910,0.6285355122564424,0.0,c_21571c2d1a59
2018,0,0,16927,0.0,0.0,c_21571c2d1a59
2019,3,0,16977,1.7670966601873122,0.0,c_21571c2d1a59
2020,3,1,17817,1.6837851490149858,0.5612617163383286,c_21571c2d1a59
2021,1,0,17616,0.5676657584014533,0.0,c_21571c2d1a59
2022,1,1,16943,0.5902142477719412,0.5902142477719412,c_21571c2d1a59
2023,0,0,16842,0.0,0.0,c_21571c2d1a59
2024,0,0,17822,0.0,0.0,c_21571c2d1a59
2009,5,5,56072,0.8917106577257812,0.8917106577257812,c_d2b738a06440
2010,7,7,55084,1.2707864352625082,1.2707864352625082,c_d2b738a06440
2011,20,20,95040,2.1043771043771042,2.1043771043771042,c_d2b738a06440
2012,2,2,58893,0.3395989336593483,0.3395989336593483,c_d2b738a06440
2013,9,9,60870,1.4785608674223756,1.4785608674223756,c_d2b738a06440
2014,13,13,76164,1.7068431279869756,1.7068431279869756,c_d2b738a06440
2015,11,11,65764,1.6726476491697586,1.6726476491697586,c_d2b738a06440
2016,11,11,65584,1.6772383508172726,1.6772383508172726,c_d2b738a06440
2017,13,13,65720,1.978088861838101,1.978088861838101,c_d2b738a06440
2018,10,10,68972,1.4498637128109957,1.4498637128109957,c_d2b738a06440
2019,9,9,75252,1.1959815021527667,1.1959815021527667,c_d2b738a06440
2020,7,7,67261,1.0407219636936709,1.0407219636936709,c_d2b738a06440
2021,5,5,62767,0.7965969378813708,0.7965969378813708,c_d2b738a06440
2022,3,3,61771,0.48566479415907143,0.48566479415907143,c_d2b738a06440
2023,5,5,70574,0.7084762093688894,0.7084762093688894,c_d2b738a06440
2024,8,8,63536,1.2591286829513977,1.2591286829513977,c_d2b738a06440
2008,7,7,4711,14.85884101040119,14.85884101040119,c_1e2cee2a4ca1
2009,9,9,5182,17.367811655731376,17.367811655731376,c_1e2cee2a4ca1
2010,10,10,5312,18.825301204819276,18.825301204819276,c_1e2cee2a4ca1
2011,5,5,5531,9.03995660820828,9.03995660820828,c_1e2cee2a4ca1
2012,6,6,5878,10.207553589656346,10.207553589656346,c_1e2cee2a4ca1
2013,13,13,6259,20.77009106886084,20.77009106886084,c_1e2cee2a4ca1
2014,14,14,6330,22.11690363349131,22.11690363349131,c_1e2cee2a4ca1
2015,12,12,6299,19.050642959199873,19.050642959199873,c_1e2cee2a4ca1
2016,12,12,6871,17.464706738466017,17.464706738466017,c_1e2cee2a4ca1
2017,11,11,6471,16.998918250656775,16.998918250656775,c_1e2cee2a4ca1
2018,2,2,6655,3.005259203606311,3.005259203606311,c_1e2cee2a4ca1
2019,6,6,6780,8.849557522123893,8.849557522123893,c_1e2cee2a4ca1
2020,2,2,7348,2.721829069134458,2.721829069134458,c_1e2cee2a4ca1
2021,3,3,7205,4.163775156141568,4.163775156141568,c_1e2cee2a4ca1
2022,5,5,7260,6.887052341597796,6.887052341597796,c_1e2cee2a4ca1
2023,9,9,7291,12.343985735838706,12.343985735838706,c_1e2cee2a4ca1
2024,2,2,7617,2.625705658395694,2.625705658395694,c_1e2cee2a4ca1
2012,12,12,35221,3.4070582890888956,3.4070582890888956,c_a9b6c9b8a739
2013,22,22,36824,5.974364544862047,5.974364544862047,c_a9b6c9b8a739
2014,3,3,34386,0.8724480893386843,0.8724480893386843,c_a9b6c9b8a739
2015,2,2,36146,0.5533115697449233,0.5533115697449233,c_a9b6c9b8a739
2016,11,11,41256,2.6662788442893155,2.6662788442893155,c_a9b6c9b8a739
2017,1,1,36680,0.27262813522355506,0.27262813522355506,c_a9b6c9b8a739
2018,3,3,33992,0.8825606024947046,0.8825606024947046,c_a9b6c9b8a739
2019,1,1,35093,0.28495711395434986,0.28495711395434986,c_a9b6c9b8a739
2020,0,0,31855,0.0,0.0,c_a9b6c9b8a739
2021,2,2,33680,0.5938242280285035,0.5938242280285035,c_a9b6c9b8a739
2022,0,0,34890,0.0,0.0,c_a9b6c9b8a739
2023,0,0,36843,0.0,0.0,c_a9b6c9b8a739
2024,0,0,32755,0.0,0.0,c_a9b6c9b8a739
2010,8,8,56540,1.4149274849663955,1.4149274849663955,c_0bdbd70bb062
2011,8,8,58822,1.3600353609193838,1.3600353609193838,c_0bdbd70bb062
2012,16,16,59349,2.6959173701326056,2.6959173701326056,c_0bdbd70bb062
2013,21,21,59125,3.551797040169133,3.551797040169133,c_0bdbd70bb062
2014,18,18,59783,3.0108893832694914,3.0108893832694914,c_0bdbd70bb062
2015,18,18,60639,2.968386681838421,2.968386681838421,c_0bdbd70bb062
2016,19,18,61254,3.1018382472981356,2.938583602703497,c_0bdbd70bb062
2017,21,20,60558,3.467749925691073,3.302618976848641,c_0bdbd70bb062
2018,9,9,61455,1.4644862094215279,1.4644862094215279,c_0bdbd70bb062
2019,14,14,61056,2.292976939203354,2.292976939203354,c_0bdbd70bb062
2020,8,8,61021,1.3110240736795529,1.3110240736795529,c_0bdbd70bb062
2021,6,6,59002,1.016914680858276,1.016914680858276,c_0bdbd70bb062
2022,9,9,59296,1.5178089584457637,1.5178089584457637,c_0bdbd70bb062
2023,14,13,63288,2.212109720642144,2.0541018834534195,c_0bdbd70bb062
2024,15,15,58473,2.565286542506798,2.565286542506798,c_0bdbd70bb062
2008,1,1,78057,0.12811150825678672,0.12811150825678672,c_f94c1c136f05
2009,4,4,83127,0.481191429980632,0.481191429980632,c_f94c1c136f05
2010,6,6,87106,0.6888159254241958,0.6888159254241958,c_f94c1c136f05
2011,13,13,90487,1.4366704609501917,1.4366704609501917,c_f94c1c136f05
2012,7,7,90571,0.7728743195945722,0.7728743195945722,c_f94c1c136f05
2013,13,13,88428,1.470122585606369,1.470122585606369,c_f94c1c136f05
2014,21,21,90387,2.323342958611305,2.323342958611305,c_f94c1c136f05
2015,14,14,88603,1.5800819385348126,1.5800819385348126,c_f94c1c136f05
2016,15,15,93098,1.6112053964639412,1.6112053964639412,c_f94c1c136f05
2017,14,14,84609,1.654670306941342,1.654670306941342,c_f94c1c136f05
2018,15,15,85970,1.7447946958241247,1.7447946958241247,c_f94c1c136f05
2019,9,9,84262,1.0680971256319574,1.0680971256319574,c_f94c1c136f05
2020,2,2,80722,0.2477639305269939,0.2477639305269939,c_f94c1c136f05
2021,2,2,73953,0.2704420375103106,0.2704420375103106,c_f94c1c136f05
2022,5,5,69144,0.7231285433298623,0.7231285433298623,c_f94c1c136f05
2023,3,3,73858,0.4061848411817271,0.4061848411817271,c_f94c1c136f05
2024,1,1,76699,0.13037979634675811,0.13037979634675811,c_f94c1c136f05
2008,5,5,45567,1.0972853161278995,1.0972853161278995,c_0fefc757857e
2009,6,6,51116,1.1738007668831676,1.1738007668831676,c_0fefc757857e
2010,5,5,54724,0.9136759008844383,0.9136759008844383,c_0fefc757857e
2011,16,16,57542,2.780577665009906,2.780577665009906,c_0fefc757857e
2012,26,26,59205,4.391520986403175,4.391520986403175,c_0fefc757857e
2013,48,48,62052,7.735447689035003,7.735447689035003,c_0fefc757857e
2014,52,52,63666,8.167624791882638,8.167624791882638,c_0fefc757857e
2015,79,79,65630,12.037178119762304,12.037178119762304,c_0fefc757857e
2016,125,123,65573,19.062723987006848,18.757720403214737,c_0fefc757857e
2017,152,152,68372,22.23132276370444,22.23132276370444,c_0fefc757857e
2018,150,150,75449,19.880979204495752,19.880979204495752,c_0fefc757857e
2019,218,216,83321,26.16387225309346,25.92383672783572,c_0fefc757857e
2020,233,233,84185,27.67713963295124,27.67713963295124,c_0fefc757857e
2021,275,274,88627,31.028918952463695,30.916086519909282,c_0fefc757857e
2022,346,344,89722,38.56356300572881,38.34065223690956,c_0fefc757857e
2023,344,329,103203,33.33236436925283,31.87891824850053,c_0fefc757857e
2024,317,295,105524,30.04055949357492,27.95572571168644,c_0fefc757857e
2013,5,4,60870,0.821422704123542,0.6571381632988336,c_54582ea849bf
2014,3,3,76164,0.39388687568930203,0.39388687568930203,c_54582ea849bf
2015,13,9,65764,1.9767654035642601,1.3685298947752569,c_54582ea849bf
2016,17,13,65584,2.5920956330812395,1.9821907782385948,c_54582ea849bf
2017,25,22,65720,3.804017041996348,3.3475349969567865,c_54582ea849bf
2018,12,11,68972,1.7398364553731949,1.5948500840920954,c_54582ea849bf
2019,9,6,75252,1.1959815021527667,0.7973210014351778,c_54582ea849bf
2020,15,13,67261,2.230118493629295,1.9327693611453889,c_54582ea849bf
2021,9,8,62767,1.4338744881864673,1.2745551006101932,c_54582ea849bf
2022,14,11,61771,2.2664357060756664,1.780770911916595,c_54582ea849bf
2023,10,8,70574,1.4169524187377789,1.133561934990223,c_54582ea849bf
2024,9,8,63536,1.4165197683203223,1.2591286829513977,c_54582ea849bf
2011,4,4,95040,0.4208754208754209,0.4208754208754209,c_70987856add3
2012,8,7,58893,1.3583957346373932,1.188596267807719,c_70987856add3
2013,18,16,60870,2.957121734844751,2.6285526531953343,c_70987856add3
2014,6,4,76164,0.7877737513786041,0.5251825009190694,c_70987856add3
2015,1,1,65764,0.15205887719725078,0.15205887719725078,c_70987856add3
2016,2,1,65584,0.3049524274213223,0.15247621371066114,c_70987856add3
2017,2,2,65720,0.30432136335970783,0.30432136335970783,c_70987856add3
2018,0,0,68972,0.0,0.0,c_70987856add3
2019,0,0,75252,0.0,0.0,c_70987856add3
2020,0,0,67261,0.0,0.0,c_70987856add3
2021,0,0,62767,0.0,0.0,c_70987856add3
2022,1,1,61771,0.16188826471969048,0.16188826471969048,c_70987856add3
2023,0,0,70574,0.0,0.0,c_70987856add3
2024,0,0,63536,0.0,0.0,c_70987856add3
2010,9,9,22089,4.0744261849789485,4.0744261849789485,c_a9f2f1d2a57f
2011,18,18,24269,7.41686925707693,7.41686925707693,c_a9f2f1d2a57f
2012,44,41,26061,16.883465715053145,15.73232032539043,c_a9f2f1d2a57f
2013,59,39,26559,22.214691818216046,14.684287812041116,c_a9f2f1d2a57f
2014,80,53,28351,28.21769955204402,18.694225953229164,c_a9f2f1d2a57f
2015,73,42,28832,25.31908990011099,14.567147613762486,c_a9f2f1d2a57f
2016,79,40,29688,26.610078146052278,13.473457289140393,c_a9f2f1d2a57f
2017,88,46,31533,27.907271747058637,14.587892049598834,c_a9f2f1d2a57f
2018,100,40,30585,32.69576589831617,13.078306359326467,c_a9f2f1d2a57f
2019,101,36,32424,31.149765605724156,11.102886750555145,c_a9f2f1d2a57f
2020,97,42,34042,28.494213030961753,12.337700487632924,c_a9f2f1d2a57f
2021,83,26,32161,25.807655234600915,8.084325736140045,c_a9f2f1d2a57f
2022,61,20,32709,18.64930141551255,6.11452505426641,c_a9f2f1d2a57f
2023,45,19,35001,12.856775520699408,5.428416330961973,c_a9f2f1d2a57f
2024,31,5,36029,8.604179966138389,1.3877709622803853,c_a9f2f1d2a57f
2006,7,7,27307,2.5634452704434763,2.5634452704434763,c_b713a03f1d5b
2007,3,3,29129,1.029901472759106,1.029901472759106,c_b713a03f1d5b
2008,7,6,30787,2.273686945788807,1.9488745249618344,c_b713a03f1d5b
2009,5,4,40208,1.243533625149224,0.9948269001193792,c_b713a03f1d5b
2010,3,2,30582,0.9809691975671964,0.6539794650447976,c_b713a03f1d5b
2011,5,5,32539,1.5366175973447247,1.5366175973447247,c_b713a03f1d5b
2012,5,2,35221,1.4196076204537067,0.5678430481814827,c_b713a03f1d5b
2013,2,1,36824,0.5431240495329133,0.27156202476645663,c_b713a03f1d5b
2014,4,2,34386,1.1632641191182458,0.5816320595591229,c_b713a03f1d5b
2015,2,1,36146,0.5533115697449233,0.2766557848724617,c_b713a03f1d5b
2016,1,0,41256,0.24238898584448323,0.0,c_b713a03f1d5b
2017,4,1,36680,1.0905125408942202,0.27262813522355506,c_b713a03f1d5b
2018,4,1,33992,1.1767474699929394,0.29418686749823486,c_b713a03f1d5b
2019,0,0,35093,0.0,0.0,c_b713a03f1d5b
2020,1,0,31855,0.31392246115209543,0.0,c_b713a03f1d5b
2021,1,1,33680,0.29691211401425177,0.29691211401425177,c_b713a03f1d5b
2022,1,0,34890,0.2866150759529951,0.0,c_b713a03f1d5b
2023,2,2,36843,0.5428439595038406,0.5428439595038406,c_b713a03f1d5b
2024,2,0,32755,0.6105938024729048,0.0,c_b713a03f1d5b
2006,3,3,107872,0.2781073865321863,0.2781073865321863,c_1d198d662026
2007,15,15,112703,1.330931740947446,1.330931740947446,c_1d198d662026
2008,21,21,112984,1.8586702541952842,1.8586702541952842,c_1d198d662026
2009,17,15,115035,1.4778111009692703,1.3039509714434738,c_1d198d662026
2010,22,21,129281,1.7017195102141847,1.624368623386267,c_1d198d662026
2011,32,30,150946,2.1199634306308215,1.9874657162163953,c_1d198d662026
2012,28,28,142191,1.9691822970511494,1.9691822970511494,c_1d198d662026
2013,41,37,167554,2.4469723193716653,2.208243312603698,c_1d198d662026
2014,33,32,158773,2.0784390293059904,2.01545602841793,c_1d198d662026
2015,24,24,167833,1.4299929096184898,1.4299929096184898,c_1d198d662026
2016,36,35,168321,2.1387705633878125,2.0793602699603735,c_1d198d662026
2017,30,27,171549,1.7487714880296592,1.5738943392266933,c_1d198d662026
2018,13,13,194941,0.6668684371168713,0.6668684371168713,c_1d198d662026
2019,26,24,184672,1.407901576849766,1.2996014555536302,c_1d198d662026
2020,17,17,200716,0.8469678550788178,0.8469678550788178,c_1d198d662026
2021,13,11,176122,0.7381247090085282,0.6245670614687546,c_1d198d662026
2022,8,8,175571,0.4556561163290065,0.4556561163290065,c_1d198d662026
2023,12,10,186792,0.6424257998201208,0.535354833183434,c_1d198d662026
2024,9,8,148815,0.6047777441790142,0.5375802170480126,c_1d198d662026
2006,14,4,56788,2.4653095724448826,0.7043741635556808,c_15655b81c9fd
2007,14,5,56840,2.4630541871921183,0.8796622097114708,c_15655b81c9fd
2008,25,12,54745,4.566627089231893,2.1919810028313087,c_15655b81c9fd
2009,49,23,56019,8.747032256912833,4.105749834877452,c_15655b81c9fd
2010,52,22,56540,9.19702865228157,3.8910505836575875,c_15655b81c9fd
2011,68,33,58822,11.560300567814764,5.610145863792458,c_15655b81c9fd
2012,94,39,59349,15.838514549529057,6.571298589698226,c_15655b81c9fd
2013,68,27,59125,11.501057082452432,4.5665961945031714,c_15655b81c9fd
2014,94,41,59783,15.723533445962898,6.858136928558285,c_15655b81c9fd
2015,127,62,60639,20.943617144082193,10.224443015221228,c_15655b81c9fd
2016,160,69,61254,26.120743135142195,11.264570477030071,c_15655b81c9fd
2017,121,66,60558,19.98084480993428,10.898642623600516,c_15655b81c9fd
2018,157,70,61455,25.547148319908878,11.390448295500773,c_15655b81c9fd
2019,157,79,61056,25.71409853249476,12.938941299790356,c_15655b81c9fd
2020,108,45,61021,17.698824994673966,7.374510414447485,c_15655b81c9fd
2021,111,46,59002,18.812921595878105,7.796345886580116,c_15655b81c9fd
2022,126,40,59296,21.24932541824069,6.745817593092283,c_15655b81c9fd
2023,108,50,63288,17.064846416382252,7.900391859436228,c_15655b81c9fd
2024,110,44,58473,18.812101311716518,7.524840524686607,c_15655b81c9fd
2009,10,10,56072,1.7834213154515624,1.7834213154515624,c_5bb0de514ff2
2010,8,8,55084,1.4523273545857236,1.4523273545857236,c_5bb0de514ff2
2011,9,8,95040,0.946969696969697,0.8417508417508418,c_5bb0de514ff2
2012,14,13,58893,2.377192535615438,2.207393068785764,c_5bb0de514ff2
2013,24,22,60870,3.9428289797930014,3.6142598981435845,c_5bb0de514ff2
2014,15,14,76164,1.9694343784465103,1.8381387532167428,c_5bb0de514ff2
2015,9,9,65764,1.3685298947752569,1.3685298947752569,c_5bb0de514ff2
2016,15,15,65584,2.287143205659917,2.287143205659917,c_5bb0de514ff2
2017,9,9,65720,1.3694461351186853,1.3694461351186853,c_5bb0de514ff2
2018,12,12,68972,1.7398364553731949,1.7398364553731949,c_5bb0de514ff2
2019,15,15,75252,1.9933025035879446,1.9933025035879446,c_5bb0de514ff2
2020,6,5,67261,0.8920473974517179,0.7433728312097649,c_5bb0de514ff2
2021,10,10,62767,1.5931938757627415,1.5931938757627415,c_5bb0de514ff2
2022,9,9,61771,1.4569943824772142,1.4569943824772142,c_5bb0de514ff2
2023,2,2,70574,0.28339048374755577,0.28339048374755577,c_5bb0de514ff2
2024,10,9,63536,1.573910853689247,1.4165197683203223,c_5bb0de514ff2
2007,6,6,29129,2.059802945518212,2.059802945518212,c_a3b2376178b6
2008,8,8,30787,2.5984993666157794,2.5984993666157794,c_a3b2376178b6
2009,12,12,40208,2.9844807003581377,2.9844807003581377,c_a3b2376178b6
2010,12,12,30582,3.9238767902687854,3.9238767902687854,c_a3b2376178b6
2011,6,6,32539,1.8439411168136697,1.8439411168136697,c_a3b2376178b6
2012,11,11,35221,3.1231367649981543,3.1231367649981543,c_a3b2376178b6
2013,10,10,36824,2.7156202476645666,2.7156202476645666,c_a3b2376178b6
2014,7,7,34386,2.03571220845693,2.03571220845693,c_a3b2376178b6
2015,10,10,36146,2.766557848724617,2.766557848724617,c_a3b2376178b6
2016,11,11,41256,2.6662788442893155,2.6662788442893155,c_a3b2376178b6
2017,9,9,36680,2.4536532170119956,2.4536532170119956,c_a3b2376178b6
2018,3,3,33992,0.8825606024947046,0.8825606024947046,c_a3b2376178b6
2019,6,6,35093,1.7097426837260992,1.7097426837260992,c_a3b2376178b6
2020,4,4,31855,1.2556898446083817,1.2556898446083817,c_a3b2376178b6
2021,2,2,33680,0.5938242280285035,0.5938242280285035,c_a3b2376178b6
2022,3,3,34890,0.8598452278589854,0.8598452278589854,c_a3b2376178b6
2023,2,2,36843,0.5428439595038406,0.5428439595038406,c_a3b2376178b6
2024,3,3,32755,0.9158907037093573,0.9158907037093573,c_a3b2376178b6
2007,4,4,112703,0.3549151309193189,0.3549151309193189,c_4c081bfc5787
2008,24,24,112984,2.124194576223182,2.124194576223182,c_4c081bfc5787
2009,41,41,115035,3.5641326552788284,3.5641326552788284,c_4c081bfc5787
2010,57,57,129281,4.409000549191297,4.409000549191297,c_4c081bfc5787
2011,63,63,150946,4.17367800405443,4.17367800405443,c_4c081bfc5787
2012,82,82,142191,5.7668910127926525,5.7668910127926525,c_4c081bfc5787
2013,83,83,167554,4.953626890435323,4.953626890435323,c_4c081bfc5787
2014,68,68,158773,4.2828440603881015,4.2828440603881015,c_4c081bfc5787
2015,63,62,167833,3.7537313877485357,3.694148349847765,c_4c081bfc5787
2016,70,69,168321,4.158720539920747,4.0993102464933076,c_4c081bfc5787
2017,48,48,171549,2.798034380847455,2.798034380847455,c_4c081bfc5787
2018,48,47,194941,2.462283460123832,2.4109858880379194,c_4c081bfc5787
2019,34,33,184672,1.8411020620343095,1.7869520013862417,c_4c081bfc5787
2020,31,31,200716,1.5444707945554914,1.5444707945554914,c_4c081bfc5787
2021,32,30,176122,1.8169223606363771,1.7033647130966034,c_4c081bfc5787
2022,25,24,175571,1.4239253635281452,1.3669683489870195,c_4c081bfc5787
2023,20,18,186792,1.070709666366868,0.9636386997301811,c_4c081bfc5787
2024,21,19,148815,1.4111480697510332,1.27675301548903,c_4c081bfc5787
2015,11,11,60639,1.8140140833457017,1.8140140833457017,c_8856d927d560
2016,18,16,61254,2.938583602703497,2.6120743135142193,c_8856d927d560
2017,22,20,60558,3.6328808745335053,3.302618976848641,c_8856d927d560
2018,28,24,61455,4.556179318200309,3.9052965584574078,c_8856d927d560
2019,22,18,61056,3.603249475890985,2.94811320754717,c_8856d927d560
2020,13,12,61021,2.1304141197292736,1.9665361105193293,c_8856d927d560
2021,19,17,59002,3.220229822717874,2.881258262431782,c_8856d927d560
2022,17,16,59296,2.86697247706422,2.698327037236913,c_8856d927d560
2023,17,14,63288,2.6861332322083173,2.212109720642144,c_8856d927d560
2024,14,14,58473,2.3942674396730115,2.3942674396730115,c_8856d927d560
2010,3,0,32927,0.9111063868557718,0.0,c_da42247f2a8b
2011,4,0,34972,1.1437721605856113,0.0,c_da42247f2a8b
2012,9,2,35819,2.5126329601608086,0.5583628800357352,c_da42247f2a8b
2013,4,1,36317,1.1014125616102652,0.2753531404025663,c_da42247f2a8b
2014,7,1,36019,1.9434187512146368,0.27763125017351953,c_da42247f2a8b
2015,8,1,36571,2.187525635066036,0.2734407043832545,c_da42247f2a8b
2016,4,0,36443,1.0976044782262713,0.0,c_da42247f2a8b
2017,9,0,36308,2.4787925526054866,0.0,c_da42247f2a8b
2018,16,4,37578,4.257810420991006,1.0644526052477514,c_da42247f2a8b
2019,8,3,37261,2.1470169882719197,0.8051313706019699,c_da42247f2a8b
2020,8,3,41651,1.9207221915440205,0.7202708218290077,c_da42247f2a8b
2021,13,4,39112,3.323788095725097,1.022704029453876,c_da42247f2a8b
2022,10,6,38053,2.6279136993141146,1.5767482195884688,c_da42247f2a8b
2023,8,4,41288,1.937608990505716,0.968804495252858,c_da42247f2a8b
2024,9,4,42400,2.1226415094339623,0.9433962264150944,c_da42247f2a8b
2008,14,14,20260,6.910167818361303,6.910167818361303,c_24fd61e090ea
2009,65,65,21235,30.609842241582292,30.609842241582292,c_24fd61e090ea
2010,87,87,22089,39.38611978812984,39.38611978812984,c_24fd61e090ea
2011,71,71,24269,29.25542873624789,29.25542873624789,c_24fd61e090ea
2012,64,64,26061,24.557768312804573,24.557768312804573,c_24fd61e090ea
2013,43,43,26559,16.190368613276103,16.190368613276103,c_24fd61e090ea
2014,48,48,28351,16.93061973122641,16.93061973122641,c_24fd61e090ea
2015,25,25,28832,8.670921198668147,8.670921198668147,c_24fd61e090ea
2016,28,28,29688,9.431420102398276,9.431420102398276,c_24fd61e090ea
2017,21,21,31533,6.659689848729902,6.659689848729902,c_24fd61e090ea
2018,11,11,30585,3.5965342488147787,3.5965342488147787,c_24fd61e090ea
2019,13,13,32424,4.0093757710338025,4.0093757710338025,c_24fd61e090ea
2020,12,12,34042,3.5250572821808355,3.5250572821808355,c_24fd61e090ea
2021,9,7,32161,2.7984204471254004,2.176549236653089,c_24fd61e090ea
2022,8,8,32709,2.445810021706564,2.445810021706564,c_24fd61e090ea
2023,12,11,35001,3.428473472186509,3.1427673495043,c_24fd61e090ea
2024,3,3,36029,0.8326625773682311,0.8326625773682311,c_24fd61e090ea
2007,10,10,53260,1.877581674802854,1.877581674802854,c_de14f5e3898c
2008,5,5,53923,0.9272481130500899,0.9272481130500899,c_de14f5e3898c
2009,8,8,56072,1.42673705236125,1.42673705236125,c_de14f5e3898c
2010,10,10,55084,1.8154091932321545,1.8154091932321545,c_de14f5e3898c
2011,6,6,95040,0.6313131313131313,0.6313131313131313,c_de14f5e3898c
2012,6,6,58893,1.018796800978045,1.018796800978045,c_de14f5e3898c
2013,1,1,60870,0.1642845408247084,0.1642845408247084,c_de14f5e3898c
2014,10,10,76164,1.3129562522976734,1.3129562522976734,c_de14f5e3898c
2015,8,8,65764,1.2164710175780062,1.2164710175780062,c_de14f5e3898c
2016,9,9,65584,1.3722859233959501,1.3722859233959501,c_de14f5e3898c
2017,5,5,65720,0.7608034083992696,0.7608034083992696,c_de14f5e3898c
2018,7,7,68972,1.014904598967697,1.014904598967697,c_de14f5e3898c
2019,5,5,75252,0.6644341678626482,0.6644341678626482,c_de14f5e3898c
2020,7,7,67261,1.0407219636936709,1.0407219636936709,c_de14f5e3898c
2021,3,3,62767,0.47795816272882247,0.47795816272882247,c_de14f5e3898c
2022,4,4,61771,0.6475530588787619,0.6475530588787619,c_de14f5e3898c
2023,2,2,70574,0.28339048374755577,0.28339048374755577,c_de14f5e3898c
2024,1,1,63536,0.1573910853689247,0.1573910853689247,c_de14f5e3898c
2008,10,10,14678,6.812917291184085,6.812917291184085,c_d6845c35d3d0
2009,35,35,14986,23.355131456025624,23.355131456025624,c_d6845c35d3d0
2010,67,67,15318,43.73939156547852,43.73939156547852,c_d6845c35d3d0
2011,97,97,16579,58.50775076904518,58.50775076904518,c_d6845c35d3d0
2012,95,95,16807,56.52406735288868,56.52406735288868,c_d6845c35d3d0
2013,115,112,18321,62.76949948146935,61.13203427760494,c_d6845c35d3d0
2014,88,85,18635,47.22296753420982,45.61309364099812,c_d6845c35d3d0
2015,63,63,18606,33.86004514672686,33.86004514672686,c_d6845c35d3d0
2016,53,51,19698,26.90628490202051,25.890953396283887,c_d6845c35d3d0
2017,52,51,19122,27.193808179060767,26.670850329463445,c_d6845c35d3d0
2018,37,36,19426,19.046638525687225,18.531864511479462,c_d6845c35d3d0
2019,40,39,20292,19.712201852946976,19.2193968066233,c_d6845c35d3d0
2020,36,34,22425,16.05351170568562,15.16164994425864,c_d6845c35d3d0
2021,38,35,22704,16.737138830162085,15.415785764622974,c_d6845c35d3d0
2022,33,32,21338,15.465366950979472,14.996719467616458,c_d6845c35d3d0
2023,28,28,22601,12.388832352550772,12.388832352550772,c_d6845c35d3d0
2024,20,19,18675,10.7095046854083,10.174029451137885,c_d6845c35d3d0
2008,0,0,736302,0.0,0.0,c_5edb1fea382d
2009,2,2,775573,0.025787385584593585,0.025787385584593585,c_5edb1fea382d
2010,4,4,813934,0.049144033791437634,0.049144033791437634,c_5edb1fea382d
2011,2,2,843241,0.023718011813941686,0.023718011813941686,c_5edb1fea382d
2012,0,0,873292,0.0,0.0,c_5edb1fea382d
2013,2,2,900412,0.022212054037485062,0.022212054037485062,c_5edb1fea382d
2014,0,0,935352,0.0,0.0,c_5edb1fea382d
2015,0,0,961702,0.0,0.0,c_5edb1fea382d
2016,0,0,1027522,0.0,0.0,c_5edb1fea382d
2017,0,0,724967,0.0,0.0,c_5edb1fea382d
2018,0,0,561833,0.0,0.0,c_5edb1fea382d
2019,0,0,589740,0.0,0.0,c_5edb1fea382d
2020,0,0,599870,0.0,0.0,c_5edb1fea382d
2021,0,0,392198,0.0,0.0,c_5edb1fea382d
2022,0,0,227445,0.0,0.0,c_5edb1fea382d
2023,0,0,241599,0.0,0.0,c_5edb1fea382d
2024,0,0,280497,0.0,0.0,c_5edb1fea382d
2013,8,5,122732,0.6518267444513248,0.407391715282078,c_7011282bd1ba
2014,11,10,127188,0.864861464918074,0.7862376953800673,c_7011282bd1ba
2015,25,24,126862,1.9706452680865822,1.891819457363119,c_7011282bd1ba
2016,20,20,137465,1.454915796748263,1.454915796748263,c_7011282bd1ba
2017,14,14,140391,0.9972149211844064,0.9972149211844064,c_7011282bd1ba
2018,27,24,156293,1.7275245852341437,1.5355774090970165,c_7011282bd1ba
2019,29,27,175096,1.6562342943299675,1.5420112395485905,c_7011282bd1ba
2020,22,18,191125,1.1510791366906474,0.9417920209287116,c_7011282bd1ba
2021,18,16,193031,0.9324927084250716,0.8288824074889526,c_7011282bd1ba
2022,13,13,187583,0.693026553578949,0.693026553578949,c_7011282bd1ba
2023,12,12,219795,0.5459632839691531,0.5459632839691531,c_7011282bd1ba
2024,11,11,242288,0.45400515089480287,0.45400515089480287,c_7011282bd1ba
2014,18,17,34386,5.234688536032106,4.943872506252545,c_021cd7f7a587
2015,21,16,36146,5.809771482321695,4.426492557959387,c_021cd7f7a587
2016,14,8,41256,3.3934458018227653,1.9391118867558659,c_021cd7f7a587
2017,5,4,36680,1.3631406761177753,1.0905125408942202,c_021cd7f7a587
2018,7,4,33992,2.059308072487644,1.1767474699929394,c_021cd7f7a587
2019,4,3,35093,1.1398284558173994,0.8548713418630496,c_021cd7f7a587
2020,4,3,31855,1.2556898446083817,0.9417673834562863,c_021cd7f7a587
2021,1,0,33680,0.29691211401425177,0.0,c_021cd7f7a587
2022,2,1,34890,0.5732301519059902,0.2866150759529951,c_021cd7f7a587
2023,6,5,36843,1.628531878511522,1.3571098987596015,c_021cd7f7a587
2024,1,1,32755,0.3052969012364524,0.3052969012364524,c_021cd7f7a587
2012,7,7,199321,0.3511922978512048,0.3511922978512048,c_4cdee4852bd9
2013,26,25,205060,1.2679215839266555,1.2191553691602457,c_4cdee4852bd9
2014,79,71,216783,3.6441971925842895,3.275164565487146,c_4cdee4852bd9
2015,146,126,217789,6.703736185023119,5.785416159677486,c_4cdee4852bd9
2016,232,196,220002,10.545358678557468,8.909009918091654,c_4cdee4852bd9
2017,266,200,222398,11.960539213482136,8.992886626678297,c_4cdee4852bd9
2018,253,179,232405,10.886168541984897,7.7020718142897096,c_4cdee4852bd9
2019,203,148,240359,8.445699973789207,6.157456138526121,c_4cdee4852bd9
2020,138,82,235323,5.8642801596104075,3.4845722687540106,c_4cdee4852bd9
2021,124,80,230890,5.370522759755728,3.464853393390792,c_4cdee4852bd9
2022,94,66,229737,4.091635217661935,2.872850259209444,c_4cdee4852bd9
2023,44,30,253497,1.7357207383124849,1.1834459579403307,c_4cdee4852bd9
2024,37,24,266529,1.3882166668542635,0.9004648649865493,c_4cdee4852bd9
2006,2,2,107872,0.18540492435479086,0.18540492435479086,c_1bd834da7f00
2007,8,8,112703,0.7098302618386378,0.7098302618386378,c_1bd834da7f00
2008,20,20,112984,1.7701621468526516,1.7701621468526516,c_1bd834da7f00
2009,31,31,115035,2.6948320076498455,2.6948320076498455,c_1bd834da7f00
2010,57,56,129281,4.409000549191297,4.331649662363379,c_1bd834da7f00
2011,49,49,150946,3.2461940031534455,3.2461940031534455,c_1bd834da7f00
2012,69,62,142191,4.852627803447476,4.360332229184688,c_1bd834da7f00
2013,74,73,167554,4.416486625207396,4.356804373515404,c_1bd834da7f00
2014,72,70,158773,4.534776063940343,4.408810062164222,c_1bd834da7f00
2015,80,80,167833,4.766643032061633,4.766643032061633,c_1bd834da7f00
2016,96,85,168321,5.703388169034167,5.049874941332336,c_1bd834da7f00
2017,86,74,171549,5.01314493235169,4.313636337139826,c_1bd834da7f00
2018,71,64,194941,3.642127618099835,3.283044613498443,c_1bd834da7f00
2019,70,61,184672,3.7905042453647546,3.3031536995321433,c_1bd834da7f00
2020,73,64,200716,3.636979612985512,3.1885848661790788,c_1bd834da7f00
2021,65,62,176122,3.690623545042641,3.5202870737329803,c_1bd834da7f00
2022,40,35,175571,2.2782805816450327,1.9934955089394035,c_1bd834da7f00
2023,43,39,186792,2.3020257826887662,2.0878838494153924,c_1bd834da7f00
2024,45,41,148815,3.023888720895071,2.755098612371065,c_1bd834da7f00
2012,3,3,59205,0.5067139599695971,0.5067139599695971,c_3fd8640bd802
2013,4,4,62052,0.6446206407529169,0.6446206407529169,c_3fd8640bd802
2014,7,4,63666,1.099487952753432,0.6282788301448182,c_3fd8640bd802
2015,17,8,65630,2.5902788358982174,1.2189547463050434,c_3fd8640bd802
2016,24,16,65573,3.660043005505315,2.4400286703368765,c_3fd8640bd802
2017,28,17,68372,4.095243666998186,2.4863979406774703,c_3fd8640bd802
2018,23,15,75449,3.0484168113560153,1.9880979204495752,c_3fd8640bd802
2019,27,17,83321,3.240479590979465,2.0403019646907743,c_3fd8640bd802
2020,18,10,84185,2.1381481261507393,1.187860070083744,c_3fd8640bd802
2021,36,20,88627,4.061967571958884,2.256648651088269,c_3fd8640bd802
2022,34,30,89722,3.7894830699271083,3.3436615322886247,c_3fd8640bd802
2023,25,17,103203,2.4224102012538395,1.6472389368526108,c_3fd8640bd802
2024,23,16,105524,2.1795989537925022,1.5162427504643494,c_3fd8640bd802
2013,4,4,21666,1.8462106526354658,1.8462106526354658,c_b6f806466001
2014,13,13,23452,5.5432372505543235,5.5432372505543235,c_b6f806466001
2015,15,15,23790,6.305170239596469,6.305170239596469,c_b6f806466001
2016,41,37,25681,15.965110392897472,14.40753864724894,c_b6f806466001
2017,26,25,26438,9.834329374385355,9.456085936908995,c_b6f806466001
2018,40,35,27636,14.473874656245476,12.664640324214792,c_b6f806466001
2019,37,34,30130,12.280119482243611,11.284434118818453,c_b6f806466001
2020,46,38,30305,15.17901336413133,12.539184952978056,c_b6f806466001
2021,39,32,29904,13.041733547351525,10.700909577314071,c_b6f806466001
2022,39,32,29181,13.364860697028888,10.966039546280113,c_b6f806466001
2023,42,32,29862,14.064697609001406,10.71596008304869,c_b6f806466001
2024,37,29,29052,12.735784111248796,9.982101060167974,c_b6f806466001
2014,6,6,34386,1.7448961786773687,1.7448961786773687,c_46d8de220318
2015,23,21,36146,6.363083052066619,5.809771482321695,c_46d8de220318
2016,16,14,41256,3.8782237735117318,3.3934458018227653,c_46d8de220318
2017,24,17,36680,6.543075245365322,4.634678298800436,c_46d8de220318
2018,12,6,33992,3.5302424099788183,1.7651212049894092,c_46d8de220318
2019,23,7,35093,6.554013620950047,1.994699797680449,c_46d8de220318
2020,10,4,31855,3.1392246115209543,1.2556898446083817,c_46d8de220318
2021,19,8,33680,5.641330166270784,2.375296912114014,c_46d8de220318
2022,18,8,34890,5.159071367153913,2.292920607623961,c_46d8de220318
2023,24,16,36843,6.514127514046088,4.3427516760307245,c_46d8de220318
2024,25,17,32755,7.632422530911311,5.190047321019692,c_46d8de220318
2014,7,0,34386,2.03571220845693,0.0,c_3a04a639cd2f
2015,6,2,36146,1.65993470923477,0.5533115697449233,c_3a04a639cd2f
2016,11,3,41256,2.6662788442893155,0.7271669575334497,c_3a04a639cd2f
2017,4,0,36680,1.0905125408942202,0.0,c_3a04a639cd2f
2018,3,0,33992,0.8825606024947046,0.0,c_3a04a639cd2f
2019,1,1,35093,0.28495711395434986,0.28495711395434986,c_3a04a639cd2f
2020,0,0,31855,0.0,0.0,c_3a04a639cd2f
2021,2,0,33680,0.5938242280285035,0.0,c_3a04a639cd2f
2022,1,0,34890,0.2866150759529951,0.0,c_3a04a639cd2f
2023,4,3,36843,1.0856879190076811,0.814265939255761,c_3a04a639cd2f
2024,0,0,32755,0.0,0.0,c_3a04a639cd2f
2010,9,7,113874,0.7903472258812372,0.61471450901874,c_8d94ed006e2f
2011,4,3,116728,0.34267699266671237,0.2570077445000343,c_8d94ed006e2f
2012,6,5,119933,0.5002793226217972,0.41689943551816433,c_8d94ed006e2f
2013,9,5,122732,0.7333050875077405,0.407391715282078,c_8d94ed006e2f
2014,11,5,127188,0.864861464918074,0.39311884769003363,c_8d94ed006e2f
2015,6,2,126862,0.47295486434077977,0.15765162144692657,c_8d94ed006e2f
2016,10,5,137465,0.7274578983741316,0.3637289491870658,c_8d94ed006e2f
2017,20,8,140391,1.424592744549152,0.5698370978196609,c_8d94ed006e2f
2018,8,0,156293,0.5118591363656722,0.0,c_8d94ed006e2f
2019,10,3,175096,0.5711152739068853,0.1713345821720656,c_8d94ed006e2f
2020,5,1,191125,0.2616088947024199,0.052321778940483975,c_8d94ed006e2f
2021,9,2,193031,0.4662463542125358,0.10361030093611907,c_8d94ed006e2f
2022,2,0,187583,0.10661946978137678,0.0,c_8d94ed006e2f
2023,5,1,219795,0.2274847016538138,0.04549694033076276,c_8d94ed006e2f
2024,3,1,242288,0.12381958660767352,0.04127319553589117,c_8d94ed006e2f
2013,4,4,59125,0.6765327695560254,0.6765327695560254,c_1b82dec9c84d
2014,4,3,59783,0.6690865296154426,0.5018148972115819,c_1b82dec9c84d
2015,4,2,60639,0.6596414848529824,0.3298207424264912,c_1b82dec9c84d
2016,9,2,61254,1.4692918013517484,0.3265092891892774,c_1b82dec9c84d
2017,4,3,60558,0.6605237953697282,0.49539284652729615,c_1b82dec9c84d
2018,6,3,61455,0.9763241396143519,0.48816206980717597,c_1b82dec9c84d
2019,4,2,61056,0.6551362683438156,0.3275681341719078,c_1b82dec9c84d
2020,5,0,61021,0.8193900460497205,0.0,c_1b82dec9c84d
2021,6,1,59002,1.016914680858276,0.169485780143046,c_1b82dec9c84d
2022,17,8,59296,2.86697247706422,1.3491635186184565,c_1b82dec9c84d
2023,12,6,63288,1.8960940462646947,0.9480470231323473,c_1b82dec9c84d
2024,13,5,58473,2.223248336839225,0.8550955141689327,c_1b82dec9c84d
2010,8,8,56540,1.4149274849663955,1.4149274849663955,c_7a1183961ed2
2011,20,20,58822,3.4000884022984597,3.4000884022984597,c_7a1183961ed2
2012,18,18,59349,3.032907041399181,3.032907041399181,c_7a1183961ed2
2013,20,19,59125,3.382663847780127,3.2135306553911205,c_7a1183961ed2
2014,22,22,59783,3.6799759128849336,3.6799759128849336,c_7a1183961ed2
2015,17,15,60639,2.803476310625175,2.473655568198684,c_7a1183961ed2
2016,17,16,61254,2.775328958108858,2.6120743135142193,c_7a1183961ed2
2017,24,23,60558,3.963142772218369,3.798011823375937,c_7a1183961ed2
2018,30,30,61455,4.88162069807176,4.88162069807176,c_7a1183961ed2
2019,24,24,61056,3.930817610062893,3.930817610062893,c_7a1183961ed2
2020,30,28,61021,4.916340276298324,4.588584257878435,c_7a1183961ed2
2021,23,22,59002,3.898172943290058,3.7286871631470118,c_7a1183961ed2
2022,20,17,59296,3.3729087965461413,2.86697247706422,c_7a1183961ed2
2023,23,20,63288,3.634180255340665,3.160156743774491,c_7a1183961ed2
2024,19,14,58473,3.249362953841944,2.3942674396730115,c_7a1183961ed2
2008,3,3,15054,1.9928258270227182,1.9928258270227182,c_38c04a07c4e7
2009,1,0,14663,0.6819886789879288,0.0,c_38c04a07c4e7
2010,6,3,14769,4.062563477554336,2.031281738777168,c_38c04a07c4e7
2011,2,1,14959,1.3369877665619359,0.6684938832809679,c_38c04a07c4e7
2012,2,1,15374,1.3008976193573565,0.6504488096786782,c_38c04a07c4e7
2013,5,1,15547,3.216054544285071,0.6432109088570143,c_38c04a07c4e7
2014,4,2,15479,2.5841462626784675,1.2920731313392337,c_38c04a07c4e7
2015,5,2,15264,3.2756813417190775,1.310272536687631,c_38c04a07c4e7
2016,6,5,15461,3.8807321648017594,3.233943470668133,c_38c04a07c4e7
2017,6,4,15124,3.9672044432689764,2.6448029621793174,c_38c04a07c4e7
2018,4,0,14673,2.726095549649015,0.0,c_38c04a07c4e7
2019,2,2,15897,1.2580990123922753,1.2580990123922753,c_38c04a07c4e7
2020,8,3,20590,3.885381253035454,1.4570179698882952,c_38c04a07c4e7
2021,7,2,14940,4.685408299866131,1.3386880856760375,c_38c04a07c4e7
2022,5,0,14829,3.371771528761211,0.0,c_38c04a07c4e7
2023,5,4,16097,3.106168851338759,2.484935081071007,c_38c04a07c4e7
2024,8,4,15218,5.256932579839663,2.6284662899198317,c_38c04a07c4e7
2013,3,3,122732,0.2444350291692468,0.2444350291692468,c_7afec8c4aadb
2014,6,4,127188,0.4717426172280404,0.31449507815202693,c_7afec8c4aadb
2015,9,7,126862,0.7094322965111696,0.551780675064243,c_7afec8c4aadb
2016,20,19,137465,1.454915796748263,1.38217000691085,c_7afec8c4aadb
2017,39,32,140391,2.7779558518708463,2.2793483912786434,c_7afec8c4aadb
2018,34,31,156293,2.1754013295541066,1.9834541534169796,c_7afec8c4aadb
2019,36,31,175096,2.0560149860647874,1.7704573491113447,c_7afec8c4aadb
2020,33,26,191125,1.7266187050359711,1.3603662524525835,c_7afec8c4aadb
2021,38,27,193031,1.9685957177862623,1.3987390626376075,c_7afec8c4aadb
2022,26,21,187583,1.386053107157898,1.119504432704456,c_7afec8c4aadb
2023,23,20,219795,1.0464296276075433,0.9099388066152552,c_7afec8c4aadb
2024,15,14,242288,0.6190979330383676,0.5778247375024764,c_7afec8c4aadb
2010,6,4,129281,0.4641053209675049,0.3094035473116699,c_fa856c1c78e2
2011,7,7,150946,0.46374200045049224,0.46374200045049224,c_fa856c1c78e2
2012,12,11,142191,0.8439352701647783,0.7736073309843802,c_fa856c1c78e2
2013,3,3,167554,0.1790467550759755,0.1790467550759755,c_fa856c1c78e2
2014,5,4,158773,0.31491500444030157,0.25193200355224127,c_fa856c1c78e2
2015,5,4,167833,0.29791518950385204,0.23833215160308163,c_fa856c1c78e2
2016,4,4,168321,0.23764117370975696,0.23764117370975696,c_fa856c1c78e2
2017,9,8,171549,0.5246314464088977,0.46633906347457577,c_fa856c1c78e2
2018,4,4,194941,0.2051902883436527,0.2051902883436527,c_fa856c1c78e2
2019,8,7,184672,0.4332004851845434,0.37905042453647547,c_fa856c1c78e2
2020,2,2,200716,0.09964327706809621,0.09964327706809621,c_fa856c1c78e2
2021,3,2,176122,0.17033647130966034,0.11355764753977357,c_fa856c1c78e2
2022,1,1,175571,0.05695701454112581,0.05695701454112581,c_fa856c1c78e2
2023,4,4,186792,0.21414193327337358,0.21414193327337358,c_fa856c1c78e2
2024,4,4,148815,0.2687901085240063,0.2687901085240063,c_fa856c1c78e2
2005,6,6,28516,2.1040819189227102,2.1040819189227102,c_365ed459d0e7
2006,5,5,27307,1.8310323360310543,1.8310323360310543,c_365ed459d0e7
2007,5,5,29129,1.7165024545985101,1.7165024545985101,c_365ed459d0e7
2008,2,2,30787,0.6496248416539449,0.6496248416539449,c_365ed459d0e7
2009,2,2,40208,0.4974134500596896,0.4974134500596896,c_365ed459d0e7
2010,0,0,30582,0.0,0.0,c_365ed459d0e7
2011,0,0,32539,0.0,0.0,c_365ed459d0e7
2012,0,0,35221,0.0,0.0,c_365ed459d0e7
2013,0,0,36824,0.0,0.0,c_365ed459d0e7
2014,0,0,34386,0.0,0.0,c_365ed459d0e7
2015,0,0,36146,0.0,0.0,c_365ed459d0e7
2016,0,0,41256,0.0,0.0,c_365ed459d0e7
2017,0,0,36680,0.0,0.0,c_365ed459d0e7
2018,0,0,33992,0.0,0.0,c_365ed459d0e7
2019,0,0,35093,0.0,0.0,c_365ed459d0e7
2020,0,0,31855,0.0,0.0,c_365ed459d0e7
2021,0,0,33680,0.0,0.0,c_365ed459d0e7
2022,0,0,34890,0.0,0.0,c_365ed459d0e7
2023,0,0,36843,0.0,0.0,c_365ed459d0e7
2024,0,0,32755,0.0,0.0,c_365ed459d0e7
2006,3,3,27959,1.0729997496333918,1.0729997496333918,c_9a6442305923
2007,6,6,29344,2.044711014176663,2.044711014176663,c_9a6442305923
2008,8,6,30490,2.6238110856018366,1.9678583142013775,c_9a6442305923
2009,11,4,31589,3.482224825097344,1.2662635727626705,c_9a6442305923
2010,6,2,32927,1.8222127737115437,0.6074042579038479,c_9a6442305923
2011,14,5,34972,4.00320256204964,1.4297152007320142,c_9a6442305923
2012,12,5,35819,3.350177280214411,1.395907200089338,c_9a6442305923
2013,11,6,36317,3.0288845444282293,1.6521188424153976,c_9a6442305923
2014,9,3,36019,2.498681251561676,0.8328937505205586,c_9a6442305923
2015,20,7,36571,5.4688140876650895,1.9140849306827814,c_9a6442305923
2016,7,6,36443,1.9208078368959745,1.6464067173394068,c_9a6442305923
2017,12,5,36308,3.305056736807315,1.3771069736697146,c_9a6442305923
2018,13,7,37578,3.459470967055192,1.862792059183565,c_9a6442305923
2019,13,8,37261,3.4889026059418695,2.1470169882719197,c_9a6442305923
2020,15,7,41651,3.6013541091450385,1.680631917601018,c_9a6442305923
2021,10,5,39112,2.55676007363469,1.278380036817345,c_9a6442305923
2022,15,12,38053,3.941870548971172,3.1534964391769376,c_9a6442305923
2023,9,6,41288,2.1798101143189306,1.453206742879287,c_9a6442305923
2024,11,4,42400,2.5943396226415096,0.9433962264150944,c_9a6442305923
2006,10,10,56788,1.760935408889202,1.760935408889202,c_6388f9983159
2007,9,8,56840,1.5833919774806475,1.4074595355383532,c_6388f9983159
2008,17,15,54745,3.1053064206776875,2.739976253539136,c_6388f9983159
2009,19,19,56019,3.3917063853335474,3.3917063853335474,c_6388f9983159
2010,28,26,56540,4.952246197382384,4.598514326140785,c_6388f9983159
2011,21,21,58822,3.5700928224133825,3.5700928224133825,c_6388f9983159
2012,26,26,59349,4.380865726465484,4.380865726465484,c_6388f9983159
2013,40,37,59125,6.765327695560254,6.2579281183932345,c_6388f9983159
2014,25,23,59783,4.1817908100965155,3.8472475452887944,c_6388f9983159
2015,15,15,60639,2.473655568198684,2.473655568198684,c_6388f9983159
2016,25,23,61254,4.081366114865968,3.7548568256766903,c_6388f9983159
2017,19,17,60558,3.1374880280062087,2.807226130321345,c_6388f9983159
2018,28,27,61455,4.556179318200309,4.393458628264584,c_6388f9983159
2019,26,25,61056,4.2583857442348005,4.094601677148847,c_6388f9983159
2020,16,16,61021,2.6220481473591057,2.6220481473591057,c_6388f9983159
2021,22,21,59002,3.7286871631470118,3.559201383003966,c_6388f9983159
2022,14,14,59296,2.361036157582299,2.361036157582299,c_6388f9983159
2023,23,23,63288,3.634180255340665,3.634180255340665,c_6388f9983159
2024,21,20,58473,3.591401159509517,3.420382056675731,c_6388f9983159
2008,2,2,112984,0.17701621468526518,0.17701621468526518,c_f08a5ddb1f48
2009,9,9,115035,0.7823705828660842,0.7823705828660842,c_f08a5ddb1f48
2010,25,25,129281,1.933772170697937,1.933772170697937,c_f08a5ddb1f48
2011,10,10,150946,0.6624885720721317,0.6624885720721317,c_f08a5ddb1f48
2012,14,14,142191,0.9845911485255747,0.9845911485255747,c_f08a5ddb1f48
2013,9,7,167554,0.5371402652279266,0.41777576184394283,c_f08a5ddb1f48
2014,12,12,158773,0.7557960106567237,0.7557960106567237,c_f08a5ddb1f48
2015,9,9,167833,0.5362473411069337,0.5362473411069337,c_f08a5ddb1f48
2016,7,6,168321,0.41587205399207466,0.3564617605646354,c_f08a5ddb1f48
2017,7,6,171549,0.4080466805402538,0.34975429760593185,c_f08a5ddb1f48
2018,4,4,194941,0.2051902883436527,0.2051902883436527,c_f08a5ddb1f48
2019,6,5,184672,0.32490036388840754,0.2707503032403396,c_f08a5ddb1f48
2020,4,3,200716,0.19928655413619242,0.1494649156021443,c_f08a5ddb1f48
2021,2,2,176122,0.11355764753977357,0.11355764753977357,c_f08a5ddb1f48
2022,2,1,175571,0.11391402908225162,0.05695701454112581,c_f08a5ddb1f48
2023,7,5,186792,0.37474838322840376,0.267677416591717,c_f08a5ddb1f48
2024,5,5,148815,0.3359876356550079,0.3359876356550079,c_f08a5ddb1f48
2014,10,10,76164,1.3129562522976734,1.3129562522976734,c_850369b36e8c
2015,6,6,65764,0.9123532631835046,0.9123532631835046,c_850369b36e8c
2016,4,4,65584,0.6099048548426446,0.6099048548426446,c_850369b36e8c
2017,10,10,65720,1.5216068167985393,1.5216068167985393,c_850369b36e8c
2018,6,6,68972,0.8699182276865974,0.8699182276865974,c_850369b36e8c
2019,10,10,75252,1.3288683357252964,1.3288683357252964,c_850369b36e8c
2020,9,9,67261,1.3380710961775768,1.3380710961775768,c_850369b36e8c
2021,10,10,62767,1.5931938757627415,1.5931938757627415,c_850369b36e8c
2022,7,7,61771,1.1332178530378332,1.1332178530378332,c_850369b36e8c
2023,10,10,70574,1.4169524187377789,1.4169524187377789,c_850369b36e8c
2024,6,6,63536,0.9443465122135483,0.9443465122135483,c_850369b36e8c
2005,3,3,28516,1.0520409594613551,1.0520409594613551,c_793dc61d6540
2006,9,9,27307,3.295858204855898,3.295858204855898,c_793dc61d6540
2007,11,11,29129,3.776305400116722,3.776305400116722,c_793dc61d6540
2008,8,8,30787,2.5984993666157794,2.5984993666157794,c_793dc61d6540
2009,9,9,40208,2.2383605252686034,2.2383605252686034,c_793dc61d6540
2010,5,5,30582,1.634948662611994,1.634948662611994,c_793dc61d6540
2011,9,9,32539,2.7659116752205044,2.7659116752205044,c_793dc61d6540
2012,5,5,35221,1.4196076204537067,1.4196076204537067,c_793dc61d6540
2013,5,5,36824,1.3578101238322833,1.3578101238322833,c_793dc61d6540
2014,3,3,34386,0.8724480893386843,0.8724480893386843,c_793dc61d6540
2015,2,2,36146,0.5533115697449233,0.5533115697449233,c_793dc61d6540
2016,2,2,41256,0.48477797168896647,0.48477797168896647,c_793dc61d6540
2017,3,3,36680,0.8178844056706652,0.8178844056706652,c_793dc61d6540
2018,1,1,33992,0.29418686749823486,0.29418686749823486,c_793dc61d6540
2019,1,1,35093,0.28495711395434986,0.28495711395434986,c_793dc61d6540
2020,0,0,31855,0.0,0.0,c_793dc61d6540
2021,1,1,33680,0.29691211401425177,0.29691211401425177,c_793dc61d6540
2022,1,1,34890,0.2866150759529951,0.2866150759529951,c_793dc61d6540
2023,1,1,36843,0.2714219797519203,0.2714219797519203,c_793dc61d6540
2024,1,1,32755,0.3052969012364524,0.3052969012364524,c_793dc61d6540
2009,2,2,98964,0.20209369063497837,0.20209369063497837,c_457b5eab7f19
2010,7,7,112695,0.6211455699010604,0.6211455699010604,c_457b5eab7f19
2011,19,15,127894,1.4856052668616198,1.172846263311805,c_457b5eab7f19
2012,36,26,132282,2.7214587018641994,1.9654979513463662,c_457b5eab7f19
2013,59,29,141027,4.183596048983528,2.056343820686819,c_457b5eab7f19
2014,54,17,145448,3.712667070018151,1.1688025961168254,c_457b5eab7f19
2015,94,42,151859,6.189952521747147,2.765723467163619,c_457b5eab7f19
2016,81,35,150908,5.367508680785644,2.31929387441355,c_457b5eab7f19
2017,73,34,156699,4.658613009655454,2.16976496340117,c_457b5eab7f19
2018,65,39,170234,3.8182736703596225,2.2909642022157737,c_457b5eab7f19
2019,51,32,179531,2.8407350262628737,1.7824219772629797,c_457b5eab7f19
2020,35,17,202407,1.7291892078831266,0.8398919009718043,c_457b5eab7f19
2021,28,8,176082,1.5901682170806783,0.45433377630876526,c_457b5eab7f19
2022,21,12,170768,1.2297385927105782,0.7027077672631875,c_457b5eab7f19
2023,20,11,185481,1.0782775594265719,0.5930526576846146,c_457b5eab7f19
2024,25,15,172109,1.4525678494442475,0.8715407096665485,c_457b5eab7f19
2013,14,14,205060,0.6827270067297376,0.6827270067297376,c_8cebebdabedf
2014,19,19,216783,0.8764524893557152,0.8764524893557152,c_8cebebdabedf
2015,23,22,217789,1.0560680291474775,1.0101520278801959,c_8cebebdabedf
2016,50,45,220002,2.2727066117580748,2.0454359505822675,c_8cebebdabedf
2017,65,52,222398,2.9226881536704465,2.3381505229363575,c_8cebebdabedf
2018,56,45,232405,2.409586712850412,1.9362750371119382,c_8cebebdabedf
2019,56,49,240359,2.329848268631505,2.038617235052567,c_8cebebdabedf
2020,61,53,235323,2.5921818096828613,2.252223539560519,c_8cebebdabedf
2021,38,31,230890,1.6458053618606263,1.342630689938932,c_8cebebdabedf
2022,46,40,229737,2.0022895746005216,1.7411213692178447,c_8cebebdabedf
2023,28,21,253497,1.1045495607443085,0.8284121705582315,c_8cebebdabedf
2024,20,17,266529,0.7503873874887911,0.6378292793654724,c_8cebebdabedf
2008,3,3,159840,0.18768768768768768,0.18768768768768768,c_4a4eb107fab6
2009,4,4,166639,0.240039846614538,0.240039846614538,c_4a4eb107fab6
2010,6,5,180517,0.3323786679370918,0.2769822232809098,c_4a4eb107fab6
2011,11,11,193927,0.5672237491427187,0.5672237491427187,c_4a4eb107fab6
2012,10,10,199321,0.5017032826445783,0.5017032826445783,c_4a4eb107fab6
2013,26,24,205060,1.2679215839266555,1.1703891543938358,c_4a4eb107fab6
2014,13,13,216783,0.5996780190328578,0.5996780190328578,c_4a4eb107fab6
2015,23,23,217789,1.0560680291474775,1.0560680291474775,c_4a4eb107fab6
2016,10,9,220002,0.454541322351615,0.4090871901164535,c_4a4eb107fab6
2017,11,11,222398,0.49460876446730634,0.49460876446730634,c_4a4eb107fab6
2018,5,5,232405,0.21514167079021534,0.21514167079021534,c_4a4eb107fab6
2019,7,6,240359,0.29123103357893815,0.24962660021051844,c_4a4eb107fab6
2020,8,8,235323,0.3399582701223425,0.3399582701223425,c_4a4eb107fab6
2021,5,5,230890,0.2165533370869245,0.2165533370869245,c_4a4eb107fab6
2022,3,3,229737,0.13058410269133836,0.13058410269133836,c_4a4eb107fab6
2023,3,3,253497,0.11834459579403307,0.11834459579403307,c_4a4eb107fab6
2024,1,1,266529,0.03751936937443955,0.03751936937443955,c_4a4eb107fab6
2009,7,7,40208,1.7409470752089136,1.7409470752089136,c_26dab993c720
2010,8,8,30582,2.6159178601791906,2.6159178601791906,c_26dab993c720
2011,7,7,32539,2.151264636282615,2.151264636282615,c_26dab993c720
2012,14,14,35221,3.9749013372703783,3.9749013372703783,c_26dab993c720
2013,9,9,36824,2.44405822289811,2.44405822289811,c_26dab993c720
2014,17,16,34386,4.943872506252545,4.653056476472983,c_26dab993c720
2015,8,8,36146,2.2132462789796934,2.2132462789796934,c_26dab993c720
2016,6,4,41256,1.4543339150668995,0.9695559433779329,c_26dab993c720
2017,4,4,36680,1.0905125408942202,1.0905125408942202,c_26dab993c720
2018,3,3,33992,0.8825606024947046,0.8825606024947046,c_26dab993c720
2019,9,9,35093,2.5646140255891487,2.5646140255891487,c_26dab993c720
2020,2,2,31855,0.6278449223041909,0.6278449223041909,c_26dab993c720
2021,2,2,33680,0.5938242280285035,0.5938242280285035,c_26dab993c720
2022,0,0,34890,0.0,0.0,c_26dab993c720
2023,0,0,36843,0.0,0.0,c_26dab993c720
2024,1,1,32755,0.3052969012364524,0.3052969012364524,c_26dab993c720
2009,3,3,40208,0.7461201750895344,0.7461201750895344,c_29b715c0d545
2010,6,6,30582,1.9619383951343927,1.9619383951343927,c_29b715c0d545
2011,8,8,32539,2.45858815575156,2.45858815575156,c_29b715c0d545
2012,13,13,35221,3.690979813179637,3.690979813179637,c_29b715c0d545
2013,8,8,36824,2.172496198131653,2.172496198131653,c_29b715c0d545
2014,5,5,34386,1.4540801488978072,1.4540801488978072,c_29b715c0d545
2015,5,5,36146,1.3832789243623085,1.3832789243623085,c_29b715c0d545
2016,18,18,41256,4.363001745200698,4.363001745200698,c_29b715c0d545
2017,11,11,36680,2.998909487459106,2.998909487459106,c_29b715c0d545
2018,5,5,33992,1.4709343374911743,1.4709343374911743,c_29b715c0d545
2019,8,8,35093,2.279656911634799,2.279656911634799,c_29b715c0d545
2020,13,13,31855,4.08099199497724,4.08099199497724,c_29b715c0d545
2021,7,7,33680,2.0783847980997625,2.0783847980997625,c_29b715c0d545
2022,5,5,34890,1.4330753797649756,1.4330753797649756,c_29b715c0d545
2023,6,6,36843,1.628531878511522,1.628531878511522,c_29b715c0d545
2024,8,8,32755,2.4423752098916194,2.4423752098916194,c_29b715c0d545
2012,8,8,35221,2.2713721927259307,2.2713721927259307,c_8c66d94e3b0b
2013,7,7,36824,1.9009341733651965,1.9009341733651965,c_8c66d94e3b0b
2014,3,3,34386,0.8724480893386843,0.8724480893386843,c_8c66d94e3b0b
2015,1,1,36146,0.2766557848724617,0.2766557848724617,c_8c66d94e3b0b
2016,1,1,41256,0.24238898584448323,0.24238898584448323,c_8c66d94e3b0b
2017,1,1,36680,0.27262813522355506,0.27262813522355506,c_8c66d94e3b0b
2018,0,0,33992,0.0,0.0,c_8c66d94e3b0b
2019,0,0,35093,0.0,0.0,c_8c66d94e3b0b
2020,0,0,31855,0.0,0.0,c_8c66d94e3b0b
2021,0,0,33680,0.0,0.0,c_8c66d94e3b0b
2022,0,0,34890,0.0,0.0,c_8c66d94e3b0b
2023,0,0,36843,0.0,0.0,c_8c66d94e3b0b
2024,0,0,32755,0.0,0.0,c_8c66d94e3b0b
2011,5,5,95040,0.5260942760942761,0.5260942760942761,c_9026d95a869c
2012,17,13,58893,2.8865909361044606,2.207393068785764,c_9026d95a869c
2013,15,12,60870,2.464268112370626,1.9714144898965007,c_9026d95a869c
2014,8,8,76164,1.0503650018381387,1.0503650018381387,c_9026d95a869c
2015,6,5,65764,0.9123532631835046,0.7602943859862539,c_9026d95a869c
2016,5,5,65584,0.7623810685533057,0.7623810685533057,c_9026d95a869c
2017,5,4,65720,0.7608034083992696,0.6086427267194157,c_9026d95a869c
2018,7,7,68972,1.014904598967697,1.014904598967697,c_9026d95a869c
2019,5,5,75252,0.6644341678626482,0.6644341678626482,c_9026d95a869c
2020,6,4,67261,0.8920473974517179,0.594698264967812,c_9026d95a869c
2021,12,12,62767,1.9118326509152899,1.9118326509152899,c_9026d95a869c
2022,3,3,61771,0.48566479415907143,0.48566479415907143,c_9026d95a869c
2023,2,2,70574,0.28339048374755577,0.28339048374755577,c_9026d95a869c
2024,7,4,63536,1.101737597582473,0.6295643414756988,c_9026d95a869c
2015,5,5,65630,0.7618467164406522,0.7618467164406522,c_e1a8b816be94
2016,4,4,65573,0.6100071675842191,0.6100071675842191,c_e1a8b816be94
2017,13,13,68372,1.9013631311063008,1.9013631311063008,c_e1a8b816be94
2018,18,18,75449,2.3857175045394903,2.3857175045394903,c_e1a8b816be94
2019,17,17,83321,2.0403019646907743,2.0403019646907743,c_e1a8b816be94
2020,20,20,84185,2.375720140167488,2.375720140167488,c_e1a8b816be94
2021,14,14,88627,1.5796540557617882,1.5796540557617882,c_e1a8b816be94
2022,11,11,89722,1.226009228505829,1.226009228505829,c_e1a8b816be94
2023,12,12,103203,1.162756896601843,1.162756896601843,c_e1a8b816be94
2024,9,9,105524,0.8528865471361965,0.8528865471361965,c_e1a8b816be94
2006,0,0,17069,0.0,0.0,c_03828aedf823
2007,3,3,17614,1.7031906438060633,1.7031906438060633,c_03828aedf823
2008,4,4,18939,2.112043930513755,2.112043930513755,c_03828aedf823
2009,11,8,19455,5.654073502955538,4.112053456694937,c_03828aedf823
2010,3,3,20325,1.4760147601476015,1.4760147601476015,c_03828aedf823
2011,3,3,22301,1.3452311555535625,1.3452311555535625,c_03828aedf823
2012,4,3,22445,1.7821341055914457,1.3366005791935842,c_03828aedf823
2013,3,0,23974,1.2513556352715443,0.0,c_03828aedf823
2014,4,3,24976,1.6015374759769379,1.2011531069827035,c_03828aedf823
2015,4,2,24254,1.649212501030758,0.824606250515379,c_03828aedf823
2016,2,0,25602,0.7811889696117491,0.0,c_03828aedf823
2017,6,6,25184,2.3824650571791612,2.3824650571791612,c_03828aedf823
2018,9,7,26861,3.350582629090503,2.6060087115148356,c_03828aedf823
2019,2,2,26321,0.7598495497891418,0.7598495497891418,c_03828aedf823
2020,4,2,26758,1.4948800358771208,0.7474400179385604,c_03828aedf823
2021,2,0,27398,0.7299802905321556,0.0,c_03828aedf823
2022,2,1,27038,0.7396996819291368,0.3698498409645684,c_03828aedf823
2023,0,0,29189,0.0,0.0,c_03828aedf823
2024,4,3,28645,1.3964042590329901,1.0473031942747426,c_03828aedf823
2005,8,5,25847,3.0951367663558633,1.9344604789724147,c_6016216be4fa
2006,17,11,27959,6.08033191458922,3.9343324153224364,c_6016216be4fa
2007,22,15,29344,7.497273718647764,5.111777535441657,c_6016216be4fa
2008,25,11,30490,8.19940964250574,3.6077402427025254,c_6016216be4fa
2009,35,17,31589,11.079806261673367,5.38162018424135,c_6016216be4fa
2010,29,11,32927,8.807361739605795,3.3407234184711636,c_6016216be4fa
2011,39,22,34972,11.15177856570971,6.290746883220862,c_6016216be4fa
2012,33,15,35819,9.212987520589632,4.187721600268014,c_6016216be4fa
2013,31,17,36317,8.535947352479555,4.681003386843627,c_6016216be4fa
2014,44,21,36019,12.215775007634859,5.83025625364391,c_6016216be4fa
2015,43,22,36571,11.757950288479943,6.015695496431599,c_6016216be4fa
2016,49,18,36443,13.445654858271821,4.93922015201822,c_6016216be4fa
2017,36,17,36308,9.915170210421946,4.68216371047703,c_6016216be4fa
2018,45,21,37578,11.975091809037202,5.588376177550694,c_6016216be4fa
2019,27,13,37261,7.246182335417729,3.4889026059418695,c_6016216be4fa
2020,31,15,41651,7.44279849223308,3.6013541091450385,c_6016216be4fa
2021,29,5,39112,7.414604213540601,1.278380036817345,c_6016216be4fa
2022,19,8,38053,4.993036028696817,2.1023309594512916,c_6016216be4fa
2023,27,17,41288,6.539430342956791,4.117419104824647,c_6016216be4fa
2024,21,10,42400,4.952830188679245,2.358490566037736,c_6016216be4fa
2009,12,12,51116,2.347601533766335,2.347601533766335,c_509ba93dffc8
2010,10,10,54724,1.8273518017688766,1.8273518017688766,c_509ba93dffc8
2011,8,6,57542,1.390288832504953,1.0427166243787147,c_509ba93dffc8
2012,10,9,59205,1.6890465332319906,1.5201418799087916,c_509ba93dffc8
2013,9,9,62052,1.4503964416940631,1.4503964416940631,c_509ba93dffc8
2014,12,10,63666,1.8848364904344548,1.5706970753620457,c_509ba93dffc8
2015,14,13,65630,2.133170806033826,1.9808014627456956,c_509ba93dffc8
2016,9,8,65573,1.372516127064493,1.2200143351684383,c_509ba93dffc8
2017,21,20,68372,3.07143275024864,2.9251740478558474,c_509ba93dffc8
2018,20,13,75449,2.6507972272661005,1.7230181977229653,c_509ba93dffc8
2019,34,24,83321,4.080603929381549,2.880426303092858,c_509ba93dffc8
2020,26,16,84185,3.088436182217735,1.9005761121339906,c_509ba93dffc8
2021,18,10,88627,2.030983785979442,1.1283243255441344,c_509ba93dffc8
2022,17,9,89722,1.8947415349635541,1.0030984596865875,c_509ba93dffc8
2023,29,13,103203,2.8099958334544537,1.2596533046519967,c_509ba93dffc8
2024,19,7,105524,1.8005382661764149,0.6633562033281528,c_509ba93dffc8
2015,6,6,60639,0.9894622272794736,0.9894622272794736,c_9d4eaaf7197d
2016,13,8,61254,2.1223103797303033,1.3060371567571096,c_9d4eaaf7197d
2017,14,8,60558,2.3118332837940487,1.3210475907394563,c_9d4eaaf7197d
2018,14,10,61455,2.2780896591001545,1.6272068993572533,c_9d4eaaf7197d
2019,25,19,61056,4.094601677148847,3.1118972746331237,c_9d4eaaf7197d
2020,23,18,61021,3.7691942118287147,2.949804165778994,c_9d4eaaf7197d
2021,16,13,59002,2.711772482288736,2.2033151418595978,c_9d4eaaf7197d
2022,19,15,59296,3.204263356718834,2.529681597409606,c_9d4eaaf7197d
2023,16,11,63288,2.5281253950195928,1.7380862090759701,c_9d4eaaf7197d
2024,7,6,58473,1.1971337198365057,1.026114617002719,c_9d4eaaf7197d
2010,5,5,56540,0.8843296781039972,0.8843296781039972,c_8904d963bc30
2011,3,3,58822,0.510013260344769,0.510013260344769,c_8904d963bc30
2012,9,6,59349,1.5164535206995906,1.0109690137997271,c_8904d963bc30
2013,14,9,59125,2.367864693446089,1.522198731501057,c_8904d963bc30
2014,11,4,59783,1.8399879564424668,0.6690865296154426,c_8904d963bc30
2015,10,4,60639,1.649103712132456,0.6596414848529824,c_8904d963bc30
2016,7,6,61254,1.142782512162471,0.9795278675678323,c_8904d963bc30
2017,13,6,60558,2.1467023349516166,0.9907856930545923,c_8904d963bc30
2018,9,1,61455,1.4644862094215279,0.16272068993572533,c_8904d963bc30
2019,12,6,61056,1.9654088050314464,0.9827044025157232,c_8904d963bc30
2020,8,5,61021,1.3110240736795529,0.8193900460497205,c_8904d963bc30
2021,9,6,59002,1.525372021287414,1.016914680858276,c_8904d963bc30
2022,11,6,59296,1.8550998381003778,1.0118726389638424,c_8904d963bc30
2023,2,0,63288,0.3160156743774491,0.0,c_8904d963bc30
2024,9,3,58473,1.5391719255040788,0.5130573085013596,c_8904d963bc30
2015,10,10,36146,2.766557848724617,2.766557848724617,c_4a952e8aa8a9
2016,25,25,41256,6.05972464611208,6.05972464611208,c_4a952e8aa8a9
2017,15,15,36680,4.089422028353326,4.089422028353326,c_4a952e8aa8a9
2018,14,14,33992,4.118616144975288,4.118616144975288,c_4a952e8aa8a9
2019,26,26,35093,7.408884962813096,7.408884962813096,c_4a952e8aa8a9
2020,17,17,31855,5.336681839585622,5.336681839585622,c_4a952e8aa8a9
2021,28,28,33680,8.31353919239905,8.31353919239905,c_4a952e8aa8a9
2022,11,11,34890,3.1527658354829464,3.1527658354829464,c_4a952e8aa8a9
2023,20,19,36843,5.428439595038406,5.1570176152864855,c_4a952e8aa8a9
2024,24,23,32755,7.327125629674859,7.021828728438407,c_4a952e8aa8a9
2006,6,5,71678,0.8370769273696252,0.6975641061413544,c_3a8d31dc5fbf
2007,13,13,72745,1.7870644030517562,1.7870644030517562,c_3a8d31dc5fbf
2008,21,21,78057,2.690341673392521,2.690341673392521,c_3a8d31dc5fbf
2009,11,11,83127,1.323276432446738,1.323276432446738,c_3a8d31dc5fbf
2010,18,17,87106,2.0664477762725872,1.9516451220352216,c_3a8d31dc5fbf
2011,11,10,90487,1.2156442361886237,1.1051311238078398,c_3a8d31dc5fbf
2012,24,22,90571,2.6498548100385335,2.4290335758686554,c_3a8d31dc5fbf
2013,14,14,88428,1.5832089383453205,1.5832089383453205,c_3a8d31dc5fbf
2014,22,21,90387,2.4339783375927952,2.323342958611305,c_3a8d31dc5fbf
2015,15,14,88603,1.692944934144442,1.5800819385348126,c_3a8d31dc5fbf
2016,14,13,93098,1.503791703366345,1.396378010268749,c_3a8d31dc5fbf
2017,18,11,84609,2.127433251781725,1.3000980983110544,c_3a8d31dc5fbf
2018,17,12,85970,1.9774339886006747,1.3958357566592998,c_3a8d31dc5fbf
2019,15,4,84262,1.7801618760532625,0.4747098336142033,c_3a8d31dc5fbf
2020,12,8,80722,1.4865835831619634,0.9910557221079755,c_3a8d31dc5fbf
2021,6,3,73953,0.8113261125309318,0.4056630562654659,c_3a8d31dc5fbf
2022,7,5,69144,1.0123799606618071,0.7231285433298623,c_3a8d31dc5fbf
2023,3,2,73858,0.4061848411817271,0.2707898941211514,c_3a8d31dc5fbf
2024,8,5,76699,1.043038370774065,0.6518989817337906,c_3a8d31dc5fbf
2010,4,4,56540,0.7074637424831978,0.7074637424831978,c_4010f34bf1ab
2011,15,15,58822,2.5500663017238447,2.5500663017238447,c_4010f34bf1ab
2012,20,20,59349,3.369896712665757,3.369896712665757,c_4010f34bf1ab
2013,30,30,59125,5.07399577167019,5.07399577167019,c_4010f34bf1ab
2014,17,17,59783,2.8436177508656306,2.8436177508656306,c_4010f34bf1ab
2015,26,26,60639,4.287669651544386,4.287669651544386,c_4010f34bf1ab
2016,27,27,61254,4.407875404055245,4.407875404055245,c_4010f34bf1ab
2017,21,20,60558,3.467749925691073,3.302618976848641,c_4010f34bf1ab
2018,40,37,61455,6.508827597429013,6.020665527621837,c_4010f34bf1ab
2019,36,35,61056,5.89622641509434,5.7324423480083855,c_4010f34bf1ab
2020,36,32,61021,5.899608331557988,5.2440962947182115,c_4010f34bf1ab
2021,18,14,59002,3.050744042574828,2.372800922002644,c_4010f34bf1ab
2022,20,16,59296,3.3729087965461413,2.698327037236913,c_4010f34bf1ab
2023,13,11,63288,2.0541018834534195,1.7380862090759701,c_4010f34bf1ab
2024,13,12,58473,2.223248336839225,2.052229234005438,c_4010f34bf1ab
2013,8,8,59125,1.3530655391120507,1.3530655391120507,c_70af732266c6
2014,5,5,59783,0.8363581620193031,0.8363581620193031,c_70af732266c6
2015,10,9,60639,1.649103712132456,1.4841933409192105,c_70af732266c6
2016,20,20,61254,3.2650928918927744,3.2650928918927744,c_70af732266c6
2017,28,28,60558,4.6236665675880975,4.6236665675880975,c_70af732266c6
2018,30,30,61455,4.88162069807176,4.88162069807176,c_70af732266c6
2019,28,28,61056,4.585953878406708,4.585953878406708,c_70af732266c6
2020,34,33,61021,5.5718523131381,5.407974303928156,c_70af732266c6
2021,37,31,59002,6.270973865292702,5.254059184434426,c_70af732266c6
2022,31,28,59296,5.228008634646519,4.722072315164598,c_70af732266c6
2023,27,20,63288,4.266211604095563,3.160156743774491,c_70af732266c6
2024,25,22,58473,4.2754775708446635,3.7624202623433036,c_70af732266c6
2007,8,8,22258,3.594213316560338,3.594213316560338,c_a86b2f667874
2008,13,10,24595,5.2856271599918685,4.0658670461475905,c_a86b2f667874
2009,17,10,25684,6.6189067123501015,3.89347453667653,c_a86b2f667874
2010,17,8,26279,6.469043723124929,3.044255869705849,c_a86b2f667874
2011,24,11,27516,8.722197993894461,3.9976740805349613,c_a86b2f667874
2012,18,12,30400,5.921052631578948,3.9473684210526314,c_a86b2f667874
2013,16,10,30888,5.18000518000518,3.2375032375032373,c_a86b2f667874
2014,14,7,32365,4.325660435655801,2.1628302178279006,c_a86b2f667874
2015,15,6,32714,4.585192883780644,1.8340771535122578,c_a86b2f667874
2016,17,13,33909,5.013418266536908,3.833790439116459,c_a86b2f667874
2017,7,1,33628,2.0815986677768525,0.2973712382538361,c_a86b2f667874
2018,9,5,33123,2.717145186124445,1.5095251034024695,c_a86b2f667874
2019,8,4,34908,2.2917382834880256,1.1458691417440128,c_a86b2f667874
2020,12,9,37862,3.169404680154244,2.377053510115683,c_a86b2f667874
2021,9,3,34746,2.5902262130892764,0.8634087376964255,c_a86b2f667874
2022,6,1,34558,1.7362115863186527,0.28936859771977547,c_a86b2f667874
2023,5,4,36340,1.3758943313153549,1.100715465052284,c_a86b2f667874
2024,2,0,37101,0.5390690277890083,0.0,c_a86b2f667874
2007,1,1,17614,0.5677302146020211,0.5677302146020211,c_9cf3e02c40c3
2008,5,0,18939,2.6400549131421935,0.0,c_9cf3e02c40c3
2009,3,3,19455,1.5420200462606013,1.5420200462606013,c_9cf3e02c40c3
2010,1,1,20325,0.4920049200492005,0.4920049200492005,c_9cf3e02c40c3
2011,0,0,22301,0.0,0.0,c_9cf3e02c40c3
2012,0,0,22445,0.0,0.0,c_9cf3e02c40c3
2013,0,0,23974,0.0,0.0,c_9cf3e02c40c3
2014,0,0,24976,0.0,0.0,c_9cf3e02c40c3
2015,2,2,24254,0.824606250515379,0.824606250515379,c_9cf3e02c40c3
2016,0,0,25602,0.0,0.0,c_9cf3e02c40c3
2017,0,0,25184,0.0,0.0,c_9cf3e02c40c3
2018,0,0,26861,0.0,0.0,c_9cf3e02c40c3
2019,0,0,26321,0.0,0.0,c_9cf3e02c40c3
2020,0,0,26758,0.0,0.0,c_9cf3e02c40c3
2021,0,0,27398,0.0,0.0,c_9cf3e02c40c3
2022,0,0,27038,0.0,0.0,c_9cf3e02c40c3
2023,0,0,29189,0.0,0.0,c_9cf3e02c40c3
2024,0,0,28645,0.0,0.0,c_9cf3e02c40c3
2008,7,7,78057,0.896780557797507,0.896780557797507,c_77d5d74f1bf6
2009,12,12,83127,1.4435742899418962,1.4435742899418962,c_77d5d74f1bf6
2010,33,33,87106,3.788487589833077,3.788487589833077,c_77d5d74f1bf6
2011,53,52,90487,5.857194956181551,5.746681843800767,c_77d5d74f1bf6
2012,63,61,90571,6.95586887635115,6.735047642181272,c_77d5d74f1bf6
2013,36,35,88428,4.071108698602253,3.9580223458633013,c_77d5d74f1bf6
2014,34,30,90387,3.7616028853706838,3.319061369444721,c_77d5d74f1bf6
2015,30,28,88603,3.385889868288884,3.160163877069625,c_77d5d74f1bf6
2016,16,15,93098,1.7186190895615372,1.6112053964639412,c_77d5d74f1bf6
2017,14,14,84609,1.654670306941342,1.654670306941342,c_77d5d74f1bf6
2018,9,9,85970,1.046876817494475,1.046876817494475,c_77d5d74f1bf6
2019,3,3,84262,0.3560323752106525,0.3560323752106525,c_77d5d74f1bf6
2020,2,1,80722,0.2477639305269939,0.12388196526349694,c_77d5d74f1bf6
2021,0,0,73953,0.0,0.0,c_77d5d74f1bf6
2022,3,3,69144,0.4338771259979174,0.4338771259979174,c_77d5d74f1bf6
2023,1,1,73858,0.1353949470605757,0.1353949470605757,c_77d5d74f1bf6
2024,1,1,76699,0.13037979634675811,0.13037979634675811,c_77d5d74f1bf6
2008,3,3,30787,0.9744372624809172,0.9744372624809172,c_24e2ee0faf24
2009,7,7,40208,1.7409470752089136,1.7409470752089136,c_24e2ee0faf24
2010,12,12,30582,3.9238767902687854,3.9238767902687854,c_24e2ee0faf24
2011,7,7,32539,2.151264636282615,2.151264636282615,c_24e2ee0faf24
2012,9,9,35221,2.555293716816672,2.555293716816672,c_24e2ee0faf24
2013,3,3,36824,0.81468607429937,0.81468607429937,c_24e2ee0faf24
2014,7,7,34386,2.03571220845693,2.03571220845693,c_24e2ee0faf24
2015,6,6,36146,1.65993470923477,1.65993470923477,c_24e2ee0faf24
2016,6,6,41256,1.4543339150668995,1.4543339150668995,c_24e2ee0faf24
2017,8,8,36680,2.1810250817884405,2.1810250817884405,c_24e2ee0faf24
2018,12,12,33992,3.5302424099788183,3.5302424099788183,c_24e2ee0faf24
2019,3,3,35093,0.8548713418630496,0.8548713418630496,c_24e2ee0faf24
2020,7,7,31855,2.197457228064668,2.197457228064668,c_24e2ee0faf24
2021,5,5,33680,1.484560570071259,1.484560570071259,c_24e2ee0faf24
2022,2,2,34890,0.5732301519059902,0.5732301519059902,c_24e2ee0faf24
2023,1,1,36843,0.2714219797519203,0.2714219797519203,c_24e2ee0faf24
2024,1,1,32755,0.3052969012364524,0.3052969012364524,c_24e2ee0faf24
2007,7,7,112703,0.6211014791088081,0.6211014791088081,c_e79d5454fc88
2008,9,8,112984,0.7965729660836932,0.7080648587410607,c_e79d5454fc88
2009,11,11,115035,0.9562307123918807,0.9562307123918807,c_e79d5454fc88
2010,9,9,129281,0.6961579814512573,0.6961579814512573,c_e79d5454fc88
2011,23,21,150946,1.523723715765903,1.3912260013514768,c_e79d5454fc88
2012,16,16,142191,1.1252470268863712,1.1252470268863712,c_e79d5454fc88
2013,20,19,167554,1.1936450338398368,1.1339627821478448,c_e79d5454fc88
2014,16,15,158773,1.007728014208965,0.9447450133209047,c_e79d5454fc88
2015,25,22,167833,1.4895759475192603,1.310826833816949,c_e79d5454fc88
2016,19,18,168321,1.1287955751213454,1.0693852816939062,c_e79d5454fc88
2017,21,15,171549,1.2241400416207615,0.8743857440148296,c_e79d5454fc88
2018,19,13,194941,0.9746538696323503,0.6668684371168713,c_e79d5454fc88
2019,11,7,184672,0.5956506671287471,0.37905042453647547,c_e79d5454fc88
2020,10,6,200716,0.49821638534048107,0.2989298312042886,c_e79d5454fc88
2021,7,6,176122,0.3974517663892075,0.3406729426193207,c_e79d5454fc88
2022,6,4,175571,0.34174208724675487,0.22782805816450324,c_e79d5454fc88
2023,4,3,186792,0.21414193327337358,0.1606064499550302,c_e79d5454fc88
2024,8,3,148815,0.5375802170480126,0.20159258139300473,c_e79d5454fc88
2012,4,4,58893,0.6791978673186966,0.6791978673186966,c_e5a45e82b8e9
2013,4,4,60870,0.6571381632988336,0.6571381632988336,c_e5a45e82b8e9
2014,4,4,76164,0.5251825009190694,0.5251825009190694,c_e5a45e82b8e9
2015,16,16,65764,2.4329420351560125,2.4329420351560125,c_e5a45e82b8e9
2016,21,21,65584,3.202000487923884,3.202000487923884,c_e5a45e82b8e9
2017,9,9,65720,1.3694461351186853,1.3694461351186853,c_e5a45e82b8e9
2018,8,8,68972,1.1598909702487965,1.1598909702487965,c_e5a45e82b8e9
2019,6,6,75252,0.7973210014351778,0.7973210014351778,c_e5a45e82b8e9
2020,4,4,67261,0.594698264967812,0.594698264967812,c_e5a45e82b8e9
2021,2,2,62767,0.3186387751525483,0.3186387751525483,c_e5a45e82b8e9
2022,1,1,61771,0.16188826471969048,0.16188826471969048,c_e5a45e82b8e9
2023,1,1,70574,0.14169524187377788,0.14169524187377788,c_e5a45e82b8e9
2024,1,1,63536,0.1573910853689247,0.1573910853689247,c_e5a45e82b8e9
2008,27,27,20260,13.32675222112537,13.32675222112537,c_4380b7a089e5
2009,66,66,21235,31.08076289145279,31.08076289145279,c_4380b7a089e5
2010,61,61,22089,27.61555525374621,27.61555525374621,c_4380b7a089e5
2011,43,43,24269,17.718076558572665,17.718076558572665,c_4380b7a089e5
2012,33,33,26061,12.662599286289858,12.662599286289858,c_4380b7a089e5
2013,27,27,26559,10.166045408336156,10.166045408336156,c_4380b7a089e5
2014,29,29,28351,10.228916087615957,10.228916087615957,c_4380b7a089e5
2015,17,17,28832,5.89622641509434,5.89622641509434,c_4380b7a089e5
2016,15,15,29688,5.052546483427648,5.052546483427648,c_4380b7a089e5
2017,9,9,31533,2.854152792312815,2.854152792312815,c_4380b7a089e5
2018,15,13,30585,4.904364884747425,4.250449566781102,c_4380b7a089e5
2019,10,10,32424,3.08413520848754,3.08413520848754,c_4380b7a089e5
2020,9,9,34042,2.6437929616356266,2.6437929616356266,c_4380b7a089e5
2021,2,2,32161,0.6218712104723112,0.6218712104723112,c_4380b7a089e5
2022,2,2,32709,0.611452505426641,0.611452505426641,c_4380b7a089e5
2023,3,3,35001,0.8571183680466272,0.8571183680466272,c_4380b7a089e5
2024,1,1,36029,0.27755419245607704,0.27755419245607704,c_4380b7a089e5
2009,9,9,40208,2.2383605252686034,2.2383605252686034,c_833923f506ca
2010,19,17,30582,6.2128049179255775,5.55882545288078,c_833923f506ca
2011,17,16,32539,5.224499830972064,4.91717631150312,c_833923f506ca
2012,8,8,35221,2.2713721927259307,2.2713721927259307,c_833923f506ca
2013,10,10,36824,2.7156202476645666,2.7156202476645666,c_833923f506ca
2014,6,6,34386,1.7448961786773687,1.7448961786773687,c_833923f506ca
2015,8,8,36146,2.2132462789796934,2.2132462789796934,c_833923f506ca
2016,7,7,41256,1.6967229009113827,1.6967229009113827,c_833923f506ca
2017,1,1,36680,0.27262813522355506,0.27262813522355506,c_833923f506ca
2018,3,3,33992,0.8825606024947046,0.8825606024947046,c_833923f506ca
2019,1,1,35093,0.28495711395434986,0.28495711395434986,c_833923f506ca
2020,0,0,31855,0.0,0.0,c_833923f506ca
2021,1,1,33680,0.29691211401425177,0.29691211401425177,c_833923f506ca
2022,1,1,34890,0.2866150759529951,0.2866150759529951,c_833923f506ca
2023,1,1,36843,0.2714219797519203,0.2714219797519203,c_833923f506ca
2024,0,0,32755,0.0,0.0,c_833923f506ca
2013,9,9,36317,2.4781782636230965,2.4781782636230965,c_b3fdf1de179c
2014,16,16,36019,4.4421000027763125,4.4421000027763125,c_b3fdf1de179c
2015,11,11,36571,3.0078477482157995,3.0078477482157995,c_b3fdf1de179c
2016,1,1,36443,0.2744011195565678,0.2744011195565678,c_b3fdf1de179c
2017,2,2,36308,0.5508427894678859,0.5508427894678859,c_b3fdf1de179c
2018,1,1,37578,0.26611315131193786,0.26611315131193786,c_b3fdf1de179c
2019,1,1,37261,0.26837712353398996,0.26837712353398996,c_b3fdf1de179c
2020,1,1,41651,0.24009027394300256,0.24009027394300256,c_b3fdf1de179c
2021,0,0,39112,0.0,0.0,c_b3fdf1de179c
2022,0,0,38053,0.0,0.0,c_b3fdf1de179c
2023,0,0,41288,0.0,0.0,c_b3fdf1de179c
2024,1,1,42400,0.2358490566037736,0.2358490566037736,c_b3fdf1de179c
2015,6,6,126862,0.47295486434077977,0.47295486434077977,c_4bd7704f481d
2016,7,7,137465,0.5092205288618921,0.5092205288618921,c_4bd7704f481d
2017,8,8,140391,0.5698370978196609,0.5698370978196609,c_4bd7704f481d
2018,22,20,156293,1.4076126250055985,1.2796478409141805,c_4bd7704f481d
2019,22,18,175096,1.2564536025951478,1.0280074930323937,c_4bd7704f481d
2020,37,32,191125,1.9359058207979072,1.6742969260954872,c_4bd7704f481d
2021,47,39,193031,2.434842071998798,2.0204008682543217,c_4bd7704f481d
2022,62,52,187583,3.30520356322268,2.772106214315796,c_4bd7704f481d
2023,40,35,219795,1.8198776132305103,1.5923929115766964,c_4bd7704f481d
2024,34,30,242288,1.4032886482202998,1.2381958660767352,c_4bd7704f481d
2010,5,4,32927,1.5185106447596197,1.2148085158076958,c_02792d2208de
2011,14,6,34972,4.00320256204964,1.7156582408784171,c_02792d2208de
2012,22,12,35819,6.141991680393088,3.350177280214411,c_02792d2208de
2013,12,3,36317,3.3042376848307953,0.8260594212076988,c_02792d2208de
2014,12,6,36019,3.3315750020822343,1.6657875010411172,c_02792d2208de
2015,17,6,36571,4.648491974515326,1.6406442262995269,c_02792d2208de
2016,16,5,36443,4.390417912905085,1.372005597782839,c_02792d2208de
2017,16,8,36308,4.406742315743087,2.2033711578715436,c_02792d2208de
2018,16,7,37578,4.257810420991006,1.862792059183565,c_02792d2208de
2019,13,7,37261,3.4889026059418695,1.8786398647379297,c_02792d2208de
2020,14,9,41651,3.361263835202036,2.160812465487023,c_02792d2208de
2021,10,5,39112,2.55676007363469,1.278380036817345,c_02792d2208de
2022,10,4,38053,2.6279136993141146,1.0511654797256458,c_02792d2208de
2023,15,8,41288,3.6330168571982173,1.937608990505716,c_02792d2208de
2024,12,8,42400,2.830188679245283,1.8867924528301887,c_02792d2208de
2011,8,8,32539,2.45858815575156,2.45858815575156,c_8a0a8dab0e65
2012,6,6,35221,1.7035291445444478,1.7035291445444478,c_8a0a8dab0e65
2013,10,10,36824,2.7156202476645666,2.7156202476645666,c_8a0a8dab0e65
2014,15,15,34386,4.362240446693422,4.362240446693422,c_8a0a8dab0e65
2015,17,16,36146,4.703148342831849,4.426492557959387,c_8a0a8dab0e65
2016,12,10,41256,2.908667830133799,2.423889858444832,c_8a0a8dab0e65
2017,14,14,36680,3.816793893129771,3.816793893129771,c_8a0a8dab0e65
2018,9,9,33992,2.6476818074841137,2.6476818074841137,c_8a0a8dab0e65
2019,8,6,35093,2.279656911634799,1.7097426837260992,c_8a0a8dab0e65
2020,13,13,31855,4.08099199497724,4.08099199497724,c_8a0a8dab0e65
2021,6,6,33680,1.7814726840855106,1.7814726840855106,c_8a0a8dab0e65
2022,4,4,34890,1.1464603038119805,1.1464603038119805,c_8a0a8dab0e65
2023,1,1,36843,0.2714219797519203,0.2714219797519203,c_8a0a8dab0e65
2024,9,9,32755,2.747672111128072,2.747672111128072,c_8a0a8dab0e65
2007,5,3,12611,3.9647926413448578,2.3788755848069147,c_92ba186c01f3
2008,6,5,13893,4.318721658389117,3.598934715324264,c_92ba186c01f3
2009,10,7,14712,6.797172376291463,4.758020663404024,c_92ba186c01f3
2010,3,2,15829,1.8952555436224652,1.2635036957483101,c_92ba186c01f3
2011,5,5,17503,2.856653145175113,2.856653145175113,c_92ba186c01f3
2012,6,3,18090,3.316749585406302,1.658374792703151,c_92ba186c01f3
2013,3,1,20023,1.498276981471308,0.499425660490436,c_92ba186c01f3
2014,2,2,22282,0.8975854950184005,0.8975854950184005,c_92ba186c01f3
2015,1,1,20588,0.48571983679813485,0.48571983679813485,c_92ba186c01f3
2016,4,2,21969,1.8207474168146025,0.9103737084073013,c_92ba186c01f3
2017,0,0,21668,0.0,0.0,c_92ba186c01f3
2018,1,1,21593,0.46311304589450286,0.46311304589450286,c_92ba186c01f3
2019,1,1,22071,0.45308323138960627,0.45308323138960627,c_92ba186c01f3
2020,0,0,24045,0.0,0.0,c_92ba186c01f3
2021,2,0,23097,0.8659133220764601,0.0,c_92ba186c01f3
2022,1,1,20712,0.4828118964851294,0.4828118964851294,c_92ba186c01f3
2023,0,0,20808,0.0,0.0,c_92ba186c01f3
2024,1,1,20642,0.48444918128088366,0.48444918128088366,c_92ba186c01f3
2012,7,7,199321,0.3511922978512048,0.3511922978512048,c_9d2447253ac5
2013,21,21,205060,1.0240905100946065,1.0240905100946065,c_9d2447253ac5
2014,76,68,216783,3.5058099574228607,3.1367773303257174,c_9d2447253ac5
2015,142,124,217789,6.520072179953992,5.693584157142923,c_9d2447253ac5
2016,228,193,220002,10.363542149616821,8.772647521386169,c_9d2447253ac5
2017,259,193,222398,11.645788181548395,8.678135594744557,c_9d2447253ac5
2018,252,178,232405,10.843140207826854,7.6590434801316665,c_9d2447253ac5
2019,202,149,240359,8.404095540420787,6.199060571894541,c_9d2447253ac5
2020,133,78,235323,5.651806240783944,3.3145931336928394,c_9d2447253ac5
2021,122,80,230890,5.283901424920958,3.464853393390792,c_9d2447253ac5
2022,93,66,229737,4.0481071834314895,2.872850259209444,c_9d2447253ac5
2023,43,30,253497,1.696272539714474,1.1834459579403307,c_9d2447253ac5
2024,36,23,266529,1.350697297479824,0.8629454956121098,c_9d2447253ac5
2007,1,1,12611,0.7929585282689715,0.7929585282689715,c_007a7950eb4d
2008,4,2,13893,2.879147772259411,1.4395738861297056,c_007a7950eb4d
2009,5,2,14712,3.3985861881457313,1.3594344752582925,c_007a7950eb4d
2010,5,2,15829,3.158759239370775,1.2635036957483101,c_007a7950eb4d
2011,4,2,17503,2.28532251614009,1.142661258070045,c_007a7950eb4d
2012,6,0,18090,3.316749585406302,0.0,c_007a7950eb4d
2013,4,2,20023,1.997702641961744,0.998851320980872,c_007a7950eb4d
2014,3,1,22282,1.3463782425276007,0.44879274750920023,c_007a7950eb4d
2015,6,4,20588,2.9143190207888092,1.9428793471925394,c_007a7950eb4d
2016,6,4,21969,2.7311211252219034,1.8207474168146025,c_007a7950eb4d
2017,5,4,21668,2.3075503045966403,1.8460402436773122,c_007a7950eb4d
2018,4,3,21593,1.8524521835780114,1.3893391376835085,c_007a7950eb4d
2019,3,1,22071,1.3592496941688188,0.45308323138960627,c_007a7950eb4d
2020,0,0,24045,0.0,0.0,c_007a7950eb4d
2021,2,0,23097,0.8659133220764601,0.0,c_007a7950eb4d
2022,2,1,20712,0.9656237929702588,0.4828118964851294,c_007a7950eb4d
2023,0,0,20808,0.0,0.0,c_007a7950eb4d
2024,2,0,20642,0.9688983625617673,0.0,c_007a7950eb4d
2010,2,2,30582,0.6539794650447976,0.6539794650447976,c_bc7039a1fcd8
2011,6,5,32539,1.8439411168136697,1.5366175973447247,c_bc7039a1fcd8
2012,6,4,35221,1.7035291445444478,1.1356860963629654,c_bc7039a1fcd8
2013,8,4,36824,2.172496198131653,1.0862480990658265,c_bc7039a1fcd8
2014,9,9,34386,2.617344268016053,2.617344268016053,c_bc7039a1fcd8
2015,7,5,36146,1.9365904941072318,1.3832789243623085,c_bc7039a1fcd8
2016,6,4,41256,1.4543339150668995,0.9695559433779329,c_bc7039a1fcd8
2017,4,4,36680,1.0905125408942202,1.0905125408942202,c_bc7039a1fcd8
2018,2,2,33992,0.5883737349964697,0.5883737349964697,c_bc7039a1fcd8
2019,3,1,35093,0.8548713418630496,0.28495711395434986,c_bc7039a1fcd8
2020,8,6,31855,2.5113796892167635,1.8835347669125726,c_bc7039a1fcd8
2021,2,2,33680,0.5938242280285035,0.5938242280285035,c_bc7039a1fcd8
2022,1,1,34890,0.2866150759529951,0.2866150759529951,c_bc7039a1fcd8
2023,1,1,36843,0.2714219797519203,0.2714219797519203,c_bc7039a1fcd8
2024,0,0,32755,0.0,0.0,c_bc7039a1fcd8
2015,6,6,60639,0.9894622272794736,0.9894622272794736,c_f03a00abe2dc
2016,16,16,61254,2.6120743135142193,2.6120743135142193,c_f03a00abe2dc
2017,17,15,60558,2.807226130321345,2.476964232636481,c_f03a00abe2dc
2018,13,13,61455,2.1153689691644293,2.1153689691644293,c_f03a00abe2dc
2019,12,11,61056,1.9654088050314464,1.8016247379454926,c_f03a00abe2dc
2020,15,13,61021,2.458170138149162,2.1304141197292736,c_f03a00abe2dc
2021,6,6,59002,1.016914680858276,1.016914680858276,c_f03a00abe2dc
2022,4,4,59296,0.6745817593092283,0.6745817593092283,c_f03a00abe2dc
2023,3,3,63288,0.47402351156617367,0.47402351156617367,c_f03a00abe2dc
2024,2,2,58473,0.3420382056675731,0.3420382056675731,c_f03a00abe2dc
2015,3,3,65630,0.4571080298643913,0.4571080298643913,c_934bf6901f0f
2016,9,8,65573,1.372516127064493,1.2200143351684383,c_934bf6901f0f
2017,23,22,68372,3.3639501550342246,3.217691452641432,c_934bf6901f0f
2018,38,32,75449,5.036514731805591,4.24127556362576,c_934bf6901f0f
2019,81,69,83321,9.721438772938395,8.281225621391966,c_934bf6901f0f
2020,68,61,84185,8.07744847656946,7.245946427510839,c_934bf6901f0f
2021,57,50,88627,6.431448655601566,5.641621627720672,c_934bf6901f0f
2022,60,53,89722,6.6873230645772495,5.907135373709904,c_934bf6901f0f
2023,60,51,103203,5.813784483009215,4.941716810557833,c_934bf6901f0f
2024,42,41,105524,3.980137219968917,3.885372048064895,c_934bf6901f0f
2006,8,5,50855,1.573099990168125,0.9831874938550782,c_81212986e10d
2007,9,6,53260,1.6898235073225685,1.1265490048817124,c_81212986e10d
2008,13,12,53923,2.410845093930234,2.225395471320216,c_81212986e10d
2009,6,6,56072,1.0700527892709373,1.0700527892709373,c_81212986e10d
2010,16,14,55084,2.904654709171447,2.5415728705250165,c_81212986e10d
2011,18,17,95040,1.893939393939394,1.7887205387205387,c_81212986e10d
2012,22,20,58893,3.7355882702528316,3.395989336593483,c_81212986e10d
2013,15,15,60870,2.464268112370626,2.464268112370626,c_81212986e10d
2014,18,17,76164,2.3633212541358124,2.2320256289060447,c_81212986e10d
2015,24,23,65764,3.6494130527340185,3.497354175536768,c_81212986e10d
2016,25,23,65584,3.8119053427665284,3.5069529153452064,c_81212986e10d
2017,18,18,65720,2.7388922702373706,2.7388922702373706,c_81212986e10d
2018,27,26,68972,3.9146320245896886,3.769645653308589,c_81212986e10d
2019,19,19,75252,2.524849837878063,2.524849837878063,c_81212986e10d
2020,18,17,67261,2.6761421923551536,2.527467626113201,c_81212986e10d
2021,15,14,62767,2.389790813644112,2.230471426067838,c_81212986e10d
2022,18,18,61771,2.9139887649544285,2.9139887649544285,c_81212986e10d
2023,15,13,70574,2.1254286281066683,1.8420381443591125,c_81212986e10d
2024,17,14,63536,2.67564845127172,2.203475195164946,c_81212986e10d
2010,6,6,30582,1.9619383951343927,1.9619383951343927,c_eb3e469ad899
2011,20,20,32539,6.146470389378899,6.146470389378899,c_eb3e469ad899
2012,19,19,35221,5.394508957724085,5.394508957724085,c_eb3e469ad899
2013,18,18,36824,4.88811644579622,4.88811644579622,c_eb3e469ad899
2014,7,7,34386,2.03571220845693,2.03571220845693,c_eb3e469ad899
2015,6,5,36146,1.65993470923477,1.3832789243623085,c_eb3e469ad899
2016,4,3,41256,0.9695559433779329,0.7271669575334497,c_eb3e469ad899
2017,1,1,36680,0.27262813522355506,0.27262813522355506,c_eb3e469ad899
2018,1,1,33992,0.29418686749823486,0.29418686749823486,c_eb3e469ad899
2019,0,0,35093,0.0,0.0,c_eb3e469ad899
2020,0,0,31855,0.0,0.0,c_eb3e469ad899
2021,0,0,33680,0.0,0.0,c_eb3e469ad899
2022,0,0,34890,0.0,0.0,c_eb3e469ad899
2023,0,0,36843,0.0,0.0,c_eb3e469ad899
2024,0,0,32755,0.0,0.0,c_eb3e469ad899
2010,10,3,30582,3.269897325223988,0.9809691975671964,c_7f7851d9c6b6
2011,7,1,32539,2.151264636282615,0.307323519468945,c_7f7851d9c6b6
2012,3,1,35221,0.8517645722722239,0.28392152409074134,c_7f7851d9c6b6
2013,2,2,36824,0.5431240495329133,0.5431240495329133,c_7f7851d9c6b6
2014,0,0,34386,0.0,0.0,c_7f7851d9c6b6
2015,4,3,36146,1.1066231394898467,0.829967354617385,c_7f7851d9c6b6
2016,4,2,41256,0.9695559433779329,0.48477797168896647,c_7f7851d9c6b6
2017,1,1,36680,0.27262813522355506,0.27262813522355506,c_7f7851d9c6b6
2018,0,0,33992,0.0,0.0,c_7f7851d9c6b6
2019,0,0,35093,0.0,0.0,c_7f7851d9c6b6
2020,0,0,31855,0.0,0.0,c_7f7851d9c6b6
2021,0,0,33680,0.0,0.0,c_7f7851d9c6b6
2022,2,0,34890,0.5732301519059902,0.0,c_7f7851d9c6b6
2023,0,0,36843,0.0,0.0,c_7f7851d9c6b6
2024,1,1,32755,0.3052969012364524,0.3052969012364524,c_7f7851d9c6b6
2013,2,2,36317,0.5507062808051326,0.5507062808051326,c_bcd3d69b7a16
2014,3,1,36019,0.8328937505205586,0.27763125017351953,c_bcd3d69b7a16
2015,5,2,36571,1.3672035219162724,0.546881408766509,c_bcd3d69b7a16
2016,4,2,36443,1.0976044782262713,0.5488022391131356,c_bcd3d69b7a16
2017,2,0,36308,0.5508427894678859,0.0,c_bcd3d69b7a16
2018,10,7,37578,2.6611315131193782,1.862792059183565,c_bcd3d69b7a16
2019,4,4,37261,1.0735084941359598,1.0735084941359598,c_bcd3d69b7a16
2020,4,3,41651,0.9603610957720102,0.7202708218290077,c_bcd3d69b7a16
2021,7,5,39112,1.7897320515442832,1.278380036817345,c_bcd3d69b7a16
2022,3,2,38053,0.7883741097942344,0.5255827398628229,c_bcd3d69b7a16
2023,6,3,41288,1.453206742879287,0.7266033714396435,c_bcd3d69b7a16
2024,2,1,42400,0.4716981132075472,0.2358490566037736,c_bcd3d69b7a16
2010,4,4,129281,0.3094035473116699,0.3094035473116699,c_4bc22ae42748
2011,1,0,150946,0.06624885720721317,0.0,c_4bc22ae42748
2012,6,4,142191,0.42196763508238916,0.2813117567215928,c_4bc22ae42748
2013,3,3,167554,0.1790467550759755,0.1790467550759755,c_4bc22ae42748
2014,5,2,158773,0.31491500444030157,0.12596600177612063,c_4bc22ae42748
2015,6,1,167833,0.35749822740462245,0.05958303790077041,c_4bc22ae42748
2016,9,5,168321,0.5346926408469531,0.2970514671371962,c_4bc22ae42748
2017,7,3,171549,0.4080466805402538,0.17487714880296593,c_4bc22ae42748
2018,7,3,194941,0.3590830046013922,0.1538927162577395,c_4bc22ae42748
2019,7,3,184672,0.37905042453647547,0.16245018194420377,c_4bc22ae42748
2020,5,1,200716,0.24910819267024054,0.049821638534048106,c_4bc22ae42748
2021,2,0,176122,0.11355764753977357,0.0,c_4bc22ae42748
2022,1,0,175571,0.05695701454112581,0.0,c_4bc22ae42748
2023,3,2,186792,0.1606064499550302,0.10707096663668679,c_4bc22ae42748
2024,2,0,148815,0.13439505426200316,0.0,c_4bc22ae42748
2013,5,4,36824,1.3578101238322833,1.0862480990658265,c_8a7b58068a03
2014,16,16,34386,4.653056476472983,4.653056476472983,c_8a7b58068a03
2015,16,16,36146,4.426492557959387,4.426492557959387,c_8a7b58068a03
2016,20,17,41256,4.847779716889664,4.120612759356215,c_8a7b58068a03
2017,11,9,36680,2.998909487459106,2.4536532170119956,c_8a7b58068a03
2018,14,14,33992,4.118616144975288,4.118616144975288,c_8a7b58068a03
2019,11,10,35093,3.1345282534978485,2.8495711395434986,c_8a7b58068a03
2020,6,6,31855,1.8835347669125726,1.8835347669125726,c_8a7b58068a03
2021,12,10,33680,3.5629453681710213,2.969121140142518,c_8a7b58068a03
2022,13,12,34890,3.7259959873889366,3.4393809114359417,c_8a7b58068a03
2023,11,8,36843,2.9856417772711232,2.1713758380153623,c_8a7b58068a03
2024,13,10,32755,3.9688597160738817,3.0529690123645246,c_8a7b58068a03
2008,25,25,112984,2.212702683565815,2.212702683565815,c_667b35b905bc
2009,32,32,115035,2.781762072412744,2.781762072412744,c_667b35b905bc
2010,55,53,129281,4.254298775535461,4.099597001879626,c_667b35b905bc
2011,76,72,150946,5.034913147748202,4.7699177189193485,c_667b35b905bc
2012,80,78,142191,5.626235134431855,5.485579256071059,c_667b35b905bc
2013,62,56,167554,3.7002996049034937,3.3422060947515426,c_667b35b905bc
2014,82,76,158773,5.164606072820946,4.786708067492584,c_667b35b905bc
2015,71,62,167833,4.230395690954699,3.694148349847765,c_667b35b905bc
2016,65,60,168321,3.8616690727835503,3.564617605646354,c_667b35b905bc
2017,59,53,171549,3.439250593124996,3.0894962955190644,c_667b35b905bc
2018,55,46,194941,2.8213664647252243,2.359688315952006,c_667b35b905bc
2019,47,35,184672,2.5450528504591925,1.8952521226823773,c_667b35b905bc
2020,47,43,200716,2.341617011100261,2.1423304569640687,c_667b35b905bc
2021,42,36,176122,2.384710598335245,2.044037655715924,c_667b35b905bc
2022,25,22,175571,1.4239253635281452,1.253054319904768,c_667b35b905bc
2023,25,23,186792,1.3383870829585849,1.2313161163218982,c_667b35b905bc
2024,30,24,148815,2.0159258139300475,1.6127406511440379,c_667b35b905bc
2010,2,2,180517,0.11079288931236393,0.11079288931236393,c_4561b92644a6
2011,7,7,193927,0.3609605676362755,0.3609605676362755,c_4561b92644a6
2012,14,14,199321,0.7023845957024096,0.7023845957024096,c_4561b92644a6
2013,16,15,205060,0.7802594362625573,0.7314932214961475,c_4561b92644a6
2014,19,18,216783,0.8764524893557152,0.8303234109685722,c_4561b92644a6
2015,25,25,217789,1.147900031682041,1.147900031682041,c_4561b92644a6
2016,26,26,220002,1.181807438114199,1.181807438114199,c_4561b92644a6
2017,17,17,222398,0.7643953632676553,0.7643953632676553,c_4561b92644a6
2018,11,10,232405,0.47331167573847377,0.4302833415804307,c_4561b92644a6
2019,9,9,240359,0.3744399003157777,0.3744399003157777,c_4561b92644a6
2020,4,3,235323,0.16997913506117124,0.12748435129587843,c_4561b92644a6
2021,5,4,230890,0.2165533370869245,0.1732426696695396,c_4561b92644a6
2022,8,8,229737,0.34822427384356897,0.34822427384356897,c_4561b92644a6
2023,6,6,253497,0.23668919158806614,0.23668919158806614,c_4561b92644a6
2024,0,0,266529,0.0,0.0,c_4561b92644a6
2014,5,4,34386,1.4540801488978072,1.1632641191182458,c_05d308510ee3
2015,7,3,36146,1.9365904941072318,0.829967354617385,c_05d308510ee3
2016,8,3,41256,1.9391118867558659,0.7271669575334497,c_05d308510ee3
2017,5,3,36680,1.3631406761177753,0.8178844056706652,c_05d308510ee3
2018,8,2,33992,2.353494939985879,0.5883737349964697,c_05d308510ee3
2019,4,3,35093,1.1398284558173994,0.8548713418630496,c_05d308510ee3
2020,6,0,31855,1.8835347669125726,0.0,c_05d308510ee3
2021,4,2,33680,1.187648456057007,0.5938242280285035,c_05d308510ee3
2022,4,0,34890,1.1464603038119805,0.0,c_05d308510ee3
2023,6,1,36843,1.628531878511522,0.2714219797519203,c_05d308510ee3
2024,6,0,32755,1.8317814074187146,0.0,c_05d308510ee3
2005,9,7,46120,1.9514310494362532,1.5177797051170858,c_6340f70f7803
2006,13,8,50855,2.556287484023203,1.573099990168125,c_6340f70f7803
2007,20,15,53260,3.755163349605708,2.816372512204281,c_6340f70f7803
2008,17,17,53923,3.152643584370306,3.152643584370306,c_6340f70f7803
2009,30,24,56072,5.350263946354687,4.280211157083749,c_6340f70f7803
2010,32,30,55084,5.809309418342894,5.446227579696464,c_6340f70f7803
2011,28,23,95040,2.946127946127946,2.42003367003367,c_6340f70f7803
2012,23,19,58893,3.9053877370825054,3.2261898697638087,c_6340f70f7803
2013,24,23,60870,3.9428289797930014,3.778544438968293,c_6340f70f7803
2014,17,16,76164,2.2320256289060447,2.1007300036762775,c_6340f70f7803
2015,10,10,65764,1.5205887719725077,1.5205887719725077,c_6340f70f7803
2016,16,15,65584,2.4396194193705782,2.287143205659917,c_6340f70f7803
2017,12,12,65720,1.8259281801582472,1.8259281801582472,c_6340f70f7803
2018,8,7,68972,1.1598909702487965,1.014904598967697,c_6340f70f7803
2019,12,11,75252,1.5946420028703556,1.461755169297826,c_6340f70f7803
2020,11,8,67261,1.635420228661483,1.189396529935624,c_6340f70f7803
2021,9,8,62767,1.4338744881864673,1.2745551006101932,c_6340f70f7803
2022,9,8,61771,1.4569943824772142,1.2951061177575238,c_6340f70f7803
2023,12,11,70574,1.7003429024853345,1.5586476606115567,c_6340f70f7803
2024,14,13,63536,2.203475195164946,2.046084109796021,c_6340f70f7803
2013,6,6,62052,0.9669309611293754,0.9669309611293754,c_e895570ed25f
2014,17,17,63666,2.6701850281154775,2.6701850281154775,c_e895570ed25f
2015,66,65,65630,10.056376657016608,9.904007313728478,c_e895570ed25f
2016,127,113,65573,19.367727570798955,17.23270248425419,c_e895570ed25f
2017,147,125,68372,21.50002925174048,18.282337799099047,c_e895570ed25f
2018,87,77,75449,11.530967938607537,10.205569324974485,c_e895570ed25f
2019,78,63,83321,9.361385485051787,7.561119045618751,c_e895570ed25f
2020,67,55,84185,7.9586624695610855,6.533230385460593,c_e895570ed25f
2021,67,58,88627,7.5597729811457,6.544281088155979,c_e895570ed25f
2022,51,44,89722,5.684224604890662,4.904036914023316,c_e895570ed25f
2023,44,35,103203,4.263441954206757,3.3913742817553754,c_e895570ed25f
2024,25,23,105524,2.369129297600546,2.1795989537925022,c_e895570ed25f
2005,12,11,84645,1.417685628211944,1.299545159194282,c_2fc072066f34
2006,22,18,91985,2.3916942979833666,1.9568407892591184,c_2fc072066f34
2007,26,22,96309,2.699643854676095,2.2843140308797723,c_2fc072066f34
2008,21,20,100189,2.0960384872590803,1.9962271307229336,c_2fc072066f34
2009,30,27,106981,2.804236266252886,2.5238126396275975,c_2fc072066f34
2010,35,34,113874,3.0735725450937,2.9857561866624516,c_2fc072066f34
2011,30,29,116728,2.5700774450003427,2.4844081968336647,c_2fc072066f34
2012,25,25,119933,2.0844971775908214,2.0844971775908214,c_2fc072066f34
2013,33,31,122732,2.688785320861715,2.525828634748884,c_2fc072066f34
2014,27,27,127188,2.122841777526182,2.122841777526182,c_2fc072066f34
2015,34,32,126862,2.680077564597752,2.522425943150825,c_2fc072066f34
2016,47,46,137465,3.4190521223584187,3.346306332521005,c_2fc072066f34
2017,41,37,140391,2.9204151263257616,2.6354965774159314,c_2fc072066f34
2018,46,44,156293,2.943190034102615,2.815225250011197,c_2fc072066f34
2019,59,57,175096,3.369580116050624,3.2553570612692466,c_2fc072066f34
2020,50,46,191125,2.616088947024199,2.4068018312622628,c_2fc072066f34
2021,57,55,193031,2.9528935766793936,2.8492832757432742,c_2fc072066f34
2022,45,43,187583,2.3989380700809777,2.2923186002996006,c_2fc072066f34
2023,58,56,219795,2.6388225391842397,2.5478286585227146,c_2fc072066f34
2024,43,41,242288,1.7747474080433203,1.692201016971538,c_2fc072066f34
2016,7,7,47197,1.4831451151556243,1.4831451151556243,c_74026fe51449
2017,0,0,48985,0.0,0.0,c_74026fe51449
2018,0,0,50695,0.0,0.0,c_74026fe51449
2019,3,3,50373,0.5955571437079388,0.5955571437079388,c_74026fe51449
2020,0,0,48810,0.0,0.0,c_74026fe51449
2021,0,0,46065,0.0,0.0,c_74026fe51449
2022,1,1,43763,0.22850353037954435,0.22850353037954435,c_74026fe51449
2023,0,0,45461,0.0,0.0,c_74026fe51449
2024,0,0,48073,0.0,0.0,c_74026fe51449
2011,8,8,365,219.17808219178082,219.17808219178082,c_7f09154f6349
2012,9,9,359,250.69637883008357,250.69637883008357,c_7f09154f6349
2013,7,5,477,146.75052410901466,104.82180293501048,c_7f09154f6349
2014,22,13,573,383.94415357766144,226.8760907504363,c_7f09154f6349
2015,20,15,659,303.49013657056145,227.6176024279211,c_7f09154f6349
2016,31,27,770,402.5974025974026,350.64935064935065,c_7f09154f6349
2017,36,26,900,400.0,288.8888888888889,c_7f09154f6349
2018,46,37,1012,454.54545454545456,365.6126482213439,c_7f09154f6349
2019,72,57,1133,635.4810238305384,503.0891438658429,c_7f09154f6349
2020,69,45,1171,589.2399658411614,384.2869342442357,c_7f09154f6349
2021,75,40,1245,602.4096385542168,321.285140562249,c_7f09154f6349
2022,80,50,1213,659.5218466611707,412.20115416323165,c_7f09154f6349
2023,62,37,1200,516.6666666666666,308.3333333333333,c_7f09154f6349
2024,45,34,1109,405.77096483318303,306.5825067628494,c_7f09154f6349
2011,41,29,32539,12.600264298226744,8.912382064599404,c_bf12df84c614
2012,27,12,35221,7.665881150450016,3.4070582890888956,c_bf12df84c614
2013,9,6,36824,2.44405822289811,1.62937214859874,c_bf12df84c614
2014,2,2,34386,0.5816320595591229,0.5816320595591229,c_bf12df84c614
2015,1,1,36146,0.2766557848724617,0.2766557848724617,c_bf12df84c614
2016,1,0,41256,0.24238898584448323,0.0,c_bf12df84c614
2017,1,0,36680,0.27262813522355506,0.0,c_bf12df84c614
2018,1,0,33992,0.29418686749823486,0.0,c_bf12df84c614
2019,0,0,35093,0.0,0.0,c_bf12df84c614
2020,2,1,31855,0.6278449223041909,0.31392246115209543,c_bf12df84c614
2021,1,1,33680,0.29691211401425177,0.29691211401425177,c_bf12df84c614
2022,0,0,34890,0.0,0.0,c_bf12df84c614
2023,0,0,36843,0.0,0.0,c_bf12df84c614
2024,1,1,32755,0.3052969012364524,0.3052969012364524,c_bf12df84c614
2014,33,33,59783,5.519963869327401,5.519963869327401,c_0db0c80eb81a
2015,26,25,60639,4.287669651544386,4.12275928033114,c_0db0c80eb81a
2016,40,39,61254,6.530185783785549,6.36693113919091,c_0db0c80eb81a
2017,48,46,60558,7.926285544436738,7.596023646751874,c_0db0c80eb81a
2018,66,60,61455,10.73956553575787,9.76324139614352,c_0db0c80eb81a
2019,117,104,61056,19.162735849056602,17.033542976939202,c_0db0c80eb81a
2020,115,104,61021,18.845971059143572,17.04331295783419,c_0db0c80eb81a
2021,126,93,59002,21.355208298023797,15.762177553303278,c_0db0c80eb81a
2022,117,89,59296,19.73151645979493,15.00944414463033,c_0db0c80eb81a
2023,153,125,63288,24.17519908987486,19.75097964859057,c_0db0c80eb81a
2024,155,112,58473,26.507960939236913,19.154139517384092,c_0db0c80eb81a
2008,19,19,38335,4.956306247554454,4.956306247554454,c_1c1c5f783c18
2009,31,31,39646,7.819199919285678,7.819199919285678,c_1c1c5f783c18
2010,52,49,41570,12.509020928554246,11.787346644214578,c_1c1c5f783c18
2011,74,65,44188,16.746628043812798,14.709875984430163,c_1c1c5f783c18
2012,84,78,44614,18.828170529430224,17.483301205899494,c_1c1c5f783c18
2013,103,85,53634,19.204236118879816,15.848156020434798,c_1c1c5f783c18
2014,86,73,47652,18.047511122303366,15.31939897590867,c_1c1c5f783c18
2015,99,82,49413,20.03521340537915,16.59482322465748,c_1c1c5f783c18
2016,80,68,47197,16.95022988749285,14.407695404368921,c_1c1c5f783c18
2017,106,99,48985,21.639277329794837,20.210268449525365,c_1c1c5f783c18
2018,71,58,50695,14.005325969030476,11.440970509912221,c_1c1c5f783c18
2019,97,76,50373,19.256347646556687,15.087447640601116,c_1c1c5f783c18
2020,68,58,48810,13.931571399303422,11.88281089940586,c_1c1c5f783c18
2021,47,34,46065,10.202974058395744,7.380874850754369,c_1c1c5f783c18
2022,44,38,43763,10.054155336699951,8.683134154422685,c_1c1c5f783c18
2023,34,30,45461,7.4789379908053055,6.599062933063505,c_1c1c5f783c18
2024,32,28,48073,6.6565431739229926,5.824475277182618,c_1c1c5f783c18
2014,16,16,158773,1.007728014208965,1.007728014208965,c_baf08ae6e65e
2015,43,43,167833,2.5620706297331277,2.5620706297331277,c_baf08ae6e65e
2016,38,38,168321,2.257591150242691,2.257591150242691,c_baf08ae6e65e
2017,59,56,171549,3.439250593124996,3.2643734443220302,c_baf08ae6e65e
2018,42,36,194941,2.154498027608353,1.8467125950928742,c_baf08ae6e65e
2019,24,19,184672,1.2996014555536302,1.0288511523132906,c_baf08ae6e65e
2020,34,29,200716,1.6939357101576356,1.444827517487395,c_baf08ae6e65e
2021,16,8,176122,0.9084611803181886,0.4542305901590943,c_baf08ae6e65e
2022,11,8,175571,0.626527159952384,0.4556561163290065,c_baf08ae6e65e
2023,10,7,186792,0.535354833183434,0.37474838322840376,c_baf08ae6e65e
2024,4,3,148815,0.2687901085240063,0.20159258139300473,c_baf08ae6e65e
2009,5,5,166639,0.3000498082681725,0.3000498082681725,c_16e9bc1ff20f
2010,10,10,180517,0.5539644465618196,0.5539644465618196,c_16e9bc1ff20f
2011,10,8,193927,0.5156579537661079,0.4125263630128863,c_16e9bc1ff20f
2012,21,19,199321,1.0535768935536145,0.9532362370246988,c_16e9bc1ff20f
2013,13,11,205060,0.6339607919633278,0.5364283624305082,c_16e9bc1ff20f
2014,14,13,216783,0.6458070974200006,0.5996780190328578,c_16e9bc1ff20f
2015,8,7,217789,0.36732801013825306,0.32141200887097143,c_16e9bc1ff20f
2016,8,8,220002,0.36363305788129197,0.36363305788129197,c_16e9bc1ff20f
2017,2,2,222398,0.08992886626678298,0.08992886626678298,c_16e9bc1ff20f
2018,3,2,232405,0.1290850024741292,0.08605666831608615,c_16e9bc1ff20f
2019,0,0,240359,0.0,0.0,c_16e9bc1ff20f
2020,2,0,235323,0.08498956753058562,0.0,c_16e9bc1ff20f
2021,0,0,230890,0.0,0.0,c_16e9bc1ff20f
2022,2,2,229737,0.08705606846089224,0.08705606846089224,c_16e9bc1ff20f
2023,1,0,253497,0.03944819859801102,0.0,c_16e9bc1ff20f
2024,0,0,266529,0.0,0.0,c_16e9bc1ff20f
2005,5,5,141943,0.3522540738183637,0.3522540738183637,c_e6673f0a4a58
2006,11,11,154531,0.7118312830435317,0.7118312830435317,c_e6673f0a4a58
2007,2,2,150877,0.1325583090862093,0.1325583090862093,c_e6673f0a4a58
2008,11,11,159840,0.6881881881881882,0.6881881881881882,c_e6673f0a4a58
2009,17,17,166639,1.0201693481117866,1.0201693481117866,c_e6673f0a4a58
2010,20,19,180517,1.1079288931236393,1.0525324484674574,c_e6673f0a4a58
2011,12,12,193927,0.6187895445193294,0.6187895445193294,c_e6673f0a4a58
2012,14,12,199321,0.7023845957024096,0.602043939173494,c_e6673f0a4a58
2013,10,9,205060,0.4876621476640983,0.43889593289768847,c_e6673f0a4a58
2014,15,13,216783,0.6919361758071435,0.5996780190328578,c_e6673f0a4a58
2015,12,10,217789,0.5509920152073796,0.45916001267281636,c_e6673f0a4a58
2016,10,9,220002,0.454541322351615,0.4090871901164535,c_e6673f0a4a58
2017,14,14,222398,0.6295020638674809,0.6295020638674809,c_e6673f0a4a58
2018,7,7,232405,0.3011983391063015,0.3011983391063015,c_e6673f0a4a58
2019,2,2,240359,0.08320886673683947,0.08320886673683947,c_e6673f0a4a58
2020,6,6,235323,0.25496870259175686,0.25496870259175686,c_e6673f0a4a58
2021,4,4,230890,0.1732426696695396,0.1732426696695396,c_e6673f0a4a58
2022,6,6,229737,0.2611682053826767,0.2611682053826767,c_e6673f0a4a58
2023,1,1,253497,0.03944819859801102,0.03944819859801102,c_e6673f0a4a58
2024,2,2,266529,0.0750387387488791,0.0750387387488791,c_e6673f0a4a58
2012,3,3,90571,0.3312318512548167,0.3312318512548167,c_f254c2991eae
2013,17,17,88428,1.922467996562175,1.922467996562175,c_f254c2991eae
2014,15,15,90387,1.6595306847223605,1.6595306847223605,c_f254c2991eae
2015,11,11,88603,1.241492951705924,1.241492951705924,c_f254c2991eae
2016,18,18,93098,1.9334464757567296,1.9334464757567296,c_f254c2991eae
2017,11,11,84609,1.3000980983110544,1.3000980983110544,c_f254c2991eae
2018,18,18,85970,2.09375363498895,2.09375363498895,c_f254c2991eae
2019,7,7,84262,0.8307422088248558,0.8307422088248558,c_f254c2991eae
2020,3,3,80722,0.37164589579049084,0.37164589579049084,c_f254c2991eae
2021,4,4,73953,0.5408840750206212,0.5408840750206212,c_f254c2991eae
2022,1,1,69144,0.14462570866597246,0.14462570866597246,c_f254c2991eae
2023,5,4,73858,0.6769747353028785,0.5415797882423028,c_f254c2991eae
2024,1,1,76699,0.13037979634675811,0.13037979634675811,c_f254c2991eae
2012,2,1,44614,0.44828977451024343,0.22414488725512172,c_b38eddee27ee
2013,2,2,53634,0.3728977887161129,0.3728977887161129,c_b38eddee27ee
2014,5,2,47652,1.049273902459498,0.4197095609837992,c_b38eddee27ee
2015,18,13,49413,3.6427660737053,2.6308866087871614,c_b38eddee27ee
2016,32,12,47197,6.78009195499714,2.5425344831239274,c_b38eddee27ee
2017,32,18,48985,6.532612024089007,3.674594263550066,c_b38eddee27ee
2018,32,16,50695,6.312259591675708,3.156129795837854,c_b38eddee27ee
2019,57,33,50373,11.315585730450836,6.551128580787327,c_b38eddee27ee
2020,37,19,48810,7.580413849620979,3.892644949805368,c_b38eddee27ee
2021,35,27,46065,7.597959405188321,5.861282969716704,c_b38eddee27ee
2022,31,17,43763,7.0836094417658755,3.8845600164522542,c_b38eddee27ee
2023,34,18,45461,7.4789379908053055,3.959437759838103,c_b38eddee27ee
2024,29,13,48073,6.032492251367712,2.7042206644062157,c_b38eddee27ee
2008,6,6,83346,0.7198905766323519,0.7198905766323519,c_e8febadc6f35
2009,10,10,98964,1.010468453174892,1.010468453174892,c_e8febadc6f35
2010,12,12,112695,1.0648209769732464,1.0648209769732464,c_e8febadc6f35
2011,18,17,127894,1.4074155159741661,1.3292257650867125,c_e8febadc6f35
2012,26,23,132282,1.9654979513463662,1.7387097261910163,c_e8febadc6f35
2013,30,25,141027,2.127252228296709,1.7727101902472575,c_e8febadc6f35
2014,28,20,145448,1.9250866288983004,1.3750618777845003,c_e8febadc6f35
2015,48,35,151859,3.1608268196155644,2.3047695559696826,c_e8febadc6f35
2016,55,40,150908,3.6446046597927215,2.650621570758343,c_e8febadc6f35
2017,48,36,156699,3.063197595389888,2.2973981965424155,c_e8febadc6f35
2018,57,36,170234,3.3483322955461308,2.114736186660714,c_e8febadc6f35
2019,41,26,179531,2.2837281583681928,1.448217856526171,c_e8febadc6f35
2020,48,26,202407,2.3714594850968593,1.2845405544274655,c_e8febadc6f35
2021,35,19,176082,1.9877102713508479,1.0790427187333174,c_e8febadc6f35
2022,32,26,170768,1.8738873793685,1.522533495736906,c_e8febadc6f35
2023,21,9,185481,1.1321914373979005,0.48522490174195737,c_e8febadc6f35
2024,20,14,172109,1.162054279555398,0.8134379956887786,c_e8febadc6f35
2014,3,0,36019,0.8328937505205586,0.0,c_92a2f061c4a9
2015,2,1,36571,0.546881408766509,0.2734407043832545,c_92a2f061c4a9
2016,1,0,36443,0.2744011195565678,0.0,c_92a2f061c4a9
2017,3,0,36308,0.8262641842018288,0.0,c_92a2f061c4a9
2018,2,1,37578,0.5322263026238757,0.26611315131193786,c_92a2f061c4a9
2019,0,0,37261,0.0,0.0,c_92a2f061c4a9
2020,2,0,41651,0.4801805478860051,0.0,c_92a2f061c4a9
2021,1,0,39112,0.255676007363469,0.0,c_92a2f061c4a9
2022,0,0,38053,0.0,0.0,c_92a2f061c4a9
2023,1,0,41288,0.2422011238132145,0.0,c_92a2f061c4a9
2024,0,0,42400,0.0,0.0,c_92a2f061c4a9
2011,1,1,16579,0.603172688340672,0.603172688340672,c_8d4aa499810d
2012,0,0,16807,0.0,0.0,c_8d4aa499810d
2013,4,0,18321,2.1832869384858906,0.0,c_8d4aa499810d
2014,6,2,18635,3.219747786423397,1.0732492621411323,c_8d4aa499810d
2015,4,2,18606,2.149844136300118,1.074922068150059,c_8d4aa499810d
2016,4,1,19698,2.030663011473246,0.5076657528683115,c_8d4aa499810d
2017,2,2,19122,1.045915699194645,1.045915699194645,c_8d4aa499810d
2018,3,2,19426,1.5443220426232884,1.0295480284155256,c_8d4aa499810d
2019,2,1,20292,0.9856100926473487,0.49280504632367433,c_8d4aa499810d
2020,0,0,22425,0.0,0.0,c_8d4aa499810d
2021,2,2,22704,0.8809020436927414,0.8809020436927414,c_8d4aa499810d
2022,2,2,21338,0.9372949667260286,0.9372949667260286,c_8d4aa499810d
2023,0,0,22601,0.0,0.0,c_8d4aa499810d
2024,0,0,18675,0.0,0.0,c_8d4aa499810d
2010,8,8,56540,1.4149274849663955,1.4149274849663955,c_05d3dfa90ab3
2011,21,21,58822,3.5700928224133825,3.5700928224133825,c_05d3dfa90ab3
2012,30,30,59349,5.0548450689986355,5.0548450689986355,c_05d3dfa90ab3
2013,28,28,59125,4.735729386892178,4.735729386892178,c_05d3dfa90ab3
2014,38,38,59783,6.3563220313467035,6.3563220313467035,c_05d3dfa90ab3
2015,36,36,60639,5.936773363676842,5.936773363676842,c_05d3dfa90ab3
2016,34,34,61254,5.550657916217716,5.550657916217716,c_05d3dfa90ab3
2017,24,23,60558,3.963142772218369,3.798011823375937,c_05d3dfa90ab3
2018,26,26,61455,4.230737938328859,4.230737938328859,c_05d3dfa90ab3
2019,27,27,61056,4.422169811320755,4.422169811320755,c_05d3dfa90ab3
2020,19,17,61021,3.1136821749889383,2.78592615656905,c_05d3dfa90ab3
2021,14,12,59002,2.372800922002644,2.033829361716552,c_05d3dfa90ab3
2022,20,17,59296,3.3729087965461413,2.86697247706422,c_05d3dfa90ab3
2023,13,13,63288,2.0541018834534195,2.0541018834534195,c_05d3dfa90ab3
2024,6,5,58473,1.026114617002719,0.8550955141689327,c_05d3dfa90ab3
2014,11,11,76164,1.4442518775274409,1.4442518775274409,c_6f6fc1488a11
2015,9,9,65764,1.3685298947752569,1.3685298947752569,c_6f6fc1488a11
2016,19,19,65584,2.8970480605025615,2.8970480605025615,c_6f6fc1488a11
2017,16,13,65720,2.4345709068776626,1.978088861838101,c_6f6fc1488a11
2018,8,7,68972,1.1598909702487965,1.014904598967697,c_6f6fc1488a11
2019,10,10,75252,1.3288683357252964,1.3288683357252964,c_6f6fc1488a11
2020,11,11,67261,1.635420228661483,1.635420228661483,c_6f6fc1488a11
2021,8,8,62767,1.2745551006101932,1.2745551006101932,c_6f6fc1488a11
2022,2,2,61771,0.32377652943938096,0.32377652943938096,c_6f6fc1488a11
2023,9,9,70574,1.2752571768640009,1.2752571768640009,c_6f6fc1488a11
2024,4,4,63536,0.6295643414756988,0.6295643414756988,c_6f6fc1488a11
2012,14,14,59349,2.35892769886603,2.35892769886603,c_6ed72db6e3f6
2013,19,19,59125,3.2135306553911205,3.2135306553911205,c_6ed72db6e3f6
2014,18,18,59783,3.0108893832694914,3.0108893832694914,c_6ed72db6e3f6
2015,9,9,60639,1.4841933409192105,1.4841933409192105,c_6ed72db6e3f6
2016,9,9,61254,1.4692918013517484,1.4692918013517484,c_6ed72db6e3f6
2017,6,6,60558,0.9907856930545923,0.9907856930545923,c_6ed72db6e3f6
2018,11,9,61455,1.7899275892929787,1.4644862094215279,c_6ed72db6e3f6
2019,1,1,61056,0.1637840670859539,0.1637840670859539,c_6ed72db6e3f6
2020,5,5,61021,0.8193900460497205,0.8193900460497205,c_6ed72db6e3f6
2021,3,3,59002,0.508457340429138,0.508457340429138,c_6ed72db6e3f6
2022,3,3,59296,0.5059363194819212,0.5059363194819212,c_6ed72db6e3f6
2023,0,0,63288,0.0,0.0,c_6ed72db6e3f6
2024,1,1,58473,0.17101910283378655,0.17101910283378655,c_6ed72db6e3f6
2006,3,3,107872,0.2781073865321863,0.2781073865321863,c_6d2c0bb6acb0
2007,10,10,112703,0.8872878272982972,0.8872878272982972,c_6d2c0bb6acb0
2008,10,10,112984,0.8850810734263258,0.8850810734263258,c_6d2c0bb6acb0
2009,16,16,115035,1.390881036206372,1.390881036206372,c_6d2c0bb6acb0
2010,14,14,129281,1.0829124155908447,1.0829124155908447,c_6d2c0bb6acb0
2011,9,9,150946,0.5962397148649186,0.5962397148649186,c_6d2c0bb6acb0
2012,11,11,142191,0.7736073309843802,0.7736073309843802,c_6d2c0bb6acb0
2013,22,21,167554,1.3130095372238204,1.2533272855318285,c_6d2c0bb6acb0
2014,12,11,158773,0.7557960106567237,0.6928130097686634,c_6d2c0bb6acb0
2015,12,9,167833,0.7149964548092449,0.5362473411069337,c_6d2c0bb6acb0
2016,13,13,168321,0.7723338145567101,0.7723338145567101,c_6d2c0bb6acb0
2017,11,9,171549,0.6412162122775417,0.5246314464088977,c_6d2c0bb6acb0
2018,6,5,194941,0.307785432515479,0.2564878604295659,c_6d2c0bb6acb0
2019,8,8,184672,0.4332004851845434,0.4332004851845434,c_6d2c0bb6acb0
2020,5,4,200716,0.24910819267024054,0.19928655413619242,c_6d2c0bb6acb0
2021,11,9,176122,0.6245670614687546,0.511009413928981,c_6d2c0bb6acb0
2022,7,6,175571,0.3986991017878807,0.34174208724675487,c_6d2c0bb6acb0
2023,2,1,186792,0.10707096663668679,0.053535483318343395,c_6d2c0bb6acb0
2024,2,2,148815,0.13439505426200316,0.13439505426200316,c_6d2c0bb6acb0
2008,1,1,100189,0.09981135653614669,0.09981135653614669,c_444e89430419
2009,3,3,106981,0.2804236266252886,0.2804236266252886,c_444e89430419
2010,2,2,113874,0.17563271686249715,0.17563271686249715,c_444e89430419
2011,2,2,116728,0.17133849633335618,0.17133849633335618,c_444e89430419
2012,5,5,119933,0.41689943551816433,0.41689943551816433,c_444e89430419
2013,5,4,122732,0.407391715282078,0.3259133722256624,c_444e89430419
2014,2,2,127188,0.15724753907601347,0.15724753907601347,c_444e89430419
2015,4,4,126862,0.31530324289385314,0.31530324289385314,c_444e89430419
2016,1,1,137465,0.07274578983741316,0.07274578983741316,c_444e89430419
2017,7,6,140391,0.4986074605922032,0.4273778233647456,c_444e89430419
2018,4,3,156293,0.2559295681828361,0.19194717613712706,c_444e89430419
2019,11,9,175096,0.6282268012975739,0.5140037465161968,c_444e89430419
2020,13,11,191125,0.6801831262262917,0.5755395683453237,c_444e89430419
2021,10,7,193031,0.5180515046805954,0.36263605327641674,c_444e89430419
2022,12,9,187583,0.6397168186882607,0.4797876140161955,c_444e89430419
2023,10,9,219795,0.4549694033076276,0.4094724629768648,c_444e89430419
2024,8,7,242288,0.33018556428712936,0.2889123687512382,c_444e89430419
2012,2,2,119933,0.16675977420726573,0.16675977420726573,c_91a8f1c2869f
2013,4,4,122732,0.3259133722256624,0.3259133722256624,c_91a8f1c2869f
2014,2,2,127188,0.15724753907601347,0.15724753907601347,c_91a8f1c2869f
2015,5,4,126862,0.3941290536173164,0.31530324289385314,c_91a8f1c2869f
2016,5,2,137465,0.3637289491870658,0.14549157967482632,c_91a8f1c2869f
2017,4,4,140391,0.2849185489098304,0.2849185489098304,c_91a8f1c2869f
2018,4,3,156293,0.2559295681828361,0.19194717613712706,c_91a8f1c2869f
2019,5,3,175096,0.28555763695344266,0.1713345821720656,c_91a8f1c2869f
2020,9,6,191125,0.4708960104643558,0.31393067364290383,c_91a8f1c2869f
2021,7,4,193031,0.36263605327641674,0.20722060187223815,c_91a8f1c2869f
2022,5,4,187583,0.26654867445344194,0.21323893956275355,c_91a8f1c2869f
2023,5,5,219795,0.2274847016538138,0.2274847016538138,c_91a8f1c2869f
2024,2,2,242288,0.08254639107178234,0.08254639107178234,c_91a8f1c2869f
2008,1,0,53923,0.185449622610018,0.0,c_b6ceebb6f368
2009,6,1,56072,1.0700527892709373,0.17834213154515624,c_b6ceebb6f368
2010,11,2,55084,1.99695011255537,0.3630818386464309,c_b6ceebb6f368
2011,2,0,95040,0.21043771043771045,0.0,c_b6ceebb6f368
2012,5,3,58893,0.8489973341483708,0.5093984004890225,c_b6ceebb6f368
2013,3,2,60870,0.4928536224741252,0.3285690816494168,c_b6ceebb6f368
2014,3,2,76164,0.39388687568930203,0.2625912504595347,c_b6ceebb6f368
2015,6,4,65764,0.9123532631835046,0.6082355087890031,c_b6ceebb6f368
2016,7,4,65584,1.067333495974628,0.6099048548426446,c_b6ceebb6f368
2017,3,3,65720,0.4564820450395618,0.4564820450395618,c_b6ceebb6f368
2018,1,1,68972,0.14498637128109956,0.14498637128109956,c_b6ceebb6f368
2019,7,6,75252,0.9302078350077074,0.7973210014351778,c_b6ceebb6f368
2020,4,3,67261,0.594698264967812,0.44602369872585895,c_b6ceebb6f368
2021,7,3,62767,1.115235713033919,0.47795816272882247,c_b6ceebb6f368
2022,4,1,61771,0.6475530588787619,0.16188826471969048,c_b6ceebb6f368
2023,1,0,70574,0.14169524187377788,0.0,c_b6ceebb6f368
2024,4,1,63536,0.6295643414756988,0.1573910853689247,c_b6ceebb6f368
2011,13,13,32539,3.9952057530962843,3.9952057530962843,c_380e2739f62c
2012,12,12,35221,3.4070582890888956,3.4070582890888956,c_380e2739f62c
2013,7,7,36824,1.9009341733651965,1.9009341733651965,c_380e2739f62c
2014,3,3,34386,0.8724480893386843,0.8724480893386843,c_380e2739f62c
2015,0,0,36146,0.0,0.0,c_380e2739f62c
2016,3,3,41256,0.7271669575334497,0.7271669575334497,c_380e2739f62c
2017,2,2,36680,0.5452562704471101,0.5452562704471101,c_380e2739f62c
2018,4,4,33992,1.1767474699929394,1.1767474699929394,c_380e2739f62c
2019,1,1,35093,0.28495711395434986,0.28495711395434986,c_380e2739f62c
2020,0,0,31855,0.0,0.0,c_380e2739f62c
2021,2,2,33680,0.5938242280285035,0.5938242280285035,c_380e2739f62c
2022,2,0,34890,0.5732301519059902,0.0,c_380e2739f62c
2023,3,2,36843,0.814265939255761,0.5428439595038406,c_380e2739f62c
2024,1,1,32755,0.3052969012364524,0.3052969012364524,c_380e2739f62c
2013,6,6,26559,2.2591212018524796,2.2591212018524796,c_f546e5e7ea86
2014,15,15,28351,5.290818666008254,5.290818666008254,c_f546e5e7ea86
2015,30,30,28832,10.405105438401776,10.405105438401776,c_f546e5e7ea86
2016,43,43,29688,14.483966585825923,14.483966585825923,c_f546e5e7ea86
2017,23,23,31533,7.293946024799417,7.293946024799417,c_f546e5e7ea86
2018,31,31,30585,10.135687428478013,10.135687428478013,c_f546e5e7ea86
2019,31,31,32424,9.560819146311374,9.560819146311374,c_f546e5e7ea86
2020,35,33,34042,10.281417073027436,9.693907525997297,c_f546e5e7ea86
2021,17,16,32161,5.285905289014645,4.97496968377849,c_f546e5e7ea86
2022,28,28,32709,8.560335075972974,8.560335075972974,c_f546e5e7ea86
2023,17,16,35001,4.857004085597555,4.571297962915345,c_f546e5e7ea86
2024,25,25,36029,6.938854811401926,6.938854811401926,c_f546e5e7ea86
2009,8,8,83127,0.962382859961264,0.962382859961264,c_5af098ea73b2
2010,13,13,87106,1.4924345050857575,1.4924345050857575,c_5af098ea73b2
2011,22,22,90487,2.4312884723772474,2.4312884723772474,c_5af098ea73b2
2012,20,20,90571,2.208212341698778,2.208212341698778,c_5af098ea73b2
2013,52,52,88428,5.880490342425476,5.880490342425476,c_5af098ea73b2
2014,45,44,90387,4.978592054167081,4.8679566751855905,c_5af098ea73b2
2015,45,43,88603,5.0788348024333265,4.853108811214067,c_5af098ea73b2
2016,56,56,93098,6.01516681346538,6.01516681346538,c_5af098ea73b2
2017,45,44,84609,5.318583129454313,5.2003923932442175,c_5af098ea73b2
2018,39,39,85970,4.536466209142724,4.536466209142724,c_5af098ea73b2
2019,38,38,84262,4.5097434193349315,4.5097434193349315,c_5af098ea73b2
2020,19,18,80722,2.353757340006442,2.229875374742945,c_5af098ea73b2
2021,21,21,73953,2.8396413938582614,2.8396413938582614,c_5af098ea73b2
2022,16,14,69144,2.3140113386555594,2.0247599213236143,c_5af098ea73b2
2023,8,8,73858,1.0831595764846056,1.0831595764846056,c_5af098ea73b2
2024,3,3,76699,0.39113938904027434,0.39113938904027434,c_5af098ea73b2
2011,4,4,116728,0.34267699266671237,0.34267699266671237,c_e470c5c98b3e
2012,3,3,119933,0.2501396613108986,0.2501396613108986,c_e470c5c98b3e
2013,4,4,122732,0.3259133722256624,0.3259133722256624,c_e470c5c98b3e
2014,2,2,127188,0.15724753907601347,0.15724753907601347,c_e470c5c98b3e
2015,3,3,126862,0.23647743217038988,0.23647743217038988,c_e470c5c98b3e
2016,1,1,137465,0.07274578983741316,0.07274578983741316,c_e470c5c98b3e
2017,2,2,140391,0.1424592744549152,0.1424592744549152,c_e470c5c98b3e
2018,3,2,156293,0.19194717613712706,0.12796478409141804,c_e470c5c98b3e
2019,2,2,175096,0.11422305478137708,0.11422305478137708,c_e470c5c98b3e
2020,1,0,191125,0.052321778940483975,0.0,c_e470c5c98b3e
2021,8,5,193031,0.4144412037444763,0.2590257523402977,c_e470c5c98b3e
2022,3,2,187583,0.15992920467206517,0.10661946978137678,c_e470c5c98b3e
2023,1,1,219795,0.04549694033076276,0.04549694033076276,c_e470c5c98b3e
2024,1,1,242288,0.04127319553589117,0.04127319553589117,c_e470c5c98b3e
2008,5,5,14678,3.4064586455920427,3.4064586455920427,c_3471cfc978c7
2009,28,26,14986,18.684105164820497,17.34952622447618,c_3471cfc978c7
2010,34,33,15318,22.196109152630893,21.54328241284763,c_3471cfc978c7
2011,45,45,16579,27.142770975330237,27.142770975330237,c_3471cfc978c7
2012,39,39,16807,23.204617123817457,23.204617123817457,c_3471cfc978c7
2013,54,54,18321,29.474373669559522,29.474373669559522,c_3471cfc978c7
2014,68,68,18635,36.4904749127985,36.4904749127985,c_3471cfc978c7
2015,40,38,18606,21.49844136300118,20.423519294851122,c_3471cfc978c7
2016,52,51,19698,26.398619149152196,25.890953396283887,c_3471cfc978c7
2017,62,59,19122,32.423386675033996,30.854513126242026,c_3471cfc978c7
2018,74,73,19426,38.09327705137445,37.57850303716668,c_3471cfc978c7
2019,58,55,20292,28.58269268677311,27.104277547802088,c_3471cfc978c7
2020,66,62,22425,29.431438127090303,27.647714604236345,c_3471cfc978c7
2021,70,68,22704,30.83157152924595,29.950669485553206,c_3471cfc978c7
2022,59,58,21338,27.650201518417845,27.18155403505483,c_3471cfc978c7
2023,49,45,22601,21.680456616963852,19.91062342374231,c_3471cfc978c7
2024,48,46,18675,25.70281124497992,24.63186077643909,c_3471cfc978c7
2014,7,7,63666,1.099487952753432,1.099487952753432,c_9aabfd15c0ee
2015,60,60,65630,9.142160597287825,9.142160597287825,c_9aabfd15c0ee
2016,105,104,65573,16.01268814908575,15.860186357189697,c_9aabfd15c0ee
2017,130,128,68372,19.01363131106301,18.721113906277424,c_9aabfd15c0ee
2018,169,161,75449,22.399236570398546,21.338917679492106,c_9aabfd15c0ee
2019,131,120,83321,15.722326904381848,14.402131515464289,c_9aabfd15c0ee
2020,107,101,84185,12.710102749896063,11.997386707845816,c_9aabfd15c0ee
2021,79,78,88627,8.913762171798663,8.800929739244248,c_9aabfd15c0ee
2022,82,81,89722,9.139341521588907,9.027886137179287,c_9aabfd15c0ee
2023,56,55,103203,5.426198850808601,5.329302442758447,c_9aabfd15c0ee
2024,42,41,105524,3.980137219968917,3.885372048064895,c_9aabfd15c0ee
2011,5,4,22301,2.2420519259226044,1.7936415407380835,c_1ca4df65e868
2012,7,6,22445,3.11873468478503,2.6732011583871684,c_1ca4df65e868
2013,14,12,23974,5.839659631267206,5.005422541086177,c_1ca4df65e868
2014,5,2,24976,2.0019218449711724,0.8007687379884689,c_1ca4df65e868
2015,4,2,24254,1.649212501030758,0.824606250515379,c_1ca4df65e868
2016,0,0,25602,0.0,0.0,c_1ca4df65e868
2017,2,2,25184,0.7941550190597204,0.7941550190597204,c_1ca4df65e868
2018,2,1,26861,0.7445739175756674,0.3722869587878337,c_1ca4df65e868
2019,0,0,26321,0.0,0.0,c_1ca4df65e868
2020,1,0,26758,0.3737200089692802,0.0,c_1ca4df65e868
2021,1,1,27398,0.3649901452660778,0.3649901452660778,c_1ca4df65e868
2022,3,1,27038,1.1095495228937051,0.3698498409645684,c_1ca4df65e868
2023,1,1,29189,0.34259481311452944,0.34259481311452944,c_1ca4df65e868
2024,1,1,28645,0.34910106475824754,0.34910106475824754,c_1ca4df65e868
