key,surface_forms,snippet_1,snippet_2,snippet_3,label_A,label_B,label_adjudicator,adjudicator_rationale,human_label,human_checked,human_notes
graphics processing unit,Graphics Processing Unit | GPUs | GPU,"…ed Device Architecture) from nVIDIA, using the capabilities of the massively parallel multi-threaded specialized processor called Graphics Processing Unit (GPU).…","Graphics processing units (GPUs) provide both memory bandwidth and arithmetic performance far greater than that available on CPUs but, because of their Single-Instruction-Multiple-Data (SIMD) architecture, they are hard to program.","Additionally, we extend DFSP with adaptive error control and a highly efficient parallel implementation for the graphics processing units (GPU).",CONCEPT,CONCEPT,CONCEPT,Specific hardware component with defined architecture and capabilities.,,false,
graphic user interface,graphic user interface | graphic user interfaces | GUI,"Moreover, in order to make the system more practical, this paper also introduces the way to add network facilities and graphic user interfaces.","Finally, these cases are applied to test the new GUI.",The angle patterns over time of the coxofemoral joints were extracted using a graphic user interface following four steps: (i) correction for image distortion; (ii) image denoising and contrast enhancement; (iii) frame-to-frame anatomical marker identification…,CONCEPT,CONCEPT,CONCEPT,Specific technical term for user interface design; named reusable software/system component.,,false,
fp7,FP7,European funding under framework 7 (FP7) for the virtual physiological human (VPH) project has been in place now for nearly 2 years.,"Under FP7, the climate research manna has flowed even more freely.","„Platform of Local Authorities and Communicators Engaged in Science"" is the four-year European project (2011-2014), financed from FP7, establishing and developing the concept of the European City of Scientific Culture.",CONCEPT,CONCEPT,NOT_CONCEPT,"Acronym for EU funding program; administrative/institutional designation, not a scientific concept.",,false,
hydrodynamic characteristics,hydrodynamic characteristics,Approaches for predicting hydrodynamic characteristics of submarine objects.,The calculation results show that:the hydrodynamic characteristics of this sea are wave-lifting-sand and tidal-current-transporting-sand.,"CAD-CAE simulation of the cooling fluid in the channel is performed, and its hydrodynamic characteristics at the preset parameters of the coolant and the environment are studied.",CONCEPT,CONCEPT,CONCEPT,Specific technical property studied in fluid dynamics and engineering.,,false,
left ventricular assist device,left ventricular assist devices | LVADs | LVAD,Shear-induced platelet activation (SIPA) has been identified to induce platelet adhesion and thrombus formation in continuous flow left ventricular assist devices (LVAD).,The implantable continuous-flow left ventricular assist devices (LVADs) HeartMate II (HM II) and HeartWare HVAD (HW) underwent design modifications.,"Patients with implanted continuous, nonpulsatile, left ventricular assist devices (LVADs) have increased the occurrence of gastrointestinal bleeding (GIB).",CONCEPT,CONCEPT,CONCEPT,Specific medical device/instrument with acronym; reusable across cardiac studies.,,false,
fiber reinforced polymer,fiber reinforced polymers | FRP | fiber-reinforced polymer,"… coating, and construction products), but there is not much data available in the literature related to rheological properties of fiber reinforced polymers.…",The present paper focuses on studying the use of fiber reinforced polymers (FRP) materials for limiting longitudinal displacements of concrete bridges under lateral earthquake loading.,"This column combines and optimizes the benefits of all three materials: FRP, concrete and steel.",CONCEPT,CONCEPT,CONCEPT,Fiber-reinforced polymer (FRP) is a specific material class with reusable properties.,,false,
energy harvesting,energy harvesting | EH,"Naturally occurring magnetic dipole resonances can be used as optical sources in metamaterials and optical nanostructures to engineer light emission with applications in energy harvesting, biological imaging, and other photonic devices.","A multiple relay-based system, where all the relay nodes powered by radio frequency-based energy harvesting (EH), is considered.",TENG has shown many advantages in micro‐scale energy harvesting for applications in sensors and portable devices.,CONCEPT,CONCEPT,CONCEPT,Energy harvesting is a specific named technology/technique for converting ambient energy.,,false,
ant colony system,ACS | ant colony system | Ant Colony System,In the current work we evaluate the use of an Ant Colony System (ACS) in the problem of credit scoring.,Keywords-multiple robot systems; surveillance task; ant colony systems; environment exploration; swarm systems; mobile robots I.,"A comparison between BeesCol and some best-known algorithms for the GCP (hybrid colouring algorithm HCA, ant system and ant colony system) shows that the use of taboo search as worker in BeesCol reached most of best known results.",CONCEPT,CONCEPT,CONCEPT,Specific swarm optimization algorithm used in computational problems.,,false,
modal analysis,Modal analysis | modal analysis,Modal analysis of different types of classical guitar bodies.,Modal analysis of maxillary central incisor tooth.,"Based on the signal analysis, combined with the results of statics and modal analysis of bolt, abnormal vibration of gearbox is confirmed the main cause for bolt fracture.",CONCEPT,CONCEPT,CONCEPT,Specific analytical technique for studying vibrational modes of structures.,,false,
fuzzy logic controller,fuzzy logic controller | Fuzzy logic controller | Fuzzy - Logic - Controllers,The performance of the proposed self-tuning fuzzy PI controller is compared with the corresponding fuzzy logic controller and PI controller.,Power Quality Improvement in Wind Energy Generation Using Fuzzy Logic Controller.,"The effectiveness of the model, with enhanced efficiency through voltage stabilization, is performed using Proportional-Integral-Derivative and Fuzzy-Logic-Controllers.",CONCEPT,CONCEPT,CONCEPT,Specific control technique/algorithm used in engineering applications.,,false,
wireless ad hoc network,wireless ad hoc networks | wireless ad - hoc network | Wireless Ad Hoc Network,"To show the applicability of our modeling framework, we model wireless ad hoc networks that operate according to the IEEE 802.11 standard.","Using this
mechanism, a SIP user agent (UA) can communicate with another UA even
when no SIP registrar is available, as in a wireless ad-hoc network
for example.",Design of Remote Detection System for Mooring-Rope Force of Offshore Cage Based on Wireless Ad Hoc Network.,CONCEPT,CONCEPT,CONCEPT,Specific network architecture: decentralized wireless communication system without fixed infrastructure.,,false,
single photon detection,single photon detection,InGaAs avalanche photodiodes (APDs) are convenient for single photon detection in the near infrared (NIR) including the fiber communication bands (1.311.55 μm).,"…he quantum dots in microcavities and a single photon, the controlled teleportation can be realized by virtue of Faraday rotation, single photon detection and electron spin orientation measurement.…","We prepare NbN thin films by DC magnetron sputtering on [100] GaAs substrates, optimise their quality, and demonstrate their use for efficient single photon detection in the near-infrared.",CONCEPT,CONCEPT,CONCEPT,Specific technical method in quantum optics/photonics; reusable named technique.,,false,
boolean operation,Boolean operation | Boolean operations,A layer of logic: A series of Boolean operations has been demonstrated with redox-active monolayers of osmium and ruthenium complexes on glass substrates.,"Following enhancement, a Boolean operation was performed creating 2 separate segmentation masks, one for cellular structures and the other for exterior wall of embryo.",This Boolean operation is realized by using a semiconductor optical amplifier (SOA) and a delayed interferometer (DI) based on two-photon absorption (TPA).,CONCEPT,CONCEPT,CONCEPT,Specific logical/computational operation used in image segmentation and optical systems.,,false,
wind energy conversion system,wind energy conversion systems | Wind Energy Conversion Systems | WECS,"At the same time,wind energy conversion systems are of high order,time delays and strong nonlinear characteristics because of many uncertain factors.",Modeling and Simulation of Grid Connected Permanent Magnet Generator (PMG)-based Small Wind Energy Conversion Systems.,Power electronics systems used in wind energy conversion systems (WECS) are very important in modern variable speed large wind turbines and have become a focal point in the research of devices and their control mechanism.,CONCEPT,CONCEPT,CONCEPT,Specific technical system for converting wind energy to electrical power.,,false,
systems design,systems design,"This paper elucidates the importance of parallel computing in various areas like processors design, systems design.",The goal of high assurance systems development by formal verification motivates the investigation of techniques whereby a systems design or implementation can be formally shown to satisfy a formal definition of security.,"The information- and learning-intensive theories of Peter Checkland in England, which advance systems design, stimulate participants’ appreciation during the design process of the potential for using information to learn.",CONCEPT,CONCEPT,TOO_GENERIC,Generic methodological term used across engineering and many fields; too broad.,,false,
vocational education,vocational education | Vocational Education | Vocational education,Research on and application of the Objective of Higher Vocational Education with a 4-year program —— a case study of the specialty of Building Services and Intelligent Technology.,The realistic necessity of vocational education in the New century.,Vocational education and training reform in the Netherlands: seven years experience.,CONCEPT,CONCEPT,TOO_GENERIC,"Broad educational field/category, too general to be emerging concept.",,false,
meniscus,meniscus,"From the measured rise (6 microm) of the meniscus at the wall we determine the isotropic-nematic surface tension to be 3 nN/m, in quantitative agreement with our theoretical and simulation results.","The experimental results show that:the shape of meniscus is uniform along circumference of mold for medium-frequency soft-contact electromagnetic continuous casting of round billets; the height of meniscus is approximate at slits and center of segment, and the…",It leads to a time periodic forcing of the oscillatory behavior at the meniscus.,CONCEPT,CONCEPT,CONCEPT,Specific physical phenomenon (liquid-air interface shape); reusable in materials/physics studies.,,false,
opengl,OpenGL,"…essage and topological message of figure carry on the modeling of geometry good,then input the structure information of figure to OpenGL,utilize OpenGL vary projection,show at the screen of the computer three-dimensional view of object that comes out.…",Methods: We exploit the combined capabilities of both CUDA and OpenGL to propagate a set of Gaussian pencil beams decomposed into weighted superposition of elementary Gaussian beamlets.,Design of Simulation for Arc Welding Robot Based on OpenGL.,CONCEPT,CONCEPT,CONCEPT,Specific graphics programming API/standard used in computational visualization.,,false,
gpu,GPU | gpu,"In addition, the penalty factor may be further improved if sorting in CPU and rendering in GPU are executed in parallel.",We present a parallel implementation of our algorithm running on a GPU with constant cost per sample and constant number of computation passes for a target number of samples.,Nested data-parallelism on the gpu.,CONCEPT,CONCEPT,CONCEPT,Specific hardware component (graphics processing unit); reusable named technology in computing.,,false,
data stream,data streams | data stream | Data Streams,BlockNormal is a method of identifying candidate events by searching for places in the data stream where the characteristic statistics of the data change.,Processing noise data from data stream is one of the most important fields in data stream classification.,Pattern discovery in data streams under the time warping distance.,CONCEPT,CONCEPT,CONCEPT,Specific computational concept for continuous data processing; named object in machine learning/data mining.,,false,
silanization,silanization,"Metal and ceramic brackets treated with silica coating with silanization had significantly greater bond strength values (metal brackets: 14.2 +/- 1.7 MPa, P < .01; ceramic brackets: 25.9 +/- 4.4 MPa, P < .0001) than the control groups (metal brackets: 11.9 +/-…","For the resin cement groups, the inner surfaces of the crowns were subjected to three surface treatments: cleaning with isopropyl alcohol, tribochemical silica coating, or application of a thin low-fusing glass porcelain layer plus silanization.","The activation energy of the MWS-relaxation decreased substantially, on the other hand, due to increasing size of the interfacial area as a consequence of reducing the rate of nanofiller agglomeration by silanization with SL2.",CONCEPT,CONCEPT,CONCEPT,Specific surface treatment technique used in materials/dental science.,,false,
methyl gallate,methyl gallate | Methyl gallate,"…act of Macaranga barteri along with five known phenolic compounds, ellagic acid (3), 3-O-methylellagic acid (4), gallic acid (5), methyl gallate (6), and scopoletin (7).…","…-O-beta-D-galactopyranoside, quercetin-3-O-alpha-L-arabinopyranoside, amentoflavone, brevifolin carboxylic acid, gallic acid, and methyl gallate from the methanolic extract, and stigmasterol, campesterol, sitosterol, lupeol, friedelan-3-ol, and friedelan-3-one…","Their Km values for methyl gallate were 0.08 mM, for Tannase I, and 0.02mM, for Tannase II.",CONCEPT,CONCEPT,CONCEPT,Specific chemical compound; reusable named entity in chemistry and biochemistry.,,false,
anova test,ANOVA test | ANOVA tests | Anova test,"The ANOVA test showed no statistically significant differences between the thirds treated with the same solution (p = 0.562), but showed differences between solutions (p = 0).",Alive and dead larval numbers were statistically analysed through the ANOVA test (P>0.01).,"Data were initially analyzed by the one away ANOVA test, which showed significant differences between groups (p<0.05).",CONCEPT,CONCEPT,TOO_GENERIC,"Standard statistical test used across all sciences, too basic and ubiquitous.",,false,
way anova test,way ANOVA test | Way ANOVA test | Way Anova test,Two-way ANOVA test and Least Significant Difference (LSD) were used in data analysis with 5% level of significance.,The data was analyzed using One-Way ANOVA test with significant difference α = 0.05 and subsequently LSD test.,The data were analyzed using the one-way ANOVA test at a significance level of 0.05 for both tests.,CONCEPT,CONCEPT,TOO_GENERIC,"Standard statistical test used across all sciences, too basic and ubiquitous.",,false,
failure of passive transfer,FPT | Failure of passive transfer | failure of passive transfer,The corrective effect of bovine immune sera to FPT calf without any clinical signs showed that intravenous route was more effective than intraperitoneal administration(P,Failure of passive transfer (FPT) occurs when the acceptable levels of IgG or total protein are not achieved by 24–48 hrs after birth.,Failure of passive transfer (FPT) in captive greater kudu (Tragelaphus strepsiceros) calves can lead to increased morbidity and mortality.,CONCEPT,CONCEPT,CONCEPT,Specific veterinary/medical condition with defined diagnostic criteria.,,false,
ecc,ECC,"Early Childhood Caries or ECC (historically also referred to as nursing bottle caries, baby bottle decay and many other terms) is a particular form of dental caries affecting pre-schoolaged children.",Security of public key schemes in a post-quantum world is a challenging task as both RSA and ECC will be broken then.,An Efficient Authenticated Encryption Scheme Based on ECC and its Application for Electronic Payment.,CONCEPT,CONCEPT,CONCEPT,"Acronym for 'Early Childhood Caries', specific dental disease entity.",,false,
punica granatum,Punica granatum | Punica Granatum | PUNICA GRANATUM,Objective:To develop a method of detecting the trace elements in Punica granatum L Methods: A method of determination of trace elements in Punica granatum L.was developed by using ICP—AES together with HNO3—HClO4 digestion.,"In group B no further intervention was done, group C and D were given ethanolic extract of Eugenia Jambolana and Punica Granatum respectively for eight weeks.","U ovom clanku predstavljene su pojedine biljne vrste (Olea sativa, Phoenix dactylifera, Ficus carica, Prunus amygdalus, Punica granatum, Coriandrum sativum, Linum usitatissimum i Ruta graveolens)",CONCEPT,CONCEPT,CONCEPT,Punica granatum is a specific plant species studied for bioactive compounds and health effects.,,false,
dietary reference intake,Dietary Reference Intakes | DRI | dietary reference intakes,"Compared with Dietary Reference Intakes, the prevalence of inadequate ( UL) zinc intakes.","Dietary Reference Intake (DRI) values exist for vitamins and minerals, and provide a guideline on the optimal dose range to avoid deficiency and prevent toxicity.",The absorption rate of diet Zn in urban adults of south China was higher than that of Chinese Dietary Reference Intakes(DRIs) of Zn(about 25%).,CONCEPT,CONCEPT,CONCEPT,Specific reusable nutritional guideline standard; named object with defined values and acronym.,,false,
ellagitannin,ellagitannins | ellagitannin | Ellagitannins,"An ellagitannin with a 2,4-acyl group, named macabarterin (1), and a new ellagic acid glycoside, 3-O-methylellagic acid 4-O-β-d-xylopyranoside (2), were isolated from the stem bark extract of Macaranga barteri along with five known phenolic compounds, ellagic …",The kernel pellicles of walnut are rich in ellagitannins with antioxidative activity.,Statistical analysis of both the antioxidant assay and the HPLC on-line antioxidant data demonstrated that the ellagitannins were the major antioxidants in the pomegranate juices.,CONCEPT,CONCEPT,CONCEPT,Specific class of plant polyphenolic compounds with defined chemical structure.,,false,
conservative approach,conservative approach | conservative approaches,… therefore provides a better constraint on the distance scale (∼50 per cent smaller errors with no systematic bias) than the more conservative approach required when using the power spectrum (i.e. which requires amplitude and long-wavelength shape information …,"However, conservative approaches, such as weight loss and alcohol and tobacco cessation, are also strongly encouraged in the patient with obstructive sleep apnea.","Objectives: A variation on the usual maxillary sinus grafting technique and its results are presented, using a more conservative approach that provides better conditions for applying the graft in complicated situations.",CONCEPT,CONCEPT,NOT_CONCEPT,"Evaluative methodological filler describing study approach, not a named reusable concept.",,false,
roadmap,roadmap | Roadmap | Roadmaps,"Recently, the National Institute of Health launched the “Roadmap for Medical Research” initiative, which is geared to foster translational research (Zerhouni, 2005).","Finally, several challenges and bottlenecks to the ITS validation were identified, and it was agreed that a roadmap on how to address these barriers would be established by the EPAA partners.","The modified framework is incorporated within a roadmap, with feedback loops encouraging continuous refinement of fit-for-purpose testing strategies and risk assessment.",CONCEPT,CONCEPT,NOT_CONCEPT,"Generic planning document or framework, not a specific scientific concept.",,false,
lactic acid fermentation,lactic acid fermentation | Lactic acid fermentation | Lactic Acid Fermentation,Physicochemical properties of the starchy flour extracted from sweet potato tubers through lactic acid fermentation.,Lactic acid fermentation of two sorghum varieties is not affected by their polyphenol contents.,Study on Processing of Amygdalus communis L. Beverage by Lactic Acid Fermentation.,CONCEPT,CONCEPT,CONCEPT,Specific biochemical process; reusable named technique in food science and microbiology.,,false,
chi (2 test,χ(2 test,A χ(2) test was computed and the statistical significance was set at p<0.05.,The χ(2) test and multiple logistic regression were used to identify associations between factors.,"Fisher's exact test or χ(2) test, log-rank test and proportional hazards regression analysis were used to calculate the probability that Mandard TRG was associated with patient outcomes.",CONCEPT,CONCEPT,TOO_GENERIC,"Standard statistical test used across all sciences, too basic and ubiquitous.",,false,
chronic health condition,chronic health conditions | CHCs | Chronic Health Conditions,"This dramatic expansion of benefits could increase medication treatment for many chronic health conditions, but the impact of Part D on the affordability of prescription drugs depends on a series of choices beneficiaries must make including whether to sign up …",Sexual Health Promotion in Adolescents With Chronic Health Conditions.,This report explores the experiences of young adults with chronic health conditions and disabilities with the adult health care system after transitioning out of pediatric health care.,CONCEPT,CONCEPT,CONCEPT,Named clinical construct used across health studies.,,false,
hypotension,hypotension | Hypotension,A significantly larger number of patients in the adenosine triphosphate group showed hypotension (systolic blood pressure <80 mm Hg).,Global cerebral I/R was produced by occlusion of bilateral common carotid arteries combined with hypotension (MAP = 40mmHg) induced by exsanguinations.,Intraoperative complications were hypotension and hypothermia.,CONCEPT,CONCEPT,CONCEPT,Specific clinical condition (low blood pressure); named disease entity.,,false,
hiv envelope protein,HIV envelope protein | HIV Envelope Proteins,Hepatitis C Virus and HIV Envelope Proteins,The membrane proximal external region (MPER) of the HIV envelope protein gp41 is one of the most highly conserved regions of the HIV genome and is therefore an excellent candidate immunogen for eliciting broadly neutralizing antibodies (BNAbs).,"The MAII was noninfectious or poorly infectious, however, when pseudotyped with an amphotropic murine leukemia virus envelope protein or with the HIV envelope protein.",CONCEPT,CONCEPT,CONCEPT,Specific biological entity (HIV gp41 protein) that is a named object of study.,,false,
public health strategy,public health strategies,This supports the role of such programmes as effective public health strategies within primary schools.,"…e women, and with a high proportion of treated individuals.22 None of these studies' results can be generalized to inform current public health strategies for a moderate reduction in sodium consumption in populations or to be considered of good quality to supp…",This article focuses on public health strategies for community-based prevention.,CONCEPT,CONCEPT,TOO_GENERIC,Broad disciplinary term; 'public health strategy' is too general across all public health research.,,false,
unstimulated whole saliva,unstimulated whole saliva | Unstimulated whole saliva,Twenty metal brackets were incubated with either unstimulated whole saliva or phosphate-buffered saline for two hours.,Unstimulated whole saliva was obtained from 75 children aged 3-5 years.,"Samples were collected from unstimulated whole saliva, serum and swabs from denture surfaces.",CONCEPT,CONCEPT,CONCEPT,Specific biological sample type used in research; reusable named entity.,,false,
pmd18 t vector,pMD18 - T vector,H7 chromosome by PCR and then cloned into pMD18-T vector.,The PCR product was cloned into pMD18-T vector and sequenced.,"Taohuafeixue as template by high-fidelity DNA polymerase KOD-Plus, and then they were cloned to pMD18-T vector and be sequenced.",CONCEPT,CONCEPT,CONCEPT,Specific molecular cloning vector; named reagent used in molecular biology.,,false,
drug synthesis,drug synthesis | Drug synthesis,They represent potential materials in drug synthesis and precursors of natural products.,"The fundamentals of the molecular imprinting process (Fig. 1.), and the possibilities of the application of molecularly imprinted polymers in drug synthesis and delivery systems have been presented.","The Drug Development and Therapeutics (DDT) is an open access peer-reviewed journal committed to publishing high-quality articles in the field of Drug synthesis and development and Therapeutics from industry, Clinicians and Academia.",CONCEPT,CONCEPT,NOT_CONCEPT,"Generic compositional phrase; 'drug synthesis' is a broad activity category, not a specific named concept.",,false,
yy1,YY1,YY1 as a Therapeutic Target in Cancer.,"Previous studies identified miR-29 as a pro-myogenic factor that interacts with components of Polycomb repressive complex, YY1 and Ezh2.",Transcription factors such as YY1 have been shown to facilitate repressive chromatin modifications by the recruitment of histone deacetylases.,CONCEPT,CONCEPT,CONCEPT,Specific transcription factor protein; reusable named entity in molecular biology research.,,false,
jute,jute | Jute,Integrated weed management in jute (Corchorus olitorius).,"Renewable materials like furfuryl alcohol, palmitic acid, and jute were used for the first time to develop green biocomposites.",Fabrication and Mechanical Characterization of Jute Fiber-Reinforced Melamine Matrix Composite.,CONCEPT,CONCEPT,CONCEPT,Jute is a specific plant material used in composites and agriculture research.,,false,
cultured hippocampal neuron,cultured hippocampal neurons | Cultured Hippocampal Neurons,Dynamic regulation of spine–dendrite coupling in cultured hippocampal neurons.,The downregulation of hnRNPK in cultured hippocampal neurons by RNAi results in an enlarged dendritic tree and a significant increase in filopodia formation.,…ein expression of iGR was decreased significantly when glutamate and serum of rat model with chronic stress acted together on the cultured hippocampal neurons.…,CONCEPT,CONCEPT,CONCEPT,Specific experimental model: primary neurons from hippocampus maintained in culture for neuroscience research.,,false,
streptavidin,streptavidin,"Affinity-selected filamentous bacteriophage was induced to spherical forms (""spheroids"") by chloroform treatment and deposited to piezoelectric transducers by Langmuir-Blodgett to prepare biosensors for the detection of streptavidin and S. typhimurium.","We also show that denatured (unfolded) polypeptide chains impose much greater frictional drag per unit molecular weight than folded proteins, such as streptavidin, which has been used as a drag-tag before.","…tion sites were identified by incubating synthetic histone‐based peptides with histone biotinyl ligases, followed by probing with streptavidin, HPLC, and mass spectrometry (MS); subsequently, biotinylated (bio‐)histones were detected by biotinylation site‐spec…",CONCEPT,CONCEPT,CONCEPT,Specific protein used as a reagent/tool in biotechnology and molecular biology applications.,,false,
rational drug use,rational drug use | Rational Drug Use,"In this experiment,to test fresh out of the apparent poisoning bulleyaconitin pharmacokinetic parameters for clinical reference for rational drug use.","On the same time, we should standard prescriptions and emphasize monitoring for the rational drug use.","Objective To investigate the outpatient prescriptions in our hospital,promote rational drug use.",CONCEPT,CONCEPT,CONCEPT,Specific clinical/pharmaceutical practice principle with defined meaning.,,false,
ccl2,CCL2,"Specifically, we observed up-regulation of genes associated with cytokines (IL-4, IL-8, IGFB 2–5) and chemokines (CCL2, 5, 6, 18, 24, CCR1, 2, 4), implicated in cell-cell signalling.",Enterococcus faecalis translocation in mice with severe burn injury: a pathogenic role of CCL2 and alternatively activated macrophages (M2aMϕ and M2cMϕ).,"We examined the effect of iron chelators on IL-8 production in HeLa 229 (cervix epitheloid cell, CCL2) cells infected with C. trachomatis.",CONCEPT,CONCEPT,CONCEPT,Specific chemokine protein; reusable molecular entity across studies.,,false,
microglia cell,microglia cells | Microglia Cells,"Toxoplasma gondii infects astrocytes, neurons and microglia cells in the CNS and, after acute encephalitis, persists within neurons.",Structure-activity Relationships of Flavonoids Suppressing the Activation of Microglia Cells.,"Chronic activation of the microglia cells, though, causes damage to neurons by releasing neurotoxic molecules.",CONCEPT,CONCEPT,CONCEPT,Specific cell type; reusable biological entity in neuroscience research.,,false,
e. coli,E. coli | E. Coli | e. coli,"The DNA sequence obtained through PCR of the fliC gene in A. pleuropneumoniae showed considerable identity (93%) in its 5' and 3' ends with the DNA sequences of corresponding genes in E. coli, Salmonella enterica, and Shigella spp.",Gastrointestinal infections associated with E. coli represent a serious problem for neonatal pigs.,"Plate counting with a selective medium showed that the number of E. coli decreased faster under dry soil conditions than under moist ones, and survived more than 1 month under both conditions.",CONCEPT,CONCEPT,CONCEPT,Specific bacterial organism used as model across studies.,,false,
fast disintegrating tablet,fast disintegrating tablets | FDT | fast - disintegrating tablets,"The demand of fast disintegrating tablets has been growing during the last decade, due to the characteristics of fast disintegrating sublingual tablets for the potential emergency treatment.",…lubility of DOM by inclusion complexation with Hydroxypropyl-β-Cyclodextrin (HP-β-CD) using kneading technique and formulation of fast disintegrating tablets by using Sodium Starch Glycolate as superdisintegrant.…,Purpose: To formulate fast-disintegrating tablets (FDT) of rosuvastatin calcium (RST) using β- cyclodextrin (CD) and different superdisintegrants to enhance their solubility.,CONCEPT,CONCEPT,CONCEPT,Specific pharmaceutical formulation type with defined disintegration properties.,,false,
gas generating agent,gas generating agent | gas generating agents,"…ntrolled delivery system of Rosiglitazone maleate and was formulated as floating matrix tablet by direct compression method using gas generating agent (sodium bicarbonate) and various viscosity grades of hydrophilic polymers (HPMC K15M, K4M; HPC and Carbapol 9…",Invitro dissolution study showed that formulation FIX with hydroxyl propyl methyl cellulose as polymer and sodium bicarbonate as gas generating agent could show maximum release.,"Lansoprazole Floating Drug Delivery systems can be prepared by wet granulation method using HPMCK4M: Eudragit-RL100 polymer ratio and PVPK-30 as a binder, Sodium-bi-Carbonate: Citric acid as gas generating agent.",CONCEPT,CONCEPT,CONCEPT,Specific pharmaceutical formulation component used in drug delivery systems.,,false,
severity index,Severity Index | severity index,"For convergent validity, all patients' self-ratings and Psoriasis Area and Severity Index (PASI) were correlated with the questionnaire score (P < 0.001).",Psoriasis Area and Severity Index 75 is achieved in 64% of patients after 12 sessions of treatment.,The Psoriasis Area and Severity Index was completed at baseline and post‐intervention (day 10).,CONCEPT,CONCEPT,CONCEPT,Specific clinical assessment tool (PASI); named measurement instrument.,,false,
nanoemulsion,nanoemulsions | nanoemulsion,The aim of this study is to formulate the ethanolic extract of Belimbing wuluh (Averrhoa bilimbi L.) into nanoemulsion gel dosage form and test its physical stability and antioxidant activity.,"Keywords: nanoemulsions, Phyllanthus urinaria, skin antiaging, palm kernel oil esters","In recent years it is seen that these actives are prepared by utilising nanotechnology and pharmaceutical carriers (nanoemulsions, nanospheres, nanocapsules, nanosomes, solid lipid nanoparticles, nanostructured lipid carriers, niosomes, ethozomes, liposomes, e…",CONCEPT,CONCEPT,CONCEPT,Specific pharmaceutical/cosmetic formulation type: oil-in-water emulsion with nanoscale droplets.,,false,
period2,Per2 | period2 | Period2,"Aanat, rhodopsin, medium wavelength (mwl) opsin, short wavelength (swl) opsin, and period1 (Per1), and period2 (Per2) mRNA levels were measured using real-time quantitative RT-PCR in KA injected and control eyes.",Photic resetting of the SCN pacemaker involves induction of the clock genes Period1 (Per1) and Period2 (Per2) and communication among distinct cell populations.,"We performed a high temporal resolution analysis of the expression of the circadian clock protein PERIOD2 (PER2) in the rat forebrain to characterize the distribution, amplitude and phase of PER2 rhythms across different regions.",CONCEPT,CONCEPT,CONCEPT,"Period2/PER2 is a specific circadian clock gene, reusable across studies.",,false,
kaempferol,kaempferol,"Five minor flavonoid monosides, glycosides of quercetin and kaempferol, together with three previously isolated compounds were identified cochromatographically in P. serotina Ehrh.","Fractionation of this active extract led to the isolation and identification of sixteen flavonoids, including gallocatechin and flavonols having kaempferol, quercetin, and myricetin as aglycones.","In the present study, inhibition of human neutrophil degranulation by four flavonoids (myricetin, quercetin, kaempferol, galangin) was evaluated by using released elastase as a biomarker.",CONCEPT,CONCEPT,CONCEPT,Kaempferol is a specific flavonoid compound studied for bioactivity.,,false,
landrace,Landrace | landraces | landrace,"and ten sows of Landrace were selected randomly from a herd at the National Livestock Research Institute (NLRI), Rural Development Administration (RDA), Korea.","Methods: Landrace large white male pigs, weighing 20 to 25 kg, were used for the experiments.","Meanwhile, attempts to add value to maize landraces via market differentiation have had varying success.",CONCEPT,CONCEPT,CONCEPT,Landrace is a specific pig breed/agricultural variety used in research.,,false,
dissolution efficiency,dissolution efficiency | DE | Dissolution efficiency,The accomplishment of the drug dissolution profiles was compared through the dissolution efficiency.,The pharmaceutical equivalents were compared to the reference product in terms of similar dissolution factor (f 2 ) of dissolution profiles and the evaluation of dissolution efficiency (DE).,The relative dissolution rate was found to be 2.22 and dissolution efficiency was found to be 57.94 and it is increased by 3.0 fold with F8 formulation when compared to control tablets (22.05).,CONCEPT,CONCEPT,CONCEPT,Specific pharmaceutical measurement parameter for drug dissolution characterization.,,false,
bim,Bim | BIM,The KIT D816V-Targeting Drug PKC412 Induces Re-Expression of Bim and Synergizes with Mcl-1 Antisense Oligonucleotides in Producing Growth Inhibition in Neoplastic Human Mast Cells.,"Since Bim is degraded via the proteasome, we applied the proteasome inhibitor bortezomib.",The law fraternity has perhaps been slow to pick up on the legal implications of an aspect of construction methods that has established a position of increasing importance over the past decade: building information modeling BIM.,CONCEPT,CONCEPT,CONCEPT,Specific protein (apoptotic regulator) studied in cancer and cell biology research.,,false,
epizootics,epizootics,Rock bream iridovirus (RBIV) is a causative agent of epizootics among cultured rock bream (0plegnathus fasciatus) in Korea.,"At all sites, the gypsy moth nuclear polyhedrosis virus also was found, occasionally causing epizootics, but viral occlusion bodies were never found in nontarget Lepidoptera that died.",… investigate the role of black flies in the transmission of the New Jersey serotype of vesicular stomatitis virus (VSV-NJ) during epizootics.…,CONCEPT,CONCEPT,CONCEPT,"Specific phenomenon: disease outbreaks in animal populations, reusable scientific term.",,false,
mephedrone,mephedrone | Mephedrone,Over the past year hospitals in the United Kingdom have seen a number of party-going youths and young adults admitted to Emergency departments following ingestion of mephedrone.,"Mephedrone, MDPV and recent drugs have drawn attention to the problem of designer drugs again.","… random patient samples: buphedrone; butylone; 3,4-dimethylmethcathinone; ethcathinone; N-ethylbuphedrone; ethylone; flephedrone; mephedrone; 4-methylbuphedrone; 3,4-methylenedioxypyrovalerone (MDPV); 4-methyl-N-ethylcathinone; methylone; pentedrone; pentylone…",CONCEPT,CONCEPT,CONCEPT,Specific synthetic drug compound; named entity studied across toxicology/pharmacology.,,false,
mild cognitive impairment,mild cognitive impairment | MCI | Mild Cognitive Impairment,Abstract Various neuroimaging techniques have been employed to detect the subtle brain changes related to mild cognitive impairment (MCI) and Alzheimer's disease (AD).,White matter vascular lesions are related to parietal‐to‐frontal coupling of EEG rhythms in mild cognitive impairment.,The IL-6 content in serum of AD(n=14)、MCI(n=14)and controls(n=11)were detected by double-antibody sandwich method of enzyme linked immunosorbent assay(ELISA).Results The difference of serum IL-6 among three groups was significant(P0.05).the serum IL-6 in MCI g…,CONCEPT,CONCEPT,CONCEPT,Specific clinical diagnostic entity; named disease construct in neurology.,,false,
nan3,NaN3,The inhibition of Alamar Blue reduction by NaN3 indicates that its metabolism is associated with mitochondrial activity.,A comparison of the 250 degrees C APCI-MS spectra of products made from NaN3 and Na15NNN showed mixed [M]+ and [M + H]+ envelopes at expected ion intensities for the 14N and 15N isotopomers.,"First, we synthesized the 2-bromo-1,4-naphthoquinone (2, yield 98%) by using Br2 and CH3CO2H, and then used it to obtain 2-azido-1,4-naphthoquinone (3, yield 62%) from compound 1, along with ethanolic solution (reflux) and NaN3.",CONCEPT,CONCEPT,CONCEPT,"Sodium azide (NaN3), a specific chemical compound used in synthesis and biological assays.",,false,
cielab,CIELAB,"…own colour of wines, did not always appear to correlate with the brown scores obtained by visual assessment or colour measures by CIELAB when wines with and without ascorbic acid addition were compared together.…",Study on the Lightness Uniformity of CIELAB and CIECAM02.,The result shows that the formulae have the similar performance but CIE94 is the best in all viewing conditions and CIELAB and BFD are the worst.,CONCEPT,CONCEPT,CONCEPT,CIELAB is a specific colour space standard used across studies.,,false,
bifeo3,BiFeO3 | BFO,Films grown at low oxygen partial pressure show the canted antiferromagnetic phase α‐Fe2O3 embedded in a matrix of BiFeO3.,"The power conversion efficiency of the device is comparable to those of hybrid solar cells based on poly(3‐hexylthiophene) and other oxide semiconductors, such as TiO2 or ZnO, indicating that BiFeO3 is a promising material for photovoltaic devices.","Improvements in magnetodielectric and multiferroic properties are essential for visualizing the real application of multiferroics, precisely, BiFeO3 (BFO).",CONCEPT,CONCEPT,CONCEPT,Specific material compound (bismuth ferrite) with named properties and applications.,,false,
atlantic meridional overturning circulation,Atlantic Meridional Overturning Circulation | AMOC | Atlantic meridional overturning circulation,"…h is a distillation of [Peltier et al. (2006)][2], discusses the possible effects of Arctic freshwater forcing on the strength of Atlantic meridional overturning circulation (AMOC), with emphasis on the Younger Dryas cold event (YD).…","Currently, these deep waters consist mainly of North Atlantic Deep Waters as part of the Atlantic Meridional Overturning Circulation (AMOC).",Abstract Changes in the Atlantic Meridional Overturning Circulation (AMOC) have commonly been invoked to explain the low‐frequency climate changes evident over millennial‐multidecadal timescales during the Holocene period.,CONCEPT,CONCEPT,CONCEPT,"Named oceanographic circulation system, reusable across climate studies.",,false,
cosolvent,cosolvent | cosolvents,"Further optimization revealed that additive salts such as LiCl lead primarily to the allenyl product while the use of HMPA as a cosolvent gives the beta,gamma-alkynyl deconjugated alkylation product.",A series of equations are developed for the study of the effects of cosolvents on the solubility of a solute in mixed solutions where the solute displays a finite solubility.,"These wood-templated Fe2O3 and its SiO2-based composites with special hierarchical but continuous pore size from 9 nm up to 20 μm, were prepared from scCO2’ hybrid solution with cosolvent and precursor(s).",CONCEPT,CONCEPT,CONCEPT,Specific chemical substance/solvent type used in reactions and solutions.,,false,
critical aggregation concentration,critical aggregation concentration | CAC,"…entrations were investigated, none of the studied ionic liquid solutions displayed a plateau value for the surface tension, and a critical aggregation concentration (CAC) could not be established from the obtained surface tension data.…","The critical aggregation concentration (CAC), where the interaction between the polymer and the surfactant begins, and the polymer saturation point (PSP), where the polymer molecules become saturated with the surfactant, were determined using electrical conduc…",The critical aggregation concentration has been determined and the local water concentration sensed by the probes extracted from the Mukerjee hydrophilicity index.,CONCEPT,CONCEPT,CONCEPT,"Specific physical chemistry parameter, reusable across surfactant studies.",,false,
materials project,Materials Project,Materials Data on V3CdO7 (SG:62) by Materials Project.,Materials Data on V5O12 (SG:5) by Materials Project.,Materials Data on V2P2O9 (SG:29) by Materials Project.,CONCEPT,CONCEPT,CONCEPT,Specific named database/resource (Materials Project) for materials data; reusable concept.,,false,
thermal gravimetric analysis,thermal gravimetric analysis | TGA | Thermal gravimetric analysis,"The resultant shell–core PAni–AC nanocomposites were characterized by elemental analysis, Fourier transform infrared, scanning electron microscopy, thermal gravimetric analysis, X‐ray diffraction, and transmission electron microscopy.","Differential scanning calorimetry (DSC), thermal gravimetric analysis (TGA) and carbon dioxide evolution were used to determine the minimum de‐blocking temperatures.","Thermal decomposition of stearic acid gel was employed to study the phase evolution of BaTiO 3 nanoparticles by thermal gravimetric analysis, X-ray diffraction, Fourier transform infrared, and UV−vis diffuse reflectance spectra.",CONCEPT,CONCEPT,CONCEPT,Specific analytical technique for measuring thermal decomposition of materials.,,false,
hemocompatibility,hemocompatibility,"Various synthetic polymers and nature polymers were applied to form silver polymer composites to cope with the defects (e.g., low hemocompatibility) of silver-loaded antimicrobial agents.",The bio- and hemocompatibility of titanium alloys are due to the formation of a TiO2 layer.,With the aim of creating biodegradable materials for medical devices clinical appointments with high hemocompatibility we have developed a new polymer product.,CONCEPT,CONCEPT,CONCEPT,Specific material property relevant to biomedical applications; reusable scientific term.,,false,
bioreactor,bioreactor | bioreactors | Bioreactors,"By using transg enic animal as bioreactor, exogenous gene's specific expression, esp.",The bioreactor was modeled with the autoregressive integrated moving average exogenous (ARIMAX) parametric difference equation model.,affinity support bioreactor to an HPLC-mass spectrometer would provide an experimental and pedagogical tool for study of metabolite flux and pool sizes of intermediates to model regulation in intact cells.,CONCEPT,CONCEPT,CONCEPT,Specific apparatus/instrument type used in bioprocessing and fermentation.,,false,
exterior algebra,exterior algebra | exterior algebras,"Let K be a field, S a polynomial ring and E an exterior algebra over K, both in a finite set of variables.","If Z Z is the centre of the Lie algebra L L , its cohomology H ∗ ( L ) H^*(L) is naturally a module over the exterior algebra Λ Z \Lambda Z .",This is done by giving a family of Hodge dualities on both the exterior algebras of SUq(2) and [Formula: see text].,CONCEPT,CONCEPT,CONCEPT,"Specific mathematical structure in algebra, reusable technical term.",,false,
combined dosage form,combined dosage form | COMBINED DOSAGE FORM,"A simple, precise and accurate spectrophotometric method has been developed for simultaneous estimation of ambroxol hydrochloride and azithromycin in combined dosage form using multicomponrent mode of analysis.",RP-HPLC METHOD FOR THE DETERMINATION OF DOMPERIDONE AND ESOMEPRAZOLE IN COMBINED DOSAGE FORM.,"A new simple, rapid, and sensitive reversed-phase liquid chromatographic method was developed and validated for the simultaneous determination of methocarbamol (MET) and ibuprofen (IBU) in their combined dosage form.",CONCEPT,CONCEPT,CONCEPT,Specific pharmaceutical formulation type; reusable concept in drug development and analysis.,,false,
functional monomer,functional monomer | functional monomers | Functional Monomer,"The synthesis conditions of BHb-MIP were investigated, which involved the interaction of functional monomers and template protein in different molar ratio, solution pH, and ionic strength.","Copolymerize this functional monomer with other acrylates in emulsion, we got a comb-like polymer in which pyrene fluorophore is at the end of each polysiloxane side-chain.","Using umbelliferone as the template molecule, methacrylic acid as functional monomer, ethylene glycol dimethacrylate as linking agent, chloroform as porogen and bulk polymerization as synthetic method, the MIPs were synthesized and characterized with rebinding…",CONCEPT,CONCEPT,CONCEPT,Specific chemistry term: monomer with reactive groups used in molecular imprinting and polymer synthesis.,,false,
habitat suitability model,habitat suitability models,"Compared to existing habitat suitability models, most of the suitable habitat has already been occupied.",We used habitat suitability models and extent of occurrence of 468 species of vertebrates to evaluate the contribution of the Natura 2000 network to biodiversity conservation in Italy.,These small-scale aspects of nursery grounds can be considered as EJH and merit attention in habitat suitability models as well as in marine conservation.,CONCEPT,CONCEPT,CONCEPT,Specific modeling approach in ecology/conservation for predicting species distribution and habitat suitability.,,false,
annulation,annulation | Annulation | annulations,Modest activation energy barriers and the ample exothermicity of most annulations indicated that the cationic intermediates rarely need enzymatic stabilization.,Some model systems were investigated toward annulation of the C-ring of the natural product.,ChemInform Abstract: Cationic Palladium(II)‐Catalyzed Highly Enantioselective [3 + 2] Annulation of 2‐Acylarylboronic Acids with Substituted Alkynes.,CONCEPT,CONCEPT,CONCEPT,Specific organic chemistry reaction type for ring formation.,,false,
x ray spectra,X - ray spectra | x - ray spectra,"Residuals in the X-ray spectra of all three XMM-Newton EPIC detectors around 0.9 keV suggest the presence of an emission-line feature, most likely the Ne IX triplet.",The X-ray spectra everywhere can be well represented by a power-law function with photon index in the range within 2.0–2.8.,"We find th at CR Boo and HP Lib have X-ray spectra with abundances consistent with relatively low tem perature CNO processed material, while AM CVn and GP Com show an enhancement of nitrogen.",CONCEPT,CONCEPT,NOT_CONCEPT,Measurement descriptor; compositional phrase without independent conceptual status.,,false,
smart grid,Smart Grid | smart grids | smart grid,A Multiobjective Dispatch Optimization Strategy for Economic Operation of Smart Grids.,Reactive power management in wind power plants with induction machines in Smart Grid.,Data integration based on REST and IEC61970 for smart grid.,CONCEPT,CONCEPT,CONCEPT,Smart grid is a specific technological system for electrical distribution with named research applications.,,false,
benzylaminopurine,Benzylaminopurine | benzylaminopurine,Quantitative Analysis of Mixture for Gibberellic Acid and 6-Benzylaminopurine by HPLC.,"… shoots was monitored after six weeks on half-strength Murashige and Skoog (MS) medium supplemented with 0, 0.2, 0.5 and 1.0 mM 6-benzylaminopurine (BA).Rooting was induced on half-strength MS medium supplemented with 2.9 or 5.7 mM indole-3-acetic acid (IAA); …",Simultaneous Determination of 6-Benzylaminopurine and Kinetin Based on D-Trp Fluorescence Guenching.,CONCEPT,CONCEPT,CONCEPT,Specific chemical compound used in plant tissue culture and growth regulation.,,false,
active site,active site | active sites | Active Site,"Clear and continuous density corresponding to G5 was observed in the active site of E172A, and thus, the substrate, G5, was not hydrolyzed.",Nature of Surface Sulfate Species and the Generation of Active Sites on Silica−Zirconia Mixed-Oxide Catalysts.,"However, for several applications, the distribution of active sites on the surface is irregular and random.",CONCEPT,CONCEPT,TOO_GENERIC,Fundamental biochemical term used ubiquitously across all chemistry/biology.,,false,
organs at risk,OARs | organs at risk,Objective To evaluate the effect of the setup error on the physics dose distribution of targets and peripheral organs at risk(OAR) undergoing the intensity modulated radiation therapy for nasopharyngeal carcinoma(NPC).Methods Six NPC patients were included int…,…ing software for clinical use) to identify the deliverable plan which uses all the beams with the minimum dose to organs at risk (OARs) and dose to the tumor and other structures in specified ranges.…,Our goal is to develop a nonuniform target dose prescription method which can spare organs at risk (OARs) better and does not decrease the tumor control probability (TCP).,CONCEPT,CONCEPT,CONCEPT,Specific clinical construct in radiation therapy; reusable named entity.,,false,
local material,"local materials | local 
 materials | local material","The building was
designed by Dutch architecture and the consequences of
using local materials by considering vernicular and
traditional buildings.","Since the usage of local materials, so as the waste materials is imperative of modern civil engineering with the aim of economical and environmentally friendly engineering, research in the field of local and waste materials usage in road construction will make…","Our experimental device, made from simple means using local materials, consists of a parabolic concentrator having a 0.80 m diameter and 0.08 m depth as well as a cylindrical absorber with a 0.10 m diameter and is 0.20 m long.",CONCEPT,CONCEPT,NOT_CONCEPT,Generic compositional phrase; 'local' is arbitrary modifier on 'materials'.,,false,
self service,self - service | self‐service,A multimodal interactive dialogue automaton (kiosk) for self-service is presented in the paper.,"The main trends of factor’s action are studied: ""The Tendencies of Business Development"" are contained in creating service centers, opening own shops, restaurants, consulting offices, livening means of increasing income at the expense of reducing costs connect…",…oducts and to have more favourable waiting times than customers in canteens with layouts requiring a strict order and line‐up for self‐service and checkout.…,CONCEPT,NOT_CONCEPT,NOT_CONCEPT,"Generic business/operational term, not a scientific concept.",,false,
treatment as usual,TAU | treatment as usual | treatment-as-usual,The present study shows significant improvements in the ACT group as compared with (TAU) after treatment as usual at a 6-month follow-up and shows that the mechanism of change may be psychological flexibility.,"The efficacy of MDT was measured by a pre- and post-treatment comparison with the aid of standardized instruments (CBCL, STAXI-2, BDI-II, and SIQ) and compared to the results of a treatment-as-usual (TAU) control group.",Participants assigned to the MTFC condition during adolescence reported greater decreases in drug use than girls assigned to the treatment as usual (TAU) condition.,CONCEPT,CONCEPT,CONCEPT,Specific clinical control condition; reusable methodological construct.,,false,
optimal resource allocation,optimal resource allocation,Strategic planning of optimal resource allocation in response to global financial crisis – a study of international tourist hotels.,The optimal resource allocation satisfies the needed capacity of the used resources.,These findings are useful for optimal resource allocation and fault tolerance in rapidly developing computing networks.,CONCEPT,CONCEPT,NOT_CONCEPT,"Generic methodological phrase, not a specific reusable scientific object.",,false,
safety management system,safety management system | SMS | Safety Management System,Concept of safety management system embraced by many countries.,The Airlines can use TEM as an integral part of a Safety Management System(SMS) and uses monitoring and cross-checking skills in the flight operations to manage threats and errors effectively when we know the errors we make in the cockpit on daily operation.,"This is also mandated by regulators, such as ICAO, in the form ofrequirements for a safety management system.",CONCEPT,CONCEPT,CONCEPT,Specific organizational/regulatory framework for managing safety in operations.,,false,
data driven approach,data - driven approaches | data - driven approach,One novel contribution of our solution is its data-driven approach.,To identify prodromal Alzheimer's disease (AD) subjects using a data-driven approach to determine cognitive profiles in mild cognitive impairment (MCI).,Integrative informatics and data-driven approaches provide a framework for analyzing large-scale datasets and combining them into multiscale models that can be used to determine the key drivers of disease and identify optimal therapies for treating tumors.,CONCEPT,CONCEPT,NOT_CONCEPT,"Methodological descriptor, not a specific named technique or concept.",,false,
interest rate risk,interest rate risks | interest rate risk | Interest rate risk,"…n the fluctuations of the financial market,China's airlines is invariably confronting with a lot of uncertainties in terms of the interest rate risks,which becomes more and more prominent as the transaction volume grows bigger and bigger by the day.…","Finally, it considers two specific interest rate risks in more detail.",Mortgage-backed securities (MBS) are similar to traditional fixed-income securities in that they are exposed to interest rate risk.,CONCEPT,CONCEPT,CONCEPT,Specific financial risk phenomenon studied across multiple contexts.,,false,
manufacturing plants system,manufacturing plants systems | Manufacturing Plants Systems,Methodological Evaluation of Manufacturing Plants Systems in South Africa Using Panel Data for Cost-Effectiveness Measurement.,Methodological Evaluation of Manufacturing Plants Systems in Ethiopia Using Panel Data for Efficiency Measurement.,This study addresses a current research gap in Agriculture concerning Methodological evaluation of manufacturing plants systems in Kenya: multilevel regression analysis for measuring cost-effectiveness in Kenya.,CONCEPT,CONCEPT,NOT_CONCEPT,"Generic phrase describing study context, not a named reusable concept.",,false,
roa,ROA,"The mea-sure of performance is based on financial ratios CAMEL, which consist of CAR as represent of Capital, RORA as represent of asset quality, NPM as represent of Management, ROA as represent of earnings and LDR as represent of liquidity.","…timal capital structure focusing on the research hypothesis that the firms with higher credit along with the other factors (FTOA, ROA and Size) tend to have more debt in their capital structure of firms rated by P?CR?…","Overall P-values suggest that at 95% confidence level liquidity model proves significant on ROA for Islami Bank Bangladesh Ltd. and Social Islami Bank Ltd., while on ROE for Islami Bank Bangladesh Ltd. and Shahjalal Islami Bank Ltd.",CONCEPT,CONCEPT,NOT_CONCEPT,"Acronym for return on assets; a generic financial metric, not an emerging concept.",,false,
purchase decision,purchase decisions | purchase decision | Purchase Decision,"An examination of the ethical drivers within each group suggests that ethical consumers consider each product group on the basis of its bundle of ethical attributes, with differing levels of importance placed on each ethical issue within the purchase decision.","Additionally, the purchase decisions faced are rarely made on price alone; but rather on a bundle of attribute values.",Most consumers considered quality to be a prime element in purchase decisions.,CONCEPT,NOT_CONCEPT,TOO_GENERIC,Generic behavioral/economic variable used across many disciplines; too broad.,,false,
semantic domain,semantic domain | semantic domains,…y De Nicola and Vaandrager by showing that there are additional translations that allow one to use minimization techniques in one semantic domain to obtain minimal representatives in the other semantic domain for these equivalences.…,The present fMRI data give rise to the assumption that activation of the left inferior frontal gyrus (LIFG) in the semantic domain might be important for semantic processing in general and not only for semantic decision making.,"Borrowing from Halliday and Matthiessen’s semantic domains beyond the clause and Halliday’s theorizing of the language of science, the article explores the various forms of transferences made possible by the grammar: from logical to experiential, from sequence…",CONCEPT,CONCEPT,CONCEPT,Specific linguistic/cognitive construct used in formal semantics and neuroscience.,,false,
self regulated learning,SRL | Self - regulated learning | self - regulated learning,Self-regulated learning during science investigations in a junior classroom.,"Nurses in the project were asked to evaluate their experience of the programme in relation to self-regulated learning, developing self-awareness, skills competence and increase in counselling knowledge.",Self-regulated learning and self-directed study in a pre-college sample.,CONCEPT,CONCEPT,CONCEPT,Self-regulated learning is a specific educational/psychological construct studied across papers.,,false,
ideation,ideation | ideations,Substance use and suicidal conduct: A study of adolescents hospitalized for suicide attempt and ideation.,"Patients with visits for suicide attempt or ideation, self-harm, or overdose (exposed) were compared with patients without these visits (unexposed).","The study examined the relationships among age and the components of creativity (i.e., technical skill, problem finding, ideation, evaluation, and motivation).",CONCEPT,CONCEPT,CONCEPT,Specific psychological/cognitive construct; reusable term in research.,,false,
sanctioning,sanctioning,"In addition, some studies have shown that trust can be established through the trustee???s personal reputation of integrity, or through structural assurance mechanisms such as social monitoring and sanctioning.","Allowing volunteer arbitrators to assume the roles of judge, probation officer, public defender, and solicitor in certain cases alleviates the costly personnel burden of sanctioning and supervising juvenile offenders.","Fine provides the principle of individualization of sanctioning, next, it is more economical, also, has a minimal effect on the offenders` family.",CONCEPT,CONCEPT,TOO_GENERIC,Generic social/behavioral mechanism used across disciplines.,,false,
national assessment of educational progress,National Assessment of Educational Progress | NAEP,The IFM can be viewed as an extension of the approach applied to the National Assessment of Educational Progress (NAEP) by Prowker and Camilli (2007).,"In response to a Congressional mandate, an evaluation of the National Assessment of Educational Progress (NAEP) was undertaken beginning in 2004.","A mere 31 percent of U.S. students in the class of 2011 could perform at the proficient level as measured by the National Assessment of Educational Progress (NAEP) program, compared with South Korea's result of 47 percent.",CONCEPT,CONCEPT,CONCEPT,Specific named assessment program/dataset used across educational research studies.,,false,
stata,Stata | STATA,Stata and the WeeW Information System.,"The difference among the clinic BPs and the driving BPs was examined by t-test in Stata version 8, followed by a multivariate analysis for exploring the main predictors for BP rises in driving time.","Royston and Parmar (2002, Statistics in Medicine 21: 2175–2197) developed a class of flexible parametric survival models that were programmed in Stata with the stpm command (Royston, 2001, Stata Journal 1: 1–28).",CONCEPT,CONCEPT,NOT_CONCEPT,"Software tool name; publisher/vendor boilerplate, not a scientific concept.",,false,
self harm,self - harm | Self - harm,"The risk of nonfatal self-harm was compared with the risk of suicide in association with the use of either an SSRI or TCA in more than 146,000 patients aged 10 to 90.Martinez and his team found that the risk of self-harm and suicide were not significantly diff…",Self-harm: reviewing psychological assessment in emergency departments.,"Patients with visits for suicide attempt or ideation, self-harm, or overdose (exposed) were compared with patients without these visits (unexposed).",CONCEPT,CONCEPT,CONCEPT,Self-harm is a specific clinical construct and behavioral phenomenon studied in psychiatry/psychology.,,false,
exponential smoothing method,exponential smoothing method | ESM | exponential smoothing methods,"Focusing that the equation of exponential smoothing method(ESM) is equivalent to (1,1) order ARMA model equation, new method of estimation of smoothing constant in exponential smoothing method is proposed before by us which satisfies minimum variance of foreca…","Based on the statistical data of2004—2013 in Shanxi Province, this paper makes use of the exponential smoothing method to predict the corn yield in Shanxi Province in the coming years.",The results based on ARIMA models and exponential smoothing methods are included for comparison.,CONCEPT,CONCEPT,CONCEPT,"Specific, named statistical forecasting technique with established methodology and acronym (ESM).",,false,
l fuzzy topological space,L - fuzzy topological spaces | L - fuzzy Topological Spaces | L - FUZZY TOPOLOGICAL SPACES,Relative Productive Spaces in L-fuzzy Topological Spaces and Layer-compactness.,"In this paper, we use L-fuzzy preopen operator to introduce the degree of pre-separatedness and the degree of preconnectedness in L-fuzzy topological spaces.",MEASURES OF FUZZY SEMICOMPACTNESS IN L-FUZZY TOPOLOGICAL SPACES.,CONCEPT,CONCEPT,CONCEPT,Specific mathematical structure in fuzzy topology; reusable technical concept.,,false,
concurrent engineering,concurrent engineering | Concurrent Engineering | CE,"Finally,using the information integration,process integration,and person integration in concurrent engineering to achieve the operation of the model.","…blems, its relationship to continuous improvement programmes such as total quality management, statistical process control (SPC), concurrent engineering (CE), and benchmarking.…","Concurrent Engineering and Agile Manufacturing will be the coming production paradigm, Computer Supported Collaboration Design is a key technique of concurrent engineering.",CONCEPT,CONCEPT,CONCEPT,"Specific reusable production methodology combining process, information, and person integration.",,false,
real data set,real data sets | real data set,The advantages of our approach were justified through extensive empirical studies on two real data sets from three news and micro-blogging respectively.,The utility of this method is illustrated through applications to some real data sets and simulation evidence is also presented to show its superiority over the best-known methods.,Our experimental results on the real data sets demonstrate the effectiveness of the model.,NOT_CONCEPT,CONCEPT,NOT_CONCEPT,"Descriptive phrase for empirical datasets; study-specific, not a named concept.",,false,
interact,interact | interacts | Interacts,"In- troducing the software and equictments which the journerlists can quickly edit after capturing,and the way which the journ- erlists uso to scrap compress the materials and send back home through the interact.",Market integration has been widely studied in the past to gain a better understanding of how different markets for the same good interact with one another.,"However, the KCC2 transporter forms clusters near glutamatergic synapses and interacts with several actin-related proteins.",NOT_CONCEPT,CONCEPT,TOO_GENERIC,Ubiquitous verb used across all sciences; too basic and generic to be an emerging concept.,,false,
verification,verification | Verification | verifications,"As an enduring feature of our mental constitution, the religious contents are under no special burden of vindication or verification for they are vindicated and verified precisely by their ubiquity and efficacy.",PRESUMPTION EXPERIMENT OF SUPPLY RATE FULFILLMENT USING TRACER GAS : Verification on the cylinder house.,Leakage current gets suppressed when operated at 120K. Migration and verification: a) Reverse Bias Voltage will be limited; b) Health check with I/V curve: 1) Minimal reverse voltage shall be x0.75 of the calculated voltage breakdown Vbr; 2) Degradation of the…,NOT_CONCEPT,CONCEPT,TOO_GENERIC,Ubiquitous methodological term across all experimental science.,,false,
seamless,seamless,"In this context, an appropriate integration and interworking of existing wireless networks are crucial to allow seamless roaming across those networks.",The unique needs of patients receiving photodynamic therapy require that interdisciplinary collaboration be seamless (Table 2).The anesthesia prescription for a patient undergoing interventional bronchoscopy requires an individual evaluation of the patient’s r…,Non-destructive testing of steel tubes Automated ultrasonic testing of seamless and welded steel tubes for the detection of laminar imperfections.,NOT_CONCEPT,CONCEPT,NOT_CONCEPT,"Generic evaluative descriptor, not a specific scientific concept.",,false,
massive data set,massive data sets | massive data - sets,"Unfortunately, the platforms that produce the massive data sets rarely work smoothly with the interactive analysis and visualization programs used in bioinformatics.",SUMMARY Earth observation applications are now facing the challenges of managing and processing massive data sets from multiple sources from large‐scale distributed data centers (DCs).,"Our massive data-sets required parallelizing some Chebfun functions on GPUs, allowing about 100 times faster polynomial evaluation and up to 12 times faster on CPUs when parallelizing the whole algorithm.",NOT_CONCEPT,CONCEPT,NOT_CONCEPT,Descriptive phrase about data size; not a named reusable scientific object.,,false,
lower,lowers | lower-,"The practical system shows that the controller function by Servlet incarnates the whole character of J2EE system framework and lowers coupling among MVC, and strictly detaches view logical part from business logical part in web application system.","Each uterine horn was divided into three equal length sections by ligature to represent the lower- (cervical), mid- and upper (oviductal) sections of the horn.","Hypocholesterolemic effect of Hibiscus sabdariffa is caused by its components which are pectin, β-sitosterol and anthosianin, but pectin and anthosamin particularly contribute to lowers the total cholesterol.",NOT_CONCEPT,NOT_CONCEPT,NOT_CONCEPT,"Generic verb/adjective used in compositional phrases, not a named scientific object.",,false,
denitrifying condition,denitrifying conditions,Major changes on the oligomer surface were observed when exposed to denitrifying conditions.,"A denitrifying bacterial consortium obtained from the Pullman, Washington wastewater treatment facility was enriched under denitrifying conditions and its ability to reduce selenite and selenate was studied.",A high temperature (55-60°C) off-gas stream was treated in biofilters operated under denitrifying conditions.,NOT_CONCEPT,CONCEPT,CONCEPT,"Specific environmental/microbial condition, reusable across studies.",,false,
tracking performance,tracking performance | Tracking performance,"By adding a parallel proportion controller, the method will not only ensure the precision and tracking performance of the fuzzy controller but also reduce the controlling rulers sharply, which will be propitious to practical application.","Whether a hybrid active power filter results in desirable harmonic eliminating effect, mainly depends on current tracking performance of the controller.","This results in a major improvement in tracking performance, despite the plant uncertainty and unmodeled dynamics.",NOT_CONCEPT,CONCEPT,NOT_CONCEPT,"Generic methodological descriptor, not a specific reusable entity.",,false,
grmc,GRMC,"The questions of naming, gesture, sound capture, processing and diffusion are part of the concepts thoroughly revisited by the GRMC, then the GRM in 1958, up to what is known as acousmatic music.",Two large-format plotter printers are available in the GRMC for printing posters and other large documents.,This poster of South Sudan was created by the GRMC for the Ball State University Rinker Center for International Programs Culture Exchange program and International Festival.,NOT_CONCEPT,NOT_CONCEPT,NOT_CONCEPT,"GRMC is an institutional acronym (research group/facility), not a scientific concept.",,false,
students ' score,students ' scores,Half year of research has been carried on to find out the relationship between the students' scores and study time in colleges.,"After ten weeks of intervention, a paired-samples t-test was conducted to assess the impact of the treatment on students' scores on the Collocation Test.","Collectively, these techniques improved students' scores in a statistics examination by ten percent compared with a matched control group and this improvement was statistically significant.",NOT_CONCEPT,CONCEPT,NOT_CONCEPT,"Generic study-specific measurement, not a reusable named object.",,false,
security requirement,"security requirements | security requirement | security 
 requirements","… analyzes the function,exchange efficiency and security words in IKEv2's message header,and then balances exchange efficiency and security requirement,deletes or simplifies these words in message header.…","Correlations
also indicated that there is no relationship between security requirements in a process and
process socialization.","…lock:one is small,which is deployed locally,and the other one is large,which is deployed remotely,and then according to different security requirements of data,the data dyeing and data encryption technologies are adopted jointly in order to protect the cloud d…",NOT_CONCEPT,CONCEPT,NOT_CONCEPT,Generic methodological descriptor; not a specific named scientific concept.,,false,
near optimal solution,near‐optimal solution | near - optimal solution | near - optimal solutions,We also show how to derive a near‐optimal solution of the general problem.,We also propose a near-optimal solution that simplifies the optimization problem by replacing the objective function with its approximation at a high signal-to-noise ratio (SNR).,"Instead of the mere location of the global minimum, it should be therefore preferred the generation of several alternatives, capable to express near-optimal solutions while being as different as possible from each other in physical terms.",NOT_CONCEPT,CONCEPT,CONCEPT,Specific algorithmic/optimization concept; reusable technical term.,,false,
practice teaching,practice teaching,"As cultivating workers of high quality is the orientation of vocational schools,practice teaching is of great importance to them.",Timely alternation is realized between theory and practice teaching.,"Because of the practical characteristics of logistical management disciplines,the practice teaching of logistics management becomes more important.",NOT_CONCEPT,CONCEPT,NOT_CONCEPT,"Generic educational activity, not a specific named concept or method.",,false,
secondary user,SUs | secondary users | Secondary Users,The previous Decentralised Cognitive Medium Access Control (DC-MAC) protocol allows Secondary Users (SUs) to independently search for spectrum access opportunities without the need for a central coordinator.,"In this paper, we aim to bridge the gap by considering a coalition-based model, where the set of secondary users is to be partitioned into multiple coalitions for cooperative spectrum sensing and access.","In a typical spectrum auction, secondary users (SUs) bid to buy spectrum bands from a primary owner (PO) who acts as the auctioneer.",NOT_CONCEPT,CONCEPT,CONCEPT,Specific role in cognitive radio/spectrum systems; reusable technical term.,,false,
statistically difference,statistically difference | statistically differences,Result:There were no statistically difference between negative controls(P 0.05).More microleakage were detected after Post space preparation(P,"Between CIK cell therapy group and control group, 3 -year OS (75.6% vs 58.2%) had a statistically difference (P ﹤ 0.05) and 3 -year DFS (56.7% vs 40.6%), with a statistically difference (P﹤0.05).","35%( 62 /112) for 8 and 12 years old children; Detected 90 children urinary fluoride,median urinary fluoride was 1. 78 mg / L,there are significant statistically differences( χ2= 10.",NOT_CONCEPT,CONCEPT,NOT_CONCEPT,Evaluative methodological phrase; not a named scientific concept.,,false,
american urological association education,American Urological Association Education,"Volume 183Issue 4SApril 2010Page: e842-e843 Advertisement Copyright & Permissions© 2010 by American Urological Association Education and Research, Inc.","Division of Urology, University of Massachusetts Memorial Medical Center, Worcester, Massachusetts© 2010 by American Urological Association Education and Research, Inc.FiguresReferencesRelatedDetails Volume 184Issue 1July 2010Page: 399 Advertisement Copyright …","© 2011 by American Urological Association Education and Research, Inc.FiguresReferencesRelatedDetails Volume 185Issue 4SApril 2011Page: e719 Advertisement Copyright & Permissions© 2011 by American Urological Association Education and Research, Inc.",NOT_CONCEPT,CONCEPT,NOT_CONCEPT,"Publisher/copyright holder boilerplate, not scientific content.",,false,
p=0.027,p=0.027,ESS score among women was significantly greater than that among men (p=0.001)and the proportion of women with excessive daytime sleepiness (EDS) was significantly higher than thatamong men (p=0.027).,"In addition, the general organizational commitment scores (p=0.033) and normative commitment scores (p=0.027) of physicians in the group with 21-30 years of service were statistically significantly higher than the scores of the other groups.","Ewes (p=0.027), Grumas (p=0.002) and Mole-Dagbons (p=0.04) had significantly higher SWB compared to the other ethnic groups.",NOT_CONCEPT,NOT_CONCEPT,NOT_CONCEPT,"Statistical p-value; a number/measurement, not a scientific concept.",,false,
patient case,patient cases | patient 's case | patient ’s case,"In our patient’s case, however, the only genital lesions noted were warts.","Support for structuring and carefully presenting each patient's case, support for the selection of the most appropriate treatment using both computable guidelines and computable clinical trials is at the heart of our proposition.",The second format targets specific problems from practice to improve certain knowledge or skills or implement new guidelines by using patient cases to stimulate discussion of the selected topic.,NOT_CONCEPT,CONCEPT,NOT_CONCEPT,Study-specific entity; generic reference to individual patient presentation.,,false,
shulman,Shulman,"In Malette v. Shulman, (9) the Ontario Court of Appeal affirmed that no medical procedure may be undertaken without the patient's consent obtained after the patient has been provided with sufficient information to evaluate the risks and benefits of the propose…","…s an ordinary Lie group, viewed as a Lie groupoid with a single object; in that theory over a Lie group, the ordinary Bott–Dupont–Shulman–Stasheff complex arises as an a posteriori object.…","… features of Kodaly-inspired music teacher education programs that either confirm or refute the notion that signature pedagogies (Shulman, 2005 a, b, c) are present in this form of teacher education and to identify whether and how philosophical, pedagogical, a…",NOT_CONCEPT,CONCEPT,NOT_CONCEPT,"Person name used as legal case or citation reference, not a scientific concept.",,false,
mashhad,Mashhad | MASHHAD,EFFECT OF COMPLETE DENTURE ON SERUM LEVELS OF IRON AND FOLIC ACID IN PATIENTS REFERRED TO PROSTHODONTICS DEPARTMENT OF MASHHAD DENTAL SCHOOL.,"Methods: In this descriptive cross-sectional research, we studied with lung cancer admitted patients' medical records in Imam Reza hospital of Mashhad from April 2003 to April 2003.","An 11-year-old donkey mare was referred to the Veterinary Teaching Hospital, School of Veterinary Medicine, Ferdowsi University of Mashhad, Mashhad, northeastern Iran, with a history of acute colitis.",NOT_CONCEPT,CONCEPT,NOT_CONCEPT,"Geographic place name (city in Iran), study location context only.",,false,
professional quality,professional quality | Professional Quality | professional qualities,"…graduates,but should make efforts in terms of the special features of postgraduate student work,such as their own characteristics,professional quality,and social expectation in the hope of achieving satisfactory results.…",Talking about the Professional Quality of University Librarian.,"Phase One of the enquiry comprised of single profession focus groups, where each profession outlined the professional qualities they considered important in bringing about effective collaboration.",NOT_CONCEPT,CONCEPT,NOT_CONCEPT,Generic evaluative descriptor; not a specific scientific concept or method.,,false,
iranian population,Iranian population | Iranian populations | Iranian Population,"Regarding to etiology, disease progress, and treatment, there are some differences in the 2 most common causes of cirrhosis in the Iranian population (hepatitis B and hepatitis C) and it is possible that the zinc level may be different between the two.","However, the association between psychiatric disorders and RAS has not been fully investigated in Iranian population.",Expression of nouns with and without 4 seconds limited response time in 2.5 to 4 years-old normal Farsi-speaking children in an Iranian population.,NOT_CONCEPT,CONCEPT,NOT_CONCEPT,"Geographic/demographic descriptor for a specific study cohort, not a named scientific concept.",,false,
ssd,SSD,"Friedman Test was performed to evaluate the difference between SSD and MIP ,and showed a statistical difference (χ~2=8.65,P=0.0130.05) .",The two sets of CT were fused so that SSD at any beam direction agree to 1mm.,All raw data were transferred to workstation and post-processed with the technique of the SSD and VR.,NOT_CONCEPT,CONCEPT,CONCEPT,SSD is a specific imaging/reconstruction technique (likely Shaded Surface Display) used in medical imaging.,,false,
diagnostic image quality,diagnostic image quality,"Especially in the group with a mean heart rate of 70 bpm or less, all the coronary segments except the RCA showed diagnostic image quality.","Unfortunately, the moderate image quality obtained with the CBCT technique reported here seems to be inferior to the diagnostic image quality obtained from 2-dimensional dental radiographs.","Conclusion Cerebral and carotid CTA with 80 kV is feasible with diagnostic image quality and significantly reduce radiation dose,but low volume contrast medium should be used to reduce the streak artifacts of the right brachiocephalic vein.",NOT_CONCEPT,CONCEPT,NOT_CONCEPT,"Measurement descriptor; study-specific quality assessment, not a reusable named concept.",,false,
blueberry,blueberry | blueberries,"Ellagic acid is a phenolic compound present in fruits (raspberries, blueberries, strawberries) and walnuts.",The extraction technology of polysaccharides from blueberry after extracting anthocyanin by cellulase and ultrasonic was studied in this manuscript.,"Plaque was grown on the acrylic surface by incubating for 18hours at 37℃and then stained for 18hours in a combination stain of coffee,tea,blueberry,and wine.",NOT_CONCEPT,CONCEPT,NOT_CONCEPT,"Common fruit; study-specific material, not a reusable scientific concept.",,false,
trauma patient,trauma patients | trauma patient,"After stabilisation and fracture treatment of the trauma patient, adequate nutritional support becomes very important.",Enteral nutritional management in trauma patients blenderized feeds versus immunosupplemented feeds.,"IL-1beta, associated with elevated IL-12, was also detected in the serum of three of 11 trauma patients but none of the nine controls.",NOT_CONCEPT,CONCEPT,TOO_GENERIC,"Trauma patients is a broad clinical category, too generic as emerging concept.",,false,
ivoclar vivadent,Ivoclar Vivadent | Ivoclar - Vivadent | Ivoclar / Vivadent,"The aim of this in vitro study was to evaluate the adhesive bond strength between ceramic (IPS Classic V, Ivoclar Vivadent) and composite resin (Z-250, 3M), submitted or not to thermocycling treatment.","In Group 2, 150 teeth were bonded with a self-etch adhesive system (AdheSE, Ivoclar-Vivadent).","The aim of this research is to evaluate bond strength between translucent fibre posts (White Post DC, FGM or FRC Postec Plus, Ivoclar/Vivadent) and intraradicular dentin at three different levels (cervical, middle and apical) using a dual-cure (AllCem, FGM) or…",NOT_CONCEPT,CONCEPT,NOT_CONCEPT,"Company/brand name used as study context, not a scientific concept or method.",,false,
methods statistical analysis,Methods / Statistical Analysis,Methods/Statistical Analysis: A convenience sample of 210 respondents was surveyed and a total of 195 usable questionnaires were analyzed.,Methods/Statistical Analysis: This study first examines the reasons why media education is necessary and reviews the current media education programs that are conducted in Korea.,Methods/Statistical Analysis: Various studies have been done on factors affecting smartphone purchase decisions of the youth.,NOT_CONCEPT,NOT_CONCEPT,NOT_CONCEPT,"Boilerplate section heading, not a scientific concept.",,false,
clinical and radiographic examination,Clinical and radiographic examinations | clinical and radiographic examination | clinical and radiographic examinations,"Clinical and radiographic examinations were performed,the crestal level and interface implantbone were observed 3,6,12 months after dental implant prosthetics.","On clinical and radiographic examination, a provisional diagnosis of lateral periodontal cyst was given.",Clinical and radiographic examinations revealed common findings of a periodontal abscess on the left maxillary first and second molars.,NOT_CONCEPT,,NOT_CONCEPT,"Generic methodological procedure description, study-specific examination protocol.",,false,
storability,storability,Effect of sugar concentration and time interval on quality and storability of ber chuhara.,"Biomass was the primary source of energy worldwide until a few generations ago, when the energy-density, storability and transportability of fossil fuels enabled one of the most rapid cultural transformations in the history of humankind: the industrial revolut…","Abstract The purpose of the study was to assess the storability of unripe hazelnuts in the husk of four cultivars: ‘Hall’s Giant’, ‘Catalan’, ‘Webb’s Prize Cob’ and ‘Cosford’.",NOT_CONCEPT,CONCEPT,CONCEPT,Specific property of agricultural/biological materials; reusable concept for storage capability assessment.,,false,
above mentioned criteria,above mentioned criteria | above - mentioned criteria,For macromolecular data sets it could be shown that a higher resolution should be used than normally derived from the above mentioned criteria.,"RESULTS: Twelve clinical controlled trials meet the above-mentioned criteria, and were included in this analysis.",The patients were carefully selected after proper history and careful examination to exclude the above mentioned criteria to rule out the other possible causes of sensori neural loss.,NOT_CONCEPT,NOT_CONCEPT,NOT_CONCEPT,Methodological filler phrase referring to study-specific selection criteria.,,false,
methods data,Methods Data,"Methods Data from a long-term field study of marked individuals in a population of Azure-winged Magpie in Spain, were collected from about 60 nests per year over 12 years.",Methods Data were obtained from the 1999 Mexican National Nutrition Survey.,Methods Data of injuries caused by animals from hospital-based injury surveillance system were collected and analyzed.,NOT_CONCEPT,CONCEPT,NOT_CONCEPT,"Boilerplate methods section header, not a scientific concept.",,false,
recently year,recently years | recently year,Animal welfare is a science of new development in recently year.,"Identifying the vigilance states of the mammalian is an important research topic to bioscience in recently years, which the vigilance states is usually categorized as slow wave sleep, rapid eye movement sleep, and awake, etc.",Roof greening is a hot topic in recently years.,NOT_CONCEPT,CONCEPT,NOT_CONCEPT,"Temporal descriptor; vague time reference used as discourse filler, not a scientific concept.",,false,
access nutrition review,access Nutrition Reviews,"Journal Article Announcement of Meetings Get access Nutrition Reviews, Volume 33, Issue 9, September 1975, Page 288, https://doi.org/10.1111/j.1753-4887.1975.tb05120.x Published: 01 September 1975","Nutritive Value of Frying Oils Get access Nutrition Reviews, Volume 18, Issue 4, April 1960, Pages 119–121, https://doi.org/10.1111/j.1753-4887.1960.tb01722.x Published: 01 April 1960","Journal Article Diet and Hypertension Get access Nutrition Reviews, Volume 8, Issue 10, October 1950, Pages 304–307, https://doi.org/10.1111/j.1753-4887.1950.tb02322.x Published: 01 October 1950",NOT_CONCEPT,CONCEPT,NOT_CONCEPT,"Publisher boilerplate and journal access information, not a scientific concept.",,false,
clear distinction,clear distinction,Alignment of the two C. oncophora sequences with other trichostrongylid beta-tubulins deposited in GenBank showed a clear distinction between isotype 1 and 2 beta-tubulin classes.,A clear distinction is made between the flat sand bed instability and the ripple coarsening.,"In addition, our results show a clear distinction between the Chinese and the Japanese populations, with the Japanese population being the less diverse.",NOT_CONCEPT,CONCEPT,NOT_CONCEPT,"Generic evaluative phrase describing research findings, not a named entity.",,false,
marie,Marie,"The plot ostensibly turns around a love triangle between the slave and heroic leader of the revolutionaries Pierrot/Bug-Jargal, the French captain D'Auverney, and a barely-sketched Virginie-like character, Marie.",Vocal Cord Paresis and Probable X-Linked Charcot—Marie—Tooth Disease With Novel GJB1 Mutation.,"Belleflamme, Marie; Hantson, Philippe; Gougnard, Thierry; Minon, Jean-Marc; Wittebole, Xavier; Laterre, Pierre-François; Mairesse, Jacques; Dugernier, Thierry Author Information",NOT_CONCEPT,CONCEPT,NOT_CONCEPT,"Person name used in study context or literary reference, not a scientific concept.",,false,
up regulated the expression,up - regulated the expression,"Direct contact with R. solani leading to mycoparasitism significantly up-regulated the expression of sechi44, although the analysis showed that sechi44 was constitutively expressed but at substantially lower levels.",Consumption of a high beef tallow diet up-regulated the expression of zinc finger protein ZPR1 mRNA in the brain.,Intragastrical administration of SW to the aged rats up-regulated the expression of NGF mRNA and TrkA mRNA in the hippocampus.,NOT_CONCEPT,CONCEPT,NOT_CONCEPT,"Evaluative methodological phrase describing study action, not a named reusable concept.",,false,
inappropriate activation,inappropriate activation,"However, inappropriate activation of this pathway triggers tumorigenesis; for example, disruption of the adenomatous polyposis coli (APC) tumor suppressor, a negative regulator of Wnt signaling, results in colorectal carcinoma development.","The etiologies of cancer cachexia are multifactorial and include an overproduction of inflammatory mediators, including cytokines produced by inappropriate activation of innate immunity.","The inappropriate activation of RNF8 — an E3 ligase involved in DNA damage repair, cytokinesis, and centrosome function — by Tax can explain the pleiotropic effects of Tax on signaling pathways.",NOT_CONCEPT,CONCEPT,CONCEPT,Specific biological phenomenon: pathological activation of signaling pathways in disease.,,false,
aspirin group,aspirin group,Stoke of warfar in group and aspirin group was 2.9% and 16.2% respectively (P0.05).,"…p Ⅲ.Conclusion Step Buchangnaoxintong capsule recovery in the efficacy of cerebral infarction in general slightly better than the aspirin group,but the best combination of two drugs.…","Methods 48 rats were randonly divided into the Mystery of God and blood group,aspirin group,saline,blank conterl group,rats acute soft tissue injury model in addition to the mysterious God Huoxue swelling liquid aspirin suspension,saline ig,one day,three days,…",NOT_CONCEPT,CONCEPT,NOT_CONCEPT,"Study-specific experimental group designation, not a reusable named concept.",,false,
côte d ivoire,Côte d’Ivoire,"Microsatellite gene diversity within Philippines dwarf coconut palm (Cocos nucifera L.) resources at Port-Bouët, Côte d’Ivoire.",Genetic-based investigation of three prevalent waterborne protozoa parasites in drinking water sources in Daloa district in Côte d’Ivoire.,Effect of conservation methods on the mineral contents of some maize varieties (Zea mays L.) produced in Côte d’Ivoire.,NOT_CONCEPT,CONCEPT,NOT_CONCEPT,Geographic place name used as study location context; not a scientific concept.,,false,
reported disclosure,reported disclosures,All authors: No reported disclosures.,All authors: No reported disclosures.,All authors: No reported disclosures.,NOT_CONCEPT,NOT_CONCEPT,NOT_CONCEPT,Publisher boilerplate disclosure statement; not a scientific concept.,,false,
honoraria,Honoraria | honoraria,"Disclosure: During the last 5 years, I have received honoraria for lectures or participation on advisory panels from Cyberonics, Dainippon, Eisai, Elan, Johnson & Johnson, Neuropace, Novartis, Pfizer, UCB Pharma, and Valeant, as well as research grant support …","This research was supported by an industry grant from There was no grant to these investigators for this study, other than honoraria and expenses for attending meetings, but industry paid for data collection, processing, and statistical analyses of data suppli…","Disclosures: Engert: Affimed Therapeutics AG: Honoraria, Research Funding.",NOT_CONCEPT,CONCEPT,NOT_CONCEPT,Financial/disclosure boilerplate; not a scientific concept.,,false,
detection result,detection results | detection result,"In addition, the existence of sex-specific proteins was confirmed by the separation experiment of X/Y chromosome bearing spermatozoa and the detection result of sex specific proteins.","…at perimenopausal period and postmenopausal endometrial polyps was significantly higher than that of control group(P0.05),and the detection results by RT-PCR showed that the expression of PR in postmenopausal endometrial polyps was significantly higher than th…",The detection results showed that there are two kinds of cosmetic product exhibiting rather high phototoxicity.,NOT_CONCEPT,CONCEPT,NOT_CONCEPT,Study-specific outcome descriptor; not a reusable named scientific concept.,,false,
feed cost,feed costs | feed cost | Feed cost,For sustenance and growth of the livestock sector in the country it is essential that the feed resources be utilized efficiently since the feed cost accounts to almost 60-70% of the total cost of rearing of the animals.,"By knowing and anticipating the changing nutritional needs of the cow, producers can plan their feeding programs and lower feed costs.","Furthermore, this would contribute to considerable savings in feed costs.",NOT_CONCEPT,CONCEPT,NOT_CONCEPT,"Generic economic measurement, not a named scientific object or method.",,false,
thrice,thrice,Moth activity peaked thrice in 1995 and twice in 1996 at Maiduguri; twice in both years at Baga and once only in 1996 at Mallam-Fatori.,"The result of this, the principal sword-dancing competition, was that the Cowen Cup (thrice successively won by the Winlaton veterans, and therefore now their own property, but renewed by the donor) went to the Yorkshire visitors from North Skelton, above ment…",There were ten treatment combinations replicated thrice in Randomized block design (RBD) in Maddukkur soil series (Typic Haplustalf).,NOT_CONCEPT,CONCEPT,NOT_CONCEPT,"Common adverb indicating repetition, not a scientific concept.",,false,
groups(p,groups(P,Results Latent period of Aβ+BK group was prolonged compared with other groups(P 0.05).,"Compared T lymphocytes and the serum level of IL-10 and IFN-γ,there were significant difference in two groups(P 0.01).However,the side effects between the two groups were similar.","…san Pill was better than that in the control group with the conventional treatment,there were significant differences between two groups(P 0.01),there was no untoward effect between the two groups.…",NOT_CONCEPT,CONCEPT,NOT_CONCEPT,"Malformed text fragment (statistical notation), not a scientific concept.",,false,
uf department,UF Department,"Published by the UF Department of Environmental Horticulture, May 2006.","Published by the UF Department of Family, Youth and Community Sciences, November 2006.","Published as part of the Elder Nutrition and Food Safety (ENAFS) program by the UF Department of Family Youth and Community Sciences, August 2006.",NOT_CONCEPT,NOT_CONCEPT,NOT_CONCEPT,Publisher/institutional boilerplate; not a scientific concept.,,false,
【conclusion,【Conclusion,【Conclusion】,【Conclusion】,【Conclusion】,NOT_CONCEPT,NOT_CONCEPT,NOT_CONCEPT,"Publisher boilerplate; structural markup for article sections, not a scientific concept.",,false,
mc2,mc2 | MC2,Ml cotton seeds of mosaic leaves mutants (MC2 and MC3) plants,Insights from E=mc2 for management research.,"…d by mass?”, or ‘What is the nature of the gravitational force?”, or “What is the mechanism of conversion of mass into energy (E =mc2)?”.…",NOT_CONCEPT,CONCEPT,NOT_CONCEPT,"Acronym for Einstein's equation or plant mutant designation, not a reusable scientific concept.",,false,
test object,test objects | test object,"The test objects are: the place where sentences begin and end, syntactical connexions, syntagms exceeding the length of the line.",This effect is algebraically similar to that of a cosmological constant and could be interpreted as an effect repelling a test object at comoving distance \\chi from the nearest dense nodes of the cosmic web of density perturbations.,Real-time MMW images of some test objects have been successfully obtained by using 35.4-GHz MMWs for object illumination.,NOT_CONCEPT,CONCEPT,NOT_CONCEPT,"Generic methodological term; study-specific object, not a named reusable concept.",,false,
accelerometer data,accelerometer data | Accelerometer data,"Numerical computations complement the analysis of a video clip, accelerometer data, and measurements of the time needed for the train to move over the highest point.",Accelerometer data were collected during five weekdays in a random subsample (n=224).,We applied this model to accelerometer data collected from foraging wild penguins to identify prey capture events.,NOT_CONCEPT,CONCEPT,NOT_CONCEPT,"Generic measurement data type, not a specific scientific concept.",,false,
rpm,rpm | RPM,"The full test report will show the torque, rpm, power and fuel consumption data obtained at Rated Engine speed, Standard PTO speed (either 1000 or 540 rpm), the maximum power on the curve and the torque rise.","At the smallest of these Pt particles, mass transport coefficients equivalent to a rotating disk electrode at rotation rates (ω) of greater than 10 8 rpm are obtainable.",Rotation speed of the paddle at 75 rpm was appropriate as demonstrated in a study comparing two different products.,NOT_CONCEPT,CONCEPT,NOT_CONCEPT,"Unit of measurement (revolutions per minute), not a scientific concept.",,false,
ft ir,FT - IR | FT IR | FT‐IR,"The catalysts were characterized by FT IR, H 2 TPR, NH 3 TPD and TG DTA.","Sol-gel solution and membrane coated by sol-gel were characterized by TEM, FT-IR and SEM, respectively.","The effect of factors on the sol stability were discussed according to the results of FT-IR, TEM, XRD.and the colloidal chemistry theory.",NOT_CONCEPT,CONCEPT,CONCEPT,Specific analytical technique (Fourier-transform infrared spectroscopy); named reusable instrument method.,,false,
master thesis,master ’s thesis | Master thesis | Master ’s thesis,This Master thesis describes the research towards the integration of RF power detectors for 3G cellular phones and base stations in CMOS technology1.,The Master’s thesis provides a multiregional equilibrium analysis on the Russian sawmill market.,The master’s thesis accurately discusses the subject of the world of pentagonal numbers.,NOT_CONCEPT,CONCEPT,NOT_CONCEPT,"Generic reference to thesis document type, not a scientific concept.",,false,
photocurrent density,photocurrent density,A backside illuminated single heterojunction solid state solar cell using the same self-assembled polymer was demonstrated and yielded a photocurrent density as high as 2.0 mA cm-2.,"Planarization of the donor and the use of alkene linkage have proven powerful in extending the red light response of the sensitizer, leading to a significant enhancement in photocurrent density of the device.","As expected, the photocurrent density systematically increases when going from ZnO to ZnO/CdS to ZnO/CdSe.",NOT_CONCEPT,CONCEPT,CONCEPT,Specific technical measurement in photovoltaics; reusable across solar cell studies.,,false,
https materialsproject.org docs calculation,https://materialsproject.org/docs/calculations,"For more information, see https://materialsproject.org/docs/calculations","For more information, see https://materialsproject.org/docs/calculations","For more information, see https://materialsproject.org/docs/calculations",NOT_CONCEPT,NOT_CONCEPT,NOT_CONCEPT,URL/boilerplate reference; not a scientific concept.,,false,
interfere,interfere | interferes,No interferes observed in the proposed method.,"Anions including bromide, nitrate, perchlorate and dichromate interfere seriously with the detection but other anions such as sulfite, oxalate, thiosulfate, iodide, sulfate, nitrite, acetate, fluoride, chloride and carbonate either do not interfere or interfer…","2 chlorophenysulfonylamide (CPSA), the main metabolite of chlorsulfuron, didn′t interfere with the bioassay because CPSA didn′t inhibit the growth of maize root or bud until its concentration reached to 5~10 μg/mL.",NOT_CONCEPT,CONCEPT,TOO_GENERIC,"Generic verb; 'interfere' is a basic action used across all sciences, not a named concept.",,false,
unbalance,unbalance,"The three processes are progressing slowly and in the case of an inconsiderate sectoral reform lead to an energy crises or the unbalance between the supply and demand for the energy raw materials, particularly for electric energy.",The proposed null statistic is able to accommodate unbalance in the design and is also corrected for the undue correlation between its numerator and denominator.,"The development of private higher education alleviates the unbalance between supply and demand of higher education, changes the approach in resources allocation and hence promotes structural adjustment and optimisation.",NOT_CONCEPT,CONCEPT,NOT_CONCEPT,Generic state descriptor; compositional phrase without specific reusable meaning.,,false,
optimum reaction condition,optimum reaction conditions | optimum reaction condition | Optimum reaction conditions,"Under the optimum reaction conditions of n ( i C = 4) ∶ n (O 2) ∶ n (N 2) =1 0∶4 17∶1 83, SV=540 h -1 and θ =340 ℃, the yield of methacrylic acid, methacrolein and acetic acid can reach 52 84%, 12 05% and 18 21% respectively, suggesting that Cs 0.1 Cu 0.2 H x …","The optimum reaction conditions were as follows: phthalic anhydride is 100mmol, n(phthalic anhydride)∶n(iso octyl alcohol)∶n(di n octyl tin oxide)=1∶3∶0.0028, reaction temperature is 184℃～220℃, reaction time is 3.5h with the yield over 98%.","In these reactions, polycarbonate and ethers (diethylene glycol and dipropylene glycol) were not detected under optimum reaction conditions.",NOT_CONCEPT,CONCEPT,NOT_CONCEPT,"Study-specific experimental parameters, not a reusable concept.",,false,
micrometer scale,micrometer scale | micrometer scales,"At the micrometer scale, the bilayer lamellae nucleated at the interface and grew into a polar phase, thus leading to delicate microcages or mimic diatoms.",The enhanced stability of Co nanocrystals (NCs) when they are highly ordered at both nanometer and micrometer scales is reported.,"…rently have the spatial resolution necessary to decode information within the prefrontal cortex, which is likely organized at the micrometer scale.…",NOT_CONCEPT,CONCEPT,NOT_CONCEPT,"Generic spatial scale descriptor, not a specific scientific concept.",,false,
© 2013 society,© 2013 Society,© 2013 Society of Plastics Engineers,© 2013 Society of Plastics Engineers,© 2013 Society of Plastics Engineers,NOT_CONCEPT,NOT_CONCEPT,NOT_CONCEPT,Publisher boilerplate copyright statement.,,false,
© 2007 wiley periodical,© 2007 Wiley Periodicals,"© 2007 Wiley Periodicals, Inc.","© 2007 Wiley Periodicals, Inc.","© 2007 Wiley Periodicals, Inc.",NOT_CONCEPT,NOT_CONCEPT,NOT_CONCEPT,Publisher boilerplate copyright notice.,,false,
© 2015 wiley periodical,© 2015 Wiley Periodicals,"© 2015 Wiley Periodicals, Inc. J. Appl.","© 2015 Wiley Periodicals, Inc. J. Polym.","© 2015 Wiley Periodicals, Inc.",NOT_CONCEPT,NOT_CONCEPT,NOT_CONCEPT,Publisher boilerplate copyright notice.,,false,
thermodynamic basis,thermodynamic basis | Thermodynamic basis,"The results are first presented on a thermodynamic basis, and some cases are then analyzed with a computational fluid dynamics simulation.",The Gibbs free energies and the equilibrium constants of the three reactions were investigated to provide the thermodynamic basis for the synthesis of DMC by oxidation carbonylation of methanol and dimethyl ether.,Thermodynamic basis of chiral recognition in a DNA aptamer.,NOT_CONCEPT,CONCEPT,NOT_CONCEPT,Generic compositional phrase: 'thermodynamic' + 'basis'. Methodological descriptor.,,false,
characterization,characterization | Characterization | characterizations,Sodium dodecyl sulphate polyacrylamide gel electrophoresis (SDS-PAGE) was used for the characterization of differential expression of proteins of these cultivars in response to salinity.,"In addition, we also report the cloning and characterization of the stationary-phase sigma factor gene rpoS of B. cepacia ATCC 25416.","Characterization of an oxygen‐dependent inducible promoter, the Escherichia coli nar promoter, in gram‐negative host strains.",NOT_CONCEPT,CONCEPT,TOO_GENERIC,Ubiquitous methodological term across all experimental sciences.,,false,
© 2006 wiley periodical,© 2006 Wiley Periodicals,"© 2006 Wiley Periodicals, Inc.","© 2006 Wiley Periodicals, Inc.","© 2006 Wiley Periodicals, Inc.",NOT_CONCEPT,NOT_CONCEPT,NOT_CONCEPT,Publisher boilerplate copyright notice.,,false,
technological aspect,technological aspects | Technological Aspects,Asphalt Carriers from Kraljevica Shipyard – Constructional and Technological Aspects.,Investigation and evaluation of importance of main technological aspects were made in order to find optimal process set up ensuring high mouth rim efficiency.,"In spite of their favourable chemical characteristics, using AB5 alloys as fixed bed for hydrogen storage devices requires proper management of a number of technological aspects.",NOT_CONCEPT,CONCEPT,NOT_CONCEPT,Generic compositional phrase: 'technological' + 'aspects'. Evaluative filler.,,false,
computer based method,computer - based methods | computer - based method,This offers hope for computer-based methods in the search for catalysts.,A computer-based method was applied to simulate the dissolution behaviour of polydisperse granules based on the GSD data.,"In recent times, computer-based methods are proposed, which require the use of custom-built software programs.",NOT_CONCEPT,CONCEPT,NOT_CONCEPT,Generic methodological phrase; 'computer-based method' is compositional filler without specific reusable identity.,,false,
computed materials data,Computed materials data,Computed materials data using density functional theory calculations.,Computed materials data using density functional theory calculations.,Computed materials data using density functional theory calculations.,NOT_CONCEPT,CONCEPT,NOT_CONCEPT,"Generic data type descriptor, not a specific scientific concept or method.",,false,
lviv,Lviv,"Zinoviy T. Nazarchuk was born in Lviv, Ukraine, on April 12, 1952.He graduated from Lviv State University, obtained the honours diploma, and was qualified as a physicist-optician (M.D., 1974).Since 1974 to 1976 he served in the former Soviet Army as officer.",Information inequality in modern society and the social-economic information possession level of citizens of the town of Lviv.,"The most outstanding archaeologist and professor at John Casimir University in Lviv as well as and a acknowledged politician (among others the Prime Minister (1934– 1935) of the Second Republic of Poland) was Professor Leon Kozłowski (1892–1944), a student of …",NOT_CONCEPT,CONCEPT,NOT_CONCEPT,"Place name (city in Ukraine) used as biographical/geographical context, not a scientific concept.",,false,
founder member,founder member,"My politicisation, which includes being a founder member of an organisation called `Women in medicine', has led me to run the lab in a collegial and democratic way.",Ireland has participated in two currency unions–a bilateral union with the UK that lasted until 1979 and as a founder member of European Monetary Union (EMU) that began in 1999.,The Society's role in the international sphere was emphasised when it became a founder member of the International Association of Gerontology (IAG).,NOT_CONCEPT,CONCEPT,NOT_CONCEPT,"Generic organizational role descriptor, not a specific scientific construct.",,false,
international labor organization,International Labour Organisation | International Labor Organization | ILO,Cheated of Childhood: The International Labor Organization Tries to Rescue and Rehabilitate the Street Children of St. Petersburg.,…ights the areas in which ASEAN-wide policies are currently working well and areas in which the recently signed agreement with the International Labour Organisation (ILO) indicate improved co-operation is required.…,The potential future role of regional human rights courts and the International Labour Organisation in holding TNCs accountable is also explored.,NOT_CONCEPT,CONCEPT,NOT_CONCEPT,"Organization name used as study context; proper noun, not a scientific concept.",,false,
project based organization,project - based organizations | Project - based organizations,"We conclude with directions for future research on the application of DEA as a project evaluation tool for project managers, program office managers, and other decision-makers in project-based organizations.","The paper puts forth the argument that traditional perspectives of project-based organizations and project management are no longer sufficient to address the challenges of an evolving global economy, focus on environmental concerns and multi-cultural projects.",Project-based organizations invest a lot of time and effort into the extensive documentation of their projects.,NOT_CONCEPT,CONCEPT,NOT_CONCEPT,Generic organizational category; not a specific scientific concept or method.,,false,
relational,relational,The original meaning of pedagogy is grounded in the relational and intentional responsibility of adult to child.,The data also suggests that the buying firms develop different types of governance structure (short-term or relational) with the suppliers depending on the purchase category.,"The results of this study indicate that relational selling behaviour can build up SQ, and SQ can improve CV.",NOT_CONCEPT,NOT_CONCEPT,TOO_GENERIC,Generic adjective used across disciplines; not a specific named scientific concept.,,false,
double reviewed monthly print journal,double reviewed monthly print journal,"IJAR - Indian Journal of Applied Research (IJAR) IJAR is a double reviewed monthly print journal that accepts research works from scholars, academicians, professors, doctorates, lecturers, and corporate in their respective expertise of studies.","IJAR - Indian Journal of Applied Research (IJAR) IJAR is a double reviewed monthly print journal that accepts research works from scholars, academicians, professors, doctorates, lecturers, and corporate in their respective expertise of studies.","IJAR - Indian Journal of Applied Research (IJAR) IJAR is a double reviewed monthly print journal that accepts research works from scholars, academicians, professors, doctorates, lecturers, and corporate in their respective expertise of studies.",NOT_CONCEPT,NOT_CONCEPT,NOT_CONCEPT,Publisher boilerplate describing journal type; not a scientific concept.,,false,
log book,log books,"The original collection consists of individual cards, shipping manifests, log books, and associated administrative records.","The original collection consists of individual cards, shipping manifests, log books, and associated administrative records.","The original collection consists of individual cards, shipping manifests, log books, and associated administrative records.",NOT_CONCEPT,NOT_CONCEPT,NOT_CONCEPT,Generic administrative document; not a scientific concept.,,false,
armenia,Armenia,Republic of Armenia.,"…ia, Cyprus, France, Greece, Hungary, Italy, Macedonia, Moldova, Portugal, Romania, Russia, Southern Russia, Spain, Ukraine, ASIA, Armenia, Azerbaijan, Bangladesh, Republic of Georgia, India, Andhra Pradesh, Delhi, Gujarat, Haryana, Himachal Pradesh, Jammu and …",Estimating Equilibrium Exchange Rates for Armenia and Georgia.,NOT_CONCEPT,NOT_CONCEPT,NOT_CONCEPT,"Geographic place name used as study context, not a scientific concept.",,false,
eliot,Eliot,"…t the contradictory ways the Liberal government and media used language to rationalize the war had a profound influence on Pound, Eliot, and Woolf, who sensed a 'crisis' in political discourse and developed a new language at a time when the discourse of 'prope…","Lewis acknowledges the pivotal role of the established greats (Joyce,Pound, Eliot) but complements theirvoices with those fromoutside the main stream.","…not wholly other either, since, as the decades have turned, Baudelaire seems more “modern” (and hence postmodern?) than ever, and Eliot, the whipping boy of the early postmodernists, who saw him as an elitist, conservative, and retro poet, is once again very p…",NOT_CONCEPT,CONCEPT,NOT_CONCEPT,"Person name (T.S. Eliot) used as literary context, not scientific concept.",,false,
little choice,little choice,"… from the seeking of a page fee and points out that more attention should be paid to those, although at present the journals have little choice but to ask for a page fee from the contributors under the condition of the market economy.…","…omic changes in the world 15 years ago and the dominance of Western political and economic orthodoxies, developing countries have little choice but to pursue alien policy scripts not suited to their condi­ tion.…","Analysis of Ankara's options show that it has little choice besides greater caution and engagement, and that energy concerns rather than a reassessment of its Western ties motivate its outreach to Russia and, to a certain extent, Iran.",NOT_CONCEPT,CONCEPT,NOT_CONCEPT,"Evaluative discourse phrase, not a scientific concept.",,false,
real growth,real growth,"Regional cycles in the housing market have a clear pro-cyclical effect and are, on their part, affected by regional real interest rates and real growth.","Nominal appreciation within ERM2 seems the better option to achieve the compliance with the Maastricht criteria, as no discretionary government intervention is necessary, and losses in terms of real growth are smaller.",The analysis documents the real growth of the body across the size range and suggests that changes in body measurements and shape determine the fit of a garment.,NOT_CONCEPT,CONCEPT,TOO_GENERIC,Real growth is a generic economic/biological measurement variable used across disciplines.,,false,
level data,level data,"These individual-level data are unique in that they provide information concerning the personal characteristics of job seekers, alongside direct observations of both their reservation wages and job search behaviour.",We contribute to the existing research in this area by focusing on symbolic representation and conduct our test using individual-level data from a national police-citizen contact survey.,We conduct a within-county analysis using detailed ZIP code—level data to document new findings regarding the origins of the biggest financial crisis since the Great Depression.,NOT_CONCEPT,CONCEPT,NOT_CONCEPT,"Generic data aggregation level descriptor, not a scientific concept.",,false,
ideological and political theory course,Ideological and Political Theory Course | ideological and political theory course | Ideological and Political Theory course,Words hegemony is the important reason making affinity and influence and effectiveness of Ideological and Political Theory Course losing.,The article has shown that teaching Ideological and Political Theory course is the main ways of transmission of Marxism.,Quality Remedies to University Teachers of Ideological and Political Theory Course.,NOT_CONCEPT,CONCEPT,NOT_CONCEPT,"Specific course/curriculum name, not a reusable scientific concept.",,false,
foreign exchange earning,foreign exchange earnings,"…while the extraversion degree is the foundation of upgrading the internationalized brand image of the tourism site,increasing the foreign exchange earnings and improving economic efficiency.…","Sci., 14: 381-389 Pineapple farmers’ access to and use of information have great income generation potentials for farmers, expansion of local industries and foreign exchange earnings for Nigeria.","…hrubs, and roots which should be able to feed the mass populace and should still remain in the form of exports which can generate foreign exchange earnings; hence to reverse our balance of payment deficit.…",NOT_CONCEPT,CONCEPT,NOT_CONCEPT,"Economic outcome measure, not a scientific concept or method.",,false,
liberia,Liberia,"…d in the manufacture of mustard gas to Saddam Hussein, the latter a timber merchant who conducted business with then President of Liberia, Charles Taylor.…",Liberia.,Young Men and Violence in Sierra Leone and Liberia.,NOT_CONCEPT,NOT_CONCEPT,NOT_CONCEPT,"Place name used as study context, not a scientific concept.",,false,
originality value,Originality / value | Originality / value- | Originality / Value,Originality/value,Originality/value This paper puts forward the need in replacing a rigid deterministic model by an elastic and self‐corrective constructive‐strategic model of knowledge and intervention that guarantees the real efficacy and effectiveness of therapy.,Originality/value This paper contributes to understanding accounting standard setting for international harmonization.,NOT_CONCEPT,CONCEPT,NOT_CONCEPT,Publisher boilerplate section header; not a scientific concept.,,false,
tehran stock exchange,Tehran Stock Exchange | TSE,We examined 80 firms listed on Tehran Stock Exchange (TSE) during the period of 2005-2009.,An AHP-GRA method for asset allocation: A case study of investment firms on Tehran Stock Exchange.,The effect of capital management on stock returns of accepted companies in Tehran Stock Exchange.,NOT_CONCEPT,CONCEPT,NOT_CONCEPT,"Specific institution/place name used as study context, not a scientific concept.",,false,
blog,blogs | blog | Blog,Respondents were U.S. residents who have their own blogs.,"Wiki and blog which enable end users to do their works only with a Web browser, since those tools do not require end users to learn some special skills about HTML.","A thorough and integrated introduction to automated testing The book's companion website provides the application source code, a blog with follow-up articles, narrated screencasts, and a working version of the RailSpace social network.",NOT_CONCEPT,CONCEPT,NOT_CONCEPT,Generic everyday object; not a scientific concept.,,false,
conference presentation,conference presentation | conference presentations,"In my conference presentation, I will
try to answer different aspects of this question.",Considerable applause followed a conference presentation in which the speaker forcefully expounded on the limitations of distance learning when compared to the virtues of the classroom group.,"Mr Scott: In your conference presentation, you mentioned that the 60 Minutes episode made you a hero to some and a villain to others.",NOT_CONCEPT,NOT_CONCEPT,NOT_CONCEPT,"Discourse/publication format, not a scientific concept or method.",,false,
peer reviewed journal,peer - reviewed journal | peer - reviewed journals | peer reviewed journal,"Proceedings of the National Academy of Sciences (PNAS), a peer reviewed journal of the National Academy of Sciences (NAS) - an authoritative source of high-impact, original research that broadly spans the biological, physical, and social sciences.","This new peer-reviewed journal will inform and support male nurses and their colleagues in four areas: clinical, technological, career and personal.",POPULATION: 97 parallel-group controlled clinical trials published from January 2000 through December 2005 in 12 peer-reviewed journals.,NOT_CONCEPT,CONCEPT,NOT_CONCEPT,"Publisher boilerplate describing journal characteristics, not a scientific concept.",,false,
stunting,stunting | Stunting,Stunting was prevalent and underweight and wasting were also noticed in the study population as a consequence of early introduction of complementary foods.,"In all cases, when using a simple urban/rural comparison, the prevalence of stunting was significantly higher in rural areas.","Surveys conducted in 1996 and 1997 to assess the status of virus diseases affecting faba bean in the major growing areas of Ethiopia indicated that leaf yellowing, rolling, necrosis and stunting were the most common disease symptoms.",TOO_GENERIC,CONCEPT,CONCEPT,Specific clinical/nutritional construct; named condition in public health and pediatric medicine.,,false,
african american adolescent,African American adolescents,RESULTS: (1) Maternal demandingness predicted increased likelihood of condom use in African American adolescents but decreased likelihood of condom use in White adolescents; (2) maternal responsiveness did not predict condom use; and (3) gender moderation was …,This study evaluated the impact of a breathing awareness meditation (BAM) program on ambulatory blood pressure and sodium handling in African American adolescents with high-normal systolic blood pressure (SBP) levels.,HIV/AIDS is growing at a disproportional rate among African American adolescents.,TOO_GENERIC,CONCEPT,NOT_CONCEPT,"Study-specific demographic group descriptor, not a reusable scientific concept.",,false,
weight loss,weight loss | Weight loss | weight losses,"Bonnie Lee Holland stitched together clippings from newspapers she perused on sleepless nights—a patchwork of advertisements fordatingservices,cruiseships, and liposuction, and articles on relationships, aging, and weight loss.","Other symptoms included weight loss (71%), poor growth (70%), diarrhea (65%), weakness (64%), nausea and vomiting (53%), pallor (40%), mood swings/depression (37%), constipation (30%), bone/joint pain (21%) and easy bruising (11%).","Total weight loss and devolatilization significantly increased with an increase of the upgrading temperature, from 29.5 and 10.5%, respectively at 200°C to 36.5 and 21.9%, respectively, at 300°C.",TOO_GENERIC,CONCEPT,TOO_GENERIC,"Weight loss is a ubiquitous outcome variable across medicine and biology, too generic.",,false,
melanoma,melanoma | melanomas | Melanoma,Sentinel Node Mapping in Patients with Malignant Melanoma Using Melanoma Tc-99m Colloidal Rhenium Sulfide.,"…DNA microarray analysis of 23,040 genes, and we reported that GPC3 is a novel tumor marker for human hepatocellular carcinoma and melanoma.…",…erapy ▪ Advanced Ovarian Cancer: Oregovomab Immunotherapy Extends Time to Relapse ▪ Computerized Systems Improving for Diagnosing Melanoma ▪ Clinical Trial Participation in Practice: Read the Fine Print ▪ Treating Lower-Body Lymphedema ▪ Update on Cancer Vacci…,TOO_GENERIC,CONCEPT,TOO_GENERIC,"Disease entity (cancer type), too broad and ubiquitous across medical literature.",,false,
anthropometrics,anthropometrics,"Individual and unrelated metrical approaches (anthropometrics, sociometrics, psychometrics, econometrics, biometrics) have not resulted in a unique educometric theory.","Nutritional status, anthropometrics, and pertinent laboratory parameters were used to evaluate the presence of MS using the Adult Treatment Panel (ATP III) criteria.","In 413 non‐stunted infants from Tanzania, blood was obtained at age 6 weeks, and anthropometrics measured monthly for 18 months.",TOO_GENERIC,CONCEPT,CONCEPT,Specific measurement approach used in nutritional and health assessments.,,false,
lung cancer,lung cancer | lung cancers | Lung Cancer,Patient education has to be at the forefront of early detection of lung cancer (news April 9).,"…d fluorescent microsatellite analysis to detect alterations in plasma and tumor DNA in 34 patients who underwent bronchoscopy for lung cancer, including 11 small cell lung cancer (SCLC) and 23 nonsmall cell lung cancer (NSCLC) (12 adenocarcinomas, 11 squamous …",The observation of an increased number of lung cancers in a U.S. cohort of cadmium-exposed workers and the finding of tumors in animals exposed to various cadmium compounds apparently played an important role in this assessment.,TOO_GENERIC,CONCEPT,TOO_GENERIC,Major disease entity; too broad and ubiquitous across medicine.,,false,
flavour,flavour | flavours | Flavour,"However, curd prepared from blend having 30% soymilk and boiled for 5 min did not differ significantly (p<0.05) with respect to flavour and overall acceptability but differed significantly in remaining sensory parameters, which proved that soymilk up to 20% ca…",CP violation versus flavour in supersymmetric theories.,Another assessor shows poor performance for attribute mealiness and to some extent also fruity flavour.,TOO_GENERIC,TOO_GENERIC,TOO_GENERIC,Generic sensory attribute used across food science; too basic and ubiquitous.,,false,
pure and applied chemistry,pure and applied chemistry | Pure and Applied Chemistry,ISPC 17 is sponsored by the International Union of Pure and Applied Chemistry (IUPAC) and the International Plasma Chemistry Society (IPCS).,Determination of Trace Metals in the Bark Root of Phyllanthus emblica (L. Oriental Journal of Chemistry is a peer reviewed quarterly research journal of pure and applied chemistry.,Oriental Journal of Chemistry is a peer reviewed quarterly research journal of pure and applied chemistry.,TOO_GENERIC,CONCEPT,NOT_CONCEPT,Journal/field name; boilerplate publisher reference.,,false,
su(3,SU(3,"The graph describing its module structure over the corresponding fusion algebra incorporates several known components graphs of type SU(2) and SU(3), and it has self-fusion, but some of its components don’t.",Notes on TQFT Wire Models and Coherence Equations for SU(3) Triangular Cells.,"Approximately 76% of the bases sampled contain connected two-factor gauge group products of the form SU(3) × SU(2), which may act as the non-Abelian part of the standard model gauge group.",TOO_GENERIC,CONCEPT,CONCEPT,Specific mathematical/gauge group structure in theoretical physics; named object in quantum field theory.,,false,
intellectual property law,Intellectual Property Law | intellectual property law | intellectual property laws,Intellectual Property Law and Biotechnological Inventions for the Countries in Transition to Market Economy.,"It will include replies (and rejoinders) to articles, the evaluation of new ideas or proposals, and reviews of books and articles both directly and indirectly related to intellectual property law.","Consequently, patent and intellectual property laws were greatly strengthened, universities demanded patents on the discoveries of their faculty, information sharing among researchers was impeded, and the line between universities and corporations began to blu…",TOO_GENERIC,CONCEPT,TOO_GENERIC,"Intellectual property law is a whole field/discipline, too broad for emerging concept.",,false,
gpus,GPUs,"…nt vendors[11] which efficiently maps to both heterogeneous and homogeneous, single or multiple device system consisting of CPUs, GPUs and others types of devices.…",Solving the Examination Timetabling Problem in GPUs.,"Our massive data-sets required parallelizing some Chebfun functions on GPUs, allowing about 100 times faster polynomial evaluation and up to 12 times faster on CPUs when parallelizing the whole algorithm.",VARIANT_OF,CONCEPT,TOO_GENERIC,GPUs are a ubiquitous hardware component used across all computational science.,,false,
