cell,indicator,n_onsets,n_matched,match_rate,S,ci_lo,ci_hi,p,p_one_neg,p_one_pos,se,S_sens,ci_sens_lo,ci_sens_hi,n_k
MAIN|all|E_up|all,closure,68,26,0.38235294117647056,-0.43898022696847544,-0.8099481646408412,-0.049662765622996694,0.021,0.0105,0.9895,0.191862290010641,-0.48692990031080113,-0.8448579420961404,-0.0873206198926171,8|14|25|26|26|26
MAIN|all|E_up|all,closure_resT,68,26,0.38235294117647056,-0.2945610156024124,-0.6625765916482653,0.09187769113612407,0.129,0.0645,0.9355,0.1908052874220022,-0.3241454804001783,-0.6958404338900036,0.05633423426945673,8|14|25|26|26|26
MAIN|all|E_up|all,closure_resT_cc,68,26,0.38235294117647056,-0.590741477034415,-1.2424183239111024,-0.2864936755623117,0.0005,0.0005,1.0,0.2466058409876105,-0.676138265393216,-1.5931697118825472,-0.4041772503063489,0|1|1|3|12|18
MAIN|all|E_up|all,closure_resT_raw,68,26,0.38235294117647056,-0.304669897056594,-0.6767789640407829,0.06579341055764268,0.108,0.054,0.946,0.19076685934383417,-0.33433024223001084,-0.726622990213143,0.044169277399482364,8|14|25|26|26|26
MAIN|all|E_up|all,closure_persist,68,26,0.38235294117647056,-0.575386469227345,-1.2697856471443594,0.12199698186334852,0.097,0.0485,0.9515,0.3490864894407925,-0.5167054397109874,-1.1424043099441803,0.09237426857999613,5|9|11|24|26|25
MAIN|all|E_up|all,constraint,68,26,0.38235294117647056,0.08292770762033051,0.016538853200006223,0.1469510965135607,0.013,0.9935,0.0065,0.03375960204333181,0.060701410729878294,-0.03642153358528395,0.15634472392466386,8|14|25|26|26|26
MAIN|all|E_up|all,cdeg_diag,68,26,0.38235294117647056,0.27847054458323106,0.08586633585176415,0.4952794898866771,0.002,0.999,0.001,0.10255256143234523,0.1508775190503449,-0.1474280808404113,0.4389823670135348,8|14|25|26|26|26
MAIN|all|E_up|all,effsize,68,26,0.38235294117647056,-1.700937206992366,-12.66498619397534,9.793537502183984,0.728,0.364,0.636,5.70911619297731,-4.210262248011306,-12.740859237948097,4.309271393380336,8|14|25|26|26|26
MAIN|all|E_up|all,efficiency,68,26,0.38235294117647056,0.0009807341853543222,-0.010542857208548782,0.013754963533724202,0.901,0.5495,0.4505,0.006101828359585919,-0.006531822987017467,-0.036599231606601536,0.016652889607788778,8|14|25|26|26|26
MAIN|all|E_up|all,xc_excess,68,26,0.38235294117647056,0.06252440529714522,0.011593131078133633,0.11125435456340443,0.013,0.9935,0.0065,0.025318414075098637,0.08035620889369496,0.020750582709750044,0.1426403373456672,8|14|25|26|26|26
MAIN|all|E_up|all,xc_obs,68,26,0.38235294117647056,0.06430498210950403,0.018031316770819476,0.1127124314810676,0.013,0.9935,0.0065,0.02487945459933198,0.08173522742455482,0.023689396125433314,0.14460894154838677,8|14|25|26|26|26
MAIN|all|E_up|all,wmz,68,26,0.38235294117647056,0.03211070050788426,0.0085978919446673,0.05550817481977812,0.013,0.9935,0.0065,0.011951836999067099,0.03003611108147376,0.007490564558658534,0.05065466304092678,8|15|25|26|26|26
MAIN|all|E_up|all,d_wmz,68,26,0.38235294117647056,0.004549642871019226,-0.014580588113939521,0.019569033402421592,0.526,0.737,0.263,0.008775936422203322,-0.004675773010852869,-0.024579613349886294,0.013769718674239175,3|8|15|25|26|26
MAIN|all|E_up|all,d_closure,68,26,0.38235294117647056,0.059431387510889666,-0.12235993566427118,0.2510311788694478,0.492,0.754,0.246,0.0947942642227093,0.08851000829571196,-0.14694208106482554,0.34696246099597444,2|8|14|25|26|26
MAIN|all|E_up|all,new_relation_rate,68,26,0.38235294117647056,0.06800604848602754,0.02260436699615751,0.11521742901158688,0.002,0.999,0.001,0.023596310145537005,0.047148121847801774,-0.04493169572175451,0.13337469024474133,9|16|26|26|26|26
MAIN|all|E_up|all,novelty,68,26,0.38235294117647056,0.08197962197242012,0.029796939313728645,0.13300646786812814,0.002,0.999,0.001,0.02636967530783104,0.09313261934571379,0.020557155430468477,0.15723946805638248,6|16|25|25|25|25
MAIN|all|E_up|all,beta_sim_rar,68,26,0.38235294117647056,0.042224031461083,-0.045876972793585734,0.06856495667865982,0.595,0.7025,0.2975,0.03345715175203457,0.08180267645007433,-0.07038370680567177,0.11101521080714746,0|1|1|3|12|18
MAIN|all|E_up|all,log_vol3,68,26,0.38235294117647056,-0.0751836108962958,-0.20449753409876348,0.06479743858284734,0.307,0.1535,0.8465,0.06924244556104985,-0.20234899581526822,-0.3992222858207125,-0.009645834505268843,23|26|26|26|26|26
MAIN|all|E_up|all,pct,68,26,0.38235294117647056,-0.4718624205844217,-1.0839791916637733,0.1422979504273894,0.137,0.0685,0.9315,0.31712688068588357,-0.6392552040755628,-1.1274694233141138,-0.15100762012221292,23|26|26|26|26|26
MAIN|all|E_up|all,closure_res,68,26,0.38235294117647056,-0.36337420637306284,-0.7256479156441026,-0.011646514880944802,0.044,0.022,0.978,0.1858306654180769,-0.42536160856710115,-0.7839048921569397,-0.06002028904296292,8|14|25|26|26|26
MAIN|all|E_up|all,constraint_res,68,26,0.38235294117647056,0.0727409383191637,0.007284659095474684,0.1380094096332247,0.027,0.9865,0.0135,0.032898462555382715,0.04766362979916944,-0.04692119424130613,0.1409749431014343,8|14|25|26|26|26
MAIN|all|E_up|all,xc_excess_res,68,26,0.38235294117647056,0.060091763418048685,0.01268460003432991,0.106956483539788,0.01,0.995,0.005,0.024390117477882046,0.0793228120336684,0.022571976591567965,0.14050230369191644,8|14|25|26|26|26
MAIN|all|E_up|all,closure_persist_res,68,26,0.38235294117647056,-0.5017625003127931,-1.1907873367978987,0.12778720091476192,0.122,0.061,0.939,0.340170503894256,-0.49522035009951554,-1.1497746928737167,0.0836830755937267,5|9|11|24|26|25
MAIN|all|E_up|all,n_ego,68,26,0.38235294117647056,-1.7131410256410247,-12.715945512820511,10.043028846153822,0.687,0.3435,0.6565,5.760657226533165,-5.485340022296543,-13.716244890375325,2.9904424470457034,23|26|26|26|26|26
MAIN|all|E_up|all,persist_overlap,68,26,0.38235294117647056,-0.060097428400059966,-0.1074157513105569,-0.014141266728520022,0.01,0.005,0.995,0.02373427183979051,-0.03075600539811066,-0.10829942292729056,0.05579007649213521,6|9|15|25|26|26
MAIN|all|E_up|B_only,closure,62,23,0.3709677419354839,-0.3947452219720159,-0.809827300945549,0.027766108051793338,0.075,0.0375,0.9625,0.21544158024137722,-0.46713062836769925,-0.8799836369275901,-0.03470444363932432,8|13|22|23|23|23
MAIN|all|E_up|B_only,closure_resT,62,23,0.3709677419354839,-0.2602551319168024,-0.691888163845359,0.16197461548093567,0.209,0.1045,0.8955,0.2178499295268836,-0.3116635709024316,-0.7438761299767936,0.10613019181468951,8|13|22|23|23|23
MAIN|all|E_up|B_only,closure_persist,62,23,0.3709677419354839,-0.35052717121595717,-1.019953239260147,0.22889821938440308,0.298,0.149,0.851,0.3272837785935591,-0.29314169136653334,-0.8142822724201317,0.25371575233114096,5|9|10|21|23|22
MAIN|all|E_up|B_only,constraint,62,23,0.3709677419354839,0.0584391938722353,-0.011034558801408386,0.12411875514905421,0.101,0.9495,0.0505,0.03409113223494962,0.02636471922941876,-0.06490509794204037,0.1206307203475654,8|13|22|23|23|23
MAIN|all|E_up|B_only,cdeg_diag,62,23,0.3709677419354839,0.25755375473213465,0.06435044993440452,0.5025158943416954,0.004,0.998,0.002,0.11036460454907338,0.12633894845154306,-0.16157718109465047,0.4274572976916306,8|13|22|23|23|23
MAIN|all|E_up|B_only,xc_excess,62,23,0.3709677419354839,0.06469711766052808,0.009787739412925212,0.12453909619269432,0.025,0.9875,0.0125,0.02946815305103057,0.07158760232319325,0.01780710836912762,0.133421361963081,7|12|22|23|23|23
MAIN|all|E_up|B_only,wmz,62,23,0.3709677419354839,0.031677427193297816,0.007292586764666616,0.05564833442793223,0.012,0.994,0.006,0.012544722034405492,0.030535261913446587,0.006808837303058948,0.052164870134867876,8|14|22|23|23|23
MAIN|all|E_up|B_only,d_wmz,62,23,0.3709677419354839,0.0034269988572452567,-0.015202055385977497,0.018797176770292863,0.662,0.669,0.331,0.008814260402417987,-0.004792557142840025,-0.02492825931627292,0.013310011967719679,3|8|14|22|23|23
MAIN|all|E_up|B_only,d_closure,62,23,0.3709677419354839,0.028137266902094324,-0.16540921776308024,0.23081659032078103,0.788,0.606,0.394,0.10129472121504077,0.08831813260492731,-0.12955455565376794,0.3407281999478886,2|8|13|22|23|23
MAIN|all|E_up|B_only,new_relation_rate,62,23,0.3709677419354839,0.05842850520204892,0.010445494332252062,0.10875912579095763,0.017,0.9915,0.0085,0.02531788713011314,0.03585712647987821,-0.05909865429089038,0.11664715032859484,9|15|23|23|23|23
MAIN|all|E_up|B_only,novelty,62,23,0.3709677419354839,0.07648627500983125,0.020267856766217757,0.13469189856572455,0.006,0.997,0.003,0.028872455985168,0.10213447929715691,0.02082517583538488,0.17816093908181743,6|14|22|22|22|22
MAIN|all|E_alt|all,closure,20,13,0.65,-0.018785251268219356,-0.5293749308774015,0.4701019113432231,0.945,0.4725,0.5275,0.26032406647502243,-0.07571861876679356,-0.6090035915943282,0.40426801825719233,5|8|12|13|13|13
MAIN|all|E_alt|all,closure_resT,20,13,0.65,0.3235494143564899,-0.24633270139073446,0.8713472386804993,0.248,0.876,0.124,0.28198678801615823,0.3093243714229209,-0.20364592970356213,0.8048344397096402,5|8|12|13|13|13
MAIN|all|E_alt|all,closure_persist,20,13,0.65,-0.1787038282842596,-1.013598310725563,0.5676984332705525,0.65,0.325,0.675,0.4035397110276422,0.09721657207594589,-0.9423929880793332,0.8987576541561957,3|5|7|10|13|12
MAIN|all|E_alt|all,constraint,20,13,0.65,0.04463833133414345,-0.06287097570484257,0.14848945763071716,0.4,0.8,0.2,0.054384394489756904,0.05236285111032769,-0.08920022377589315,0.19861957983060397,5|8|12|13|13|13
MAIN|all|E_alt|all,cdeg_diag,20,13,0.65,0.2626760307359861,-0.03571298802734343,0.5716904521789584,0.113,0.9435,0.0565,0.16054927096770807,0.018402308510218714,-0.409344074803492,0.49199387944572903,5|8|12|13|13|13
MAIN|all|E_alt|all,xc_excess,20,13,0.65,0.06846333782293054,-0.008106614750357947,0.14892738841007883,0.087,0.9565,0.0435,0.04093916201699715,0.02145950593915636,-0.08480809916287563,0.12108277301036324,5|8|11|13|13|12
MAIN|all|E_alt|all,wmz,20,13,0.65,0.006865649032358384,-0.031068639102338303,0.037911726289464286,0.665,0.6675,0.3325,0.017497990157230987,-0.016740465666011006,-0.06288417782415538,0.02836612923763336,6|9|13|13|13|13
MAIN|all|E_alt|all,d_wmz,20,13,0.65,0.01746565665430436,-0.0021512897494516685,0.04075947204103277,0.098,0.951,0.049,0.01119046162195514,0.0030163690112184082,-0.01821089844927192,0.02139344744961284,4|6|9|13|13|13
MAIN|all|E_alt|all,d_closure,20,13,0.65,0.16077488804523238,-0.04706044671500608,0.3811600596447507,0.136,0.932,0.068,0.10961175453992082,0.056125254759633356,-0.1572260640061709,0.2516673300958349,3|5|8|12|13|13
MAIN|all|E_alt|all,new_relation_rate,20,13,0.65,0.07047706783725603,0.028155001716714336,0.10984606624657434,0.001,0.9995,0.0005,0.021075936569268334,0.03913451587076844,-0.07310229727355733,0.13871451783039762,7|10|13|13|13|13
MAIN|all|E_alt|all,novelty,20,13,0.65,0.09627170424717732,0.041524587565319994,0.1492903299622197,0.0005,1.0,0.0005,0.027183344283962962,0.13506820790872903,0.06830141679341495,0.20070399083767224,5|9|11|12|12|12
MAIN|all|E_alt|B_only,closure,19,12,0.631578947368421,-0.017880967915910203,-0.5571025077130115,0.5185552800660672,0.965,0.4825,0.5175,0.27569274973382024,-0.07469139028281199,-0.6049242698603403,0.4712335605049632,5|7|11|12|12|12
MAIN|all|E_alt|B_only,closure_resT,19,12,0.631578947368421,0.35166278247274585,-0.24364960756434575,0.9416225040151038,0.255,0.8725,0.1275,0.30235425508219127,0.34080367498629976,-0.19980630396387364,0.8922626637716643,5|7|11|12|12|12
MAIN|all|E_alt|B_only,closure_persist,19,12,0.631578947368421,-0.20221166334023188,-1.1000691627716424,0.651689537071498,0.651,0.3255,0.6745,0.44450451082555176,0.09268350400302493,-1.0471733027797208,0.9057976976241713,3|5|7|9|12|11
MAIN|all|E_alt|B_only,constraint,19,12,0.631578947368421,0.012300489573656325,-0.08924964661541351,0.10816987228399248,0.788,0.606,0.394,0.04961316733480733,0.031813493049334104,-0.11853173642253145,0.1883551072191077,5|7|11|12|12|12
MAIN|all|E_alt|B_only,cdeg_diag,19,12,0.631578947368421,0.2093946782358742,-0.11914720456423451,0.5353181836966505,0.221,0.8895,0.1105,0.16756164795970407,-0.028557687098895633,-0.48835882389762264,0.4720187444117849,5|7|11|12|12|12
MAIN|all|E_alt|B_only,xc_excess,19,12,0.631578947368421,0.08131930330400403,0.002557715852872091,0.17465215510555468,0.039,0.9805,0.0195,0.044138248709316034,0.03040742699806238,-0.07718622361120041,0.14044765691651726,5|7|10|12|12|11
MAIN|all|E_alt|B_only,wmz,19,12,0.631578947368421,-0.0003369049007167671,-0.038577335861054544,0.029114033746454944,0.981,0.5095,0.4905,0.017341053355325636,-0.020656002708072746,-0.07127264599445332,0.026895418476661465,6|8|12|12|12|12
MAIN|all|E_alt|B_only,d_wmz,19,12,0.631578947368421,0.01502235831203377,-0.005637062251806386,0.04058981227068602,0.207,0.8965,0.1035,0.012179005253361118,0.0035901906916290527,-0.018003643964221078,0.021078151018499088,4|6|8|12|12|12
MAIN|all|E_alt|B_only,d_closure,19,12,0.631578947368421,0.17281080101285512,-0.06678826238230558,0.4149251160613214,0.163,0.9185,0.0815,0.12201766038068097,0.04167782052942972,-0.18290301959817482,0.24833210320876448,3|5|7|11|12|12
MAIN|all|E_alt|B_only,new_relation_rate,19,12,0.631578947368421,0.07336930326729937,0.029682389690335882,0.1150775864761932,0.002,0.999,0.001,0.02222924175098456,0.03803065621427701,-0.0676805839224675,0.14174841890407502,7|9|12|12|12|12
MAIN|all|E_alt|B_only,novelty,19,12,0.631578947368421,0.1048685699156221,0.05158702204933763,0.15657843561461743,0.0005,1.0,0.0005,0.027582015476537654,0.14316524869945732,0.08100815322537165,0.20212736427548736,5|8|10|11|11|11
MAIN|all|E|all,closure,7,2,0.2857142857142857,-1.3121477838981086,-1.3922635447790712,-1.232032023017146,0.0005,0.0005,1.0,0.057519069974921226,-1.1882925563187674,-1.280782520917971,-1.1882925563187674,0|1|2|2|2|2
MAIN|all|E|all,closure_resT,7,2,0.2857142857142857,-1.0014918648219935,-1.0796924805178498,-0.9232912491261372,0.0005,0.0005,1.0,0.054989824859645785,-0.966799061039581,-1.2341884568985815,-0.8211808050744936,0|1|2|2|2|2
MAIN|all|E|all,closure_persist,7,2,0.2857142857142857,-1.4181576187021396,-1.4181576187021396,-1.290696306850721,0.0005,0.0005,1.0,0.05374562062738401,-1.6282758122030057,-1.8469584721567294,-1.2047179310070997,0|0|1|2|2|2
MAIN|all|E|all,constraint,7,2,0.2857142857142857,0.005380853250690813,-0.13057746073403836,0.14133916723541998,0.497,0.7515,0.2485,0.0958239100615998,-0.03779085929509653,-0.1121461255186694,0.07481575608547976,0|1|2|2|2|2
MAIN|all|E|all,cdeg_diag,7,2,0.2857142857142857,0.001784466981977817,-0.19566955050329865,0.1992384844672544,0.493,0.7535,0.2465,0.14067036649018716,-0.2110350031459366,-0.2110350031459366,-0.15783654200272834,0|1|2|2|2|2
MAIN|all|E|all,xc_excess,7,2,0.2857142857142857,0.10331611238635233,-0.0083993503772916,0.21503157514999627,0.484,0.758,0.242,0.07918482741219167,0.14124348539460768,-0.0259565492604709,0.23301678846609192,0|1|2|2|2|2
MAIN|all|E|all,wmz,7,2,0.2857142857142857,0.04772732503654864,0.047451386962638065,0.048003263110459216,0.0005,1.0,0.0005,0.00019809537222638718,0.06529086150864037,0.06406749406793728,0.06584621203690094,0|1|2|2|2|2
MAIN|all|E|all,d_wmz,7,2,0.2857142857142857,0.007371003828789462,-0.018394825074262877,0.007371003828789462,0.982,0.491,0.509,0.010426748409514828,0.03208300734277156,-0.02330792186179964,0.0634160371993289,0|0|1|2|2|2
MAIN|all|E|all,d_closure,7,2,0.2857142857142857,-0.23003516280622238,-0.23003516280622238,0.04875049790082503,0.483,0.2415,0.7585,0.11620527321490291,-0.3469508602028137,-0.3469508602028137,-0.06764450722747746,0|0|1|2|2|2
MAIN|all|E|all,new_relation_rate,7,2,0.2857142857142857,0.13720126472153074,0.07854847078569012,0.19585405865737135,0.0005,1.0,0.0005,0.04104072064747288,-0.1324297386287153,-0.17843655354094698,0.2086403652344321,1|1|2|2|2|2
MAIN|all|E|all,novelty,7,2,0.2857142857142857,0.12520149621668195,0.03410518993076378,0.21629780250260008,0.0005,1.0,0.0005,0.06387505000270761,0.12383746438859874,0.03970809397116783,0.21952396155955464,0|1|2|2|2|2
MAIN|all|E|B_only,closure,4,2,0.5,-1.3121477838981086,-1.3922635447790712,-1.232032023017146,0.0005,0.0005,1.0,0.056258297643490184,-1.1882925563187674,-1.280782520917971,-1.1882925563187674,0|1|2|2|2|2
MAIN|all|E|B_only,closure_resT,4,2,0.5,-1.0014918648219935,-1.0796924805178498,-0.9232912491261372,0.0005,0.0005,1.0,0.05458332088564956,-0.966799061039581,-1.2341884568985815,-0.8211808050744936,0|1|2|2|2|2
MAIN|all|E|B_only,closure_persist,4,2,0.5,-1.4181576187021396,-1.4181576187021396,-1.290696306850721,0.0005,0.0005,1.0,0.05459448135377857,-1.6282758122030057,-1.8469584721567294,-1.2047179310070997,0|0|1|2|2|2
MAIN|all|E|B_only,constraint,4,2,0.5,0.005380853250690813,-0.13057746073403836,0.14133916723541998,0.507,0.7465,0.2535,0.09404298863160676,-0.03779085929509653,-0.1121461255186694,0.07481575608547976,0|1|2|2|2|2
MAIN|all|E|B_only,cdeg_diag,4,2,0.5,0.001784466981977817,-0.19566955050329865,0.1992384844672544,0.489,0.7555,0.2445,0.1379698020848754,-0.2110350031459366,-0.2110350031459366,-0.15783654200272834,0|1|2|2|2|2
MAIN|all|E|B_only,xc_excess,4,2,0.5,0.10331611238635233,-0.0083993503772916,0.21503157514999627,0.501,0.7495,0.2505,0.07921163003113554,0.14124348539460768,-0.0259565492604709,0.23301678846609192,0|1|2|2|2|2
MAIN|all|E|B_only,wmz,4,2,0.5,0.04772732503654864,0.047451386962638065,0.048003263110459216,0.0005,1.0,0.0005,0.00018800904854096755,0.06529086150864037,0.06406749406793728,0.06584621203690094,0|1|2|2|2|2
MAIN|all|E|B_only,d_wmz,4,2,0.5,0.007371003828789462,-0.018394825074262877,0.007371003828789462,0.993,0.5035,0.4965,0.010426509632832492,0.03208300734277156,-0.02330792186179964,0.0634160371993289,0|0|1|2|2|2
MAIN|all|E|B_only,d_closure,4,2,0.5,-0.23003516280622238,-0.23003516280622238,0.04875049790082503,0.492,0.246,0.754,0.11671305658026433,-0.3469508602028137,-0.3469508602028137,-0.06764450722747746,0|0|1|2|2|2
MAIN|all|E|B_only,new_relation_rate,4,2,0.5,0.13720126472153074,0.07854847078569012,0.19585405865737135,0.0005,1.0,0.0005,0.041327375763581704,-0.1324297386287153,-0.17843655354094698,0.2086403652344321,1|1|2|2|2|2
MAIN|all|E|B_only,novelty,4,2,0.5,0.12520149621668195,0.03410518993076378,0.21629780250260008,0.0005,1.0,0.0005,0.06417210222450204,0.12383746438859874,0.03970809397116783,0.21952396155955464,0|1|2|2|2|2
MAIN|old|E_up|all,closure,33,12,0.36363636363636365,-0.42095553191828483,-0.9177197748748843,0.060171907889327296,0.084,0.042,0.958,0.2491137614548245,-0.6308093455048881,-1.083873263224335,-0.19636257069566934,4|6|12|12|12|12
MAIN|old|E_up|all,closure_resT,33,12,0.36363636363636365,-0.2167986702764282,-0.7693995884936194,0.3458580807686592,0.464,0.232,0.768,0.29324083498428516,-0.3789581756722725,-0.9713299065154106,0.13042648937004536,4|6|12|12|12|12
MAIN|old|E_up|all,closure_persist,33,12,0.36363636363636365,-0.4943972302653077,-1.6566766328882327,0.6045843322731894,0.378,0.189,0.811,0.5822650963693459,-0.611089643047238,-1.3351181569285608,0.13366680030483755,3|4|5|11|12|12
MAIN|old|E_up|all,constraint,33,12,0.36363636363636365,0.09293218370231084,-0.013003997615593744,0.19821696243842052,0.076,0.962,0.038,0.053878792965419114,0.06418714936959571,-0.06848979037898975,0.22960102019583514,4|6|12|12|12|12
MAIN|old|E_up|all,cdeg_diag,33,12,0.36363636363636365,0.40765995474294314,0.09511050347330667,0.7737291063780278,0.004,0.998,0.002,0.17752031377459382,0.22902459729361163,-0.18634088524692258,0.622429770019157,4|6|12|12|12|12
MAIN|old|E_up|all,xc_excess,33,12,0.36363636363636365,0.0819475000183043,0.03099583345655042,0.1341023750411065,0.003,0.9985,0.0015,0.02642065351702742,0.0672020033271968,0.005002612731450043,0.14351428149618106,4|6|12|12|12|12
MAIN|old|E_up|all,wmz,33,12,0.36363636363636365,0.04920835863300981,0.023215148832233547,0.08035888867188559,0.0005,1.0,0.0005,0.014451290897591096,0.041844467663577176,-0.006950348656130768,0.0714083780051831,4|7|12|12|12|12
MAIN|old|E_up|all,d_wmz,33,12,0.36363636363636365,0.011612800998974472,0.0013765106290387543,0.02223419268509535,0.026,0.987,0.013,0.005463684627636427,0.008830949331953029,-0.008385056623460176,0.03445162279058315,1|4|7|12|12|12
MAIN|old|E_up|all,d_closure,33,12,0.36363636363636365,0.255752914837916,0.06318005981148982,0.5264493106395388,0.01,0.995,0.005,0.11899637632327441,0.3700837085892353,0.05627984344014329,0.782640564785551,1|4|6|12|12|12
MAIN|old|E_up|all,new_relation_rate,33,12,0.36363636363636365,0.0828839617472349,0.016186360878776587,0.15091981519578282,0.01,0.995,0.005,0.034195263166607294,0.07608528804936823,-0.05925244121749751,0.19227950323905346,5|7|12|12|12|12
MAIN|old|E_up|all,novelty,33,12,0.36363636363636365,0.1009273503069475,0.026147000697742097,0.18027080364047354,0.004,0.998,0.002,0.03943808946254831,0.14999326001852722,0.07628060037054717,0.21093815475306768,3|7|12|12|12|12
MAIN|old|E_up|B_only,closure,30,10,0.3333333333333333,-0.39077404975814434,-0.9546424362054456,0.17840260594620205,0.165,0.0825,0.9175,0.28732104721690627,-0.6054222533822627,-1.093818346204304,-0.08220446520618194,4|5|10|10|10|10
MAIN|old|E_up|B_only,closure_resT,30,10,0.3333333333333333,-0.2059051426957081,-0.8706543592765321,0.490929038846088,0.567,0.2835,0.7165,0.34872288586057687,-0.36061155051273314,-1.0263118978331947,0.2516577032576568,4|5|10|10|10|10
MAIN|old|E_up|B_only,closure_persist,30,10,0.3333333333333333,-0.36254255640284055,-1.5961516873821053,0.7488299791004794,0.558,0.279,0.721,0.610463813550246,-0.4513716247334908,-1.1281713794430925,0.27071616953830135,3|4|5|9|10|10
MAIN|old|E_up|B_only,constraint,30,10,0.3333333333333333,0.03161800661895878,-0.05664626488906728,0.11326121449107307,0.464,0.768,0.232,0.044006686807085256,0.014776031698550907,-0.10785975733382654,0.19030562875904516,4|5|10|10|10|10
MAIN|old|E_up|B_only,cdeg_diag,30,10,0.3333333333333333,0.344976242736742,-0.004303167839904977,0.7696537779870416,0.056,0.972,0.028,0.20399517800143654,0.16157359429876578,-0.3123831413769624,0.6146470396259773,4|5|10|10|10|10
MAIN|old|E_up|B_only,xc_excess,30,10,0.3333333333333333,0.09011505102869263,0.03372087299332071,0.14241299494311585,0.003,0.9985,0.0015,0.027566552477250473,0.07585325588584099,0.006767870372962071,0.164699809826332,4|5|10|10|10|10
MAIN|old|E_up|B_only,wmz,30,10,0.3333333333333333,0.048948938123288196,0.020269545842084135,0.08464931585138767,0.0005,1.0,0.0005,0.01649839829881449,0.04407686609229442,-0.0027695646491387336,0.07729487978083074,4|6|10|10|10|10
MAIN|old|E_up|B_only,d_wmz,30,10,0.3333333333333333,0.009666947952839114,0.0017911877784121696,0.018472135656420755,0.016,0.992,0.008,0.004151203443776183,0.008258923773332878,-0.00954166938579098,0.030536011889738566,1|4|6|10|10|10
MAIN|old|E_up|B_only,d_closure,30,10,0.3333333333333333,0.2408881542475188,0.013083842854132615,0.5346188040409645,0.039,0.9805,0.0195,0.1390530045375762,0.3522621334195612,-0.03347078966890143,0.7941303906706573,1|4|5|10|10|10
MAIN|old|E_up|B_only,new_relation_rate,30,10,0.3333333333333333,0.07318269551571564,0.0037438792792747087,0.15746514622703237,0.036,0.982,0.018,0.03923865921765902,0.06521980043031131,-0.08546777878473395,0.18121156386597603,5|6|10|10|10|10
MAIN|old|E_up|B_only,novelty,30,10,0.3333333333333333,0.0938601947463378,0.01451639616559833,0.17852681307200818,0.015,0.9925,0.0075,0.04242819569408123,0.14411046877309366,0.05043592318155307,0.2073087421954819,3|6|10|10|10|10
MAIN|old|E_alt|all,closure,11,8,0.7272727272727273,-0.1782381246117723,-0.7811564231150931,0.4005719561492095,0.57,0.285,0.715,0.2996426829616229,-0.23699688627927146,-0.8653403523426523,0.3848233591320551,3|5|8|8|8|8
MAIN|old|E_alt|all,closure_resT,11,8,0.7272727272727273,0.14957462218049422,-0.5455726854344718,0.9052284948792705,0.682,0.659,0.341,0.36924528737898327,0.19674255379372624,-0.5101752543380941,0.9519707583342454,3|5|8|8|8|8
MAIN|old|E_alt|all,closure_persist,11,8,0.7272727272727273,-0.26214194238916,-1.4463170737724744,0.8046374796887682,0.696,0.348,0.652,0.5854558579901384,-0.0989183458444228,-1.5136186870068455,1.0588145137526064,2|3|4|6|8|8
MAIN|old|E_alt|all,constraint,11,8,0.7272727272727273,0.04751763913907957,-0.09150517132497807,0.20160295030592318,0.533,0.7335,0.2665,0.07721545812836353,0.08880208738122487,-0.07861064606596159,0.27380194713075773,3|5|8|8|8|8
MAIN|old|E_alt|all,cdeg_diag,11,8,0.7272727272727273,0.3601064528397918,-0.019899979695964697,0.7614471640178128,0.064,0.968,0.032,0.20212119067946233,0.07530932000388392,-0.43511446594047176,0.7426181458502278,3|5|8|8|8|8
MAIN|old|E_alt|all,xc_excess,11,8,0.7272727272727273,0.07386995492846057,-0.017690480032040944,0.1764024519842365,0.122,0.939,0.061,0.0486182621979157,-0.02633648848465083,-0.15232704170328012,0.10508688736675904,3|5|7|8|8|7
MAIN|old|E_alt|all,wmz,11,8,0.7272727272727273,0.006078164769200764,-0.047210610944885927,0.04651897082369268,0.735,0.6325,0.3675,0.024845843273337574,-0.010693339390086617,-0.06356247241077544,0.046152114911353875,3|5|8|8|8|8
MAIN|old|E_alt|all,d_wmz,11,8,0.7272727272727273,0.005472523708498711,-0.006609032107461338,0.020624514194463366,0.454,0.773,0.227,0.007107860153948188,0.014544902627943668,-0.007847560853354573,0.04114328663555461,2|3|5|8|8|8
MAIN|old|E_alt|all,d_closure,11,8,0.7272727272727273,0.11971620723434209,-0.09646756061012696,0.32717533274874006,0.249,0.8755,0.1245,0.10820667306083784,-0.0022078795727469734,-0.29863211236025056,0.29128993668029907,2|3|5|8|8|8
MAIN|old|E_alt|all,new_relation_rate,11,8,0.7272727272727273,0.04808797509839961,-0.003124644324375016,0.08748388804859664,0.063,0.9685,0.0315,0.023441284653261764,0.024959343979982868,-0.16608070532048244,0.169810087002289,4|6|8|8|8|8
MAIN|old|E_alt|all,novelty,11,8,0.7272727272727273,0.05974101977129622,0.004059077791331783,0.114676273848784,0.033,0.9835,0.0165,0.02798370360268507,0.13017156760322504,0.050891100712069835,0.18120426566048609,3|5|7|8|8|8
MAIN|old|E_alt|B_only,closure,10,7,0.7,-0.19991402515274026,-0.8980403794780143,0.4571468953429278,0.539,0.2695,0.7305,0.344699389517116,-0.26112984742441275,-0.9705667218901796,0.4438562502369422,3|4|7|7|7|7
MAIN|old|E_alt|B_only,closure_resT,10,7,0.7,0.17058244016398572,-0.7059245492792117,1.087269452588383,0.702,0.649,0.351,0.4450807926106862,0.22215822801343008,-0.6245003328274137,1.1149604187978954,3|4|7|7|7|7
MAIN|old|E_alt|B_only,closure_persist,10,7,0.7,-0.32013602443006833,-1.5780648034535785,0.8380169032608001,0.646,0.323,0.677,0.6345349183139288,-0.1376380508656102,-1.6191969663822368,1.1138763747049858,2|3|4|5|7|7
MAIN|old|E_alt|B_only,constraint,10,7,0.7,-0.006860736362892123,-0.12066015915597926,0.12827240712523794,0.907,0.4535,0.5465,0.06367147138135033,0.053019280018867465,-0.11780928746249533,0.2436303482397127,3|4|7|7|7|7
MAIN|old|E_alt|B_only,cdeg_diag,10,7,0.7,0.2831680000716669,-0.12520083423129902,0.733917931695961,0.191,0.9045,0.0955,0.2209038635130796,-0.002693193747481726,-0.5508558535976981,0.7412581527284134,3|4|7|7|7|7
MAIN|old|E_alt|B_only,xc_excess,10,7,0.7,0.09715167456928109,0.0042151578225450795,0.19572039787176065,0.045,0.9775,0.0225,0.04907508703950651,-0.01423832780607442,-0.15538805023931634,0.13600357470759947,3|4|6|7|7|6
MAIN|old|E_alt|B_only,wmz,10,7,0.7,-0.006381568296522005,-0.06116396003730704,0.03129954142123444,0.828,0.414,0.586,0.02485657814255066,-0.014693503090340116,-0.07327125819977282,0.04786955427617259,3|4|7|7|7|7
MAIN|old|E_alt|B_only,d_wmz,10,7,0.7,-0.00082565402574045,-0.010086115440588373,0.008921102928052043,0.839,0.4195,0.5805,0.00509050912204081,0.013425235568957455,-0.009579552685392241,0.03643886355349111,2|3|4|7|7|7
MAIN|old|E_alt|B_only,d_closure,10,7,0.7,0.136243419750055,-0.1864640334599455,0.4157552163988355,0.304,0.848,0.152,0.1439032046086802,-0.024870263282029438,-0.37903820807714783,0.3008066320134413,2|3|4|7|7|7
MAIN|old|E_alt|B_only,new_relation_rate,10,7,0.7,0.04984765115863729,-0.011306874589182048,0.09421330834224385,0.097,0.9515,0.0485,0.027022299915626873,0.016985912774367187,-0.18261674491527471,0.15985428724794828,4|5|7|7|7|7
MAIN|old|E_alt|B_only,novelty,10,7,0.7,0.0685516162834017,0.006120983858397273,0.12666071773771653,0.031,0.9845,0.0155,0.030683388120694335,0.13680136345354693,0.056745605158004066,0.1903833065010074,3|4|6|7|7|7
MAIN|old|E|all,closure,3,1,0.3333333333333333,-1.232032023017146,,,,,,,-1.280782520917971,,,0|1|1|1|1|1
MAIN|old|E|all,closure_resT,3,1,0.3333333333333333,-1.0796924805178498,,,,,,,-1.2341884568985815,,,0|1|1|1|1|1
MAIN|old|E|all,closure_persist,3,1,0.3333333333333333,-1.4134571085828271,,,,,,,-1.8469584721567294,,,0|0|1|1|1|1
MAIN|old|E|all,constraint,3,1,0.3333333333333333,-0.13057746073403836,,,,,,,-0.1121461255186694,,,0|1|1|1|1|1
MAIN|old|E|all,cdeg_diag,3,1,0.3333333333333333,-0.19566955050329865,,,,,,,-0.20402334482575796,,,0|1|1|1|1|1
MAIN|old|E|all,xc_excess,3,1,0.3333333333333333,0.21503157514999627,,,,,,,0.23301678846609192,,,0|1|1|1|1|1
MAIN|old|E|all,wmz,3,1,0.3333333333333333,0.047451386962638065,,,,,,,0.06584621203690094,,,0|1|1|1|1|1
MAIN|old|E|all,d_wmz,3,1,0.3333333333333333,-0.018394825074262877,,,,,,,-0.02330792186179964,,,0|0|1|1|1|1
MAIN|old|E|all,d_closure,3,1,0.3333333333333333,0.04875049790082503,,,,,,,-0.06764450722747746,,,0|0|1|1|1|1
MAIN|old|E|all,new_relation_rate,3,1,0.3333333333333333,0.07854847078569012,,,,,,,-0.17843655354094698,,,1|1|1|1|1|1
MAIN|old|E|all,novelty,3,1,0.3333333333333333,0.03410518993076378,,,,,,,0.03970809397116783,,,0|1|1|1|1|1
MAIN|old|E|B_only,closure,1,1,1.0,-1.232032023017146,,,,,,,-1.280782520917971,,,0|1|1|1|1|1
MAIN|old|E|B_only,closure_resT,1,1,1.0,-1.0796924805178498,,,,,,,-1.2341884568985815,,,0|1|1|1|1|1
MAIN|old|E|B_only,closure_persist,1,1,1.0,-1.4134571085828271,,,,,,,-1.8469584721567294,,,0|0|1|1|1|1
MAIN|old|E|B_only,constraint,1,1,1.0,-0.13057746073403836,,,,,,,-0.1121461255186694,,,0|1|1|1|1|1
MAIN|old|E|B_only,cdeg_diag,1,1,1.0,-0.19566955050329865,,,,,,,-0.20402334482575796,,,0|1|1|1|1|1
MAIN|old|E|B_only,xc_excess,1,1,1.0,0.21503157514999627,,,,,,,0.23301678846609192,,,0|1|1|1|1|1
MAIN|old|E|B_only,wmz,1,1,1.0,0.047451386962638065,,,,,,,0.06584621203690094,,,0|1|1|1|1|1
MAIN|old|E|B_only,d_wmz,1,1,1.0,-0.018394825074262877,,,,,,,-0.02330792186179964,,,0|0|1|1|1|1
MAIN|old|E|B_only,d_closure,1,1,1.0,0.04875049790082503,,,,,,,-0.06764450722747746,,,0|0|1|1|1|1
MAIN|old|E|B_only,new_relation_rate,1,1,1.0,0.07854847078569012,,,,,,,-0.17843655354094698,,,1|1|1|1|1|1
MAIN|old|E|B_only,novelty,1,1,1.0,0.03410518993076378,,,,,,,0.03970809397116783,,,0|1|1|1|1|1
MAIN|new|E_up|all,closure,35,14,0.4,-0.4549387410661898,-1.0059499926438642,0.05970650264155284,0.088,0.044,0.956,0.2750565179125668,-0.36198852851987173,-0.9134262177757517,0.2180694007834325,4|8|13|14|14|14
MAIN|new|E_up|all,closure_resT,35,14,0.4,-0.36425335429740074,-0.8310121447304777,0.0869848931468224,0.121,0.0605,0.9395,0.2409675448789162,-0.28001663134112004,-0.7720652729260593,0.23167757920972318,4|8|13|14|14|14
MAIN|new|E_up|all,closure_persist,35,14,0.4,-0.6405083860887766,-1.4815217361529076,0.11005923761056337,0.103,0.0515,0.9485,0.3988838324657112,-0.389364187163581,-1.4181313718849742,0.5645875774917453,2|5|6|13|14|13
MAIN|new|E_up|all,constraint,35,14,0.4,0.07548270029858062,-0.012657929411228029,0.15839873476668362,0.096,0.952,0.048,0.04372443755638744,0.05444952285767649,-0.07955803684711849,0.16450877447711956,4|8|13|14|14|14
MAIN|new|E_up|all,cdeg_diag,35,14,0.4,0.16850007902072262,-0.05106921663164055,0.3728558758148736,0.125,0.9375,0.0625,0.10705741013541759,0.06599321150547988,-0.320320713081187,0.45373872425892275,4|8|13|14|14|14
MAIN|new|E_up|all,xc_excess,35,14,0.4,0.045610613198868694,-0.030089831452405687,0.11918687977351974,0.249,0.8755,0.1245,0.03858609500529112,0.09241886584890745,0.005000610071295782,0.17974937559460252,4|8|13|14|14|14
MAIN|new|E_up|all,wmz,35,14,0.4,0.016689208640175673,-0.018013853229493188,0.05028791349177488,0.305,0.8475,0.1525,0.017197469127315988,0.019392039490445954,-0.003048007961400241,0.038532638644351094,4|8|13|14|14|14
MAIN|new|E_up|all,d_wmz,35,14,0.4,-0.0012248727614679236,-0.03698178809044772,0.02626228151272657,0.979,0.4895,0.5105,0.015923480820043336,-0.01501870487128656,-0.05113911659912106,0.010732344279446467,2|4|8|13|14|14
MAIN|new|E_up|all,d_closure,35,14,0.4,-0.08693849292082848,-0.3414034657676402,0.18435693955670254,0.517,0.2585,0.7415,0.13608878269238728,-0.1489916273644814,-0.44305713573027034,0.16150392427320898,1|4|8|13|14|14
MAIN|new|E_up|all,new_relation_rate,35,14,0.4,0.05525355140499265,-0.011977247689782736,0.11540363799005544,0.087,0.9565,0.0435,0.03227867935138201,0.015934048344985085,-0.09846964850999473,0.1452693493450306,4|9|14|14|14|14
MAIN|new|E_up|all,novelty,35,14,0.4,0.06448941120208715,-0.006231604253161804,0.13540374110705625,0.084,0.958,0.042,0.03700348508061709,0.038219300851209614,-0.04963374127728758,0.12597408752711917,3|9|13|13|13|13
MAIN|new|E_up|all|newctl,closure,35,11,0.3142857142857143,-0.26875271810720996,-0.9303294163012235,0.3696714310766025,0.451,0.2255,0.7745,0.33374607561841185,-0.10992733294798607,-0.7905435060060637,0.5057580783464691,4|7|11|11|11|11
MAIN|new|E_up|all|newctl,closure_resT,35,11,0.3142857142857143,-0.2056759637682838,-0.832728654963705,0.36248250502636264,0.468,0.234,0.766,0.2969530320690498,-0.0805593451004278,-0.7128378872890747,0.49786066463190487,4|7|11|11|11|11
MAIN|new|E_up|all|newctl,closure_persist,35,11,0.3142857142857143,-0.03463739716376746,-0.7206772904486715,0.6277264971691753,0.952,0.476,0.524,0.34445057291646364,0.4753455661736662,-0.4309993607693662,1.060834196119892,1|4|5|11|11|10
MAIN|new|E_up|all|newctl,constraint,35,11,0.3142857142857143,0.08220318302491386,-0.029913947512240517,0.18701956964198785,0.151,0.9245,0.0755,0.056479548890993284,-0.0077080119034296625,-0.12441068837670677,0.09637379069563504,4|7|11|11|11|11
MAIN|new|E_up|all|newctl,cdeg_diag,35,11,0.3142857142857143,0.11829317037361672,-0.20571154833836688,0.4027693726021874,0.429,0.7855,0.2145,0.15558438083111759,-0.02908565089923427,-0.48304123456036424,0.40930913675932923,4|7|11|11|11|11
MAIN|new|E_up|all|newctl,xc_excess,35,11,0.3142857142857143,-0.006162168416847583,-0.09772794282366477,0.1088768368292432,0.877,0.4385,0.5615,0.052285478715529875,0.03496182619800686,-0.03308338068697497,0.11458490048557304,2|6|11|11|11|11
MAIN|new|E_up|all|newctl,wmz,35,11,0.3142857142857143,0.0006201439426833663,-0.04052078373961699,0.04266485833706538,0.958,0.521,0.479,0.02090152427981889,-0.0028643487118903328,-0.027361361233990127,0.02316193851125843,4|7|11|11|11|11
MAIN|new|E_up|all|newctl,d_wmz,35,11,0.3142857142857143,0.0003772055516962575,-0.041183792863137995,0.03076026317351674,0.913,0.5435,0.4565,0.0183643242787072,-0.006298294710380544,-0.04419855215607023,0.017208454616878345,1|4|7|11|11|11
MAIN|new|E_up|all|newctl,d_closure,35,11,0.3142857142857143,-0.04266022587632936,-0.26825667527959085,0.23126847716690985,0.672,0.336,0.664,0.13077273315988486,-0.03362170020201922,-0.24473885769804526,0.2680508421609617,1|4|7|11|11|11
MAIN|new|E_up|all|newctl,new_relation_rate,35,11,0.3142857142857143,0.03503004808326213,-0.060333810235419595,0.11886648279362068,0.442,0.779,0.221,0.04540811150958174,-0.017704197309424664,-0.1455740714322072,0.10703010316414052,4|7|11|11|11|11
MAIN|new|E_up|all|newctl,novelty,35,11,0.3142857142857143,0.04180545636185465,-0.060011095491084895,0.14515474914211557,0.394,0.803,0.197,0.05200598157399975,0.02967859197772519,-0.1010603726130512,0.1793713586791284,3|6|10|10|10|10
MAIN|new|E_up|B_only,closure,32,13,0.40625,-0.3992363134905743,-0.998584988849979,0.18529753017542344,0.174,0.087,0.913,0.3017083750485292,-0.3632837216439845,-0.9894434048798045,0.2747025879764267,4|8|12|13|13|13
MAIN|new|E_up|B_only,closure_resT,32,13,0.40625,-0.3060753654897972,-0.8266906144395818,0.1782975454354294,0.244,0.122,0.878,0.2576898113197056,-0.2793435430283998,-0.8326411433075174,0.2900966218195119,4|8|12|13|13|13
MAIN|new|E_up|B_only,closure_persist,32,13,0.40625,-0.35276640422527333,-0.9957180312398064,0.23663577932505675,0.308,0.154,0.846,0.32674550185933954,-0.12324011444093053,-0.9612861308659002,0.69198556976069,2|5|5|12|13|12
MAIN|new|E_up|B_only,constraint,32,13,0.40625,0.08105105642873878,-0.017629963286983397,0.17068956037684951,0.107,0.9465,0.0535,0.047656843558231535,0.026601945262158793,-0.09787648110214747,0.1289099950770533,4|8|12|13|13|13
MAIN|new|E_up|B_only,cdeg_diag,32,13,0.40625,0.19290853363572602,-0.0390730443136107,0.41316585350968926,0.11,0.945,0.055,0.1160980622809994,0.0681558578017726,-0.33153554582309147,0.4833792337194361,4|8|12|13|13|13
MAIN|new|E_up|B_only,xc_excess,32,13,0.40625,0.04474192935297761,-0.04185591696173571,0.14123080905382618,0.346,0.827,0.173,0.046967537143403786,0.07319340391068466,-0.011093267098821349,0.16146635422936415,3|7|12|13|13|13
MAIN|new|E_up|B_only,wmz,32,13,0.40625,0.017611113994444795,-0.01945566904278795,0.052631563216551734,0.359,0.8205,0.1795,0.018710134667012365,0.019781529529800956,-0.004568347409102775,0.039212434313401774,4|8|12|13|13|13
MAIN|new|E_up|B_only,d_wmz,32,13,0.40625,-0.0005748919291587347,-0.03382499899340094,0.026155062842724612,0.95,0.525,0.475,0.015115901810815423,-0.014299361806115829,-0.047253045512927666,0.011675526750276088,2|4|8|12|13|13
MAIN|new|E_up|B_only,d_closure,32,13,0.40625,-0.09928160614773557,-0.35525815736678135,0.1896366190567146,0.436,0.218,0.782,0.13762956796317966,-0.10032054661578416,-0.3206141052314686,0.166531702941922,1|4|8|12|13|13
MAIN|new|E_up|B_only,new_relation_rate,32,13,0.40625,0.047079128037689905,-0.018596430241506805,0.11411075482991316,0.163,0.9185,0.0815,0.033799695512023296,0.0032389123808927037,-0.09936347418926698,0.12050013958735133,4|9|13|13|13|13
MAIN|new|E_up|B_only,novelty,32,13,0.40625,0.06200800856274245,-0.018932289323833135,0.13735815507264737,0.11,0.945,0.055,0.038762697619740306,0.06307182324952196,-0.051872436222587394,0.19254902027625698,3|8|12|12|12|12
MAIN|new|E_up|B_only|newctl,closure,32,11,0.34375,-0.26875271810720996,-0.956833866248746,0.3767497104659886,0.446,0.223,0.777,0.3435127944036396,-0.10992733294798607,-0.8203659575291254,0.5254575061545662,4|7|11|11|11|11
MAIN|new|E_up|B_only|newctl,closure_resT,32,11,0.34375,-0.2056759637682838,-0.811748977765201,0.357275268461333,0.472,0.236,0.764,0.2985613195640549,-0.0805593451004278,-0.7201064850751498,0.46963632508050657,4|7|11|11|11|11
MAIN|new|E_up|B_only|newctl,closure_persist,32,11,0.34375,-0.03463739716376746,-0.7020753382044073,0.5962224770194846,0.978,0.489,0.511,0.33162613891265774,0.4753455661736662,-0.3554776633788306,1.0328168983273447,1|4|5|11|11|10
MAIN|new|E_up|B_only|newctl,constraint,32,11,0.34375,0.08220318302491386,-0.025024373320855584,0.18799285944161037,0.134,0.933,0.067,0.05439181398691813,-0.0077080119034296625,-0.12522733542058614,0.09374172156072563,4|7|11|11|11|11
MAIN|new|E_up|B_only|newctl,cdeg_diag,32,11,0.34375,0.11829317037361672,-0.21131913831611546,0.40304221574905597,0.494,0.753,0.247,0.15874062402116684,-0.02908565089923427,-0.4830236360445182,0.3933622765895048,4|7|11|11|11|11
MAIN|new|E_up|B_only|newctl,xc_excess,32,11,0.34375,-0.006162168416847583,-0.098713920903443,0.10187620699821551,0.85,0.425,0.575,0.049686765988272326,0.03496182619800686,-0.03339507980834958,0.10697928193522857,2|6|11|11|11|11
MAIN|new|E_up|B_only|newctl,wmz,32,11,0.34375,0.0006201439426833663,-0.04059945163050398,0.04282679250180991,0.965,0.5175,0.4825,0.021479578956896,-0.0028643487118903328,-0.028973280039542318,0.023693426976924798,4|7|11|11|11|11
MAIN|new|E_up|B_only|newctl,d_wmz,32,11,0.34375,0.0003772055516962575,-0.037562176176204075,0.030187353971595894,0.896,0.552,0.448,0.0175084242595558,-0.006298294710380544,-0.04312879957990477,0.01752820948343321,1|4|7|11|11|11
MAIN|new|E_up|B_only|newctl,d_closure,32,11,0.34375,-0.04266022587632936,-0.2706827346044727,0.2390633812064132,0.721,0.3605,0.6395,0.1308688614696721,-0.03362170020201922,-0.23757176947352726,0.31343348315262876,1|4|7|11|11|11
MAIN|new|E_up|B_only|newctl,new_relation_rate,32,11,0.34375,0.03503004808326213,-0.05196639189933378,0.13053646644465047,0.425,0.7875,0.2125,0.04658550088830404,-0.017704197309424664,-0.15068360419574198,0.11068424000080163,4|7|11|11|11|11
MAIN|new|E_up|B_only|newctl,novelty,32,11,0.34375,0.04180545636185465,-0.055894759687444236,0.14650697671116344,0.387,0.8065,0.1935,0.05051339261557627,0.02967859197772519,-0.10022553470313712,0.17459391463619386,3|6|10|10|10|10
MAIN|new|E_alt|all,closure,9,5,0.5555555555555556,0.2505231164475461,-0.6347719856405197,0.9950759970332592,0.621,0.6895,0.3105,0.4511657392602367,0.19525516645467542,-0.6834128860637134,0.9213258838560417,2|3|4|5|5|5
MAIN|new|E_alt|all,closure_resT,9,5,0.5555555555555556,0.6073451331566488,-0.2069407506830796,1.1289869256306904,0.124,0.938,0.062,0.3607377232365676,0.5013857087303207,-0.224297697853603,1.0262087193580391,2|3|4|5|5|5
MAIN|new|E_alt|all,closure_persist,9,5,0.5555555555555556,-0.10894653888181138,-1.0682549041897569,1.0310146675869432,0.754,0.377,0.623,0.544293660926824,0.40750597753280066,-0.7288351104221735,1.1554570586331385,1|2|3|4|5|4
MAIN|new|E_alt|all,constraint,9,5,0.5555555555555556,0.03746265503804323,-0.13375972444562217,0.16888357100909626,0.595,0.7025,0.2975,0.08110397523874818,-0.0038933283061743096,-0.21657350710546516,0.2337558841312747,2|3|4|5|5|5
MAIN|new|E_alt|all,cdeg_diag,9,5,0.5555555555555556,0.07946898839973845,-0.44681018911291104,0.5498843159742581,0.732,0.634,0.366,0.2590626544728232,-0.0913368467175413,-0.6883084469065296,0.5362387864102938,2|3|4|5|5|5
MAIN|new|E_alt|all,xc_excess,9,5,0.5555555555555556,0.06120774466546524,-0.0570709077959078,0.22396038776038774,0.513,0.7435,0.2565,0.07494713701791672,0.09543690169307814,-0.012018455389925964,0.22656059137666978,2|3|4|5|5|5
MAIN|new|E_alt|all,wmz,9,5,0.5555555555555556,0.008125623853410572,-0.03370479937520055,0.049956047082021685,0.643,0.6785,0.3215,0.0215953493428244,-0.026110550895687756,-0.10046655559897841,0.05051563901909335,3|4|5|5|5|5
MAIN|new|E_alt|all,d_wmz,9,5,0.5555555555555556,0.03504466887050712,-0.004470074157205862,0.07845560628943549,0.166,0.917,0.083,0.022317520867695017,-0.00229782217805542,-0.029668174354280718,0.02467575026381821,2|3|4|5|5|5
MAIN|new|E_alt|all,d_closure,9,5,0.5555555555555556,0.23475330093814004,-0.19737646394819583,0.7216262438086478,0.343,0.8285,0.1715,0.23753453129593483,0.14869914134999568,0.041293466947499115,0.4336301341954766,1|2|3|4|5|5
MAIN|new|E_alt|all,new_relation_rate,9,5,0.5555555555555556,0.10629961621942631,0.04682422766870851,0.1665871273724227,0.0005,1.0,0.0005,0.031105030784525867,0.06366073820593383,-0.011376006833049294,0.14614002258694223,3|4|5|5|5|5
MAIN|new|E_alt|all,novelty,9,5,0.5555555555555556,0.16708036933319545,0.0855828121149327,0.2412036606711122,0.0005,1.0,0.0005,0.038773862470221396,0.15188171730795905,0.10489688098106989,0.241866351133055,2|4|4|4|4|4
MAIN|new|E_alt|all|newctl,closure,9,4,0.4444444444444444,0.37905730049358943,-0.7960695975463592,1.2711573159999616,0.541,0.7295,0.2705,0.5379707975041884,0.41689645865276426,-0.539317173425126,1.0968707895663186,2|3|4|4|4|4
MAIN|new|E_alt|all|newctl,closure_resT,9,4,0.4444444444444444,0.5688188231290583,-0.4817847525930461,1.2553073372725452,0.258,0.871,0.129,0.4795645735905771,0.6136525047890677,-0.41732012773778937,1.1282740179874367,2|3|4|4|4|4
MAIN|new|E_alt|all|newctl,closure_persist,9,4,0.4444444444444444,-0.12181829758002849,-1.0588458296316028,1.1260218899675238,0.758,0.379,0.621,0.5593519465601371,0.8490641537898889,-0.508158929660843,1.2426810351516093,1|1|3|4|4|3
MAIN|new|E_alt|all|newctl,constraint,9,4,0.4444444444444444,0.06694943127166136,-0.10402840843449696,0.1741620120817955,0.508,0.746,0.254,0.0755781806796993,-0.005406253680037903,-0.20627019280964226,0.22188845077858935,2|3|4|4|4|4
MAIN|new|E_alt|all|newctl,cdeg_diag,9,4,0.4444444444444444,0.20795729244458344,-0.3174247234440278,0.5364710049194753,0.522,0.739,0.261,0.2323673652105253,-0.01809653304159995,-0.611995742647586,0.5597411347476571,2|3|4|4|4|4
MAIN|new|E_alt|all|newctl,xc_excess,9,4,0.4444444444444444,-0.045477705097190436,-0.10370911849588325,0.054930873252564405,0.515,0.2575,0.7425,0.04387201106663207,0.014722843877255611,-0.038800534024798765,0.06443380394115687,1|3|4|4|4|4
MAIN|new|E_alt|all|newctl,wmz,9,4,0.4444444444444444,0.0036374225601610057,-0.04296766601881975,0.050242511139141764,0.912,0.544,0.456,0.02481445938338361,-0.007542621654249376,-0.05406014177511281,0.05830389474964492,2|3|4|4|4|4
MAIN|new|E_alt|all|newctl,d_wmz,9,4,0.4444444444444444,0.012937303496851845,-0.007079657567127855,0.04331314804576215,0.595,0.7025,0.2975,0.014251462199957522,0.0034972185631170884,-0.02173927638460059,0.04169109891468492,1|2|3|4|4|4
MAIN|new|E_alt|all|newctl,d_closure,9,4,0.4444444444444444,0.09824277515170557,-0.2655725335401642,0.4793422133901145,0.75,0.625,0.375,0.19330381933888,0.11771320155649537,0.039992210961493455,0.37433496339567157,1|2|3|4|4|4
MAIN|new|E_alt|all|newctl,new_relation_rate,9,4,0.4444444444444444,0.09565018186292029,0.027373942301844686,0.15291141051426232,0.0005,1.0,0.0005,0.03110997942924544,0.07276523256747809,-0.01194789604094637,0.2507020362893884,2|3|4|4|4|4
MAIN|new|E_alt|all|newctl,novelty,9,4,0.4444444444444444,0.1222302480943279,-0.04716694029670174,0.24402386296014958,0.09562154001006543,0.9521892299949672,0.04781077000503271,0.07363300631295919,0.12360672430137472,0.030700146353655942,0.25119960071321606,1|3|3|3|3|3
MAIN|new|E_alt|B_only,closure,9,5,0.5555555555555556,0.2505231164475461,-0.7273001109335075,0.9939755141174056,0.582,0.709,0.291,0.4512138424770419,0.19525516645467542,-0.6834128860637134,0.9213258838560417,2|3|4|5|5|5
MAIN|new|E_alt|B_only,closure_resT,9,5,0.5555555555555556,0.6073451331566488,-0.17190610039199425,1.1636733352738837,0.114,0.943,0.057,0.35648673172600504,0.5013857087303207,-0.22429769785360296,1.013628469626511,2|3|4|5|5|5
MAIN|new|E_alt|B_only,closure_persist,9,5,0.5555555555555556,-0.10894653888181138,-1.1073732031921566,0.9811147782695598,0.735,0.3675,0.6325,0.542349414362032,0.40750597753280066,-0.7288351104221735,1.1554570586331385,1|2|3|4|5|4
MAIN|new|E_alt|B_only,constraint,9,5,0.5555555555555556,0.03746265503804323,-0.13375972444562217,0.16887595071740896,0.595,0.7025,0.2975,0.08056796019734473,-0.0038933283061743096,-0.21657350710546516,0.2337558841312747,2|3|4|5|5|5
MAIN|new|E_alt|B_only,cdeg_diag,9,5,0.5555555555555556,0.07946898839973845,-0.44495740569709286,0.5377854392819039,0.751,0.6245,0.3755,0.2540265625741405,-0.0913368467175413,-0.6883084469065296,0.5236010828993682,2|3|4|5|5|5
MAIN|new|E_alt|B_only,xc_excess,9,5,0.5555555555555556,0.06120774466546524,-0.054958229787641526,0.2269618835412953,0.518,0.741,0.259,0.07591349616600634,0.09543690169307814,-0.005883676650147213,0.22656059137666978,2|3|4|5|5|5
MAIN|new|E_alt|B_only,wmz,9,5,0.5555555555555556,0.008125623853410572,-0.03370479937520055,0.049956047082021685,0.681,0.6595,0.3405,0.021615018497979314,-0.026110550895687756,-0.11072697522094085,0.04837766163802596,3|4|5|5|5|5
MAIN|new|E_alt|B_only,d_wmz,9,5,0.5555555555555556,0.03504466887050712,-0.004470074157205855,0.07845560628943549,0.146,0.927,0.073,0.02233739715190031,-0.00229782217805542,-0.030476162986861767,0.02467575026381821,2|3|4|5|5|5
MAIN|new|E_alt|B_only,d_closure,9,5,0.5555555555555556,0.23475330093814004,-0.22148715239856565,0.7216262438086478,0.382,0.809,0.191,0.24192593629347434,0.14869914134999568,0.031395122035930756,0.43453233189279217,1|2|3|4|5|5
MAIN|new|E_alt|B_only,new_relation_rate,9,5,0.5555555555555556,0.10629961621942631,0.043758937640660606,0.16884029479819201,0.0005,1.0,0.0005,0.03169763502401897,0.06366073820593383,-0.015508870647022766,0.14756853298004846,3|4|5|5|5|5
MAIN|new|E_alt|B_only,novelty,9,5,0.5555555555555556,0.16708036933319545,0.09102310428392231,0.2412036606711122,0.0005002501250625312,1.0,0.0005002501250625312,0.037802161754628076,0.15188171730795905,0.10489688098106989,0.241866351133055,2|4|4|4|4|4
MAIN|new|E_alt|B_only|newctl,closure,9,4,0.4444444444444444,0.37905730049358943,-0.7960695975463592,1.2711573159999616,0.575,0.7125,0.2875,0.560801070748038,0.41689645865276426,-0.539317173425126,1.0968707895663186,2|3|4|4|4|4
MAIN|new|E_alt|B_only|newctl,closure_resT,9,4,0.4444444444444444,0.5688188231290583,-0.4795231864517379,1.2553073372725452,0.236,0.882,0.118,0.46349918944435664,0.6136525047890677,-0.2877881848856595,1.1282740179874367,2|3|4|4|4|4
MAIN|new|E_alt|B_only|newctl,closure_persist,9,4,0.4444444444444444,-0.12181829758002849,-1.0588458296316028,1.1260218899675238,0.677,0.3385,0.6615,0.5619347600949698,0.8490641537898889,-0.508158929660843,1.2426810351516093,1|1|3|4|4|3
MAIN|new|E_alt|B_only|newctl,constraint,9,4,0.4444444444444444,0.06694943127166136,-0.10402840843449698,0.1741620120817955,0.509,0.7455,0.2545,0.07559318886296497,-0.005406253680037903,-0.20627019280964226,0.22188845077858935,2|3|4|4|4|4
MAIN|new|E_alt|B_only|newctl,cdeg_diag,9,4,0.4444444444444444,0.20795729244458344,-0.3174247234440278,0.5364710049194753,0.494,0.753,0.247,0.22912744853348707,-0.01809653304159995,-0.611995742647586,0.5597411347476571,2|3|4|4|4|4
MAIN|new|E_alt|B_only|newctl,xc_excess,9,4,0.4444444444444444,-0.045477705097190436,-0.10370911849588325,0.054930873252564405,0.539,0.2695,0.7305,0.04467900634666141,0.014722843877255611,-0.038800534024798765,0.06443380394115687,1|3|4|4|4|4
MAIN|new|E_alt|B_only|newctl,wmz,9,4,0.4444444444444444,0.0036374225601610057,-0.04296766601881975,0.06139313406456657,0.884,0.558,0.442,0.025519143525833107,-0.007542621654249376,-0.05406014177511281,0.06813722498148571,2|3|4|4|4|4
MAIN|new|E_alt|B_only|newctl,d_wmz,9,4,0.4444444444444444,0.012937303496851845,-0.007079657567127851,0.04331314804576215,0.577,0.7115,0.2885,0.014238095863044265,0.0034972185631170884,-0.02173927638460059,0.04169109891468492,1|2|3|4|4|4
MAIN|new|E_alt|B_only|newctl,d_closure,9,4,0.4444444444444444,0.09824277515170557,-0.2655725335401642,0.4793422133901145,0.694,0.653,0.347,0.19957164476397415,0.11771320155649537,0.039992210961493455,0.37433496339567157,1|2|3|4|4|4
MAIN|new|E_alt|B_only|newctl,new_relation_rate,9,4,0.4444444444444444,0.09565018186292029,0.035156702019673386,0.15291141051426232,0.0005,1.0,0.0005,0.030545199169552107,0.07276523256747809,-0.01194789604094637,0.2507020362893884,2|3|4|4|4|4
MAIN|new|E_alt|B_only|newctl,novelty,9,4,0.4444444444444444,0.1222302480943279,-0.04716694029670174,0.24402386296014958,0.10837932764676367,0.9458103361766181,0.054189663823381834,0.07495593240016449,0.12360672430137472,0.030700146353655942,0.25119960071321606,1|3|3|3|3|3
MAIN|new|E|all,closure,4,1,0.25,-1.3922635447790712,,,,,,,-1.242024741851458,,,0|0|1|1|1|1
MAIN|new|E|all,closure_resT,4,1,0.25,-0.9232912491261372,,,,,,,-0.8211808050744936,,,0|0|1|1|1|1
MAIN|new|E|all,closure_persist,4,1,0.25,-1.290696306850721,,,,,,,-1.2047179310070997,,,0|0|0|1|1|1
MAIN|new|E|all,constraint,4,1,0.25,0.14133916723541998,,,,,,,0.07481575608547976,,,0|0|1|1|1|1
MAIN|new|E|all,cdeg_diag,4,1,0.25,0.1992384844672544,,,,,,,-0.15783654200272834,,,0|0|1|1|1|1
MAIN|new|E|all,xc_excess,4,1,0.25,-0.0083993503772916,,,,,,,-0.0259565492604709,,,0|0|1|1|1|1
MAIN|new|E|all,wmz,4,1,0.25,0.048003263110459216,,,,,,,0.06406749406793728,,,0|0|1|1|1|1
MAIN|new|E|all,d_wmz,4,1,0.25,-0.0010141347720010925,,,,,,,0.0634160371993289,,,0|0|0|1|1|1
MAIN|new|E|all,d_closure,4,1,0.25,-0.2052693383801291,,,,,,,-0.22964818031087889,,,0|0|0|1|1|1
MAIN|new|E|all,new_relation_rate,4,1,0.25,0.19585405865737135,,,,,,,0.2086403652344321,,,0|0|1|1|1|1
MAIN|new|E|all,novelty,4,1,0.25,0.21629780250260008,,,,,,,0.21952396155955464,,,0|0|1|1|1|1
MAIN|new|E|all|newctl,closure,4,1,0.25,-1.4327020574704616,,,,,,,-1.4062149076106039,,,0|0|1|1|1|1
MAIN|new|E|all|newctl,closure_resT,4,1,0.25,-1.022301973193712,,,,,,,-1.1079985312216383,,,0|0|1|1|1|1
MAIN|new|E|all|newctl,closure_persist,4,1,0.25,-1.1536782298148647,,,,,,,-1.0452026490650812,,,0|0|0|1|1|1
MAIN|new|E|all|newctl,constraint,4,1,0.25,0.16389391867217626,,,,,,,0.131942184041123,,,0|0|1|1|1|1
MAIN|new|E|all|newctl,cdeg_diag,4,1,0.25,0.529700025802404,,,,,,,0.2971155333399818,,,0|0|1|1|1|1
MAIN|new|E|all|newctl,xc_excess,4,1,0.25,0.10780237164795986,,,,,,,0.09758209437621206,,,0|0|1|1|1|1
MAIN|new|E|all|newctl,wmz,4,1,0.25,0.07254375698999138,,,,,,,0.0965261080699148,,,0|0|1|1|1|1
MAIN|new|E|all|newctl,d_wmz,4,1,0.25,-0.001415838612030762,,,,,,,0.09500119706375226,,,0|0|0|1|1|1
MAIN|new|E|all|newctl,d_closure,4,1,0.25,0.012273682797624788,,,,,,,0.01620725095606268,,,0|0|0|1|1|1
MAIN|new|E|all|newctl,new_relation_rate,4,1,0.25,0.11444795249048251,,,,,,,0.07326611585102638,,,0|0|1|1|1|1
MAIN|new|E|all|newctl,novelty,4,1,0.25,0.16983382161953586,,,,,,,0.13710850615612516,,,0|0|1|1|1|1
MAIN|new|E|B_only,closure,3,1,0.3333333333333333,-1.3922635447790712,,,,,,,-1.242024741851458,,,0|0|1|1|1|1
MAIN|new|E|B_only,closure_resT,3,1,0.3333333333333333,-0.9232912491261372,,,,,,,-0.8211808050744936,,,0|0|1|1|1|1
MAIN|new|E|B_only,closure_persist,3,1,0.3333333333333333,-1.290696306850721,,,,,,,-1.2047179310070997,,,0|0|0|1|1|1
MAIN|new|E|B_only,constraint,3,1,0.3333333333333333,0.14133916723541998,,,,,,,0.07481575608547976,,,0|0|1|1|1|1
MAIN|new|E|B_only,cdeg_diag,3,1,0.3333333333333333,0.1992384844672544,,,,,,,-0.15783654200272834,,,0|0|1|1|1|1
MAIN|new|E|B_only,xc_excess,3,1,0.3333333333333333,-0.0083993503772916,,,,,,,-0.0259565492604709,,,0|0|1|1|1|1
MAIN|new|E|B_only,wmz,3,1,0.3333333333333333,0.048003263110459216,,,,,,,0.06406749406793728,,,0|0|1|1|1|1
MAIN|new|E|B_only,d_wmz,3,1,0.3333333333333333,-0.0010141347720010925,,,,,,,0.0634160371993289,,,0|0|0|1|1|1
MAIN|new|E|B_only,d_closure,3,1,0.3333333333333333,-0.2052693383801291,,,,,,,-0.22964818031087889,,,0|0|0|1|1|1
MAIN|new|E|B_only,new_relation_rate,3,1,0.3333333333333333,0.19585405865737135,,,,,,,0.2086403652344321,,,0|0|1|1|1|1
MAIN|new|E|B_only,novelty,3,1,0.3333333333333333,0.21629780250260008,,,,,,,0.21952396155955464,,,0|0|1|1|1|1
MAIN|new|E|B_only|newctl,closure,3,1,0.3333333333333333,-1.4327020574704616,,,,,,,-1.4062149076106039,,,0|0|1|1|1|1
MAIN|new|E|B_only|newctl,closure_resT,3,1,0.3333333333333333,-1.022301973193712,,,,,,,-1.1079985312216383,,,0|0|1|1|1|1
MAIN|new|E|B_only|newctl,closure_persist,3,1,0.3333333333333333,-1.1536782298148647,,,,,,,-1.0452026490650812,,,0|0|0|1|1|1
MAIN|new|E|B_only|newctl,constraint,3,1,0.3333333333333333,0.16389391867217626,,,,,,,0.131942184041123,,,0|0|1|1|1|1
MAIN|new|E|B_only|newctl,cdeg_diag,3,1,0.3333333333333333,0.529700025802404,,,,,,,0.2971155333399818,,,0|0|1|1|1|1
MAIN|new|E|B_only|newctl,xc_excess,3,1,0.3333333333333333,0.10780237164795986,,,,,,,0.09758209437621206,,,0|0|1|1|1|1
MAIN|new|E|B_only|newctl,wmz,3,1,0.3333333333333333,0.07254375698999138,,,,,,,0.0965261080699148,,,0|0|1|1|1|1
MAIN|new|E|B_only|newctl,d_wmz,3,1,0.3333333333333333,-0.001415838612030762,,,,,,,0.09500119706375226,,,0|0|0|1|1|1
MAIN|new|E|B_only|newctl,d_closure,3,1,0.3333333333333333,0.012273682797624788,,,,,,,0.01620725095606268,,,0|0|0|1|1|1
MAIN|new|E|B_only|newctl,new_relation_rate,3,1,0.3333333333333333,0.11444795249048251,,,,,,,0.07326611585102638,,,0|0|1|1|1|1
MAIN|new|E|B_only|newctl,novelty,3,1,0.3333333333333333,0.16983382161953586,,,,,,,0.13710850615612516,,,0|0|1|1|1|1
STRICT|all|E_up|all,closure,65,25,0.38461538461538464,-0.4529317625384359,-0.821440430810289,-0.08087266532599204,0.012,0.006,0.994,0.1954193679864583,-0.513640807488003,-0.8662025368580024,-0.13069439700683358,8|14|24|25|25|25
STRICT|all|E_up|all,closure_resT,65,25,0.38461538461538464,-0.298289529126479,-0.6721961525169096,0.09697359398009843,0.125,0.0625,0.9375,0.19535472273884288,-0.33568365252684734,-0.6962894957963713,0.052909743443937854,8|14|24|25|25|25
STRICT|all|E_up|all,closure_persist,65,25,0.38461538461538464,-0.6304796016351665,-1.3432450787895103,0.01592134026463495,0.061,0.0305,0.9695,0.3426612943922345,-0.5522039205712532,-1.1690827678828575,0.059034342787164504,5|9|11|23|25|24
STRICT|all|E_up|all,constraint,65,25,0.38461538461538464,0.09268741641447847,0.02504470196155157,0.16665795730075816,0.004,0.998,0.002,0.03567564687454238,0.06858526509898921,-0.03163295206534339,0.16274658828196903,8|14|24|25|25|25
STRICT|all|E_up|all,cdeg_diag,65,25,0.38461538461538464,0.3070633105856103,0.11296992652613237,0.529142158788243,0.0005,1.0,0.0005,0.10868171159472097,0.16660274350047538,-0.12594713069131705,0.46034238173997893,8|14|24|25|25|25
STRICT|all|E_up|all,xc_excess,65,25,0.38461538461538464,0.0676731306700934,0.014995653766580934,0.1176419286103907,0.015,0.9925,0.0075,0.02611567529604739,0.08572305262288396,0.021469324426437127,0.15432163996088044,8|14|24|25|25|25
STRICT|all|E_up|all,wmz,65,25,0.38461538461538464,0.0352227452931477,0.009077801190156973,0.0602993929980573,0.014,0.993,0.007,0.013073199882654396,0.03645756807001036,0.009825968857141027,0.06016886764399734,8|15|24|25|25|25
STRICT|all|E_up|all,d_wmz,65,25,0.38461538461538464,0.004456201278115859,-0.014319207635604615,0.01872324130091652,0.566,0.717,0.283,0.00852777069827705,-0.004468283452993247,-0.0266163481599607,0.013788776887418882,3|8|15|24|25|25
STRICT|all|E_up|all,d_closure,65,25,0.38461538461538464,0.057765582754231465,-0.12121265977227602,0.2505793285720828,0.514,0.743,0.257,0.09401932026872027,0.08708404243971272,-0.1547463879184107,0.33361049796220066,2|8|14|24|25|25
STRICT|all|E_up|all,new_relation_rate,65,25,0.38461538461538464,0.07115223784849622,0.02453059954309613,0.11855824564171687,0.004,0.998,0.002,0.02431064237635783,0.046779310044097556,-0.03896334217212818,0.13136570908128575,9|16|25|25|25|25
STRICT|all|E_up|all,novelty,65,25,0.38461538461538464,0.08804596017433403,0.0331831361654647,0.14207130555970177,0.001,0.9995,0.0005,0.027794986664820262,0.09865485739088614,0.02004934316993196,0.1685030711003747,6|16|24|24|24|24
STRICT|all|E_up|B_only,closure,59,22,0.3728813559322034,-0.4085316032076289,-0.8293376647040027,0.021882885033895218,0.065,0.0325,0.9675,0.21662109098650892,-0.49404122621243135,-0.8999327419361259,-0.05906183242311137,8|13|21|22|22|22
STRICT|all|E_up|B_only,closure_resT,59,22,0.3728813559322034,-0.26288044154953505,-0.7159270493137777,0.18090162583525674,0.236,0.118,0.882,0.2254757389841039,-0.3225798266507808,-0.7631862903279474,0.10720908675457323,8|13|21|22|22|22
STRICT|all|E_up|B_only,closure_persist,59,22,0.3728813559322034,-0.40554837035242647,-1.1272406500300054,0.264294389905342,0.232,0.116,0.884,0.3461917425952684,-0.3264551230233141,-0.8884841417156321,0.24891717289605667,5|9|10|20|22|21
STRICT|all|E_up|B_only,constraint,59,22,0.3728813559322034,0.06845703575703534,-0.004102371608993889,0.13531099681952072,0.06,0.97,0.03,0.03562536376624446,0.034699156616057436,-0.06174922760711941,0.13243241715363344,8|13|21|22|22|22
STRICT|all|E_up|B_only,cdeg_diag,59,22,0.3728813559322034,0.2892216150444782,0.0595126326534612,0.5241073229625975,0.012,0.994,0.006,0.11802940348609145,0.1445219750249318,-0.17557660538726208,0.4562473084306275,8|13|21|22|22|22
STRICT|all|E_up|B_only,xc_excess,59,22,0.3728813559322034,0.07064510840066288,0.013411173381837208,0.12890800770487781,0.021,0.9895,0.0105,0.02976067676744079,0.07781914284042529,0.017131779135634233,0.14487074476468173,7|12|21|22|22|22
STRICT|all|E_up|B_only,wmz,59,22,0.3728813559322034,0.03519719869863555,0.005804302800668478,0.06390314277508728,0.014,0.993,0.007,0.01477246007606097,0.03736176217242275,0.010214146742007478,0.06354815971807651,8|14|21|22|22|22
STRICT|all|E_up|B_only,d_wmz,59,22,0.3728813559322034,0.0033165321783199067,-0.016184893693912322,0.01863804789791519,0.647,0.6765,0.3235,0.008884917271593913,-0.004444730583459008,-0.026492464158394294,0.015187822726410723,3|8|14|21|22|22
STRICT|all|E_up|B_only,d_closure,59,22,0.3728813559322034,0.02536648449924475,-0.16273980808131966,0.23651569175508727,0.825,0.5875,0.4125,0.10421098168500588,0.08485710366489985,-0.14579428329953062,0.32684625856843813,2|8|13|21|22|22
STRICT|all|E_up|B_only,new_relation_rate,59,22,0.3728813559322034,0.061568377510127954,0.01007231880511054,0.1170793487182861,0.017,0.9915,0.0085,0.02705326161725896,0.035412553587334694,-0.058008497362785925,0.12452515990832015,9|15|22|22|22|22
STRICT|all|E_up|B_only,novelty,59,22,0.3728813559322034,0.08315764500427625,0.01897610085929052,0.14920671403145128,0.007,0.9965,0.0035,0.031680329765210194,0.10835995973677492,0.02012864837447332,0.18447675997921192,6|14|21|21|21|21
STRICT|all|E_alt|all,closure,20,13,0.65,-0.022998404249743497,-0.5302345358236605,0.4520505689176527,0.946,0.473,0.527,0.2555310966048487,-0.10165967712434995,-0.6127033383105693,0.42197906966965265,5|8|12|13|13|13
STRICT|all|E_alt|all,closure_resT,20,13,0.65,0.32139054701965997,-0.23632738117804963,0.8432970000853998,0.268,0.866,0.134,0.2839176670150724,0.3071918099771902,-0.24208186332095294,0.8222037776866346,5|8|12|13|13|13
STRICT|all|E_alt|all,closure_persist,20,13,0.65,-0.16577714290424567,-0.9259800409566,0.6063937770197227,0.724,0.362,0.638,0.39565007131219876,0.09600183678590209,-0.9181268585899539,0.8849460935831859,3|5|7|10|13|12
STRICT|all|E_alt|all,constraint,20,13,0.65,0.05037755071480332,-0.059731978357362485,0.1663289586441464,0.358,0.821,0.179,0.05696697931362506,0.05183933499200315,-0.08554935857710627,0.20787694805968338,5|8|12|13|13|13
STRICT|all|E_alt|all,cdeg_diag,20,13,0.65,0.2887789079352311,-0.04425016915307563,0.6235967231695213,0.096,0.952,0.048,0.17101468479501347,0.020813148699956475,-0.43625008211455196,0.49072395964944204,5|8|12|13|13|13
STRICT|all|E_alt|all,xc_excess,20,13,0.65,0.07231756273909841,-0.011530293979002551,0.163910609071441,0.083,0.9585,0.0415,0.04464212410514578,0.03110172641426453,-0.08143710424393073,0.14653021137513225,5|8|11|13|13|12
STRICT|all|E_alt|all,wmz,20,13,0.65,0.013941475877282393,-0.027590150168495045,0.05447356535880633,0.444,0.778,0.222,0.02040726352214568,-0.006772313100871524,-0.05916930629205183,0.04837658446201733,6|9|13|13|13|13
STRICT|all|E_alt|all,d_wmz,20,13,0.65,0.01785360015058684,-0.0020281266733070563,0.04170658698216985,0.084,0.958,0.042,0.011320696302292104,0.0022380851981653105,-0.02152611794828367,0.021491870510964756,4|6|9|13|13|13
STRICT|all|E_alt|all,d_closure,20,13,0.65,0.16201793507824255,-0.054664468648789065,0.3874717830345186,0.146,0.927,0.073,0.11267212691654278,0.06812768888310884,-0.16953528730350653,0.26800695060321833,3|5|8|12|13|13
STRICT|all|E_alt|all,new_relation_rate,20,13,0.65,0.07262377484069346,0.030927117166527095,0.10912783598399338,0.001,0.9995,0.0005,0.020366204322991924,0.041775259559628714,-0.06559259429065675,0.14320610640301548,7|10|13|13|13|13
STRICT|all|E_alt|all,novelty,20,13,0.65,0.10457295801791977,0.05343820875961657,0.1536971207767967,0.0005,1.0,0.0005,0.02598085321154242,0.14624731778448927,0.08038551856971508,0.21189945498849122,5|9|11|12|12|12
STRICT|all|E_alt|B_only,closure,19,12,0.631578947368421,-0.022456924684043745,-0.5660400332929644,0.49072183999593155,0.923,0.4615,0.5385,0.2739833245699143,-0.10133238823766777,-0.6859919548400776,0.44577070238576005,5|7|11|12|12|12
STRICT|all|E_alt|B_only,closure_resT,19,12,0.631578947368421,0.34934445150656496,-0.2649953399686092,0.9556879933544566,0.284,0.858,0.142,0.3128817927552578,0.3398427059598162,-0.23891310916989353,0.8880349207460535,5|7|11|12|12|12
STRICT|all|E_alt|B_only,closure_persist,19,12,0.631578947368421,-0.18736739803187855,-1.0700595304639717,0.666011647946121,0.69,0.345,0.655,0.4395687171539813,0.09195227960164767,-0.9956729716311089,0.9444068623980886,3|5|7|9|12|11
STRICT|all|E_alt|B_only,constraint,19,12,0.631578947368421,0.01855216933089447,-0.08175031856695653,0.11868975433536261,0.694,0.653,0.347,0.05046026491066136,0.030885167192444895,-0.11336736534512472,0.18714670627242497,5|7|11|12|12|12
STRICT|all|E_alt|B_only,cdeg_diag,19,12,0.631578947368421,0.23777471758942076,-0.10957402995803925,0.5994527881936137,0.172,0.914,0.086,0.1764473206807821,-0.02542715180148051,-0.5030017371615128,0.48979996034626444,5|7|11|12|12|12
STRICT|all|E_alt|B_only,xc_excess,19,12,0.631578947368421,0.08554965224716489,0.0023698727384601657,0.17923894677937374,0.042,0.979,0.021,0.04497376954423332,0.041265321330102356,-0.07455020553486823,0.16514764475506044,5|7|10|12|12|11
STRICT|all|E_alt|B_only,wmz,19,12,0.631578947368421,0.007328574181284241,-0.036000662518218596,0.0473028818933761,0.721,0.6395,0.3605,0.0210155858463391,-0.010093109101592806,-0.06899982771384414,0.04929785945016964,6|8|12|12|12|12
STRICT|all|E_alt|B_only,d_wmz,19,12,0.631578947368421,0.015478533800683217,-0.004253526206435696,0.042380380411466294,0.166,0.917,0.083,0.01237860281525772,0.002840803570926656,-0.018838171825721967,0.021733127561292306,4|6|8|12|12|12
STRICT|all|E_alt|B_only,d_closure,19,12,0.631578947368421,0.17444330907403766,-0.06850779119581446,0.4219545143090724,0.156,0.922,0.078,0.12452587482323793,0.05413654018070566,-0.18374353281171554,0.27271388161147825,3|5|7|11|12|12
STRICT|all|E_alt|B_only,new_relation_rate,19,12,0.631578947368421,0.07569490252102327,0.030355064836062852,0.1145912772030122,0.0005,1.0,0.0005,0.021534465772366757,0.041492799430300924,-0.06728721584264635,0.14431716321190027,7|9|12|12|12|12
STRICT|all|E_alt|B_only,novelty,19,12,0.631578947368421,0.11395811476077243,0.055990585194286194,0.16545145757395194,0.0005,1.0,0.0005,0.027372046521985393,0.1556360635189426,0.08630861320477258,0.2187090784531788,5|8|10|11|11|11
STRICT|all|E|all,closure,7,2,0.2857142857142857,-1.3121477838981086,-1.3922635447790712,-1.232032023017146,0.0005,0.0005,1.0,0.05665310414390358,-1.1882925563187674,-1.280782520917971,-1.1882925563187674,0|1|2|2|2|2
STRICT|all|E|all,closure_resT,7,2,0.2857142857142857,-1.0014918648219935,-1.0796924805178498,-0.9232912491261372,0.0005,0.0005,1.0,0.055245319640196446,-0.966799061039581,-1.2341884568985815,-0.8211808050744936,0|1|2|2|2|2
STRICT|all|E|all,closure_persist,7,2,0.2857142857142857,-1.4181576187021396,-1.4181576187021396,-1.290696306850721,0.0005,0.0005,1.0,0.05559258414674864,-1.6282758122030057,-1.8469584721567294,-1.2047179310070997,0|0|1|2|2|2
STRICT|all|E|all,constraint,7,2,0.2857142857142857,0.005380853250690813,-0.13057746073403836,0.14133916723541998,0.481,0.7595,0.2405,0.0959407238251729,-0.03779085929509653,-0.1121461255186694,0.07481575608547976,0|1|2|2|2|2
STRICT|all|E|all,cdeg_diag,7,2,0.2857142857142857,0.001784466981977817,-0.19566955050329865,0.1992384844672544,0.492,0.754,0.246,0.13803887585868418,-0.2110350031459366,-0.2110350031459366,-0.15783654200272834,0|1|2|2|2|2
STRICT|all|E|all,xc_excess,7,2,0.2857142857142857,0.10331611238635233,-0.0083993503772916,0.21503157514999627,0.5,0.75,0.25,0.0796391079741308,0.14124348539460768,-0.0259565492604709,0.23301678846609192,0|1|2|2|2|2
STRICT|all|E|all,wmz,7,2,0.2857142857142857,0.04772732503654864,0.047451386962638065,0.048003263110459216,0.0005,1.0,0.0005,0.00019730143975894398,0.06529086150864037,0.06406749406793728,0.06584621203690094,0|1|2|2|2|2
STRICT|all|E|all,d_wmz,7,2,0.2857142857142857,0.007371003828789462,-0.018394825074262877,0.007371003828789462,0.984,0.508,0.492,0.01038299896282685,0.03208300734277156,-0.02330792186179964,0.0634160371993289,0|0|1|2|2|2
STRICT|all|E|all,d_closure,7,2,0.2857142857142857,-0.23003516280622238,-0.23003516280622238,0.04875049790082503,0.487,0.2435,0.7565,0.11671549761434465,-0.3469508602028137,-0.3469508602028137,-0.06764450722747746,0|0|1|2|2|2
STRICT|all|E|all,new_relation_rate,7,2,0.2857142857142857,0.13720126472153074,0.07854847078569012,0.19585405865737135,0.0005,1.0,0.0005,0.04181471697153572,-0.1324297386287153,-0.17843655354094698,0.2086403652344321,1|1|2|2|2|2
STRICT|all|E|all,novelty,7,2,0.2857142857142857,0.12520149621668195,0.03410518993076378,0.21629780250260008,0.0005,1.0,0.0005,0.06524476724874798,0.12383746438859874,0.03970809397116783,0.21952396155955464,0|1|2|2|2|2
STRICT|all|E|B_only,closure,4,2,0.5,-1.3121477838981086,-1.3922635447790712,-1.232032023017146,0.0005,0.0005,1.0,0.05532097154528455,-1.1882925563187674,-1.280782520917971,-1.1882925563187674,0|1|2|2|2|2
STRICT|all|E|B_only,closure_resT,4,2,0.5,-1.0014918648219935,-1.0796924805178498,-0.9232912491261372,0.0005,0.0005,1.0,0.05497709755093937,-0.966799061039581,-1.2341884568985815,-0.8211808050744936,0|1|2|2|2|2
STRICT|all|E|B_only,closure_persist,4,2,0.5,-1.4181576187021396,-1.4181576187021396,-1.290696306850721,0.0005,0.0005,1.0,0.05525242032504547,-1.6282758122030057,-1.8469584721567294,-1.2047179310070997,0|0|1|2|2|2
STRICT|all|E|B_only,constraint,4,2,0.5,0.005380853250690813,-0.13057746073403836,0.14133916723541998,0.497,0.7515,0.2485,0.09644568936886516,-0.03779085929509653,-0.1121461255186694,0.07481575608547976,0|1|2|2|2|2
STRICT|all|E|B_only,cdeg_diag,4,2,0.5,0.001784466981977817,-0.19566955050329865,0.1992384844672544,0.512,0.744,0.256,0.1419388311438285,-0.2110350031459366,-0.2110350031459366,-0.15783654200272834,0|1|2|2|2|2
STRICT|all|E|B_only,xc_excess,4,2,0.5,0.10331611238635233,-0.0083993503772916,0.21503157514999627,0.509,0.7455,0.2545,0.0797616036747412,0.14124348539460768,-0.0259565492604709,0.23301678846609192,0|1|2|2|2|2
STRICT|all|E|B_only,wmz,4,2,0.5,0.04772732503654864,0.047451386962638065,0.048003263110459216,0.0005,1.0,0.0005,0.00019522302226807008,0.06529086150864037,0.06406749406793728,0.06584621203690094,0|1|2|2|2|2
STRICT|all|E|B_only,d_wmz,4,2,0.5,0.007371003828789462,-0.018394825074262877,0.007371003828789462,0.979,0.5105,0.4895,0.01067685881064377,0.03208300734277156,-0.02330792186179964,0.0634160371993289,0|0|1|2|2|2
STRICT|all|E|B_only,d_closure,4,2,0.5,-0.23003516280622238,-0.23003516280622238,0.04875049790082503,0.497,0.2485,0.7515,0.1174542742038685,-0.3469508602028137,-0.3469508602028137,-0.06764450722747746,0|0|1|2|2|2
STRICT|all|E|B_only,new_relation_rate,4,2,0.5,0.13720126472153074,0.07854847078569012,0.19585405865737135,0.0005,1.0,0.0005,0.04148001204093245,-0.1324297386287153,-0.17843655354094698,0.2086403652344321,1|1|2|2|2|2
STRICT|all|E|B_only,novelty,4,2,0.5,0.12520149621668195,0.03410518993076378,0.21629780250260008,0.0005,1.0,0.0005,0.06478302893596045,0.12383746438859874,0.03970809397116783,0.21952396155955464,0|1|2|2|2|2
STRICT|old|E_up|all,closure,30,11,0.36666666666666664,-0.43392904654967085,-0.9575161241731043,0.11930498772189822,0.112,0.056,0.944,0.27705800640855255,-0.6373976049529654,-1.1160643948579843,-0.1340284200250203,4|6|11|11|11|11
STRICT|old|E_up|all,closure_resT,30,11,0.36666666666666664,-0.2133325422845318,-0.7951361319618127,0.4223961057706437,0.508,0.254,0.746,0.3133991399280249,-0.38059018380079906,-0.958552056751716,0.1623576483109171,4|6|11|11|11|11
STRICT|old|E_up|all,closure_persist,30,11,0.36666666666666664,-0.5950774722021652,-1.7853607825591475,0.5915426106591677,0.352,0.176,0.824,0.6096051920960252,-0.6709525651038218,-1.4180021464915662,0.09760477643929638,3|4|5|10|11|11
STRICT|old|E_up|all,constraint,30,11,0.36666666666666664,0.1096705150943796,0.0017214994559928002,0.2185187389966548,0.047,0.9765,0.0235,0.05549271347557352,0.07490905872040918,-0.06165782523125187,0.2408286435828621,4|6|11|11|11|11
STRICT|old|E_up|all,cdeg_diag,30,11,0.36666666666666664,0.4525347648766741,0.11416717122551617,0.8578759885342829,0.007,0.9965,0.0035,0.18834693285958218,0.2549923326965452,-0.170321394430142,0.6485156507563546,4|6|11|11|11|11
STRICT|old|E_up|all,xc_excess,30,11,0.36666666666666664,0.0837936301776894,0.026308855219691517,0.1365148524207853,0.003,0.9985,0.0015,0.028267542747344606,0.06858525349362668,0.005132729210268532,0.15029636984486114,4|6|11|11|11|11
STRICT|old|E_up|all,wmz,30,11,0.36666666666666664,0.04945827156505055,0.02068654808710887,0.0813697844351631,0.0005,1.0,0.0005,0.016125036432532804,0.04311666516555472,-0.0033347640714920454,0.07533986717254945,4|7|11|11|11|11
STRICT|old|E_up|all,d_wmz,30,11,0.36666666666666664,0.010286466967864508,0.00027136927530978705,0.02179233140056525,0.041,0.9795,0.0205,0.005539607835585317,0.009632055333389037,-0.00804927707110754,0.03042409252398299,1|4|7|11|11|11
STRICT|old|E_up|all,d_closure,30,11,0.36666666666666664,0.2446820355864111,0.047546287266046046,0.5066635056726677,0.014,0.993,0.007,0.1196086596878905,0.35573878951451365,0.044644738303997386,0.7448851345817917,1|4|6|11|11|11
STRICT|old|E_up|all,new_relation_rate,30,11,0.36666666666666664,0.08807912637411432,0.016738855640679666,0.16502558702828832,0.012,0.994,0.006,0.037482111670265654,0.07798823563969229,-0.06968821399635981,0.19435011975461436,5|7|11|11|11|11
STRICT|old|E_up|all,novelty,30,11,0.36666666666666664,0.10629021881729064,0.03329612995275105,0.1891363103932695,0.005,0.9975,0.0025,0.040972101238285104,0.15197583245975346,0.07585477855314388,0.21184605073753324,3|7|11|11|11|11
STRICT|old|E_up|B_only,closure,27,9,0.3333333333333333,-0.40327706962315624,-1.002419353542729,0.23282339264442073,0.18,0.09,0.91,0.3143918834585106,-0.6105312141292145,-1.1433045172025462,-0.04824586903900981,4|5|9|9|9|9
STRICT|old|E_up|B_only,closure_resT,27,9,0.3333333333333333,-0.20045837208553252,-0.9854324972275177,0.5915594309539017,0.612,0.306,0.694,0.3984510392437931,-0.36094566221428787,-1.0736637078465505,0.3165370096682422,4|5|9|9|9|9
STRICT|old|E_up|B_only,closure_persist,27,9,0.3333333333333333,-0.4708046336390458,-1.7839319995312914,0.7564376208764723,0.494,0.247,0.753,0.6510654943607187,-0.5066781458951551,-1.2218578373956555,0.26257238292283275,3|4|5|8|9|9
STRICT|old|E_up|B_only,constraint,27,9,0.3333333333333333,0.04526328086667036,-0.04768110596413036,0.13767859443695074,0.326,0.837,0.163,0.04717504866820374,0.0248236333842914,-0.10053126383892931,0.19146325268541942,4|5|9|9|9|9
STRICT|old|E_up|B_only,cdeg_diag,27,9,0.3333333333333333,0.3928583760106131,0.0017135441934032652,0.8640830339012913,0.049,0.9755,0.0245,0.22265443240618654,0.19151552601222108,-0.28279806558744897,0.6606384060954174,4|5|9|9|9|9
STRICT|old|E_up|B_only,xc_excess,27,9,0.3333333333333333,0.09327893800242869,0.03555949870568835,0.15073736819237976,0.001,0.9995,0.0005,0.02935685601849693,0.07821550901264003,0.012969920759275463,0.16468011542045052,4|5|9|9|9|9
STRICT|old|E_up|B_only,wmz,27,9,0.3333333333333333,0.04922556276136893,0.016663344409443077,0.08734927828331528,0.0005,1.0,0.0005,0.018026591000554187,0.045678113518877225,-0.003579989791060699,0.08042486191557842,4|6|9|9|9|9
STRICT|old|E_up|B_only,d_wmz,27,9,0.3333333333333333,0.007992036170084357,-0.00010391754015854219,0.016383360627831803,0.054,0.973,0.027,0.004191085258249719,0.009304390165779289,-0.010030283972759348,0.03097590745462142,1|4|6|9|9|9
STRICT|old|E_up|B_only,d_closure,27,9,0.3333333333333333,0.2229375556414328,-0.012352421545969036,0.49982135106692044,0.063,0.9685,0.0315,0.133926864796037,0.33053497241179786,-0.06970804410889124,0.7296397929272908,1|4|5|9|9|9
STRICT|old|E_up|B_only,new_relation_rate,27,9,0.3333333333333333,0.07845442270062167,-0.0009280492464981499,0.16664615407125366,0.058,0.971,0.029,0.043511866448790466,0.06704073454848211,-0.08847978009991285,0.18448934894680902,5|6|9|9|9|9
STRICT|old|E_up|B_only,novelty,27,9,0.3333333333333333,0.09962957230780056,0.015513923407950115,0.19424917107873704,0.021,0.9895,0.0105,0.04689165681298942,0.14632844145356255,0.052331038173483946,0.2171526780781374,3|6|9|9|9|9
STRICT|old|E_alt|all,closure,11,8,0.7272727272727273,-0.1782381246117723,-0.7879311754259066,0.4052303725083274,0.588,0.294,0.706,0.30796278397996035,-0.23699688627927146,-0.8676161536468928,0.39297782810050563,3|5|8|8|8|8
STRICT|old|E_alt|all,closure_resT,11,8,0.7272727272727273,0.14957462218049422,-0.5848906927669848,0.9039474399175036,0.722,0.639,0.361,0.3843785042915636,0.19674255379372624,-0.5254896783915902,0.9335244828079118,3|5|8|8|8|8
STRICT|old|E_alt|all,closure_persist,11,8,0.7272727272727273,-0.26214194238916,-1.4296058252548458,0.7262632934235066,0.696,0.348,0.652,0.5637292404404561,-0.0989183458444228,-1.4890086335160178,1.0383861449298177,2|3|4|6|8|8
STRICT|old|E_alt|all,constraint,11,8,0.7272727272727273,0.04751763913907957,-0.09596840037762917,0.20150007258007832,0.556,0.722,0.278,0.07611308893251716,0.08880208738122487,-0.08536516183758473,0.26105191630747027,3|5|8|8|8|8
STRICT|old|E_alt|all,cdeg_diag,11,8,0.7272727272727273,0.3601064528397918,-0.04300438031322985,0.7812854036200965,0.087,0.9565,0.0435,0.20999186363814532,0.07530932000388392,-0.47329682130633605,0.7498767252013272,3|5|8|8|8|8
STRICT|old|E_alt|all,xc_excess,11,8,0.7272727272727273,0.07386995492846057,-0.018811117252934717,0.16520930859006283,0.125,0.9375,0.0625,0.048026433491721685,-0.02633648848465083,-0.15909169734476625,0.10627530216869378,3|5|7|8|8|7
STRICT|old|E_alt|all,wmz,11,8,0.7272727272727273,0.006078164769200764,-0.04720967404767177,0.04646292086467392,0.713,0.6435,0.3565,0.02473719347262564,-0.010693339390086617,-0.06290471400286202,0.046550285851217704,3|5|8|8|8|8
STRICT|old|E_alt|all,d_wmz,11,8,0.7272727272727273,0.005472523708498711,-0.006683484953866604,0.02038900733037326,0.445,0.7775,0.2225,0.007109176647056358,0.014544902627943668,-0.007859740297044683,0.039564759905232116,2|3|5|8|8|8
STRICT|old|E_alt|all,d_closure,11,8,0.7272727272727273,0.11971620723434209,-0.10303746455525915,0.3316765218625009,0.238,0.881,0.119,0.10888405611758833,-0.0022078795727469734,-0.31653932449687644,0.2910901940626436,2|3|5|8|8|8
STRICT|old|E_alt|all,new_relation_rate,11,8,0.7272727272727273,0.04808797509839961,-0.0022454896263362535,0.0862639490310579,0.065,0.9675,0.0325,0.023388897574693698,0.024959343979982868,-0.1523462394023323,0.17600828754265707,4|6|8|8|8|8
STRICT|old|E_alt|all,novelty,11,8,0.7272727272727273,0.05974101977129622,0.006117205810878488,0.11525356918420457,0.031,0.9845,0.0155,0.028250193408646238,0.13017156760322504,0.055685071276616434,0.1836608383939478,3|5|7|8|8|8
STRICT|old|E_alt|B_only,closure,10,7,0.7,-0.19991402515274026,-0.8358678168968658,0.4728214198198927,0.602,0.301,0.699,0.3376234914068364,-0.26112984742441275,-0.9396531977410841,0.468462956390911,3|4|7|7|7|7
STRICT|old|E_alt|B_only,closure_resT,10,7,0.7,0.17058244016398572,-0.6485557051245207,1.0383549702955275,0.716,0.642,0.358,0.4338469980553078,0.22215822801343008,-0.5500123815291491,1.054998431659624,3|4|7|7|7|7
STRICT|old|E_alt|B_only,closure_persist,10,7,0.7,-0.32013602443006833,-1.5594131745751787,0.835762658338452,0.578,0.289,0.711,0.6246404909477717,-0.1376380508656102,-1.582020203566451,1.1064112711198362,2|3|4|5|7|7
STRICT|old|E_alt|B_only,constraint,10,7,0.7,-0.006860736362892123,-0.12445671969833914,0.11801380934849279,0.915,0.4575,0.5425,0.06401847339637158,0.053019280018867465,-0.12319682586535505,0.23430080956039823,3|4|7|7|7|7
STRICT|old|E_alt|B_only,cdeg_diag,10,7,0.7,0.2831680000716669,-0.12383268521621721,0.7494234425024371,0.17,0.915,0.085,0.21679917462913254,-0.002693193747481726,-0.5320378187807948,0.7144515068983521,3|4|7|7|7|7
STRICT|old|E_alt|B_only,xc_excess,10,7,0.7,0.09715167456928109,0.007068602631008641,0.19873177729295205,0.041,0.9795,0.0205,0.04866465822439202,-0.01423832780607442,-0.1600195647657829,0.1333884834141504,3|4|6|7|7|6
STRICT|old|E_alt|B_only,wmz,10,7,0.7,-0.006381568296522005,-0.05800614402049465,0.032933264662089,0.857,0.4285,0.5715,0.024211281201493188,-0.014693503090340116,-0.06922707074935014,0.04788975780260561,3|4|7|7|7|7
STRICT|old|E_alt|B_only,d_wmz,10,7,0.7,-0.00082565402574045,-0.009949984287816337,0.008441789422078395,0.84,0.42,0.58,0.005075654239816562,0.013425235568957455,-0.009627353043670824,0.035556711178049004,2|3|4|7|7|7
STRICT|old|E_alt|B_only,d_closure,10,7,0.7,0.136243419750055,-0.1580312267763244,0.40584673017202916,0.288,0.856,0.144,0.14033372324959176,-0.024870263282029438,-0.3695968146537573,0.31127304230006136,2|3|4|7|7|7
STRICT|old|E_alt|B_only,new_relation_rate,10,7,0.7,0.04984765115863729,-0.01408148328171912,0.09565326926213202,0.097,0.9515,0.0485,0.027742878078945894,0.016985912774367187,-0.17459231085213395,0.1698572977750595,4|5|7|7|7|7
STRICT|old|E_alt|B_only,novelty,10,7,0.7,0.0685516162834017,0.005644684560745411,0.12666071773771653,0.035,0.9825,0.0175,0.031068873186687815,0.13680136345354693,0.05706870425003119,0.19124613122871276,3|4|6|7|7|7
STRICT|old|E|all,closure,3,1,0.3333333333333333,-1.232032023017146,,,,,,,-1.280782520917971,,,0|1|1|1|1|1
STRICT|old|E|all,closure_resT,3,1,0.3333333333333333,-1.0796924805178498,,,,,,,-1.2341884568985815,,,0|1|1|1|1|1
STRICT|old|E|all,closure_persist,3,1,0.3333333333333333,-1.4134571085828271,,,,,,,-1.8469584721567294,,,0|0|1|1|1|1
STRICT|old|E|all,constraint,3,1,0.3333333333333333,-0.13057746073403836,,,,,,,-0.1121461255186694,,,0|1|1|1|1|1
STRICT|old|E|all,cdeg_diag,3,1,0.3333333333333333,-0.19566955050329865,,,,,,,-0.20402334482575796,,,0|1|1|1|1|1
STRICT|old|E|all,xc_excess,3,1,0.3333333333333333,0.21503157514999627,,,,,,,0.23301678846609192,,,0|1|1|1|1|1
STRICT|old|E|all,wmz,3,1,0.3333333333333333,0.047451386962638065,,,,,,,0.06584621203690094,,,0|1|1|1|1|1
STRICT|old|E|all,d_wmz,3,1,0.3333333333333333,-0.018394825074262877,,,,,,,-0.02330792186179964,,,0|0|1|1|1|1
STRICT|old|E|all,d_closure,3,1,0.3333333333333333,0.04875049790082503,,,,,,,-0.06764450722747746,,,0|0|1|1|1|1
STRICT|old|E|all,new_relation_rate,3,1,0.3333333333333333,0.07854847078569012,,,,,,,-0.17843655354094698,,,1|1|1|1|1|1
STRICT|old|E|all,novelty,3,1,0.3333333333333333,0.03410518993076378,,,,,,,0.03970809397116783,,,0|1|1|1|1|1
STRICT|old|E|B_only,closure,1,1,1.0,-1.232032023017146,,,,,,,-1.280782520917971,,,0|1|1|1|1|1
STRICT|old|E|B_only,closure_resT,1,1,1.0,-1.0796924805178498,,,,,,,-1.2341884568985815,,,0|1|1|1|1|1
STRICT|old|E|B_only,closure_persist,1,1,1.0,-1.4134571085828271,,,,,,,-1.8469584721567294,,,0|0|1|1|1|1
STRICT|old|E|B_only,constraint,1,1,1.0,-0.13057746073403836,,,,,,,-0.1121461255186694,,,0|1|1|1|1|1
STRICT|old|E|B_only,cdeg_diag,1,1,1.0,-0.19566955050329865,,,,,,,-0.20402334482575796,,,0|1|1|1|1|1
STRICT|old|E|B_only,xc_excess,1,1,1.0,0.21503157514999627,,,,,,,0.23301678846609192,,,0|1|1|1|1|1
STRICT|old|E|B_only,wmz,1,1,1.0,0.047451386962638065,,,,,,,0.06584621203690094,,,0|1|1|1|1|1
STRICT|old|E|B_only,d_wmz,1,1,1.0,-0.018394825074262877,,,,,,,-0.02330792186179964,,,0|0|1|1|1|1
STRICT|old|E|B_only,d_closure,1,1,1.0,0.04875049790082503,,,,,,,-0.06764450722747746,,,0|0|1|1|1|1
STRICT|old|E|B_only,new_relation_rate,1,1,1.0,0.07854847078569012,,,,,,,-0.17843655354094698,,,1|1|1|1|1|1
STRICT|old|E|B_only,novelty,1,1,1.0,0.03410518993076378,,,,,,,0.03970809397116783,,,0|1|1|1|1|1
STRICT|new|E_up|all,closure,35,14,0.4,-0.4687177456665976,-0.9976131582063282,0.06697357487378612,0.096,0.048,0.952,0.2754440075336484,-0.406654417050518,-0.9340476306264683,0.21330976039152708,4|8|13|14|14|14
STRICT|new|E_up|all,closure_resT,35,14,0.4,-0.3681505191319328,-0.8428924295184272,0.10362218792804109,0.124,0.062,0.938,0.2408626218195729,-0.2984223451915722,-0.7793141035088894,0.22653258519719793,4|8|13|14|14|14
STRICT|new|E_up|all,closure_persist,35,14,0.4,-0.6633471897335614,-1.4455430074918094,0.053817776582834084,0.078,0.039,0.961,0.39113125129920107,-0.4076934949240534,-1.423139812370024,0.5290244707721541,2|5|6|13|14|13
STRICT|new|E_up|all,constraint,35,14,0.4,0.08016224357914849,-0.007645614117032524,0.16131495373945848,0.078,0.961,0.039,0.04403374269177118,0.059643110970635085,-0.07655967420827597,0.17550913411457683,4|8|13|14|14|14
STRICT|new|E_up|all,cdeg_diag,35,14,0.4,0.1929520951307164,-0.0392159850895465,0.43970385206336315,0.107,0.9465,0.0535,0.12491360811435276,0.0764491511392962,-0.3335673444392352,0.4720563706068404,4|8|13|14|14|14
STRICT|new|E_up|all,xc_excess,35,14,0.4,0.05486734736106505,-0.02439684109560686,0.13050140077787137,0.149,0.9255,0.0745,0.03935890243773037,0.10139528214969347,0.0030105928267697237,0.19264842776813396,4|8|13|14|14|14
STRICT|new|E_up|all,wmz,35,14,0.4,0.023380429663608246,-0.01649215470246651,0.06042628760822741,0.222,0.889,0.111,0.01941094607731792,0.031403741455448456,-0.001306858336102381,0.06611493205295346,4|8|13|14|14|14
STRICT|new|E_up|all,d_wmz,35,14,0.4,-0.0008746428042268311,-0.03961438150968045,0.025805833601444977,0.984,0.508,0.492,0.016025621694901716,-0.01616825063206284,-0.051475312287972905,0.011083605543220913,2|4|8|13|14|14
STRICT|new|E_up|all,d_closure,35,14,0.4,-0.08043865163798558,-0.33892934922430346,0.19761218203702677,0.581,0.2905,0.7095,0.13894669159300763,-0.1363491530149889,-0.43757337840823657,0.17167910795395555,1|4|8|13|14|14
STRICT|new|E_up|all,new_relation_rate,35,14,0.4,0.05785253972122487,-0.004926114130086794,0.11969178891572013,0.076,0.962,0.038,0.03197947362594551,0.013386376954600682,-0.10142262077641954,0.14390667806349483,4|9|14|14|14|14
STRICT|new|E_up|all,novelty,35,14,0.4,0.07260851055337073,-0.0019787765067430718,0.14064474742960448,0.058,0.971,0.029,0.036813830821278086,0.047630233441688034,-0.049646390460815475,0.1414869416786197,3|9|13|13|13|13
STRICT|new|E_up|all|newctl,closure,35,10,0.2857142857142857,-0.4384766748953285,-1.1090494088640463,0.2239996359440068,0.206,0.103,0.897,0.3384036316316283,-0.19209389138452188,-1.028545819998774,0.5515491826472663,3|6|10|10|10|10
STRICT|new|E_up|all|newctl,closure_resT,35,10,0.2857142857142857,-0.3624237102222029,-0.9174846995157904,0.1565696035358109,0.195,0.0975,0.9025,0.27726165000655517,-0.15729636351602355,-0.8325932523494666,0.4963818910099334,3|6|10|10|10|10
STRICT|new|E_up|all|newctl,closure_persist,35,10,0.2857142857142857,-0.08846089687811926,-0.826340661216409,0.6313927834353062,0.839,0.4195,0.5805,0.3728847099218502,0.4845118132647544,-0.49225706563096433,1.0949728272886745,1|4|4|10|10|9
STRICT|new|E_up|all|newctl,constraint,35,10,0.2857142857142857,0.07914254615476099,-0.04417386160065327,0.19752051973730766,0.201,0.8995,0.1005,0.06167720540751537,-0.025936904964506225,-0.15503594880098864,0.09457191890160574,3|6|10|10|10|10
STRICT|new|E_up|all|newctl,cdeg_diag,35,10,0.2857142857142857,0.07579828900732374,-0.2724318094986889,0.39063872035898645,0.626,0.687,0.313,0.16877139448165535,-0.1573895008141018,-0.573520270285829,0.2746111695478568,3|6|10|10|10|10
STRICT|new|E_up|all|newctl,xc_excess,35,10,0.2857142857142857,0.003595076247282114,-0.09709166639732819,0.11317845523757286,0.994,0.497,0.503,0.05452177630616484,0.037648282065371824,-0.041897878564439536,0.11518126925190389,2|5|10|10|10|10
STRICT|new|E_up|all|newctl,wmz,35,10,0.2857142857142857,0.0035002709654007166,-0.044725009609658826,0.0478658282457602,0.848,0.576,0.424,0.02367159285639605,0.0055975719736956414,-0.019954823915609956,0.030423170895807365,3|6|10|10|10|10
STRICT|new|E_up|all|newctl,d_wmz,35,10,0.2857142857142857,-0.008229803027654234,-0.05592378018108995,0.023534284664861353,0.771,0.3855,0.6145,0.019892965718268846,-0.0029203422235433442,-0.044862636205498865,0.021748526174461845,1|3|6|10|10|10
STRICT|new|E_up|all|newctl,d_closure,35,10,0.2857142857142857,-0.12884195872144222,-0.32197080246313636,0.10469871766496444,0.263,0.1315,0.8685,0.11040126265066309,-0.03276720615165799,-0.2699675107283529,0.34480857101356727,1|3|6|10|10|10
STRICT|new|E_up|all|newctl,new_relation_rate,35,10,0.2857142857142857,0.0376604243719813,-0.06379977569172415,0.13837517908546423,0.45,0.775,0.225,0.05114688931984894,-0.021776532789506954,-0.17724892919653978,0.14193294269486234,3|6|10|10|10|10
STRICT|new|E_up|all|newctl,novelty,35,10,0.2857142857142857,0.05169127821280535,-0.060317140000110306,0.15814814285968967,0.348,0.826,0.174,0.056425974047347775,0.027263891205566475,-0.1122743045575653,0.1776562894701196,3|5|9|9|9|9
STRICT|new|E_up|B_only,closure,32,13,0.40625,-0.4140958114260873,-1.0026332918560288,0.16003351194791235,0.146,0.073,0.927,0.2937682741496273,-0.40878170594705354,-1.0090838453102167,0.20501094968279254,4|8|12|13|13|13
STRICT|new|E_up|B_only,closure_resT,32,13,0.40625,-0.31026182615232695,-0.8215549828706704,0.1809614287954009,0.224,0.112,0.888,0.25610221122792476,-0.29822727190342,-0.8454204444492878,0.28527627845112774,4|8|12|13|13|13
STRICT|new|E_up|B_only,closure_persist,32,13,0.40625,-0.3794475671821801,-1.0104848420453787,0.20052089658132252,0.228,0.114,0.886,0.3159899675584473,-0.14464816505482067,-0.9553298765487965,0.6879151237836747,2|5|5|12|13|12
STRICT|new|E_up|B_only,constraint,32,13,0.40625,0.086109436536343,-0.009520777958268518,0.17990844838996348,0.076,0.962,0.038,0.048354092433099405,0.032002481021125476,-0.08947312009891938,0.1321124677940406,4|8|12|13|13|13
STRICT|new|E_up|B_only,cdeg_diag,32,13,0.40625,0.21929229851870036,-0.039391156570743595,0.4704902857283297,0.098,0.951,0.049,0.12927142247766604,0.07960237846204912,-0.346367270216102,0.4797502624612693,4|8|12|13|13|13
STRICT|new|E_up|B_only,xc_excess,32,13,0.40625,0.05472081246082,-0.031128436381313938,0.14865844212776003,0.218,0.891,0.109,0.04544257916924209,0.08315912558396936,-0.006328518842750494,0.17910717833918918,3|7|12|13|13|13
STRICT|new|E_up|B_only,wmz,32,13,0.40625,0.02483168286910355,-0.016702778071737267,0.0650233216407741,0.22,0.89,0.11,0.020726258271160328,0.03211522080987956,-0.0009090242209624447,0.06881121723826292,4|8|12|13|13|13
STRICT|new|E_up|B_only,d_wmz,32,13,0.40625,-0.0002697276766538057,-0.03400642446172593,0.02682100743688696,0.953,0.5235,0.4765,0.015026548340139327,-0.015504896441390451,-0.05328091339955122,0.010633820647956663,2|4|8|12|13|13
STRICT|new|E_up|B_only,d_closure,32,13,0.40625,-0.09261033332813709,-0.3646638390667197,0.20285009621084776,0.478,0.239,0.761,0.14524817999552003,-0.08785989963067006,-0.3180360480630613,0.18722188672753262,1|4|8|12|13|13
STRICT|new|E_up|B_only,new_relation_rate,32,13,0.40625,0.049878038532093834,-0.01887830408486192,0.11880518222253172,0.166,0.917,0.083,0.03541066202745705,0.0007116094669703781,-0.10975831584925531,0.10856794518182326,4|9|13|13|13|13
STRICT|new|E_up|B_only,novelty,32,13,0.40625,0.07080369952663298,-0.014536290731350382,0.14393030501940737,0.101,0.9495,0.0505,0.04100777115969321,0.0735021560132516,-0.045191614863763135,0.20026432967370952,3|8|12|12|12|12
STRICT|new|E_up|B_only|newctl,closure,32,10,0.3125,-0.4384766748953285,-1.1476805265383991,0.208621027387813,0.201,0.1005,0.8995,0.3424725680114871,-0.19209389138452188,-1.0273647492354827,0.5348356245815012,3|6|10|10|10|10
STRICT|new|E_up|B_only|newctl,closure_resT,32,10,0.3125,-0.3624237102222029,-0.9398092174775265,0.16387628159522216,0.2,0.1,0.9,0.2891708284788639,-0.15729636351602355,-0.8517354380109972,0.5284182538137446,3|6|10|10|10|10
STRICT|new|E_up|B_only|newctl,closure_persist,32,10,0.3125,-0.08846089687811926,-0.8344565309285376,0.6588474133898541,0.814,0.407,0.593,0.37717545140456216,0.4845118132647544,-0.46290218772777836,1.1120140554454403,1|4|4|10|10|9
STRICT|new|E_up|B_only|newctl,constraint,32,10,0.3125,0.07914254615476099,-0.04498410709525788,0.19832831415498484,0.186,0.907,0.093,0.06054855707547228,-0.025936904964506225,-0.15028761924011058,0.09703945117072027,3|6|10|10|10|10
STRICT|new|E_up|B_only|newctl,cdeg_diag,32,10,0.3125,0.07579828900732374,-0.26301160487855635,0.3990238369386604,0.631,0.6845,0.3155,0.16884524357144762,-0.1573895008141018,-0.5719547061565052,0.2923142560720331,3|6|10|10|10|10
STRICT|new|E_up|B_only|newctl,xc_excess,32,10,0.3125,0.003595076247282114,-0.0968048219264396,0.1157328864660664,0.953,0.4765,0.5235,0.05509883676509224,0.037648282065371824,-0.04055496629237514,0.11555534581962149,2|5|10|10|10|10
STRICT|new|E_up|B_only|newctl,wmz,32,10,0.3125,0.0035002709654007166,-0.04207778565448512,0.049023492456706216,0.839,0.5805,0.4195,0.023319602106209064,0.0055975719736956414,-0.018147396232780465,0.03046482733607959,3|6|10|10|10|10
STRICT|new|E_up|B_only|newctl,d_wmz,32,10,0.3125,-0.008229803027654234,-0.053674584430769307,0.023661240503662046,0.752,0.376,0.624,0.01967671325197781,-0.0029203422235433442,-0.0452312766840494,0.02176002722588594,1|3|6|10|10|10
STRICT|new|E_up|B_only|newctl,d_closure,32,10,0.3125,-0.12884195872144222,-0.3177214998581524,0.10736469684600791,0.236,0.118,0.882,0.11094744503562896,-0.03276720615165799,-0.2784820293786171,0.3287609563477769,1|3|6|10|10|10
STRICT|new|E_up|B_only|newctl,new_relation_rate,32,10,0.3125,0.0376604243719813,-0.06258362392284939,0.13750330838678665,0.472,0.764,0.236,0.050938644670018254,-0.021776532789506954,-0.17904865041599968,0.14168095407154283,3|6|10|10|10|10
STRICT|new|E_up|B_only|newctl,novelty,32,10,0.3125,0.05169127821280535,-0.057070624838542354,0.16465553583329437,0.365,0.8175,0.1825,0.05673812304172953,0.027263891205566475,-0.11113334766812788,0.18175010332468663,3|5|9|9|9|9
STRICT|new|E_alt|all,closure,9,5,0.5555555555555556,0.2389507518813122,-0.6691415342298284,0.9464914508215934,0.567,0.7165,0.2835,0.42610088466029605,0.12910331893891044,-0.7965269222179373,0.9058720517640412,2|3|4|5|5|5
STRICT|new|E_alt|all,closure_resT,9,5,0.5555555555555556,0.6028114147332136,-0.17892123148921285,1.1164172166312258,0.114,0.943,0.057,0.35122375978105863,0.49827216058279794,-0.16533446246957367,1.0136899319962995,2|3|4|5|5|5
STRICT|new|E_alt|all,closure_persist,9,5,0.5555555555555556,-0.06867673413815198,-0.8484762445653937,0.8953680360947173,0.766,0.383,0.617,0.4714193133961827,0.40505357054556346,-0.7975511100572392,1.1909551047602447,1|2|3|4|5|4
STRICT|new|E_alt|all,constraint,9,5,0.5555555555555556,0.054189968036188314,-0.13375972444562217,0.19721936055590436,0.512,0.744,0.256,0.08707523956200523,-0.004251866846349076,-0.21657350710546516,0.19480400876944967,2|3|4|5|5|5
STRICT|new|E_alt|all,cdeg_diag,9,5,0.5555555555555556,0.15271797118822616,-0.44681018911291104,0.7205165878894915,0.715,0.6425,0.3575,0.3081374426665563,-0.08021595066743399,-0.6932663890862764,0.6712873555747418,2|3|4|5|5|5
STRICT|new|E_alt|all,xc_excess,9,5,0.5555555555555556,0.07186645305946773,-0.07113953818512646,0.25870611382081965,0.386,0.807,0.193,0.08232758467415846,0.12134013658454831,-0.008137736990678178,0.2754956658374305,2|3|4|5|5|5
STRICT|new|E_alt|all,wmz,9,5,0.5555555555555556,0.026522773650212987,-0.03308832917899253,0.09432769668375911,0.401,0.7995,0.2005,0.03374244836492772,-0.0031591916049653113,-0.10571445902500545,0.1014370665391267,3|4|5|5|5|5
STRICT|new|E_alt|all,d_wmz,9,5,0.5555555555555556,0.035751733672356824,-0.003914263354512667,0.0794677003492967,0.158,0.921,0.079,0.022310095081811067,-0.0040944076478425006,-0.03242819352066478,0.02467575026381821,2|3|4|5|5|5
STRICT|new|E_alt|all,d_closure,9,5,0.5555555555555556,0.24081424495068113,-0.21309900113825136,0.7544612141228543,0.333,0.8335,0.1665,0.2493643540643426,0.18124154784901206,0.04127867711510523,0.5009433022648643,1|2|3|4|5|5
STRICT|new|E_alt|all,new_relation_rate,9,5,0.5555555555555556,0.11188105442836364,0.057949481097841926,0.16903394203372937,0.0005,1.0,0.0005,0.029285613387637566,0.07098733923132221,-0.0117217808475996,0.16207237205009437,3|4|5|5|5|5
STRICT|new|E_alt|all,novelty,9,5,0.5555555555555556,0.19105926052606237,0.14796703681544288,0.2347818428076331,0.0005,1.0,0.0005,0.021802786421655757,0.17921177870571267,0.13208360005283842,0.2857847970542709,2|4|4|4|4|4
STRICT|new|E_alt|all|newctl,closure,9,3,0.3333333333333333,0.029247450733461106,-1.4327020574704619,1.113827782225949,0.734,0.633,0.367,0.6198836907710982,0.38819603682326165,-1.4062149076106039,1.3300425509349434,1|2|3|3|3|3
STRICT|new|E_alt|all|newctl,closure_resT,9,3,0.3333333333333333,0.30449126391510895,-1.022301973193712,1.148813173774184,0.512,0.744,0.256,0.5470300723006383,0.6620528800994194,-1.1079985312216383,1.243997801833213,1|2|3|3|3|3
STRICT|new|E_alt|all|newctl,closure_persist,9,3,0.3333333333333333,-0.5630611030590943,-1.175720943116425,1.308090622519647,0.31,0.155,0.845,0.5620678225089599,0.7983975437447971,-1.0452026490650812,1.383069416895659,1|1|2|3|3|2
STRICT|new|E_alt|all|newctl,constraint,9,3,0.3333333333333333,0.05166272445340098,-0.19333585080338805,0.18443010549141473,0.519,0.7405,0.2595,0.10181288037502641,-0.06406427561965107,-0.3018572137102173,0.24308243596652082,1|2|3|3|3|3
STRICT|new|E_alt|all|newctl,cdeg_diag,9,3,0.3333333333333333,0.09619572858059572,-0.5997996398595049,0.529700025802404,0.576,0.712,0.288,0.29454345445988245,-0.42679447768348877,-0.7941945793062148,0.2971155333399817,1|2|3|3|3|3
STRICT|new|E_alt|all|newctl,xc_excess,9,3,0.3333333333333333,-0.026058735110205726,-0.10368362193362196,0.10780237164795986,0.56,0.28,0.72,0.05560862735313464,0.021162411771235283,-0.032315947940947956,0.09758209437621206,1|2|3|3|3|3
STRICT|new|E_alt|all|newctl,wmz,9,3,0.3333333333333333,0.01424360550837805,-0.057754205753149386,0.07254375698999138,0.743,0.6285,0.3715,0.031112359047700343,0.014658248237984579,-0.04651261764714847,0.0965261080699148,1|2|3|3|3|3
STRICT|new|E_alt|all|newctl,d_wmz,9,3,0.3333333333333333,-0.0030759286352500526,-0.01069596899767118,5.116025083575643e-05,0.078,0.039,0.961,0.002676962247767227,0.015928265331440396,-9.723279577900646e-05,0.09500119706375226,1|1|2|3|3|3
STRICT|new|E_alt|all|newctl,d_closure,9,3,0.3333333333333333,-0.10369562977230919,-0.3802344465556823,0.07841320550638994,0.588,0.294,0.706,0.1242251629519012,0.1752970297454034,-0.05030589521230135,0.3578302446419388,1|1|2|3|3|3
STRICT|new|E_alt|all|newctl,new_relation_rate,9,3,0.3333333333333333,0.1246248140852036,0.08331691361916772,0.17610957614596057,0.0005,1.0,0.0005,0.022112122607584463,0.09873868063865374,-0.037970882763357236,0.2938458053551304,1|2|3|3|3|3
STRICT|new|E_alt|all|newctl,novelty,9,3,0.3333333333333333,0.2069288422898427,0.16983382161953586,0.24402386296014958,0.000517063081695967,1.0,0.000517063081695967,0.02829553236563551,0.17695989443982113,0.07918399683105568,0.301828209918783,1|2|2|2|2|2
STRICT|new|E_alt|B_only,closure,9,5,0.5555555555555556,0.2389507518813122,-0.6347719856405196,0.9464914508215934,0.58,0.71,0.29,0.41962374023482596,0.12910331893891044,-0.7065133543361292,0.8713209856598184,2|3|4|5|5|5
STRICT|new|E_alt|B_only,closure_resT,9,5,0.5555555555555556,0.6028114147332136,-0.20129853055086006,1.138787739739139,0.127,0.9365,0.0635,0.36646435904012414,0.49827216058279794,-0.16533446246957367,1.0466528658984235,2|3|4|5|5|5
STRICT|new|E_alt|B_only,closure_persist,9,5,0.5555555555555556,-0.06867673413815198,-0.845055684623185,0.9791747032724877,0.824,0.412,0.588,0.47204764891829404,0.40505357054556346,-0.7975511100572392,1.1909551047602447,1|2|3|4|5|4
STRICT|new|E_alt|B_only,constraint,9,5,0.5555555555555556,0.054189968036188314,-0.13375972444562217,0.19721936055590436,0.52,0.74,0.26,0.08675202072268663,-0.004251866846349076,-0.21657350710546516,0.18349013217770896,2|3|4|5|5|5
STRICT|new|E_alt|B_only,cdeg_diag,9,5,0.5555555555555556,0.15271797118822616,-0.44495740569709286,0.7205165878894915,0.694,0.653,0.347,0.30126900136318885,-0.08021595066743399,-0.6932663890862764,0.6712873555747418,2|3|4|5|5|5
STRICT|new|E_alt|B_only,xc_excess,9,5,0.5555555555555556,0.07186645305946773,-0.07476324225883052,0.26728576195046777,0.394,0.803,0.197,0.08590645173482295,0.12134013658454831,-0.012896290376290373,0.2754956658374305,2|3|4|5|5|5
STRICT|new|E_alt|B_only,wmz,9,5,0.5555555555555556,0.026522773650212987,-0.03358634594199081,0.0943276966837591,0.403,0.7985,0.2015,0.03351367634939706,-0.0031591916049653113,-0.10056372071325262,0.1014370665391267,3|4|5|5|5|5
STRICT|new|E_alt|B_only,d_wmz,9,5,0.5555555555555556,0.035751733672356824,-0.0039142633545126634,0.07946770034929669,0.157,0.9215,0.0785,0.02163519411728442,-0.0040944076478425006,-0.03230238737006064,0.023909597504223955,2|3|4|5|5|5
STRICT|new|E_alt|B_only,d_closure,9,5,0.5555555555555556,0.24081424495068113,-0.2130990011382514,0.7978897796288984,0.383,0.8085,0.1915,0.2609496815478101,0.18124154784901206,0.031395122035930756,0.5009433022648643,1|2|3|4|5|5
STRICT|new|E_alt|B_only,new_relation_rate,9,5,0.5555555555555556,0.11188105442836364,0.05831327221156099,0.16939773314744846,0.0005,1.0,0.0005,0.02950378227785764,0.07098733923132221,-0.0117217808475996,0.16207237205009437,3|4|5|5|5|5
STRICT|new|E_alt|B_only,novelty,9,5,0.5555555555555556,0.19105926052606237,0.14952339090251263,0.2347818428076331,0.0005,1.0,0.0005,0.021229776155148938,0.17921177870571267,0.1329880089473817,0.2857847970542709,2|4|4|4|4|4
STRICT|new|E_alt|B_only|newctl,closure,9,3,0.3333333333333333,0.029247450733461106,-1.4327020574704619,1.113827782225949,0.744,0.628,0.372,0.6188330675947367,0.38819603682326165,-1.4062149076106039,1.3300425509349434,1|2|3|3|3|3
STRICT|new|E_alt|B_only|newctl,closure_resT,9,3,0.3333333333333333,0.30449126391510895,-1.022301973193712,1.148813173774184,0.539,0.7305,0.2695,0.5424524420803221,0.6620528800994194,-1.1079985312216383,1.243997801833213,1|2|3|3|3|3
STRICT|new|E_alt|B_only|newctl,closure_persist,9,3,0.3333333333333333,-0.5630611030590943,-1.175720943116425,1.308090622519647,0.306,0.153,0.847,0.5652293669995574,0.7983975437447971,-1.0452026490650812,1.383069416895659,1|1|2|3|3|2
STRICT|new|E_alt|B_only|newctl,constraint,9,3,0.3333333333333333,0.05166272445340098,-0.19333585080338805,0.18443010549141473,0.481,0.7595,0.2405,0.09867153948124176,-0.06406427561965107,-0.3018572137102173,0.24308243596652082,1|2|3|3|3|3
STRICT|new|E_alt|B_only|newctl,cdeg_diag,9,3,0.3333333333333333,0.09619572858059572,-0.5997996398595049,0.529700025802404,0.536,0.732,0.268,0.2931013061439475,-0.42679447768348877,-0.7941945793062148,0.2971155333399817,1|2|3|3|3|3
STRICT|new|E_alt|B_only|newctl,xc_excess,9,3,0.3333333333333333,-0.026058735110205726,-0.10368362193362196,0.10780237164795986,0.517,0.2585,0.7415,0.0547686402807469,0.021162411771235283,-0.032315947940947956,0.09758209437621206,1|2|3|3|3|3
STRICT|new|E_alt|B_only|newctl,wmz,9,3,0.3333333333333333,0.01424360550837805,-0.057754205753149386,0.07254375698999138,0.751,0.6245,0.3755,0.031539681567605435,0.014658248237984579,-0.04651261764714847,0.0965261080699148,1|2|3|3|3|3
STRICT|new|E_alt|B_only|newctl,d_wmz,9,3,0.3333333333333333,-0.0030759286352500526,-0.01069596899767118,5.116025083575643e-05,0.068,0.034,0.966,0.0026633370688937583,0.015928265331440396,-9.723279577900646e-05,0.09500119706375226,1|1|2|3|3|3
STRICT|new|E_alt|B_only|newctl,d_closure,9,3,0.3333333333333333,-0.10369562977230919,-0.3802344465556823,0.07841320550638994,0.619,0.3095,0.6905,0.1283019913556017,0.1752970297454034,-0.05030589521230135,0.3578302446419388,1|1|2|3|3|3
STRICT|new|E_alt|B_only|newctl,new_relation_rate,9,3,0.3333333333333333,0.1246248140852036,0.08331691361916772,0.17610957614596057,0.0005,1.0,0.0005,0.02209558563624826,0.09873868063865374,-0.037970882763357236,0.2938458053551304,1|2|3|3|3|3
STRICT|new|E_alt|B_only|newctl,novelty,9,3,0.3333333333333333,0.2069288422898427,0.16983382161953586,0.24402386296014958,0.0005189413596263622,1.0,0.0005189413596263622,0.02767626197806921,0.17695989443982113,0.07918399683105568,0.301828209918783,1|2|2|2|2|2
STRICT|new|E|all,closure,4,1,0.25,-1.3922635447790712,,,,,,,-1.242024741851458,,,0|0|1|1|1|1
STRICT|new|E|all,closure_resT,4,1,0.25,-0.9232912491261372,,,,,,,-0.8211808050744936,,,0|0|1|1|1|1
STRICT|new|E|all,closure_persist,4,1,0.25,-1.290696306850721,,,,,,,-1.2047179310070997,,,0|0|0|1|1|1
STRICT|new|E|all,constraint,4,1,0.25,0.14133916723541998,,,,,,,0.07481575608547976,,,0|0|1|1|1|1
STRICT|new|E|all,cdeg_diag,4,1,0.25,0.1992384844672544,,,,,,,-0.15783654200272834,,,0|0|1|1|1|1
STRICT|new|E|all,xc_excess,4,1,0.25,-0.0083993503772916,,,,,,,-0.0259565492604709,,,0|0|1|1|1|1
STRICT|new|E|all,wmz,4,1,0.25,0.048003263110459216,,,,,,,0.06406749406793728,,,0|0|1|1|1|1
STRICT|new|E|all,d_wmz,4,1,0.25,-0.0010141347720010925,,,,,,,0.0634160371993289,,,0|0|0|1|1|1
STRICT|new|E|all,d_closure,4,1,0.25,-0.2052693383801291,,,,,,,-0.22964818031087889,,,0|0|0|1|1|1
STRICT|new|E|all,new_relation_rate,4,1,0.25,0.19585405865737135,,,,,,,0.2086403652344321,,,0|0|1|1|1|1
STRICT|new|E|all,novelty,4,1,0.25,0.21629780250260008,,,,,,,0.21952396155955464,,,0|0|1|1|1|1
STRICT|new|E|all|newctl,closure,4,1,0.25,-1.4327020574704616,,,,,,,-1.4062149076106039,,,0|0|1|1|1|1
STRICT|new|E|all|newctl,closure_resT,4,1,0.25,-1.022301973193712,,,,,,,-1.1079985312216383,,,0|0|1|1|1|1
STRICT|new|E|all|newctl,closure_persist,4,1,0.25,-1.1536782298148647,,,,,,,-1.0452026490650812,,,0|0|0|1|1|1
STRICT|new|E|all|newctl,constraint,4,1,0.25,0.16389391867217626,,,,,,,0.131942184041123,,,0|0|1|1|1|1
STRICT|new|E|all|newctl,cdeg_diag,4,1,0.25,0.529700025802404,,,,,,,0.2971155333399818,,,0|0|1|1|1|1
STRICT|new|E|all|newctl,xc_excess,4,1,0.25,0.10780237164795986,,,,,,,0.09758209437621206,,,0|0|1|1|1|1
STRICT|new|E|all|newctl,wmz,4,1,0.25,0.07254375698999138,,,,,,,0.0965261080699148,,,0|0|1|1|1|1
STRICT|new|E|all|newctl,d_wmz,4,1,0.25,-0.001415838612030762,,,,,,,0.09500119706375226,,,0|0|0|1|1|1
STRICT|new|E|all|newctl,d_closure,4,1,0.25,0.012273682797624788,,,,,,,0.01620725095606268,,,0|0|0|1|1|1
STRICT|new|E|all|newctl,new_relation_rate,4,1,0.25,0.11444795249048251,,,,,,,0.07326611585102638,,,0|0|1|1|1|1
STRICT|new|E|all|newctl,novelty,4,1,0.25,0.16983382161953586,,,,,,,0.13710850615612516,,,0|0|1|1|1|1
STRICT|new|E|B_only,closure,3,1,0.3333333333333333,-1.3922635447790712,,,,,,,-1.242024741851458,,,0|0|1|1|1|1
STRICT|new|E|B_only,closure_resT,3,1,0.3333333333333333,-0.9232912491261372,,,,,,,-0.8211808050744936,,,0|0|1|1|1|1
STRICT|new|E|B_only,closure_persist,3,1,0.3333333333333333,-1.290696306850721,,,,,,,-1.2047179310070997,,,0|0|0|1|1|1
STRICT|new|E|B_only,constraint,3,1,0.3333333333333333,0.14133916723541998,,,,,,,0.07481575608547976,,,0|0|1|1|1|1
STRICT|new|E|B_only,cdeg_diag,3,1,0.3333333333333333,0.1992384844672544,,,,,,,-0.15783654200272834,,,0|0|1|1|1|1
STRICT|new|E|B_only,xc_excess,3,1,0.3333333333333333,-0.0083993503772916,,,,,,,-0.0259565492604709,,,0|0|1|1|1|1
STRICT|new|E|B_only,wmz,3,1,0.3333333333333333,0.048003263110459216,,,,,,,0.06406749406793728,,,0|0|1|1|1|1
STRICT|new|E|B_only,d_wmz,3,1,0.3333333333333333,-0.0010141347720010925,,,,,,,0.0634160371993289,,,0|0|0|1|1|1
STRICT|new|E|B_only,d_closure,3,1,0.3333333333333333,-0.2052693383801291,,,,,,,-0.22964818031087889,,,0|0|0|1|1|1
STRICT|new|E|B_only,new_relation_rate,3,1,0.3333333333333333,0.19585405865737135,,,,,,,0.2086403652344321,,,0|0|1|1|1|1
STRICT|new|E|B_only,novelty,3,1,0.3333333333333333,0.21629780250260008,,,,,,,0.21952396155955464,,,0|0|1|1|1|1
STRICT|new|E|B_only|newctl,closure,3,1,0.3333333333333333,-1.4327020574704616,,,,,,,-1.4062149076106039,,,0|0|1|1|1|1
STRICT|new|E|B_only|newctl,closure_resT,3,1,0.3333333333333333,-1.022301973193712,,,,,,,-1.1079985312216383,,,0|0|1|1|1|1
STRICT|new|E|B_only|newctl,closure_persist,3,1,0.3333333333333333,-1.1536782298148647,,,,,,,-1.0452026490650812,,,0|0|0|1|1|1
STRICT|new|E|B_only|newctl,constraint,3,1,0.3333333333333333,0.16389391867217626,,,,,,,0.131942184041123,,,0|0|1|1|1|1
STRICT|new|E|B_only|newctl,cdeg_diag,3,1,0.3333333333333333,0.529700025802404,,,,,,,0.2971155333399818,,,0|0|1|1|1|1
STRICT|new|E|B_only|newctl,xc_excess,3,1,0.3333333333333333,0.10780237164795986,,,,,,,0.09758209437621206,,,0|0|1|1|1|1
STRICT|new|E|B_only|newctl,wmz,3,1,0.3333333333333333,0.07254375698999138,,,,,,,0.0965261080699148,,,0|0|1|1|1|1
STRICT|new|E|B_only|newctl,d_wmz,3,1,0.3333333333333333,-0.001415838612030762,,,,,,,0.09500119706375226,,,0|0|0|1|1|1
STRICT|new|E|B_only|newctl,d_closure,3,1,0.3333333333333333,0.012273682797624788,,,,,,,0.01620725095606268,,,0|0|0|1|1|1
STRICT|new|E|B_only|newctl,new_relation_rate,3,1,0.3333333333333333,0.11444795249048251,,,,,,,0.07326611585102638,,,0|0|1|1|1|1
STRICT|new|E|B_only|newctl,novelty,3,1,0.3333333333333333,0.16983382161953586,,,,,,,0.13710850615612516,,,0|0|1|1|1|1
SENS|all|E_up|all,closure,83,38,0.4578313253012048,-0.5538688504164231,-0.8641261146582908,-0.2382994078880025,0.0005,0.0005,1.0,0.15901337791302914,-0.5159709753065445,-0.7665365963895288,-0.24539083691260644,10|22|36|37|38|38
SENS|all|E_up|all,closure_resT,83,38,0.4578313253012048,-0.37783198250280503,-0.6689636637392848,-0.0999750657949967,0.014,0.007,0.993,0.14625273001245448,-0.3087144730525114,-0.5515882077262861,-0.08746512754241066,10|22|36|37|38|38
SENS|all|E_up|all,closure_persist,83,38,0.4578313253012048,-0.9081497072616627,-1.4547086058587106,-0.382938785462754,0.0005,0.0005,1.0,0.2736349182549203,-0.6084227803846192,-1.094265869202879,-0.10368946177605257,5|13|17|34|37|37
SENS|all|E_up|all,constraint,83,38,0.4578313253012048,0.07188285460298653,0.013759437354320798,0.12701430821170737,0.015,0.9925,0.0075,0.029226499842703348,0.05743239100219768,-0.027365176807324483,0.13461378246394534,10|22|36|37|38|38
SENS|all|E_up|all,cdeg_diag,83,38,0.4578313253012048,0.17211190088703227,-0.04127754646953196,0.3712253034400637,0.115,0.9425,0.0575,0.10616063302552146,3.869768275649443e-06,-0.32964274172583763,0.2786096019754386,10|22|36|37|38|38
SENS|all|E_up|all,xc_excess,83,38,0.4578313253012048,0.02674538903071325,-0.03032551589425228,0.07652213938597154,0.348,0.826,0.174,0.027499041152222493,0.05487068573755192,-0.013902656202009155,0.11317704861294707,10|22|36|37|37|37
SENS|all|E_up|all,wmz,83,38,0.4578313253012048,0.03822160904374308,0.018506554207221616,0.05859077697491549,0.001,0.9995,0.0005,0.010420832191723671,0.031971856557522486,0.009697763602727857,0.0581296464487878,12|23|36|37|38|38
SENS|all|E_up|all,d_wmz,83,38,0.4578313253012048,0.00663801537789471,-0.00620157527590545,0.016930298561956752,0.264,0.868,0.132,0.005924364688736112,-0.00033305830411753943,-0.014036249658502725,0.012696356561952081,4|12|23|36|37|38
SENS|all|E_up|all,d_closure,83,38,0.4578313253012048,-0.021617850527603268,-0.16702391975842554,0.12744168731408653,0.778,0.389,0.611,0.07493150201242804,0.008499805816847561,-0.1697255440258323,0.18759618925205507,3|10|22|36|37|38
SENS|all|E_up|all,new_relation_rate,83,38,0.4578313253012048,0.06942472856172889,0.03183629415184018,0.10537760129620487,0.0005,1.0,0.0005,0.018787630336281683,0.013527863329064877,-0.05869321286706488,0.08297064437958575,15|25|37|37|38|38
SENS|all|E_up|all,novelty,83,38,0.4578313253012048,0.09119361396290773,0.0471180077267489,0.13637657645211598,0.0005,1.0,0.0005,0.022820224749493325,0.0814632397109075,0.022095699540856568,0.13365383235709458,10|23|35|36|37|37
SENS|all|E_up|B_only,closure,76,35,0.4605263157894737,-0.4918960385006312,-0.8249493585609463,-0.15777434698583134,0.004,0.002,0.998,0.16787102987922986,-0.5075416024729703,-0.8046314928165031,-0.17434720525877917,10|20|33|34|35|35
SENS|all|E_up|B_only,closure_resT,76,35,0.4605263157894737,-0.34612873099729224,-0.6766186169381144,-0.023502738701140804,0.032,0.016,0.984,0.16199059318000927,-0.3482571750263205,-0.6318254167957021,-0.056448616920416375,10|20|33|34|35|35
SENS|all|E_up|B_only,closure_persist,76,35,0.4605263157894737,-0.7320785242812164,-1.270986540000631,-0.21367736260853817,0.006,0.003,0.997,0.2731687489573704,-0.5030509603489366,-0.9846068852284837,-0.020537357292375755,5|12|15|31|34|34
SENS|all|E_up|B_only,constraint,76,35,0.4605263157894737,0.04327179921923927,-0.01430117193015841,0.0967102825704663,0.138,0.931,0.069,0.028150753004617706,0.01404331203867402,-0.057328025344558435,0.0870931519565872,10|20|33|34|35|35
SENS|all|E_up|B_only,cdeg_diag,76,35,0.4605263157894737,0.1207365804670355,-0.09478844945014366,0.3252566192215418,0.234,0.883,0.117,0.10692575948384414,-0.06634355540686046,-0.3971700279800615,0.2223983031374706,10|20|33|34|35|35
SENS|all|E_up|B_only,xc_excess,76,35,0.4605263157894737,0.027035004359436753,-0.03221720368845171,0.08257821419887502,0.33,0.835,0.165,0.029721423429609,0.044068487672836235,-0.021637772293115306,0.10849309262950238,9|19|33|34|34|34
SENS|all|E_up|B_only,wmz,76,35,0.4605263157894737,0.03541305872595796,0.01481561082081282,0.05745568004842951,0.002,0.999,0.001,0.010796712508782797,0.03248584233234908,0.008500422753289832,0.057953778779390036,12|21|33|34|35|35
SENS|all|E_up|B_only,d_wmz,76,35,0.4605263157894737,0.005551730637543394,-0.007606683166712077,0.016013220133812903,0.356,0.822,0.178,0.006174696262479867,-0.002269046044654854,-0.017439551432408294,0.011135419473890368,3|12|21|33|34|35
SENS|all|E_up|B_only,d_closure,76,35,0.4605263157894737,-0.0346201643755439,-0.1902896047302297,0.122957675435151,0.686,0.343,0.657,0.0804132535668974,0.000989592527270032,-0.19163169199809438,0.19801988902008527,2|10|20|33|34|35
SENS|all|E_up|B_only,new_relation_rate,76,35,0.4605263157894737,0.061723490517792,0.01980475554979076,0.10334667009126562,0.004,0.998,0.002,0.021784221235544587,0.010698465872973496,-0.057381304212460855,0.07802245920653458,15|23|34|34|35|35
SENS|all|E_up|B_only,novelty,76,35,0.4605263157894737,0.08385937933714192,0.0367811284143144,0.12934823501107298,0.0005,1.0,0.0005,0.024134264930769728,0.07986730580586157,0.013929464986148565,0.13645136516025222,9|20|32|33|34|34
SENS|all|E_alt|all,closure,31,24,0.7741935483870968,-0.3932449643657878,-0.7214428299451751,-0.0412980256116936,0.029,0.0145,0.9855,0.17652867212452938,-0.33414286504739893,-0.648202093114855,-0.006472141149669691,9|16|23|24|24|24
SENS|all|E_alt|all,closure_resT,31,24,0.7741935483870968,-0.037211305171627386,-0.3882446746687455,0.33183689256341714,0.846,0.423,0.577,0.18468321555264774,0.03259608248291763,-0.26849781936087547,0.3915059328035645,9|16|23|24|24|24
SENS|all|E_alt|all,closure_persist,31,24,0.7741935483870968,-0.5353721033506519,-1.1655446884669962,0.1150640118985397,0.115,0.0575,0.9425,0.32532691577153067,-0.1287638841990755,-0.8730639671496626,0.5643989191426645,4|10|15|21|24|23
SENS|all|E_alt|all,constraint,31,24,0.7741935483870968,0.026161168262407674,-0.0774631938482038,0.11686594507008191,0.613,0.6935,0.3065,0.0505279686157937,0.04195724399511859,-0.07123185168129156,0.14165972746438354,9|16|23|24|24|24
SENS|all|E_alt|all,cdeg_diag,31,24,0.7741935483870968,-0.01192163010085208,-0.32588145786260986,0.2600346419628781,0.961,0.4805,0.5195,0.1466256794594465,-0.18772414943220533,-0.5625435213299167,0.17993414095590965,9|16|23|24|24|24
SENS|all|E_alt|all,xc_excess,31,24,0.7741935483870968,0.020992556501475825,-0.06874499298399944,0.0989109026566899,0.625,0.6875,0.3125,0.04275054538796384,0.0008151973695607981,-0.08829833642939074,0.08313946736680515,9|16|22|24|23|22
SENS|all|E_alt|all,wmz,31,24,0.7741935483870968,0.0294902921057111,-0.001111315177940181,0.056814135654859925,0.055,0.9725,0.0275,0.014749468050385864,0.02320258632663404,-0.015426391665902456,0.06032474938484382,12|18|24|24|24|24
SENS|all|E_alt|all,d_wmz,31,24,0.7741935483870968,0.005688711923117801,-0.014308281217822924,0.02363194232519974,0.551,0.7245,0.2755,0.009642388580907709,0.0016918276511598772,-0.01594179149343913,0.01557545234700737,6|12|18|24|24|24
SENS|all|E_alt|all,d_closure,31,24,0.7741935483870968,0.04368728165191264,-0.10250265187402816,0.184190838450595,0.565,0.7175,0.2825,0.07352977536675673,0.13097350665205926,-0.11864424148594221,0.37052403112274207,5|9|16|23|24|24
SENS|all|E_alt|all,new_relation_rate,31,24,0.7741935483870968,0.07421362261214101,0.03598253624486221,0.11313366847840646,0.0005,1.0,0.0005,0.020379886937958634,0.02616708347972929,-0.037866847162528125,0.09297171188060137,15|20|24|24|24|24
SENS|all|E_alt|all,novelty,31,24,0.7741935483870968,0.1116966662026885,0.05845714794261677,0.16247740114441886,0.0005,1.0,0.0005,0.026666698179545263,0.1313950448921285,0.07421128344386294,0.19173057385746173,9|18|22|23|23|23
SENS|all|E_alt|B_only,closure,30,23,0.7666666666666667,-0.40885345286997743,-0.7722300771519577,-0.059586596224295366,0.019,0.0095,0.9905,0.18213642132211996,-0.3773506890330739,-0.6965642390076859,-0.055431011741802434,9|15|22|23|23|23
SENS|all|E_alt|B_only,closure_resT,30,23,0.7666666666666667,0.013357264178634094,-0.3611898956941249,0.40863724837915405,0.975,0.5125,0.4875,0.20170956712289706,0.05625323528485101,-0.2707745469176152,0.42099948874210746,9|15|22|23|23|23
SENS|all|E_alt|B_only,closure_persist,30,23,0.7666666666666667,-0.6688762994783355,-1.234629251883623,-0.07707534472915725,0.028,0.014,0.986,0.2965859637051665,-0.21811983399940882,-0.9323762865939506,0.45826043149619294,4|10|15|20|23|22
SENS|all|E_alt|B_only,constraint,30,23,0.7666666666666667,0.029075516461766676,-0.0465825030835927,0.10134096334997993,0.466,0.767,0.233,0.0374750443055352,0.03785625499914983,-0.06540108038637708,0.13761242257392134,9|15|22|23|23|23
SENS|all|E_alt|B_only,cdeg_diag,30,23,0.7666666666666667,-0.03096444606628565,-0.30526035518237465,0.2399481416051062,0.847,0.4235,0.5765,0.13937298010929233,-0.23967819863719814,-0.6256408768141983,0.16936240833828325,9|15|22|23|23|23
SENS|all|E_alt|B_only,xc_excess,30,23,0.7666666666666667,0.027780555941102916,-0.05825051373110965,0.10914518473496611,0.511,0.7445,0.2555,0.043536956379651284,0.005226761733873923,-0.08184521126934544,0.09159512981346463,9|15|21|23|22|21
SENS|all|E_alt|B_only,wmz,30,23,0.7666666666666667,0.028631785718320805,5.446462162956306e-05,0.053964164261513015,0.049,0.9755,0.0245,0.013895487396125844,0.01894408317439286,-0.020567334480247588,0.05488730501785075,12|17|23|23|23|23
SENS|all|E_alt|B_only,d_wmz,30,23,0.7666666666666667,0.010681291742603434,-0.0008655998378873244,0.024885387517078212,0.085,0.9575,0.0425,0.006798465691084763,0.007373047557058312,-0.00486722265305268,0.01810479247508493,6|12|17|23|23|23
SENS|all|E_alt|B_only,d_closure,30,23,0.7666666666666667,0.08182756472821986,-0.0777040508888958,0.24012182754743783,0.303,0.8485,0.1515,0.08112289775149165,0.14467481571021454,-0.1064086928905389,0.3885032271719677,5|9|15|22|23|23
SENS|all|E_alt|B_only,new_relation_rate,30,23,0.7666666666666667,0.08400909810382384,0.04213091267556808,0.12605848607445483,0.0005,1.0,0.0005,0.021151198308016875,0.03465636326476923,-0.028733288477928613,0.09773497593821383,15|19|23|23|23|23
SENS|all|E_alt|B_only,novelty,30,23,0.7666666666666667,0.1333282112390324,0.08886472116096167,0.17798393202005527,0.0005,1.0,0.0005,0.02331094867673032,0.14884072346974325,0.09200610976357865,0.2066327215945382,9|17|21|22|22|22
SENS|all|E|all,closure,8,3,0.375,-1.0467590424864115,-1.3922635447790714,-0.5159815596630178,0.0005,0.0005,1.0,0.22503059647047138,-0.6420405835532664,-1.280782520917971,-0.1666543550930461,1|2|3|3|3|3
SENS|all|E|all,closure_resT,8,3,0.375,-0.724473332798644,-1.0796924805178498,-0.17043626875194468,0.0005,0.0005,1.0,0.2285935679249567,-0.5540674151193828,-1.2341884568985815,-0.03619057740267501,1|2|3|3|3|3
SENS|all|E|all,closure_persist,8,3,0.375,-0.27923485495085815,-1.4197244554085775,1.5229999269586227,0.753,0.3765,0.6235,0.8644241425536141,-0.06669923104743224,-1.846958472156729,1.1558077235655637,1|1|2|3|3|3
SENS|all|E|all,constraint,8,3,0.375,-0.06431114254614459,-0.20369513413981538,0.14133916723541995,0.49,0.245,0.755,0.08417974591078911,-0.13777814984139716,-0.27228341493854397,0.07481575608547973,1|2|3|3|3|3
SENS|all|E|all,cdeg_diag,8,3,0.375,-0.2701736412798356,-0.8140898578034627,0.1992384844672544,0.302,0.151,0.849,0.24374948554705697,-0.5357204594759448,-0.9768490534215196,-0.15783654200272834,1|2|3|3|3|3
SENS|all|E|all,xc_excess,8,3,0.375,0.08355277918293917,-0.008399350377291594,0.2150315751499963,0.078,0.961,0.039,0.05521065841679841,0.07327159188325341,-0.02595654926047089,0.23301678846609192,1|2|3|3|3|3
SENS|all|E|all,wmz,8,3,0.375,0.08160354116447148,0.047451386962638065,0.14935597342031717,0.0005,1.0,0.0005,0.027653524064458077,0.1029944542153072,0.06406749406793728,0.13061030580712937,1|2|3|3|3|3
SENS|all|E|all,d_wmz,8,3,0.375,0.008862604465606296,-0.018394825074262877,0.029791490867152805,0.572,0.714,0.286,0.009605446017285099,0.013484245698750988,-0.02330792186179964,0.0634160371993289,1|1|2|3|3|3
SENS|all|E|all,d_closure,8,3,0.375,-0.18922004043537666,-0.32296371637523824,0.04875049790082503,0.079,0.0395,0.9605,0.08792280134198807,-0.170307858950253,-0.44005297786125913,-0.06764450722747746,1|1|2|3|3|3
SENS|all|E|all,new_relation_rate,8,3,0.375,0.09509758382416852,0.010890222029444105,0.19585405865737135,0.0005,1.0,0.0005,0.044142548543505244,-0.0879050708143332,-0.17843655354094703,0.2086403652344321,2|2|3|3|3|3
SENS|all|E|all,novelty,8,3,0.375,0.09507081311514498,0.03410518993076378,0.21629780250260014,0.0005,1.0,0.0005,0.04973521346411103,0.0024524979868506503,-0.051149256536884444,0.2195239615595547,1|2|3|3|3|3
SENS|all|E|B_only,closure,5,3,0.6,-1.0467590424864115,-1.3922635447790714,-0.5159815596630178,0.0005,0.0005,1.0,0.22472962616699982,-0.6420405835532664,-1.280782520917971,-0.1666543550930461,1|2|3|3|3|3
SENS|all|E|B_only,closure_resT,5,3,0.6,-0.724473332798644,-1.0796924805178498,-0.17043626875194468,0.0005,0.0005,1.0,0.23142258584363207,-0.5540674151193828,-1.2341884568985815,-0.03619057740267501,1|2|3|3|3|3
SENS|all|E|B_only,closure_persist,5,3,0.6,-0.27923485495085815,-1.4197244554085775,1.5229999269586227,0.74,0.37,0.63,0.8647636886313321,-0.06669923104743224,-1.846958472156729,1.1558077235655637,1|1|2|3|3|3
SENS|all|E|B_only,constraint,5,3,0.6,-0.06431114254614459,-0.20369513413981538,0.14133916723541995,0.498,0.249,0.751,0.08522734967245743,-0.13777814984139716,-0.27228341493854397,0.07481575608547973,1|2|3|3|3|3
SENS|all|E|B_only,cdeg_diag,5,3,0.6,-0.2701736412798356,-0.8140898578034627,0.1992384844672544,0.3,0.15,0.85,0.2384809618495154,-0.5357204594759448,-0.9768490534215196,-0.15783654200272834,1|2|3|3|3|3
SENS|all|E|B_only,xc_excess,5,3,0.6,0.08355277918293917,-0.008399350377291594,0.2150315751499963,0.07,0.965,0.035,0.05547100090155205,0.07327159188325341,-0.02595654926047089,0.23301678846609192,1|2|3|3|3|3
SENS|all|E|B_only,wmz,5,3,0.6,0.08160354116447148,0.047451386962638065,0.14935597342031717,0.0005,1.0,0.0005,0.027432089800663088,0.1029944542153072,0.06406749406793728,0.13061030580712937,1|2|3|3|3|3
SENS|all|E|B_only,d_wmz,5,3,0.6,0.008862604465606296,-0.018394825074262877,0.029791490867152805,0.573,0.7135,0.2865,0.009512451315712536,0.013484245698750988,-0.02330792186179964,0.0634160371993289,1|1|2|3|3|3
SENS|all|E|B_only,d_closure,5,3,0.6,-0.18922004043537666,-0.32296371637523824,0.04875049790082503,0.072,0.036,0.964,0.08531910455880938,-0.170307858950253,-0.44005297786125913,-0.06764450722747746,1|1|2|3|3|3
SENS|all|E|B_only,new_relation_rate,5,3,0.6,0.09509758382416852,0.010890222029444105,0.19585405865737135,0.0005,1.0,0.0005,0.04386124614755453,-0.0879050708143332,-0.17843655354094703,0.2086403652344321,2|2|3|3|3|3
SENS|all|E|B_only,novelty,5,3,0.6,0.09507081311514498,0.03410518993076378,0.21629780250260014,0.0005,1.0,0.0005,0.04919913608392978,0.0024524979868506503,-0.051149256536884444,0.2195239615595547,1|2|3|3|3|3
SENS|old|E_up|all,closure,41,19,0.4634146341463415,-0.6211742748025015,-0.9668534597862318,-0.25357687183405936,0.001,0.0005,0.9995,0.1802905811601013,-0.6044330475441335,-0.8391078488830012,-0.3469292600949445,6|12|19|19|19|19
SENS|old|E_up|all,closure_resT,41,19,0.4634146341463415,-0.41796025095218126,-0.7861754537263125,-0.04675666756319249,0.031,0.0155,0.9845,0.19318178155381047,-0.3519199502325717,-0.5738087004958364,-0.12106135793235824,6|12|19|19|19|19
SENS|old|E_up|all,closure_persist,41,19,0.4634146341463415,-1.1384013606844945,-1.9818844004929888,-0.2257865428578342,0.013,0.0065,0.9935,0.44458613706231703,-0.734960619834491,-1.3251096978086219,-0.16188321547413784,3|7|9|18|19|19
SENS|old|E_up|all,constraint,41,19,0.4634146341463415,0.08430342951295405,0.00393476737751167,0.1687970299463003,0.039,0.9805,0.0195,0.04167060756682187,0.086911165057752,-0.006186622229484521,0.1798088366561779,6|12|19|19|19|19
SENS|old|E_up|all,cdeg_diag,41,19,0.4634146341463415,0.24581899892683629,-0.07481251625957998,0.5508732378040775,0.145,0.9275,0.0725,0.16303317113233878,0.0624372239401097,-0.3730073927919754,0.45762437789058724,6|12|19|19|19|19
SENS|old|E_up|all,xc_excess,41,19,0.4634146341463415,0.03125294577516528,-0.05869152092511786,0.09676547799720098,0.425,0.7875,0.2125,0.0413733693702609,0.04368901830725829,-0.05793233610397648,0.12680898713687536,6|12|19|19|18|19
SENS|old|E_up|all,wmz,41,19,0.4634146341463415,0.054503917998203616,0.0297045756871097,0.08053602027667009,0.0005,1.0,0.0005,0.013197564857421436,0.04632069026880449,0.012680991990207315,0.0842143139482748,8|13|19|19|19|19
SENS|old|E_up|all,d_wmz,41,19,0.4634146341463415,0.008496473845644323,-0.0004352912470284557,0.017569176063138986,0.057,0.9715,0.0285,0.00454556888871274,0.0048461696120237555,-0.007153177482456552,0.01769491460285083,2|8|13|19|19|19
SENS|old|E_up|all,d_closure,41,19,0.4634146341463415,0.009865949465932503,-0.1624873004760123,0.188909502651542,0.87,0.565,0.435,0.08807031805474823,0.09305836461232189,-0.1436382055013877,0.3458624803972993,2|6|12|19|19|19
SENS|old|E_up|all,new_relation_rate,41,19,0.4634146341463415,0.0834024042166579,0.0314371195967592,0.1342116501874791,0.002,0.999,0.001,0.02574426330047464,0.010529059146864073,-0.09523105510044295,0.10772062415269733,9|13|19|19|19|19
SENS|old|E_up|all,novelty,41,19,0.4634146341463415,0.10201078452076293,0.049728447622841426,0.1607742036668338,0.0005,1.0,0.0005,0.028986939947165825,0.09361429391914704,0.010893840439713025,0.1621301587172347,6|11|18|19|19|19
SENS|old|E_up|B_only,closure,37,16,0.43243243243243246,-0.5486024383725363,-0.899429309021991,-0.1463155833097061,0.009,0.0045,0.9955,0.19529470938851987,-0.5927848351288094,-0.8672718038516241,-0.28426982235605863,6|10|16|16|16|16
SENS|old|E_up|B_only,closure_resT,37,16,0.43243243243243246,-0.3907144194527281,-0.8273396676027583,0.05111773042765689,0.088,0.044,0.956,0.22160753777072376,-0.41334656700982064,-0.7582343437345366,-0.08217151153799278,6|10|16|16|16|16
SENS|old|E_up|B_only,closure_persist,37,16,0.43243243243243246,-0.9290966560561668,-1.8708552485523502,-0.027649781487663935,0.037,0.0185,0.9815,0.4629318870543222,-0.6343191536236312,-1.320808690580708,-0.03211256478190987,3|6|8|15|16|16
SENS|old|E_up|B_only,constraint,37,16,0.43243243243243246,0.02881524768824395,-0.04314420204955561,0.10536546509638164,0.438,0.781,0.219,0.037488090470439286,0.02899235538408419,-0.06221421031529409,0.13226635916377083,6|10|16|16|16|16
SENS|old|E_up|B_only,cdeg_diag,37,16,0.43243243243243246,0.14855462634002178,-0.19405436337479454,0.48601293912376303,0.422,0.789,0.211,0.17494212897901354,-0.05380504624942266,-0.5212364657987343,0.357665210034941,6|10|16|16|16|16
SENS|old|E_up|B_only,xc_excess,37,16,0.43243243243243246,0.02509423588519466,-0.08265339461431795,0.10172335024722486,0.522,0.739,0.261,0.047790767061539306,0.03884819350555417,-0.07361863411196125,0.1358932259876561,6|10|16|16|15|16
SENS|old|E_up|B_only,wmz,37,16,0.43243243243243246,0.05064326176504377,0.023214465914864698,0.08009596056374578,0.0005,1.0,0.0005,0.014505732109446655,0.04798597787923139,0.012177450551907871,0.0873315997303937,8|11|16|16|16|16
SENS|old|E_up|B_only,d_wmz,37,16,0.43243243243243246,0.00693307890710688,-0.0016432752314818513,0.015831954226597014,0.111,0.9445,0.0555,0.004447914964256121,0.004519518138616531,-0.009888488798846457,0.016482449202943693,1|8|11|16|16|16
SENS|old|E_up|B_only,d_closure,37,16,0.43243243243243246,-0.0012113690031310964,-0.21041571897456188,0.20533237754306854,0.98,0.51,0.49,0.10414939078638528,0.07844191878699007,-0.26117916966098376,0.3277670372945719,1|6|10|16|16|16
SENS|old|E_up|B_only,new_relation_rate,37,16,0.43243243243243246,0.0751902132938731,0.020720732044902147,0.13150025861150585,0.007,0.9965,0.0035,0.02868192925885189,0.008850390734459052,-0.1001620762585236,0.11601668690411034,9|11|16|16|16|16
SENS|old|E_up|B_only,novelty,37,16,0.43243243243243246,0.09157817331630458,0.032520708466370424,0.15186792579662498,0.002,0.999,0.001,0.03135734552598718,0.07765131717677723,-0.018767404294284085,0.1504694876507088,5|9|15|16|16|16
SENS|old|E_alt|all,closure,17,14,0.8235294117647058,-0.47645880106052907,-0.8471672079908874,-0.09473111242235673,0.014,0.007,0.993,0.1940467999099234,-0.41677752776538324,-0.7440465712699573,-0.029999965221510754,6|10|14|14|14|14
SENS|old|E_alt|all,closure_resT,17,14,0.8235294117647058,-0.11367394434889833,-0.5962350745881342,0.38467210839303,0.634,0.317,0.683,0.24694453655752976,-0.06404508440181719,-0.46750799480555805,0.4162844041461344,6|10|14|14|14|14
SENS|old|E_alt|all,closure_persist,17,14,0.8235294117647058,-0.8053302847813046,-1.5725498423108777,-0.03231960281981172,0.041,0.0205,0.9795,0.39328617941497107,-0.18183891461675036,-1.0678373254569569,0.6301602872111222,2|6|9|13|14|14
SENS|old|E_alt|all,constraint,17,14,0.8235294117647058,0.04779945547223781,-0.05123320018598941,0.1510887820133205,0.323,0.8385,0.1615,0.05092133484331388,0.07419081841748536,-0.040710436135783463,0.18228617237891895,6|10|14|14|14|14
SENS|old|E_alt|all,cdeg_diag,17,14,0.8235294117647058,0.10200294674747612,-0.2554092765835009,0.44818619937561377,0.564,0.718,0.282,0.1844539183686148,-0.09967721644253856,-0.5882809712797895,0.43003159215612075,6|10|14|14|14|14
SENS|old|E_alt|all,xc_excess,17,14,0.8235294117647058,0.021994993829292188,-0.1142231340163008,0.12629988091989255,0.697,0.6515,0.3485,0.062293454613399205,-0.011535000172972317,-0.14502421226736656,0.10075511106595728,6|10|13|14|13|13
SENS|old|E_alt|all,wmz,17,14,0.8235294117647058,0.03241408237316326,-0.00798620012127291,0.06614897609876258,0.101,0.9495,0.0505,0.018698358475433812,0.028456025435309944,-0.012321978621540138,0.0687904619202219,8|11|14|14|14|14
SENS|old|E_alt|all,d_wmz,17,14,0.8235294117647058,0.0038292080600020846,-0.006756965199782334,0.014249926133005358,0.496,0.752,0.248,0.005390338627856095,0.005547926101510216,-0.006555639005726058,0.018830687945796065,3|8|11|14|14|14
SENS|old|E_alt|all,d_closure,17,14,0.8235294117647058,0.03560037807913467,-0.15085599479412667,0.17974003769932503,0.628,0.686,0.314,0.08553085929057179,0.026432269713360056,-0.2947940629039288,0.30097379920485023,3|6|10|14|14|14
SENS|old|E_alt|all,new_relation_rate,17,14,0.8235294117647058,0.06424194150667077,0.01025968966441479,0.1222623250888701,0.021,0.9895,0.0105,0.02793100040115741,-0.007768195131284519,-0.10327408486105463,0.07470183693307757,9|12|14|14|14|14
SENS|old|E_alt|all,novelty,17,14,0.8235294117647058,0.09057470299041953,0.03918665232829849,0.1632272401494721,0.0005,1.0,0.0005,0.031780035529685,0.11803524659452096,0.05324241601356217,0.19887068620133933,6|10|13|14|14|14
SENS|old|E_alt|B_only,closure,16,13,0.8125,-0.5110704918478779,-0.9051312742701606,-0.08745942768854421,0.014,0.007,0.993,0.2133425945337185,-0.44237062870753097,-0.7957314162208725,-0.04918028404423094,6|9|13|13|13|13
SENS|old|E_alt|B_only,closure_resT,16,13,0.8125,-0.12261193209081772,-0.6456724688457203,0.40055730183345956,0.615,0.3075,0.6925,0.26405211388583816,-0.06669158319568916,-0.5021613892103202,0.43293181780131085,6|9|13|13|13|13
SENS|old|E_alt|B_only,closure_persist,16,13,0.8125,-0.8734635568298643,-1.6993058325401302,-0.040707059431694996,0.042,0.021,0.979,0.4223936510728319,-0.21692636559123418,-1.1367054257295781,0.6420627746004852,2|6|9|12|13|13
SENS|old|E_alt|B_only,constraint,16,13,0.8125,0.018540469919880606,-0.069929181615315,0.11168180535682062,0.698,0.651,0.349,0.046685572251560364,0.05555913360320728,-0.06096295848190718,0.16603631966324406,6|9|13|13|13|13
SENS|old|E_alt|B_only,cdeg_diag,16,13,0.8125,0.04072043324984614,-0.3190445720197435,0.39841579121804205,0.805,0.5975,0.4025,0.1877312731974454,-0.1534246733299029,-0.6711262492816387,0.3852449871500761,6|9|13|13|13|13
SENS|old|E_alt|B_only,xc_excess,16,13,0.8125,0.029940769243511228,-0.12072892081366061,0.14180155042165885,0.661,0.6695,0.3305,0.06721409502154113,-0.005893502116659427,-0.1505531355419126,0.11686754090756206,6|9|12|13|12|12
SENS|old|E_alt|B_only,wmz,16,13,0.8125,0.02773083515346349,-0.013399947808649844,0.06166972971375304,0.17,0.915,0.085,0.019079126680134603,0.028008790689311846,-0.015312739192546181,0.07237911433762631,8|10|13|13|13|13
SENS|old|E_alt|B_only,d_wmz,16,13,0.8125,3.204717411734847e-05,-0.008758679437841508,0.009306469076654384,0.994,0.503,0.497,0.004627582305799218,0.004817663533843187,-0.008303273257252634,0.017785046546242113,3|8|10|13|13|13
SENS|old|E_alt|B_only,d_closure,16,13,0.8125,0.0336064561905082,-0.16735092549967923,0.20500750804374612,0.69,0.655,0.345,0.09497213299553126,-0.0012285627797412435,-0.33583027249931363,0.2619677179446896,3|6|9|13|13|13
SENS|old|E_alt|B_only,new_relation_rate,16,13,0.8125,0.06643207218589653,0.009100922217326574,0.12557759559804388,0.023,0.9885,0.0115,0.029896224870554176,-0.011095370303522343,-0.10222130593562764,0.07310574276454014,9|11|13|13|13|13
SENS|old|E_alt|B_only,novelty,16,13,0.8125,0.09726206037948823,0.04083297638814511,0.1655288879536305,0.0005,1.0,0.0005,0.031890937820098005,0.12137660786923868,0.04962376123439866,0.19760019572258822,6|9|12|13|13|13
SENS|old|E|all,closure,4,2,0.5,-0.874006791340082,-1.232032023017146,-0.5159815596630178,0.0005,0.0005,1.0,0.25271817144933745,-0.5701868632201046,-1.280782520917971,-0.1666543550930461,1|2|2|2|2|2
SENS|old|E|all,closure_resT,4,2,0.5,-0.6250643746348973,-1.0796924805178498,-0.17043626875194468,0.0005,0.0005,1.0,0.32391848059356676,-0.5341041625310152,-1.2341884568985815,-0.03619057740267501,1|2|2|2|2|2
SENS|old|E|all,closure_persist,4,2,0.5,0.05477140918789786,-1.4134571085828271,1.5229999269586227,0.498,0.751,0.249,1.0353328965433177,0.07820056050108323,-1.8469584721567294,1.1558077235655635,1|1|2|2|2|2
SENS|old|E|all,constraint,4,2,0.5,-0.16713629743692687,-0.20369513413981538,-0.13057746073403836,0.0005,0.0005,1.0,0.026010066572971,-0.19152520012772167,-0.27228341493854397,-0.1121461255186694,1|2|2|2|2|2
SENS|old|E|all,cdeg_diag,4,2,0.5,-0.5048797041533807,-0.8140898578034627,-0.19566955050329865,0.0005,0.0005,1.0,0.2172725872029847,-0.631131854856782,-0.9768490534215196,-0.20402334482575796,1|2|2|2|2|2
SENS|old|E|all,xc_excess,4,2,0.5,0.12952884396305456,0.04402611277611286,0.21503157514999627,0.0005,1.0,0.0005,0.06042590420961144,0.09993629812453347,0.020174540068348186,0.23301678846609192,1|2|2|2|2|2
SENS|old|E|all,wmz,4,2,0.5,0.09840368019147762,0.047451386962638065,0.14935597342031717,0.0005,1.0,0.0005,0.035671120149414794,0.10912299760062405,0.06584621203690094,0.13061030580712943,1|2|2|2|2|2
SENS|old|E|all,d_wmz,4,2,0.5,0.005698332896444963,-0.018394825074262877,0.029791490867152805,0.469,0.7655,0.2345,0.016719758395139218,-2.6997390573105934e-05,-0.02330792186179964,0.011551840284609781,1|1|2|2|2|2
SENS|old|E|all,d_closure,4,2,0.5,-0.09763990558093391,-0.24403030906269282,0.04875049790082503,0.517,0.2585,0.7415,0.1049267574872115,-0.10054263870670713,-0.11726219085126673,-0.06764450722747746,1|1|2|2|2|2
SENS|old|E|all,new_relation_rate,4,2,0.5,0.04471934640756711,0.010890222029444105,0.07854847078569012,0.0005,1.0,0.0005,0.023563596129744013,-0.12317707168839757,-0.17843655354094698,-0.06791758983584822,2|2|2|2|2|2
SENS|old|E|all,novelty,4,2,0.5,0.03445731842141743,0.03410518993076378,0.03480944691207108,0.0005,1.0,0.0005,0.0002519702688884873,-0.0399944209830054,-0.051149256536884444,0.03970809397116783,1|2|2|2|2|2
SENS|old|E|B_only,closure,2,2,1.0,-0.874006791340082,-1.232032023017146,-0.5159815596630178,0.0005,0.0005,1.0,0.2543617779963003,-0.5701868632201046,-1.280782520917971,-0.1666543550930461,1|2|2|2|2|2
SENS|old|E|B_only,closure_resT,2,2,1.0,-0.6250643746348973,-1.0796924805178498,-0.17043626875194468,0.0005,0.0005,1.0,0.32657427691739527,-0.5341041625310152,-1.2341884568985815,-0.03619057740267501,1|2|2|2|2|2
SENS|old|E|B_only,closure_persist,2,2,1.0,0.05477140918789786,-1.4134571085828271,1.5229999269586227,0.494,0.753,0.247,1.054443540026195,0.07820056050108323,-1.8469584721567294,1.1558077235655635,1|1|2|2|2|2
SENS|old|E|B_only,constraint,2,2,1.0,-0.16713629743692687,-0.20369513413981538,-0.13057746073403836,0.0005,0.0005,1.0,0.026265866340686655,-0.19152520012772167,-0.27228341493854397,-0.1121461255186694,1|2|2|2|2|2
SENS|old|E|B_only,cdeg_diag,2,2,1.0,-0.5048797041533807,-0.8140898578034627,-0.19566955050329865,0.0005,0.0005,1.0,0.21803429612528355,-0.631131854856782,-0.9768490534215196,-0.20402334482575796,1|2|2|2|2|2
SENS|old|E|B_only,xc_excess,2,2,1.0,0.12952884396305456,0.04402611277611286,0.21503157514999627,0.0005,1.0,0.0005,0.060775761250187105,0.09993629812453347,0.020174540068348186,0.23301678846609192,1|2|2|2|2|2
SENS|old|E|B_only,wmz,2,2,1.0,0.09840368019147762,0.047451386962638065,0.14935597342031717,0.0005,1.0,0.0005,0.03615608334479496,0.10912299760062405,0.06584621203690094,0.13061030580712943,1|2|2|2|2|2
SENS|old|E|B_only,d_wmz,2,2,1.0,0.005698332896444963,-0.018394825074262877,0.029791490867152805,0.479,0.7605,0.2395,0.017217745107878546,-2.6997390573105934e-05,-0.02330792186179964,0.011551840284609781,1|1|2|2|2|2
SENS|old|E|B_only,d_closure,2,2,1.0,-0.09763990558093391,-0.24403030906269282,0.04875049790082503,0.506,0.253,0.747,0.10374475418471002,-0.10054263870670713,-0.11726219085126673,-0.06764450722747746,1|1|2|2|2|2
SENS|old|E|B_only,new_relation_rate,2,2,1.0,0.04471934640756711,0.010890222029444105,0.07854847078569012,0.0005,1.0,0.0005,0.023661740221247726,-0.12317707168839757,-0.17843655354094698,-0.06791758983584822,2|2|2|2|2|2
SENS|old|E|B_only,novelty,2,2,1.0,0.03445731842141743,0.03410518993076378,0.03480944691207108,0.0005,1.0,0.0005,0.0002492787635209166,-0.0399944209830054,-0.051149256536884444,0.03970809397116783,1|2|2|2|2|2
SENS|new|E_up|all,closure,42,19,0.4523809523809524,-0.4802191870518889,-0.9657612622117333,0.023407506878575065,0.058,0.029,0.971,0.25487210853387254,-0.4141200449948349,-0.87976980200375,0.10423405424198919,4|10|17|18|19|19
SENS|new|E_up|all,closure_resT,42,19,0.4523809523809524,-0.3324042809465044,-0.7532852313501358,0.10572553828789862,0.12,0.06,0.94,0.21385853766240773,-0.27073182389017003,-0.6904329685388099,0.20116689693605216,4|10|17|18|19|19
SENS|new|E_up|all,closure_persist,42,19,0.4523809523809524,-0.6558340245388534,-1.2723022683913747,-0.03657346519549264,0.039,0.0195,0.9805,0.30993216142293717,-0.4545176095637455,-1.3025618539486075,0.3584502803615732,2|6|8|16|18|18
SENS|new|E_up|all,constraint,42,19,0.4523809523809524,0.0604617017125408,-0.02056123537320514,0.13655107119851298,0.127,0.9365,0.0635,0.039420146455819476,0.01894754973979819,-0.10901319260234925,0.1355261968389841,4|10|17|18|19|19
SENS|new|E_up|all,cdeg_diag,42,19,0.4523809523809524,0.0984532902503025,-0.15023959516526597,0.3339615603177564,0.416,0.792,0.208,0.12592007658296903,-0.07734566808370058,-0.5273450751029192,0.3325137644444232,4|10|17|18|19|19
SENS|new|E_up|all,xc_excess,42,19,0.4523809523809524,0.021452071715385164,-0.050545357258097445,0.09038160605600476,0.527,0.7365,0.2635,0.035691491621155855,0.07124687519777535,-0.012999084200278814,0.15345275997975955,4|10|17|18|19|18
SENS|new|E_up|all,wmz,42,19,0.4523809523809524,0.02079265700099238,-0.009048397200535456,0.049656937568919396,0.168,0.916,0.084,0.015195030109217921,0.015728409265078402,-0.0055732294325086295,0.0349195704576752,4|10|17|18|19|19
SENS|new|E_up|all,d_wmz,42,19,0.4523809523809524,0.0036867245921807057,-0.023760892866924854,0.02467383211313911,0.673,0.6635,0.3365,0.01270581334252987,-0.010356655000698028,-0.04281975720333914,0.014957133808739703,2|4|10|17|18|19
SENS|new|E_up|all,d_closure,42,19,0.4523809523809524,-0.04793446496706285,-0.2758406602179181,0.18984847755178907,0.703,0.3515,0.6485,0.11983294167092431,-0.13083037244179616,-0.439846027032043,0.16295790862453766,1|4|10|17|18|19
SENS|new|E_up|all,new_relation_rate,42,19,0.4523809523809524,0.05513671023051976,-0.004609156899599249,0.10926647095545454,0.074,0.963,0.037,0.029040175100704148,0.017555795639295314,-0.07037101548638659,0.10428794150645099,6|12|18|18|19|19
SENS|new|E_up|all,novelty,42,19,0.4523809523809524,0.08003438123709236,0.012237265032712798,0.14849735571176692,0.025,0.9875,0.0125,0.03497721273597972,0.064108544001683,-0.016889020850837957,0.13883148764184194,4|12|17|17|18|18
SENS|new|E_up|all|newctl,closure,42,14,0.3333333333333333,-0.33934784577785815,-0.9647888384224944,0.30455080573455456,0.313,0.1565,0.8435,0.33207206319607835,-0.1755850915861863,-0.9103905014222229,0.4631306702058397,4|7|12|13|14|14
SENS|new|E_up|all|newctl,closure_resT,42,14,0.3333333333333333,-0.2621368460060214,-0.8129165712560913,0.2633148832717646,0.33,0.165,0.835,0.27032172245206776,-0.13425992061352424,-0.7424753034244923,0.4342579556638248,4|7|12|13|14|14
SENS|new|E_up|all|newctl,closure_persist,42,14,0.3333333333333333,-0.31382698300900624,-1.0161011531784496,0.3712271980018792,0.36,0.18,0.82,0.3448828962531253,0.30194318277092147,-0.6643096820608697,0.900892644193202,1|4|5|11|13|13
SENS|new|E_up|all|newctl,constraint,42,14,0.3333333333333333,0.08197035927110946,-0.02188379399916482,0.17757293515657654,0.112,0.944,0.056,0.05070549804129629,-0.007450812254772549,-0.11526711849609943,0.09533375374074013,4|7|12|13|14|14
SENS|new|E_up|all|newctl,cdeg_diag,42,14,0.3333333333333333,0.18274525972254888,-0.15378907865263272,0.5240561195542953,0.274,0.863,0.137,0.17087290818723463,-0.0075371167979715326,-0.45948218016691694,0.42357755357708166,4|7|12|13|14|14
SENS|new|E_up|all|newctl,xc_excess,42,14,0.3333333333333333,-0.005968698672015601,-0.09078837164181122,0.08750439805972893,0.889,0.4445,0.5555,0.047104502943778555,0.03302975204826067,-0.03577217661758764,0.0959308024924404,2|6|12|13|14|13
SENS|new|E_up|all|newctl,wmz,42,14,0.3333333333333333,0.011682044297794649,-0.028313004630879133,0.048687439865635763,0.571,0.7145,0.2855,0.019864465364230505,0.005775651816982327,-0.021351913629055464,0.031723663686284806,4|7|12|13|14|14
SENS|new|E_up|all|newctl,d_wmz,42,14,0.3333333333333333,-0.003668119581074855,-0.0431979833494131,0.0263179210009127,0.913,0.4565,0.5435,0.018424497806103068,-0.006546544252673932,-0.048361895452370324,0.017668536310303094,1|4|7|12|13|14
SENS|new|E_up|all|newctl,d_closure,42,14,0.3333333333333333,-0.0037905346952892965,-0.22832015846735726,0.2787095799728202,0.933,0.4665,0.5335,0.12957659728734494,0.012449533691675427,-0.17035398064956697,0.3206456201965386,1|4|7|12|13|14
SENS|new|E_up|all|newctl,new_relation_rate,42,14,0.3333333333333333,0.029478370257599515,-0.07897187608054032,0.13301954088835716,0.598,0.701,0.299,0.05429137357408073,-0.015465218177919899,-0.1625381916712729,0.12256366905107006,4|7|12|13|14|14
SENS|new|E_up|all|newctl,novelty,42,14,0.3333333333333333,0.03573747768486062,-0.0816785967609061,0.14042338664377715,0.542,0.729,0.271,0.056118584196722034,0.031131782784264195,-0.10790788387674372,0.1743317520235465,3|6|11|12|13|13
SENS|new|E_up|B_only,closure,39,19,0.48717948717948717,-0.440462648267654,-0.9872230327006062,0.04540419762812761,0.085,0.0425,0.9575,0.26744474776744065,-0.42232657604043505,-0.9752244299736068,0.13341592909871022,4|10|17|18|19|19
SENS|new|E_up|B_only,closure_resT,39,19,0.48717948717948717,-0.3057177441088174,-0.7761563717574544,0.13405107207072925,0.186,0.093,0.907,0.23420132130043134,-0.29117370482814753,-0.7684932219382441,0.21265079207588197,4|10|17|18|19|19
SENS|new|E_up|B_only,closure_persist,39,19,0.48717948717948717,-0.5488865506145127,-1.1263632213289496,-0.0023975059350624223,0.049,0.0245,0.9755,0.28983297311651846,-0.3398398016957766,-1.1022900482077724,0.46494019002844206,2|6|7|16|18|18
SENS|new|E_up|B_only,constraint,39,19,0.48717948717948717,0.057650919162414646,-0.02681153168280462,0.13654069069218341,0.157,0.9215,0.0785,0.04066643606670523,-0.012108444202301208,-0.12965691473803606,0.08259073592893917,4|10|17|18|19|19
SENS|new|E_up|B_only,cdeg_diag,39,19,0.48717948717948717,0.09928201636242495,-0.1713040293261553,0.3610871722196441,0.455,0.7725,0.2275,0.13554092279009064,-0.09030834076858164,-0.5361937755244742,0.3263272384314731,4|10|17|18|19|19
SENS|new|E_up|B_only,xc_excess,39,19,0.48717948717948717,0.02818157220731255,-0.045333294320978525,0.10351886122342759,0.475,0.7625,0.2375,0.039074664999176,0.05738597561798858,-0.01419832815214764,0.13551712961463558,3|9|17|18|19|18
SENS|new|E_up|B_only,wmz,39,19,0.48717948717948717,0.021680028593343958,-0.008876623893947147,0.051475919491945084,0.169,0.9155,0.0845,0.015615578316272052,0.016405551086272008,-0.006515807116983682,0.03726316422138908,4|10|17|18|19|19
SENS|new|E_up|B_only,d_wmz,39,19,0.48717948717948717,0.0037982172868099456,-0.024771635786260102,0.02563798288996307,0.701,0.6495,0.3505,0.012879649887256036,-0.009967336576722934,-0.04101823606755793,0.016813591462351864,2|4|10|17|18|19
SENS|new|E_up|B_only,d_closure,39,19,0.48717948717948717,-0.05942607283122546,-0.2958568493032992,0.18413725732822406,0.582,0.291,0.709,0.12199309988713547,-0.0689932552869722,-0.27277076280355267,0.1909236208048932,1|4|10|17|18|19
SENS|new|E_up|B_only,new_relation_rate,39,19,0.48717948717948717,0.05006233324799515,-0.01352253235836614,0.10799309274209609,0.121,0.9395,0.0605,0.030641095157644765,0.0095803689863215,-0.07353798864620235,0.090825435335535,6|12|18|18|19|19
SENS|new|E_up|B_only,novelty,39,19,0.48717948717948717,0.07723425139454985,0.003779622140423034,0.1470172522891687,0.043,0.9785,0.0215,0.03751359799984553,0.08182147737638505,-0.02174882161095627,0.17988808466453657,4|11|17|17|18|18
SENS|new|E_up|B_only|newctl,closure,39,14,0.358974358974359,-0.33934784577785815,-0.9592534722993342,0.2694294967327097,0.284,0.142,0.858,0.32218527044539896,-0.1755850915861863,-0.881762357296423,0.42370119475557777,4|7|12|13|14|14
SENS|new|E_up|B_only|newctl,closure_resT,39,14,0.358974358974359,-0.2621368460060214,-0.7848355779809605,0.29045347792618637,0.349,0.1745,0.8255,0.2722459527405294,-0.13425992061352424,-0.7273412944792244,0.4263435725580291,4|7|12|13|14|14
SENS|new|E_up|B_only|newctl,closure_persist,39,14,0.358974358974359,-0.31382698300900624,-1.0304292519364708,0.36378030459700117,0.353,0.1765,0.8235,0.35053729190273447,0.30194318277092147,-0.750307544144975,0.9018826497801046,1|4|5|11|13|13
SENS|new|E_up|B_only|newctl,constraint,39,14,0.358974358974359,0.08197035927110946,-0.017555634834308092,0.177637146695447,0.102,0.949,0.051,0.050062326322637914,-0.007450812254772549,-0.11597201388379642,0.09559730159174634,4|7|12|13|14|14
SENS|new|E_up|B_only|newctl,cdeg_diag,39,14,0.358974358974359,0.18274525972254888,-0.13370504746352038,0.5156267920593806,0.264,0.868,0.132,0.16996552750867386,-0.0075371167979715326,-0.4307691674636745,0.4501424099517576,4|7|12|13|14|14
SENS|new|E_up|B_only|newctl,xc_excess,39,14,0.358974358974359,-0.005968698672015601,-0.0955045669021874,0.08715098574260079,0.87,0.435,0.565,0.04689528993647825,0.03302975204826067,-0.040921327906223416,0.09857693193174906,2|6|12|13|14|13
SENS|new|E_up|B_only|newctl,wmz,39,14,0.358974358974359,0.011682044297794649,-0.02766806645778476,0.04856936719154232,0.547,0.7265,0.2735,0.019562599895182713,0.005775651816982327,-0.020176508928034492,0.03160175572606655,4|7|12|13|14|14
SENS|new|E_up|B_only|newctl,d_wmz,39,14,0.358974358974359,-0.003668119581074855,-0.04562180996747558,0.026756974596689027,0.907,0.4535,0.5465,0.018379742237759563,-0.006546544252673932,-0.043173303535927424,0.017092147697922618,1|4|7|12|13|14
SENS|new|E_up|B_only|newctl,d_closure,39,14,0.358974358974359,-0.0037905346952892965,-0.2347330142962886,0.2683625929581867,0.957,0.4785,0.5215,0.12921876995678827,0.012449533691675427,-0.18535084739576466,0.31275478326469897,1|4|7|12|13|14
SENS|new|E_up|B_only|newctl,new_relation_rate,39,14,0.358974358974359,0.029478370257599515,-0.07313019871745853,0.13326916485528456,0.594,0.703,0.297,0.05327665123902123,-0.015465218177919899,-0.16577744444954298,0.11572989533741491,4|7|12|13|14|14
SENS|new|E_up|B_only|newctl,novelty,39,14,0.358974358974359,0.03573747768486062,-0.06920851761460227,0.14394573040582076,0.509,0.7455,0.2545,0.056249424997525006,0.031131782784264195,-0.10389659800498223,0.18052791077323108,3|6|11|12|13|13
SENS|new|E_alt|all,closure,14,10,0.7142857142857143,-0.2727807345400824,-0.8850600000745867,0.3709498327707671,0.411,0.2055,0.7945,0.32427198771240046,-0.21054944780398874,-0.8081056923442211,0.38030968359584777,3|6|9|10|10|10
SENS|new|E_alt|all,closure_resT,14,10,0.7142857142857143,0.06988197875604987,-0.5070168304892233,0.6160650229667105,0.784,0.608,0.392,0.28346151860710306,0.17767324398130593,-0.29850487399926473,0.599129577774083,3|6|9|10|10|10
SENS|new|E_alt|all,closure_persist,14,10,0.7142857142857143,-0.12359782307558637,-1.1402602619906432,0.901963045517241,0.782,0.391,0.609,0.5152392956120536,0.010106445784547457,-0.9261100096309941,1.0441631059876983,2|4|6|8|10|9
SENS|new|E_alt|all,constraint,14,10,0.7142857142857143,-0.004096295722654485,-0.20483450170842354,0.1577059621033603,0.964,0.518,0.482,0.09366147254412614,-0.016836060719433863,-0.22935886959696367,0.16436554221141408,3|6|9|10|10|10
SENS|new|E_alt|all,cdeg_diag,14,10,0.7142857142857143,-0.17915814921253342,-0.6739121029922203,0.231751862465135,0.467,0.2335,0.7665,0.23559621412553414,-0.3252955690232028,-0.861124901739459,0.17209873048093108,3|6|9|10|10|10
SENS|new|E_alt|all,xc_excess,14,10,0.7142857142857143,0.019905646331652517,-0.06106197889811568,0.13726660530572934,0.77,0.615,0.385,0.05062189785816569,0.027245798549511972,-0.06530654500645369,0.12477158685132225,3|6|9|10|10|9
SENS|new|E_alt|all,wmz,14,10,0.7142857142857143,0.025396985731278084,-0.018276137142777846,0.07050260830006551,0.255,0.8725,0.1275,0.022780052107828738,0.01590680242987549,-0.04893458877695456,0.08571926300046954,4|7|10|10|10|10
SENS|new|E_alt|all,d_wmz,14,10,0.7142857142857143,0.007831453986248299,-0.04264297761268451,0.05051003919253983,0.671,0.6645,0.3355,0.023273941195993155,-0.010527044721858036,-0.05486553744312073,0.0192201535159128,3|4|7|10|10|10
SENS|new|E_alt|all,d_closure,14,10,0.7142857142857143,0.06632783741937032,-0.17872372387449395,0.348907503155975,0.647,0.6765,0.3235,0.1366007457328876,0.3002375968100104,-0.05508189446981441,0.6204427884390197,2|3|6|9|10|10
SENS|new|E_alt|all,new_relation_rate,14,10,0.7142857142857143,0.08817397615979933,0.029393955786421563,0.1472615147344479,0.005,0.9975,0.0025,0.030317373120242998,0.077059631594288,-0.013670133699501841,0.18726162272356534,6|8|10|10|10|10
SENS|new|E_alt|all,novelty,14,10,0.7142857142857143,0.1441076840238638,0.04593548485130604,0.22059437507055804,0.005,0.9975,0.0025,0.045148731937574085,0.143320141508335,0.04074440801116921,0.24882519147276827,3|8|9|9|9|9
SENS|new|E_alt|all|newctl,closure,14,5,0.35714285714285715,-0.16629634322849735,-1.3222205263233417,0.9896278398663468,0.826,0.413,0.587,0.5852444871161605,0.030711046731294468,-1.190744133968083,0.7878228695812842,2|3|5|5|5|5
SENS|new|E_alt|all|newctl,closure_resT,14,5,0.35714285714285715,0.14976378948520697,-0.7128280426302216,1.0058970579192517,0.637,0.6815,0.3185,0.4516788621538238,0.3328144536958314,-0.4692207053449806,0.9262498112152755,2|3|5|5|5|5
SENS|new|E_alt|all|newctl,closure_persist,14,5,0.35714285714285715,-0.6072896613403929,-1.7587613862836058,0.6559635237600552,0.269,0.1345,0.8655,0.594200364927225,0.7469823563877828,-0.6457821077283076,1.24788760196468,1|1|3|4|5|4
SENS|new|E_alt|all|newctl,constraint,14,5,0.35714285714285715,0.09302381538649312,-0.0580642030590684,0.19367547732466495,0.139,0.9305,0.0695,0.06695328688997135,0.028584185085107034,-0.1559993860586452,0.29384561212112864,2|3|5|5|5|5
SENS|new|E_alt|all|newctl,cdeg_diag,14,5,0.35714285714285715,0.1626349245937561,-0.22868743737508962,0.4719309131533147,0.408,0.796,0.204,0.18644839612576217,-0.046756748570390784,-0.5577559335790755,0.4687928971197201,2|3|5|5|5|5
SENS|new|E_alt|all|newctl,xc_excess,14,5,0.35714285714285715,-0.021137809820898103,-0.09248917520388113,0.05923252042075565,0.58,0.29,0.71,0.03918102455022909,0.02078611133964073,-0.029005117390779177,0.07076742365151185,1|3|5|5|5|4
SENS|new|E_alt|all|newctl,wmz,14,5,0.35714285714285715,0.023255965772667055,-0.03021536460629279,0.07093978357441996,0.377,0.8115,0.1885,0.025434635145162754,0.010166999270686285,-0.036118565155511824,0.08355940808063453,2|3|5|5|5|5
SENS|new|E_alt|all|newctl,d_wmz,14,5,0.35714285714285715,0.006263162751734729,-0.02272341060599831,0.03494480335831177,0.773,0.6135,0.3865,0.015057587582622487,0.007181424788762508,-0.011532569807005285,0.05038521922900056,1|2|3|5|5|5
SENS|new|E_alt|all|newctl,d_closure,14,5,0.35714285714285715,0.2429919946165192,-0.14888393715325254,0.55027956425468,0.238,0.881,0.119,0.193794601022931,0.23404662359992714,0.0715940861788885,0.6916604915046737,1|2|3|5|5|5
SENS|new|E_alt|all|newctl,new_relation_rate,14,5,0.35714285714285715,0.150675872128473,0.0552339639128393,0.26768146860982606,0.0005,1.0,0.0005,0.055994659184835656,0.12414845177651848,0.0018682093887659097,0.3557456543463997,2|3|5|5|5|5
SENS|new|E_alt|all|newctl,novelty,14,5,0.35714285714285715,0.18571108008296186,0.025166647008710793,0.3271376590097096,0.0240120060030015,0.9879939969984992,0.01200600300150075,0.07777581552961976,0.16780888246869718,0.053846410934745056,0.34124897184918745,1|3|4|4|4|4
SENS|new|E_alt|B_only,closure,14,10,0.7142857142857143,-0.27282260276954906,-0.8830299080810559,0.3414988824941759,0.403,0.2015,0.7985,0.32037596983597433,-0.29377048002783906,-0.8567222086231877,0.28728399435670043,3|6|9|10|10|10
SENS|new|E_alt|B_only,closure_resT,14,10,0.7142857142857143,0.1908950370352396,-0.40270727880945456,0.7182854017008276,0.527,0.7365,0.2635,0.2955087626449842,0.22110717669324215,-0.29234850928595846,0.6322927211764293,3|6|9|10|10|10
SENS|new|E_alt|B_only,closure_persist,14,10,0.7142857142857143,-0.38844218563050614,-1.152159709031171,0.3618591964204938,0.321,0.1605,0.8395,0.3848554761207783,-0.19475448343470222,-1.003887219037542,0.7832068508735309,2|4|6|8|10|9
SENS|new|E_alt|B_only,constraint,14,10,0.7142857142857143,0.04361499980828179,-0.08426588205908528,0.15879833835541218,0.484,0.758,0.242,0.06279416006774531,-0.00230230512842385,-0.18923186349973878,0.15486601226762656,3|6|9|10|10|10
SENS|new|E_alt|B_only,cdeg_diag,14,10,0.7142857142857143,-0.13164953866762874,-0.5202182372480312,0.2401688187074679,0.513,0.2565,0.7435,0.19419547905735968,-0.3742205317354238,-0.9971145681663721,0.20305106911436507,3|6|9|10|10|10
SENS|new|E_alt|B_only,xc_excess,14,10,0.7142857142857143,0.025083829314247255,-0.053356240108933604,0.13145410408925445,0.683,0.6585,0.3415,0.04919607342827549,0.0300425140779922,-0.05604513640268405,0.12574568375115036,3|6|9|10|10|9
SENS|new|E_alt|B_only,wmz,14,10,0.7142857142857143,0.02980302145263531,-0.011394963557003191,0.06812582573485304,0.162,0.919,0.081,0.02039830894632302,0.0066609939698068455,-0.06257038424334933,0.07314224625686903,4|7|10|10|10|10
SENS|new|E_alt|B_only,d_wmz,14,10,0.7142857142857143,0.02552226935536165,0.001334488008006462,0.05541605966384242,0.024,0.988,0.012,0.01383510417566346,0.004201203690682981,-0.01985471984039955,0.024640726389041027,3|4|7|10|10|10
SENS|new|E_alt|B_only,d_closure,14,10,0.7142857142857143,0.16578424861867774,-0.12200993368435914,0.4671091691186564,0.27,0.865,0.135,0.15289363164696979,0.37305441566064657,0.05474071859961802,0.6956364236925413,2|3|6|9|10|10
SENS|new|E_alt|B_only,new_relation_rate,14,10,0.7142857142857143,0.10685923179712938,0.05254934608407448,0.15781756579165782,0.0005,1.0,0.0005,0.027248269724808132,0.09903537240800411,0.023740999601040882,0.19583333941185932,6|8|10|10|10|10
SENS|new|E_alt|B_only,novelty,14,10,0.7142857142857143,0.1846890517642955,0.14106698329280903,0.22724269695539837,0.0005,1.0,0.0005,0.022208301941383474,0.1763284817058828,0.09749868185381814,0.26665986433022415,3|8|9|9|9|9
SENS|new|E_alt|B_only|newctl,closure,14,5,0.35714285714285715,-0.16629634322849735,-1.3222205263233417,0.9896278398663468,0.842,0.421,0.579,0.5973426833500898,0.030711046731294468,-1.190744133968083,0.8418517502593996,2|3|5|5|5|5
SENS|new|E_alt|B_only|newctl,closure_resT,14,5,0.35714285714285715,0.14976378948520697,-0.7063694789488377,1.0058970579192517,0.642,0.679,0.321,0.45002256051309986,0.3328144536958314,-0.4692207053449806,0.8894467569998398,2|3|5|5|5|5
SENS|new|E_alt|B_only|newctl,closure_persist,14,5,0.35714285714285715,-0.6072896613403929,-1.7033583760180968,0.6182818144847971,0.258,0.129,0.871,0.5984233793809576,0.7469823563877828,-0.6476850883053947,1.1881123286842459,1|1|3|4|5|4
SENS|new|E_alt|B_only|newctl,constraint,14,5,0.35714285714285715,0.09302381538649312,-0.05806420305906837,0.19367547732466495,0.142,0.929,0.071,0.06672613138134573,0.028584185085107034,-0.1559993860586452,0.2938720049634916,2|3|5|5|5|5
SENS|new|E_alt|B_only|newctl,cdeg_diag,14,5,0.35714285714285715,0.1626349245937561,-0.22604675551943182,0.4719309131533147,0.403,0.7985,0.2015,0.1848556632761135,-0.046756748570390784,-0.5577559335790755,0.4687212491980624,2|3|5|5|5|5
SENS|new|E_alt|B_only|newctl,xc_excess,14,5,0.35714285714285715,-0.021137809820898103,-0.09249937382878563,0.05923252042075565,0.555,0.2775,0.7225,0.0392726508090295,0.02078611133964073,-0.027326497868961092,0.07284653647006584,1|3|5|5|5|4
SENS|new|E_alt|B_only|newctl,wmz,14,5,0.35714285714285715,0.023255965772667055,-0.02577999731078938,0.07093978357441995,0.379,0.8105,0.1895,0.02532747527202627,0.010166999270686285,-0.04014123369810802,0.08355940808063451,2|3|5|5|5|5
SENS|new|E_alt|B_only|newctl,d_wmz,14,5,0.35714285714285715,0.006263162751734729,-0.02272341060599831,0.03494480335831177,0.732,0.634,0.366,0.01490883858116189,0.007181424788762508,-0.012054766449271653,0.05137606907736556,1|2|3|5|5|5
SENS|new|E_alt|B_only|newctl,d_closure,14,5,0.35714285714285715,0.2429919946165192,-0.14804530697664517,0.5378680285948851,0.234,0.883,0.117,0.18853926963389714,0.23404662359992714,0.0715940861788885,0.6916604915046737,1|2|3|5|5|5
SENS|new|E_alt|B_only|newctl,new_relation_rate,14,5,0.35714285714285715,0.150675872128473,0.0552339639128393,0.27401315167906354,0.0005,1.0,0.0005,0.05679772774990787,0.12414845177651848,0.0018682093887659097,0.3557456543463997,2|3|5|5|5|5
SENS|new|E_alt|B_only|newctl,novelty,14,5,0.35714285714285715,0.18571108008296186,0.025166647008710793,0.3271376590097096,0.026013006503251626,0.9869934967483742,0.013006503251625813,0.07839114154390836,0.16780888246869718,0.053846410934745056,0.34124897184918745,1|3|4|4|4|4
SENS|new|E|all,closure,4,1,0.25,-1.3922635447790712,,,,,,,-1.242024741851458,,,0|0|1|1|1|1
SENS|new|E|all,closure_resT,4,1,0.25,-0.9232912491261372,,,,,,,-0.8211808050744936,,,0|0|1|1|1|1
SENS|new|E|all,closure_persist,4,1,0.25,-1.290696306850721,,,,,,,-1.2047179310070997,,,0|0|0|1|1|1
SENS|new|E|all,constraint,4,1,0.25,0.14133916723541998,,,,,,,0.07481575608547976,,,0|0|1|1|1|1
SENS|new|E|all,cdeg_diag,4,1,0.25,0.1992384844672544,,,,,,,-0.15783654200272834,,,0|0|1|1|1|1
SENS|new|E|all,xc_excess,4,1,0.25,-0.0083993503772916,,,,,,,-0.0259565492604709,,,0|0|1|1|1|1
SENS|new|E|all,wmz,4,1,0.25,0.048003263110459216,,,,,,,0.06406749406793728,,,0|0|1|1|1|1
SENS|new|E|all,d_wmz,4,1,0.25,-0.0010141347720010925,,,,,,,0.0634160371993289,,,0|0|0|1|1|1
SENS|new|E|all,d_closure,4,1,0.25,-0.2052693383801291,,,,,,,-0.22964818031087889,,,0|0|0|1|1|1
SENS|new|E|all,new_relation_rate,4,1,0.25,0.19585405865737135,,,,,,,0.2086403652344321,,,0|0|1|1|1|1
SENS|new|E|all,novelty,4,1,0.25,0.21629780250260008,,,,,,,0.21952396155955464,,,0|0|1|1|1|1
SENS|new|E|all|newctl,closure,4,1,0.25,-1.4327020574704616,,,,,,,-1.4062149076106039,,,0|0|1|1|1|1
SENS|new|E|all|newctl,closure_resT,4,1,0.25,-1.022301973193712,,,,,,,-1.1079985312216383,,,0|0|1|1|1|1
SENS|new|E|all|newctl,closure_persist,4,1,0.25,-1.1536782298148647,,,,,,,-1.0452026490650812,,,0|0|0|1|1|1
SENS|new|E|all|newctl,constraint,4,1,0.25,0.16389391867217626,,,,,,,0.131942184041123,,,0|0|1|1|1|1
SENS|new|E|all|newctl,cdeg_diag,4,1,0.25,0.529700025802404,,,,,,,0.2971155333399818,,,0|0|1|1|1|1
SENS|new|E|all|newctl,xc_excess,4,1,0.25,0.10780237164795986,,,,,,,0.09758209437621206,,,0|0|1|1|1|1
SENS|new|E|all|newctl,wmz,4,1,0.25,0.07254375698999138,,,,,,,0.0965261080699148,,,0|0|1|1|1|1
SENS|new|E|all|newctl,d_wmz,4,1,0.25,-0.001415838612030762,,,,,,,0.09500119706375226,,,0|0|0|1|1|1
SENS|new|E|all|newctl,d_closure,4,1,0.25,0.012273682797624788,,,,,,,0.01620725095606268,,,0|0|0|1|1|1
SENS|new|E|all|newctl,new_relation_rate,4,1,0.25,0.11444795249048251,,,,,,,0.07326611585102638,,,0|0|1|1|1|1
SENS|new|E|all|newctl,novelty,4,1,0.25,0.16983382161953586,,,,,,,0.13710850615612516,,,0|0|1|1|1|1
SENS|new|E|B_only,closure,3,1,0.3333333333333333,-1.3922635447790712,,,,,,,-1.242024741851458,,,0|0|1|1|1|1
SENS|new|E|B_only,closure_resT,3,1,0.3333333333333333,-0.9232912491261372,,,,,,,-0.8211808050744936,,,0|0|1|1|1|1
SENS|new|E|B_only,closure_persist,3,1,0.3333333333333333,-1.290696306850721,,,,,,,-1.2047179310070997,,,0|0|0|1|1|1
SENS|new|E|B_only,constraint,3,1,0.3333333333333333,0.14133916723541998,,,,,,,0.07481575608547976,,,0|0|1|1|1|1
SENS|new|E|B_only,cdeg_diag,3,1,0.3333333333333333,0.1992384844672544,,,,,,,-0.15783654200272834,,,0|0|1|1|1|1
SENS|new|E|B_only,xc_excess,3,1,0.3333333333333333,-0.0083993503772916,,,,,,,-0.0259565492604709,,,0|0|1|1|1|1
SENS|new|E|B_only,wmz,3,1,0.3333333333333333,0.048003263110459216,,,,,,,0.06406749406793728,,,0|0|1|1|1|1
SENS|new|E|B_only,d_wmz,3,1,0.3333333333333333,-0.0010141347720010925,,,,,,,0.0634160371993289,,,0|0|0|1|1|1
SENS|new|E|B_only,d_closure,3,1,0.3333333333333333,-0.2052693383801291,,,,,,,-0.22964818031087889,,,0|0|0|1|1|1
SENS|new|E|B_only,new_relation_rate,3,1,0.3333333333333333,0.19585405865737135,,,,,,,0.2086403652344321,,,0|0|1|1|1|1
SENS|new|E|B_only,novelty,3,1,0.3333333333333333,0.21629780250260008,,,,,,,0.21952396155955464,,,0|0|1|1|1|1
SENS|new|E|B_only|newctl,closure,3,1,0.3333333333333333,-1.4327020574704616,,,,,,,-1.4062149076106039,,,0|0|1|1|1|1
SENS|new|E|B_only|newctl,closure_resT,3,1,0.3333333333333333,-1.022301973193712,,,,,,,-1.1079985312216383,,,0|0|1|1|1|1
SENS|new|E|B_only|newctl,closure_persist,3,1,0.3333333333333333,-1.1536782298148647,,,,,,,-1.0452026490650812,,,0|0|0|1|1|1
SENS|new|E|B_only|newctl,constraint,3,1,0.3333333333333333,0.16389391867217626,,,,,,,0.131942184041123,,,0|0|1|1|1|1
SENS|new|E|B_only|newctl,cdeg_diag,3,1,0.3333333333333333,0.529700025802404,,,,,,,0.2971155333399818,,,0|0|1|1|1|1
SENS|new|E|B_only|newctl,xc_excess,3,1,0.3333333333333333,0.10780237164795986,,,,,,,0.09758209437621206,,,0|0|1|1|1|1
SENS|new|E|B_only|newctl,wmz,3,1,0.3333333333333333,0.07254375698999138,,,,,,,0.0965261080699148,,,0|0|1|1|1|1
SENS|new|E|B_only|newctl,d_wmz,3,1,0.3333333333333333,-0.001415838612030762,,,,,,,0.09500119706375226,,,0|0|0|1|1|1
SENS|new|E|B_only|newctl,d_closure,3,1,0.3333333333333333,0.012273682797624788,,,,,,,0.01620725095606268,,,0|0|0|1|1|1
SENS|new|E|B_only|newctl,new_relation_rate,3,1,0.3333333333333333,0.11444795249048251,,,,,,,0.07326611585102638,,,0|0|1|1|1|1
SENS|new|E|B_only|newctl,novelty,3,1,0.3333333333333333,0.16983382161953586,,,,,,,0.13710850615612516,,,0|0|1|1|1|1
