20:52:12|INFO   |[1] 'einstein podolsky rosen steering' route=A_openalex_native cand=353 links=286 t=42.7s credits=0 rem=None store=224664 s2calls=0/0
20:52:12|INFO   |[2] 'mirage mediation' route=A_openalex_native cand=122 links=110 t=23.0s credits=0 rem=None store=224664 s2calls=0/0
20:52:12|INFO   |[3] 'full duplex cellular' route=A_openalex_native cand=154 links=153 t=16.3s credits=0 rem=None store=224664 s2calls=0/0
20:52:13|INFO   |[4] 'deep metric learning' route=A_openalex_native cand=1473 links=1469 t=199.9s credits=0 rem=None store=224664 s2calls=0/0
20:52:13|INFO   |[5] 'graphene quantum dot' route=A_openalex_native cand=8308 links=8249 t=1461.2s credits=0 rem=None store=224664 s2calls=0/0
20:52:13|INFO   |[6] 'tensor complementarity' route=A_openalex_native cand=168 links=168 t=36.4s credits=0 rem=None store=224664 s2calls=0/0
20:52:13|INFO   |[7] 'proton radius puzzle' route=A_openalex_native cand=244 links=240 t=65.2s credits=0 rem=None store=224664 s2calls=0/0
20:52:14|INFO   |[8] 'massive mu mimo' route=A_openalex_native cand=344 links=336 t=82.6s credits=0 rem=None store=224664 s2calls=0/0
20:52:14|INFO   |[9] 'adenomyoma' route=A_openalex_native cand=1260 links=1260 t=264.9s credits=0 rem=None store=224664 s2calls=0/0
20:52:14|INFO   |[10] 'mmwave cellular network' route=A_openalex_native cand=314 links=270 t=93.1s credits=0 rem=None store=224664 s2calls=0/0
20:52:14|INFO   |[11] 'body area sensor network' route=A_openalex_native cand=540 links=488 t=156.4s credits=0 rem=None store=224664 s2calls=0/0
20:52:14|INFO   |[12] 'gaussian belief' route=A_openalex_native cand=325 links=324 t=92.4s credits=0 rem=None store=224664 s2calls=0/0
20:52:14|INFO   |[13] 'natural supersymmetry' route=A_openalex_native cand=188 links=186 t=50.0s credits=0 rem=None store=224664 s2calls=0/0
20:52:15|INFO   |[14] 'planar pixel sensor' route=A_openalex_native cand=110 links=109 t=42.0s credits=0 rem=None store=224664 s2calls=0/0
20:52:15|INFO   |[15] 'single layer mos2' route=A_openalex_native cand=656 links=611 t=131.6s credits=0 rem=None store=224664 s2calls=0/0
20:52:15|INFO   |[16] 'feas superconductor' route=A_openalex_native cand=143 links=134 t=62.9s credits=0 rem=None store=224664 s2calls=0/0
20:52:15|INFO   |[17] 'convolutional sparse coding' route=A_openalex_native cand=509 links=493 t=142.6s credits=0 rem=None store=224664 s2calls=0/0
20:52:15|INFO   |[18] 'photosynthetic complex' route=A_openalex_native cand=1060 links=1059 t=205.5s credits=0 rem=None store=224664 s2calls=0/0
20:52:16|INFO   |[19] 'ionization injection' route=A_openalex_native cand=231 links=229 t=62.7s credits=0 rem=None store=224664 s2calls=0/0
20:52:16|INFO   |[20] 'hom hopf algebras' route=A_openalex_native cand=100 links=79 t=67.1s credits=0 rem=None store=224664 s2calls=0/0
20:52:16|INFO   |[21] 'beam energy scan' route=A_openalex_native cand=806 links=798 t=151.0s credits=0 rem=None store=224664 s2calls=0/0
20:52:16|INFO   |[22] 'sparse recovery' route=A_openalex_native cand=3561 links=3469 t=893.4s credits=0 rem=None store=224664 s2calls=0/0
20:52:16|INFO   |[23] 'rf energy harvesting' route=A_openalex_native cand=2902 links=2604 t=745.6s credits=0 rem=None store=224664 s2calls=0/0
20:52:17|INFO   |[24] 'adversarial example' route=A_openalex_native cand=8824 links=8823 t=1586.3s credits=0 rem=None store=224664 s2calls=0/0
20:52:17|INFO   |[25] 'interfacial dzyaloshinskii moriya intera' route=A_openalex_native cand=651 links=499 t=159.9s credits=0 rem=None store=224664 s2calls=0/0
20:52:17|INFO   |[26] 'quark lepton complementarity' route=A_openalex_native cand=101 links=93 t=55.1s credits=0 rem=None store=224664 s2calls=0/0
20:52:17|INFO   |[27] 'calcium imaging' route=B_s2_index cand=8043 links=7229 t=2116.3s credits=0 rem=None store=224664 s2calls=0/0
20:52:17|INFO   |[28] 'maximum conformality' route=B_s2_index cand=149 links=104 t=42.9s credits=0 rem=None store=224664 s2calls=0/0
20:52:18|INFO   |[29] 'type iii seesaw' route=B_s2_index cand=189 links=150 t=229.2s credits=0 rem=None store=224664 s2calls=0/0
20:52:18|INFO   |[30] 'grand lebesgue space' route=B_s2_index cand=289 links=233 t=226.1s credits=0 rem=None store=224664 s2calls=0/0
20:52:18|INFO   |[31] 'eddington inspired born infeld gravity' route=B_s2_index cand=134 links=89 t=94.1s credits=0 rem=None store=224664 s2calls=0/0
20:52:18|INFO   |[32] 'polar code' route=B_s2_index cand=4058 links=3559 t=1023.0s credits=0 rem=None store=224664 s2calls=0/0
20:52:18|INFO   |[33] 'top forward backward asymmetry' route=B_s2_index cand=45 links=35 t=38.8s credits=0 rem=None store=224664 s2calls=0/0
20:52:19|INFO   |[34] 'fog computing' route=B_s2_index cand=9775 links=9189 t=431.7s credits=0 rem=None store=224664 s2calls=0/0
20:52:19|INFO   |[35] 'chern insulator' route=B_s2_index cand=1469 links=1244 t=442.1s credits=0 rem=None store=224664 s2calls=0/0
20:52:19|INFO   |[36] 'relay network' route=B_s2_index cand=10461 links=8535 t=1578.4s credits=0 rem=None store=224664 s2calls=0/0
20:52:19|INFO   |[37] 'symmetry fractionalization' route=B_s2_index cand=131 links=95 t=83.6s credits=0 rem=None store=224664 s2calls=0/0
20:52:19|INFO   |[38] 'redback millisecond pulsar' route=B_s2_index cand=52 links=39 t=58.8s credits=0 rem=None store=224664 s2calls=0/0
20:52:20|INFO   |[39] 'horava gravity' route=B_s2_index cand=248 links=66 t=89.7s credits=0 rem=None store=224664 s2calls=0/0
20:52:20|INFO   |[40] 'detector in pp collision' route=B_s2_index cand=198 links=74 t=80.0s credits=0 rem=None store=224664 s2calls=0/0
20:52:20|INFO   |[41] 'quantum machine learning' route=B_s2_index cand=2457 links=2121 t=767.2s credits=0 rem=None store=224664 s2calls=0/0
20:52:20|INFO   |[42] 'ising nanowire' route=B_s2_index cand=115 links=102 t=108.6s credits=0 rem=None store=224664 s2calls=0/0
20:52:20|INFO   |[43] 'monocular slam' route=B_s2_index cand=694 links=630 t=246.1s credits=0 rem=None store=224664 s2calls=0/0
20:52:21|INFO   |[44] 'mock modular' route=B_s2_index cand=354 links=246 t=64.7s credits=0 rem=None store=224664 s2calls=0/0
20:52:21|INFO   |[45] 'differential game' route=B_s2_index cand=6283 links=5554 t=1767.4s credits=0 rem=None store=224664 s2calls=0/0
20:52:21|INFO   |[46] 'spin liquid candidate' route=B_s2_index cand=327 links=263 t=126.7s credits=0 rem=None store=224664 s2calls=0/0
20:52:21|INFO   |[47] 'quantum anomalous hall' route=B_s2_index cand=1978 links=1689 t=563.4s credits=0 rem=None store=224664 s2calls=0/0
20:52:21|INFO   |[48] 'horndeski gravity' route=B_s2_index cand=227 links=182 t=104.0s credits=0 rem=None store=224664 s2calls=0/0
20:52:22|INFO   |[49] 'survey science verification data' route=B_s2_index cand=30 links=26 t=102.1s credits=0 rem=None store=224664 s2calls=0/0
20:52:22|INFO   |[50] 'group lasso' route=B_s2_index cand=2038 links=1738 t=545.6s credits=0 rem=None store=224664 s2calls=0/0
20:52:22|INFO   |[51] 'klein tunneling' route=B_s2_index cand=681 links=549 t=233.5s credits=0 rem=None store=224664 s2calls=0/0
20:52:22|INFO   |[52] 'deep face recognition' route=B_s2_index cand=297 links=282 t=123.0s credits=0 rem=None store=224664 s2calls=0/0
20:52:22|INFO   |[53] 'grammatical error correction' route=B_s2_index cand=608 links=533 t=234.9s credits=0 rem=None store=224664 s2calls=0/0
20:52:23|INFO   |[54] 'distributed storage' route=B_s2_index cand=7776 links=6468 t=2304.4s credits=0 rem=None store=224664 s2calls=0/0
20:52:23|INFO   |[55] 'poly ionic liquid' route=B_s2_index cand=1897 links=526 t=397.3s credits=0 rem=None store=224664 s2calls=0/0
20:52:23|INFO   |[56] 'conductivity in graphene' route=B_s2_index cand=2508 links=637 t=483.0s credits=0 rem=None store=224664 s2calls=0/0
20:52:23|INFO   |[57] 'monolayer wse2' route=B_s2_index cand=754 links=497 t=257.9s credits=0 rem=None store=224664 s2calls=0/0
20:52:23|INFO   |[58] 'state quantum key distribution' route=B_s2_index cand=300 links=260 t=127.9s credits=0 rem=None store=224664 s2calls=0/0
20:52:23|INFO   |[59] 'spin orbit coupled fermi gas' route=B_s2_index cand=91 links=77 t=65.9s credits=0 rem=None store=224664 s2calls=0/0
20:52:24|INFO   |[60] 'generalized proca' route=B_s2_index cand=107 links=94 t=44.2s credits=0 rem=None store=224664 s2calls=0/0
20:52:24|INFO   |[61] 'local differential privacy' route=B_s2_index cand=1219 links=1109 t=353.8s credits=0 rem=None store=224664 s2calls=0/0
20:52:24|INFO   |[62] 'monolayer mos' route=B_s2_index cand=534 links=328 t=214.9s credits=0 rem=None store=224664 s2calls=0/0
20:52:24|INFO   |[63] 'java bytecode' route=B_s2_index cand=1144 links=920 t=295.6s credits=0 rem=None store=224664 s2calls=0/0
20:52:24|INFO   |[64] 'unsupervised feature learning' route=B_s2_index cand=943 links=835 t=248.0s credits=0 rem=None store=224664 s2calls=0/0
20:52:25|INFO   |[65] 'orbital feshbach resonance' route=B_s2_index cand=44 links=34 t=72.9s credits=0 rem=None store=224664 s2calls=0/0
20:52:25|INFO   |[66] 'holographic thermalization' route=B_s2_index cand=141 links=68 t=39.3s credits=0 rem=None store=224664 s2calls=0/0
20:52:25|INFO   |[67] 'superconformal chern simons theory' route=B_s2_index cand=123 links=75 t=82.7s credits=0 rem=None store=224664 s2calls=0/0
20:52:25|INFO   |[68] 'graphene growth' route=B_s2_index cand=2008 links=1745 t=556.0s credits=0 rem=None store=224664 s2calls=0/0
20:52:25|INFO   |[69] 'monocular depth estimation' route=B_s2_index cand=1829 links=1700 t=651.1s credits=0 rem=None store=224664 s2calls=0/0
20:52:26|INFO   |[70] 'participatory sensing' route=B_s2_index cand=1540 links=1201 t=558.2s credits=0 rem=None store=224664 s2calls=0/0
20:52:26|INFO   |[71] 'density dependent viscosity' route=B_s2_index cand=375 links=298 t=126.0s credits=0 rem=None store=224664 s2calls=0/0
20:52:26|INFO   |[72] 'medicago truncatula' route=B_s2_index cand=5280 links=4709 t=1489.3s credits=0 rem=None store=224664 s2calls=0/0
20:52:26|INFO   |[73] 'audio tagging' route=B_s2_index cand=295 links=186 t=119.6s credits=0 rem=None store=224664 s2calls=0/0
20:52:26|INFO   |[74] 'fidelity susceptibility' route=B_s2_index cand=316 links=281 t=67.2s credits=0 rem=None store=224664 s2calls=0/0
20:52:27|INFO   |[75] 'sequence to sequence learning' route=B_s2_index cand=488 links=413 t=186.1s credits=0 rem=None store=224664 s2calls=0/0
20:52:27|INFO   |[76] 'graphical lasso' route=B_s2_index cand=657 links=587 t=195.6s credits=0 rem=None store=224664 s2calls=0/0
20:52:27|INFO   |[77] 'mathieu moonshine' route=B_s2_index cand=81 links=54 t=108.1s credits=0 rem=None store=224664 s2calls=0/0
20:52:27|INFO   |[78] 'anisotropic dark energy' route=B_s2_index cand=197 links=143 t=127.2s credits=0 rem=None store=224664 s2calls=0/0
20:52:27|INFO   |[79] 'stanley depth' route=B_s2_index cand=159 links=132 t=107.9s credits=0 rem=None store=224664 s2calls=0/0
20:52:28|INFO   |[80] 'diphoton rate' route=B_s2_index cand=84 links=58 t=76.8s credits=0 rem=None store=224664 s2calls=0/0
20:52:28|INFO   |[81] 'hénon map' route=B_s2_index cand=1571 links=835 t=299.7s credits=0 rem=None store=224664 s2calls=0/0
20:52:28|INFO   |[82] 'topological insulators and superconducto' route=B_s2_index cand=360 links=237 t=92.9s credits=0 rem=None store=224664 s2calls=0/0
20:52:28|INFO   |[83] 'codes for distributed storage' route=B_s2_index cand=343 links=162 t=42.5s credits=0 rem=None store=224664 s2calls=0/0
20:52:29|INFO   |[84] 'salient object detection' route=B_s2_index cand=2766 links=2554 t=715.4s credits=0 rem=None store=224664 s2calls=0/0
20:52:29|INFO   |[85] 'superluminous supernova' route=B_s2_index cand=169 links=153 t=68.3s credits=0 rem=None store=224664 s2calls=0/0
20:52:29|INFO   |[86] 'nonlinear massive gravity' route=B_s2_index cand=61 links=55 t=109.1s credits=0 rem=None store=224664 s2calls=0/0
20:52:29|INFO   |[87] 'hyperbolic metamaterial' route=B_s2_index cand=1752 links=1630 t=535.7s credits=0 rem=None store=224664 s2calls=0/0
20:52:29|INFO   |[88] 'brane tiling' route=B_s2_index cand=112 links=87 t=57.7s credits=0 rem=None store=224664 s2calls=0/0
20:52:30|INFO   |[89] 'electrons in graphene' route=B_s2_index cand=1061 links=629 t=339.5s credits=0 rem=None store=224664 s2calls=0/0
20:52:30|INFO   |[90] 'ipv6 address' route=B_s2_index cand=1818 links=1270 t=484.4s credits=0 rem=None store=224664 s2calls=0/0
20:52:30|INFO   |[91] 'quantum spin hall' route=B_s2_index cand=2626 links=2266 t=588.6s credits=0 rem=None store=224664 s2calls=0/0
20:52:30|INFO   |[92] 'ricci dark energy' route=B_s2_index cand=242 links=181 t=78.6s credits=0 rem=None store=224664 s2calls=0/0
20:52:30|INFO   |[93] 'lhc signature' route=B_s2_index cand=180 links=137 t=91.2s credits=0 rem=None store=224664 s2calls=0/0
20:52:30|INFO   |[94] 'graphene on sic' route=B_s2_index cand=1263 links=914 t=290.1s credits=0 rem=None store=224664 s2calls=0/0
20:52:31|INFO   |[95] 'semimetal state' route=B_s2_index cand=321 links=266 t=89.5s credits=0 rem=None store=224664 s2calls=0/0
20:52:31|INFO   |[96] 'zero forcing number' route=B_s2_index cand=226 links=191 t=79.8s credits=0 rem=None store=224664 s2calls=0/0
20:52:31|INFO   |[97] 'iron pnictide superconductor' route=B_s2_index cand=677 links=556 t=204.7s credits=0 rem=None store=224664 s2calls=0/0
20:52:31|INFO   |[98] 'interacting holographic dark energy' route=B_s2_index cand=156 links=113 t=99.3s credits=0 rem=None store=224664 s2calls=0/0
20:52:32|INFO   |[99] 'text classification' route=B_s2_index cand=19272 links=16590 t=4612.2s credits=0 rem=None store=224664 s2calls=0/0
20:52:32|INFO   |[100] 'cone metric space' route=B_s2_index cand=1247 links=973 t=350.4s credits=0 rem=None store=224664 s2calls=0/0
20:52:32|INFO   |[101] 'ba fe co' route=B_s2_index cand=77 links=26 t=89.1s credits=0 rem=None store=224664 s2calls=0/0
20:52:32|INFO   |[102] 'stochastic variational inference' route=B_s2_index cand=426 links=353 t=145.1s credits=0 rem=None store=224664 s2calls=0/0
20:52:32|INFO   |[103] 'galactic center gamma ray excess' route=B_s2_index cand=109 links=92 t=61.1s credits=0 rem=None store=224664 s2calls=0/0
20:52:33|INFO   |[104] 'cloud radio' route=B_s2_index cand=2370 links=2215 t=515.9s credits=0 rem=None store=224664 s2calls=0/0
20:52:33|INFO   |[105] 'conductivity of graphene' route=B_s2_index cand=2508 links=1903 t=297.6s credits=0 rem=None store=224664 s2calls=0/0
20:52:33|INFO   |[106] 'fine grained recognition' route=B_s2_index cand=552 links=503 t=297.0s credits=0 rem=None store=224664 s2calls=0/0
20:52:33|INFO   |[107] 'fractional p laplacian' route=B_s2_index cand=661 links=414 t=197.1s credits=0 rem=None store=224664 s2calls=0/0
20:52:33|INFO   |[108] 'thin film equation' route=B_s2_index cand=582 links=472 t=192.5s credits=0 rem=None store=224664 s2calls=0/0
20:52:34|INFO   |[109] 'soft theorem' route=B_s2_index cand=364 links=281 t=153.1s credits=0 rem=None store=224664 s2calls=0/0
20:52:34|INFO   |[110] 'on shell diagram' route=B_s2_index cand=106 links=69 t=80.3s credits=0 rem=None store=224664 s2calls=0/0
20:52:34|INFO   |[111] 'ultrastrong coupling regime' route=B_s2_index cand=432 links=348 t=156.4s credits=0 rem=None store=224664 s2calls=0/0
20:52:34|INFO   |[112] 'entanglement negativity' route=B_s2_index cand=259 links=212 t=81.7s credits=0 rem=None store=224664 s2calls=0/0
20:52:34|INFO   |[113] 'majorana edge' route=B_s2_index cand=441 links=372 t=44.7s credits=0 rem=None store=224664 s2calls=0/0
20:52:35|INFO   |[114] 'diagrammatic monte carlo' route=B_s2_index cand=222 links=193 t=63.7s credits=0 rem=None store=224664 s2calls=0/0
20:52:35|INFO   |[115] 'deep recurrent neural network' route=B_s2_index cand=1395 links=1280 t=452.3s credits=0 rem=None store=224664 s2calls=0/0
20:52:35|INFO   |[116] 'states in bilayer graphene' route=B_s2_index cand=133 links=99 t=78.5s credits=0 rem=None store=224664 s2calls=0/0
20:52:35|INFO   |[117] 'correlation filter' route=B_s2_index cand=3835 links=3269 t=956.5s credits=0 rem=None store=224664 s2calls=0/0
20:52:35|INFO   |[118] 'egret excess' route=B_s2_index cand=28 links=25 t=61.0s credits=0 rem=None store=224664 s2calls=0/0
20:52:36|INFO   |[119] 'tropical curve' route=B_s2_index cand=422 links=325 t=164.1s credits=0 rem=None store=224664 s2calls=0/0
20:52:36|INFO   |[120] 'dipolar bose einstein condensate' route=B_s2_index cand=507 links=346 t=208.9s credits=0 rem=None store=224664 s2calls=0/0
20:52:36|INFO   |[121] 'gated bilayer graphene' route=B_s2_index cand=190 links=150 t=125.2s credits=0 rem=None store=224664 s2calls=0/0
20:52:36|INFO   |[122] 'type iax' route=B_s2_index cand=97 links=91 t=39.0s credits=0 rem=None store=224664 s2calls=0/0
20:52:36|INFO   |[123] 'cu cu collision' route=B_s2_index cand=400 links=86 t=79.0s credits=0 rem=None store=224664 s2calls=0/0
20:52:37|INFO   |[124] 'mobile cloud computing' route=B_s2_index cand=4188 links=3544 t=1076.0s credits=0 rem=None store=224664 s2calls=0/0
20:52:37|INFO   |[125] 'd2d network' route=B_s2_index cand=1058 links=864 t=363.4s credits=0 rem=None store=224664 s2calls=0/0
20:52:37|INFO   |[126] 'loop of henle' route=B_s2_index cand=1284 links=925 t=406.4s credits=0 rem=None store=224664 s2calls=0/0
20:52:37|INFO   |[127] 'miso broadcast channel' route=B_s2_index cand=231 links=175 t=117.7s credits=0 rem=None store=224664 s2calls=0/0
20:52:37|INFO   |[128] 'light wimp' route=B_s2_index cand=152 links=116 t=89.0s credits=0 rem=None store=224664 s2calls=0/0
20:52:38|INFO   |[129] 'soft wall ads' route=B_s2_index cand=166 links=132 t=65.3s credits=0 rem=None store=224664 s2calls=0/0
20:52:38|INFO   |[130] 'full cdf data set' route=B_s2_index cand=36 links=23 t=9.7s credits=0 rem=None store=224664 s2calls=0/0
20:52:38|INFO   |[131] 'little rip' route=B_s2_index cand=136 links=110 t=108.5s credits=0 rem=None store=224664 s2calls=0/0
20:52:38|INFO   |[132] 'networks for action recognition' route=B_s2_index cand=335 links=139 t=88.2s credits=0 rem=None store=224664 s2calls=0/0
20:52:38|INFO   |[133] 'emergent gravity' route=B_s2_index cand=443 links=356 t=175.5s credits=0 rem=None store=224664 s2calls=0/0
20:52:39|INFO   |[134] 'modulo theory' route=B_s2_index cand=2254 links=1869 t=617.0s credits=0 rem=None store=224664 s2calls=0/0
20:52:39|INFO   |[135] 'optimal power flow' route=B_s2_index cand=10890 links=9708 t=2741.2s credits=0 rem=None store=224664 s2calls=0/0
20:52:39|INFO   |[136] 'multi label image' route=B_s2_index cand=698 links=627 t=231.7s credits=0 rem=None store=224664 s2calls=0/0
20:52:39|INFO   |[137] 'semimetal candidate' route=B_s2_index cand=248 links=213 t=104.3s credits=0 rem=None store=224664 s2calls=0/0
20:52:39|INFO   |[138] 'singlet triplet qubit' route=B_s2_index cand=216 links=178 t=94.5s credits=0 rem=None store=224664 s2calls=0/0
20:52:40|INFO   |[139] 'hidden charm pentaquark' route=B_s2_index cand=256 links=199 t=69.6s credits=0 rem=None store=224664 s2calls=0/0
20:52:40|INFO   |[140] 'wireless backhaul' route=B_s2_index cand=1466 links=1320 t=391.3s credits=0 rem=None store=224664 s2calls=0/0
20:52:40|INFO   |[141] 'doped topological insulator' route=B_s2_index cand=439 links=371 t=142.8s credits=0 rem=None store=224664 s2calls=0/0
20:52:40|INFO   |[142] 'photonic topological insulator' route=B_s2_index cand=384 links=352 t=68.1s credits=0 rem=None store=224664 s2calls=0/0
20:52:40|INFO   |[143] 'proton coupled folate transporter' route=B_s2_index cand=350 links=320 t=110.4s credits=0 rem=None store=224664 s2calls=0/0
20:52:41|INFO   |[144] 'split thickness skin graft' route=B_s2_index cand=4692 links=3516 t=1251.0s credits=0 rem=None store=224664 s2calls=0/0
20:52:41|INFO   |[145] 'instanton representation of plebanski' route=B_s2_index cand=38 links=29 t=34.9s credits=0 rem=None store=224664 s2calls=0/0
20:52:41|INFO   |[146] 'analog network coding' route=B_s2_index cand=419 links=376 t=122.7s credits=0 rem=None store=224664 s2calls=0/0
20:52:41|INFO   |[147] 'light front holography' route=B_s2_index cand=125 links=105 t=113.4s credits=0 rem=None store=224664 s2calls=0/0
20:52:41|INFO   |[148] 'graphene p n' route=B_s2_index cand=338 links=229 t=94.1s credits=0 rem=None store=224664 s2calls=0/0
20:52:42|INFO   |[149] 'science verification data' route=B_s2_index cand=123 links=99 t=79.3s credits=0 rem=None store=224664 s2calls=0/0
20:52:42|INFO   |[150] 'iron arsenide' route=B_s2_index cand=531 links=426 t=189.8s credits=0 rem=None store=224664 s2calls=0/0
20:52:42|INFO   |[151] 'f theory gut' route=B_s2_index cand=136 links=97 t=50.3s credits=0 rem=None store=224664 s2calls=0/0
20:52:42|INFO   |[152] 'integer additive set indexer' route=B_s2_index cand=50 links=44 t=80.6s credits=0 rem=None store=224664 s2calls=0/0
20:52:42|INFO   |[153] 'optical flow estimation' route=B_s2_index cand=2180 links=1947 t=655.7s credits=0 rem=None store=224664 s2calls=0/0
20:52:43|INFO   |[154] 'unsupervised representation learning' route=B_s2_index cand=786 links=680 t=230.4s credits=0 rem=None store=224664 s2calls=0/0
20:52:43|INFO   |[155] 'rainbow connection number' route=B_s2_index cand=304 links=254 t=98.2s credits=0 rem=None store=224664 s2calls=0/0
20:52:43|INFO   |[156] 'elliptic and triangular flow' route=B_s2_index cand=200 links=137 t=126.4s credits=0 rem=None store=224664 s2calls=0/0
20:52:43|INFO   |[157] 'q bernstein polynomial' route=B_s2_index cand=135 links=92 t=67.1s credits=0 rem=None store=224664 s2calls=0/0
20:52:43|INFO   |[158] 'cloud radio access network' route=B_s2_index cand=2304 links=2159 t=26.6s credits=0 rem=None store=224664 s2calls=0/0
20:52:44|INFO   |[159] 'dantzig selector' route=B_s2_index cand=321 links=266 t=102.1s credits=0 rem=None store=224664 s2calls=0/0
20:52:44|INFO   |[160] 'chiral three nucleon' route=B_s2_index cand=94 links=84 t=81.6s credits=0 rem=None store=224664 s2calls=0/0
20:52:44|INFO   |[161] 'weyl semimetal taas' route=B_s2_index cand=142 links=110 t=74.1s credits=0 rem=None store=224664 s2calls=0/0
20:52:44|INFO   |[162] 'split graph' route=B_s2_index cand=1083 links=917 t=320.7s credits=0 rem=None store=224664 s2calls=0/0
20:52:44|INFO   |[163] 'variational auto encoder' route=B_s2_index cand=2233 links=1956 t=683.9s credits=0 rem=None store=224664 s2calls=0/0
20:52:45|INFO   |[164] 'exoplanet host star' route=B_s2_index cand=479 links=391 t=164.7s credits=0 rem=None store=224664 s2calls=0/0
20:52:45|INFO   |[165] 'top quark forward backward asymmetry' route=B_s2_index cand=103 links=79 t=53.4s credits=0 rem=None store=224664 s2calls=0/0
20:52:45|INFO   |[166] 'agt relation' route=B_s2_index cand=79 links=56 t=92.7s credits=0 rem=None store=224664 s2calls=0/0
20:52:45|INFO   |[167] 'douglas rachford algorithm' route=B_s2_index cand=152 links=108 t=81.7s credits=0 rem=None store=224664 s2calls=0/0
20:52:45|INFO   |[168] 'graphene plasmon' route=B_s2_index cand=916 links=815 t=264.9s credits=0 rem=None store=224664 s2calls=0/0
20:52:46|INFO   |[169] 'inverse magnetic catalysis' route=B_s2_index cand=212 links=172 t=107.8s credits=0 rem=None store=224664 s2calls=0/0
20:52:46|INFO   |[170] 'zigzag graphene nanoribbon' route=B_s2_index cand=1103 links=1001 t=325.3s credits=0 rem=None store=224664 s2calls=0/0
20:52:46|INFO   |[171] 'stochastic gradient descent' route=B_s2_index cand=9614 links=8417 t=2334.4s credits=0 rem=None store=224664 s2calls=0/0
20:52:46|INFO   |[172] 'green cellular network' route=B_s2_index cand=237 links=197 t=67.0s credits=0 rem=None store=224664 s2calls=0/0
20:52:46|INFO   |[173] 'quantum spectral curve' route=B_s2_index cand=164 links=112 t=76.2s credits=0 rem=None store=224664 s2calls=0/0
20:52:47|INFO   |[174] 'phantom divide' route=B_s2_index cand=446 links=349 t=77.8s credits=0 rem=None store=224664 s2calls=0/0
20:52:47|INFO   |[175] 'object proposal' route=B_s2_index cand=1080 links=969 t=361.1s credits=0 rem=None store=224664 s2calls=0/0
20:52:47|INFO   |[176] 'decoy state' route=B_s2_index cand=970 links=823 t=271.4s credits=0 rem=None store=224664 s2calls=0/0
20:52:47|INFO   |[177] 'distributed chaos' route=B_s2_index cand=77 links=71 t=98.4s credits=0 rem=None store=224664 s2calls=0/0
20:52:47|INFO   |[178] 'tensor train' route=B_s2_index cand=1062 links=926 t=279.6s credits=0 rem=None store=224664 s2calls=0/0
20:52:48|INFO   |[179] 'superluminal neutrino' route=B_s2_index cand=209 links=178 t=96.4s credits=0 rem=None store=224664 s2calls=0/0
20:52:48|INFO   |[180] 'benjamin ono equation' route=B_s2_index cand=491 links=336 t=223.5s credits=0 rem=None store=224664 s2calls=0/0
20:52:48|INFO   |[181] 'topological edge state' route=B_s2_index cand=1501 links=1317 t=275.7s credits=0 rem=None store=224664 s2calls=0/0
20:52:48|INFO   |[182] 'restricted isometry' route=B_s2_index cand=1640 links=1433 t=306.8s credits=0 rem=None store=224664 s2calls=0/0
20:52:48|INFO   |[183] 'few layer black phosphorus' route=B_s2_index cand=492 links=370 t=127.3s credits=0 rem=None store=224664 s2calls=0/0
20:52:48|INFO   |[184] 'cognitive interference channel' route=B_s2_index cand=141 links=135 t=65.0s credits=0 rem=None store=224664 s2calls=0/0
20:52:49|INFO   |[185] 'gaussian mimo' route=B_s2_index cand=243 links=228 t=82.8s credits=0 rem=None store=224664 s2calls=0/0
20:52:49|INFO   |[186] 'instantly decodable network' route=B_s2_index cand=142 links=128 t=80.6s credits=0 rem=None store=224664 s2calls=0/0
20:52:49|INFO   |[187] 'maximum correntropy' route=B_s2_index cand=943 links=915 t=167.8s credits=0 rem=None store=224664 s2calls=0/0
20:52:49|INFO   |[188] 'community question answering' route=B_s2_index cand=1046 links=881 t=201.2s credits=0 rem=None store=224664 s2calls=0/0
20:52:50|INFO   |[189] 'learning neural network' route=B_s2_index cand=5517 links=4334 t=1010.5s credits=0 rem=None store=224664 s2calls=0/0
20:52:50|INFO   |[190] 'generalized forchheimer' route=B_s2_index cand=45 links=39 t=80.3s credits=0 rem=None store=224664 s2calls=0/0
20:52:50|INFO   |[191] 'noncommutative motive' route=B_s2_index cand=77 links=58 t=68.1s credits=0 rem=None store=224664 s2calls=0/0
20:52:50|INFO   |[192] 'topological insulator bi2se3' route=B_s2_index cand=650 links=393 t=87.2s credits=0 rem=None store=224664 s2calls=0/0
20:52:50|INFO   |[193] 'direct collapse black hole' route=B_s2_index cand=135 links=118 t=56.6s credits=0 rem=None store=224664 s2calls=0/0
20:52:51|INFO   |[194] 'spin orbit coupled fermi' route=B_s2_index cand=120 links=102 t=53.6s credits=0 rem=None store=224664 s2calls=0/0
20:52:51|INFO   |[195] 'dirac fermions in graphene' route=B_s2_index cand=315 links=244 t=61.4s credits=0 rem=None store=224664 s2calls=0/0
20:52:51|INFO   |[196] 'high dimensional gaussian' route=B_s2_index cand=414 links=339 t=142.6s credits=0 rem=None store=224664 s2calls=0/0
20:52:51|INFO   |[197] 'posterior contraction' route=B_s2_index cand=257 links=206 t=122.5s credits=0 rem=None store=224664 s2calls=0/0
20:52:51|INFO   |[198] 'microwave digestion' route=B_s2_index cand=4699 links=4030 t=1049.3s credits=0 rem=None store=224664 s2calls=0/0
20:52:52|INFO   |[199] 'chern simons modified gravity' route=B_s2_index cand=149 links=96 t=71.1s credits=0 rem=None store=224664 s2calls=0/0
20:52:52|INFO   |[200] 'critical gravity' route=B_s2_index cand=91 links=80 t=71.1s credits=0 rem=None store=224664 s2calls=0/0
20:52:52|INFO   |[201] 'twist bend nematic' route=B_s2_index cand=352 links=288 t=58.0s credits=0 rem=None store=224664 s2calls=0/0
20:52:52|INFO   |[202] 'regenerating code' route=B_s2_index cand=658 links=530 t=116.6s credits=0 rem=None store=224664 s2calls=0/0
20:52:52|INFO   |[203] 'quantum reading' route=B_s2_index cand=94 links=83 t=80.0s credits=0 rem=None store=224664 s2calls=0/0
20:52:53|INFO   |[204] 'signless laplacian' route=B_s2_index cand=1177 links=1023 t=315.6s credits=0 rem=None store=224664 s2calls=0/0
20:52:53|INFO   |[205] 'cnn feature' route=B_s2_index cand=2535 links=2056 t=505.5s credits=0 rem=None store=224664 s2calls=0/0
20:52:53|INFO   |[206] 'relative locality' route=B_s2_index cand=100 links=83 t=45.4s credits=0 rem=None store=224664 s2calls=0/0
20:52:53|INFO   |[207] 'higher spin gravity' route=B_s2_index cand=345 links=252 t=75.3s credits=0 rem=None store=224664 s2calls=0/0
20:52:54|INFO   |[208] 'higgs model with t parity' route=B_s2_index cand=311 links=207 t=99.0s credits=0 rem=None store=224664 s2calls=0/0
20:52:54|INFO   |[209] 'holographic qcd' route=B_s2_index cand=825 links=688 t=229.4s credits=0 rem=None store=224664 s2calls=0/0
20:52:54|INFO   |[210] 'superconducting dome' route=B_s2_index cand=663 links=536 t=222.8s credits=0 rem=None store=224664 s2calls=0/0
20:53:24|INFO   |[keywide] calls={'singleton': 498, 'list': 2, 'cache': 0} remaining_keywide=0 spent_today(artifact,this proc)=0
20:53:53|INFO   |[keywide] calls={'singleton': 998, 'list': 2, 'cache': 0} remaining_keywide=0 spent_today(artifact,this proc)=0
20:53:57|INFO   |[211] 'topological insulator thin film' route=B_s2_index cand=385 links=336 t=62.8s credits=0 rem=0 store=225683 s2calls=2/0
20:54:00|INFO   |[212] 'weyl semimetal nbp' route=B_s2_index cand=48 links=39 t=65.9s credits=0 rem=0 store=225720 s2calls=3/0
20:54:14|INFO   |[213] 'two way relay network' route=B_s2_index cand=1052 links=824 t=16.6s credits=0 rem=0 store=225720 s2calls=8/3
20:54:25|INFO   |[keywide] calls={'singleton': 1498, 'list': 2, 'cache': 0} remaining_keywide=0 spent_today(artifact,this proc)=0
20:54:27|INFO   |[214] 'magnetic particle imaging' route=B_s2_index cand=1634 links=1483 t=92.4s credits=0 rem=0 store=226117 s2calls=10/3
20:54:55|INFO   |[keywide] calls={'singleton': 1998, 'list': 2, 'cache': 0} remaining_keywide=0 spent_today(artifact,this proc)=0
20:55:08|INFO   |[215] 'superconductivity in iron' route=B_s2_index cand=416 links=303 t=53.5s credits=0 rem=0 store=226780 s2calls=11/3
20:55:24|INFO   |[keywide] calls={'singleton': 2498, 'list': 2, 'cache': 0} remaining_keywide=0 spent_today(artifact,this proc)=0
20:55:53|INFO   |[keywide] calls={'singleton': 2998, 'list': 2, 'cache': 0} remaining_keywide=0 spent_today(artifact,this proc)=0
20:56:03|INFO   |[216] 'galactic conformity' route=B_s2_index cand=50 links=45 t=54.6s credits=0 rem=0 store=227211 s2calls=12/3
20:56:22|INFO   |[keywide] calls={'singleton': 3498, 'list': 2, 'cache': 0} remaining_keywide=0 spent_today(artifact,this proc)=0
20:56:27|INFO   |[217] 'compositional distributional semantic' route=B_s2_index cand=136 links=111 t=119.6s credits=0 rem=0 store=227709 s2calls=13/3
20:56:47|INFO   |[218] 'topological nodal line' route=B_s2_index cand=376 links=322 t=44.1s credits=0 rem=0 store=228383 s2calls=14/3
20:56:54|INFO   |[keywide] calls={'singleton': 3998, 'list': 2, 'cache': 0} remaining_keywide=0 spent_today(artifact,this proc)=0
20:57:23|INFO   |[keywide] calls={'singleton': 4498, 'list': 2, 'cache': 0} remaining_keywide=0 spent_today(artifact,this proc)=0
20:57:37|INFO   |[219] 'graphene antidot lattice' route=B_s2_index cand=109 links=86 t=70.5s credits=0 rem=0 store=228849 s2calls=15/3
20:57:44|INFO   |[220] 'rainbow connection' route=B_s2_index cand=413 links=344 t=56.6s credits=0 rem=0 store=228938 s2calls=17/3
20:57:53|INFO   |[keywide] calls={'singleton': 4998, 'list': 2, 'cache': 0} remaining_keywide=0 spent_today(artifact,this proc)=0
20:58:23|INFO   |[keywide] calls={'singleton': 5498, 'list': 2, 'cache': 0} remaining_keywide=0 spent_today(artifact,this proc)=0
20:58:45|INFO   |[221] 'dirac nodal' route=B_s2_index cand=345 links=302 t=60.8s credits=0 rem=0 store=229558 s2calls=18/3
20:58:53|INFO   |[keywide] calls={'singleton': 5998, 'list': 2, 'cache': 0} remaining_keywide=0 spent_today(artifact,this proc)=0
20:59:25|INFO   |[keywide] calls={'singleton': 6498, 'list': 2, 'cache': 0} remaining_keywide=0 spent_today(artifact,this proc)=0
21:00:05|INFO   |[keywide] calls={'singleton': 6998, 'list': 2, 'cache': 0} remaining_keywide=0 spent_today(artifact,this proc)=0
21:00:35|INFO   |[keywide] calls={'singleton': 7498, 'list': 2, 'cache': 0} remaining_keywide=0 spent_today(artifact,this proc)=0
21:00:46|INFO   |[222] 'coronal magnetic field' route=B_s2_index cand=1863 links=1594 t=405.9s credits=0 rem=0 store=231620 s2calls=27/6
21:01:05|INFO   |[keywide] calls={'singleton': 7998, 'list': 2, 'cache': 0} remaining_keywide=0 spent_today(artifact,this proc)=0
21:01:34|INFO   |[keywide] calls={'singleton': 8498, 'list': 2, 'cache': 0} remaining_keywide=0 spent_today(artifact,this proc)=0
21:02:07|INFO   |[keywide] calls={'singleton': 8998, 'list': 2, 'cache': 0} remaining_keywide=0 spent_today(artifact,this proc)=0
21:02:41|INFO   |[keywide] calls={'singleton': 9498, 'list': 2, 'cache': 0} remaining_keywide=0 spent_today(artifact,this proc)=0
21:02:44|INFO   |[223] 'fe based superconductor' route=B_s2_index cand=1211 links=960 t=305.8s credits=0 rem=0 store=233361 s2calls=30/6
21:03:17|INFO   |[keywide] calls={'singleton': 9998, 'list': 2, 'cache': 0} remaining_keywide=0 spent_today(artifact,this proc)=0
21:03:49|INFO   |[keywide] calls={'singleton': 10498, 'list': 2, 'cache': 0} remaining_keywide=0 spent_today(artifact,this proc)=0
21:04:20|INFO   |[keywide] calls={'singleton': 10998, 'list': 2, 'cache': 0} remaining_keywide=0 spent_today(artifact,this proc)=0
21:04:55|INFO   |[keywide] calls={'singleton': 11498, 'list': 2, 'cache': 0} remaining_keywide=0 spent_today(artifact,this proc)=0
21:05:27|INFO   |[keywide] calls={'singleton': 11998, 'list': 2, 'cache': 0} remaining_keywide=0 spent_today(artifact,this proc)=0
21:05:57|INFO   |[keywide] calls={'singleton': 12498, 'list': 2, 'cache': 0} remaining_keywide=0 spent_today(artifact,this proc)=0
21:06:29|INFO   |[keywide] calls={'singleton': 12998, 'list': 2, 'cache': 0} remaining_keywide=0 spent_today(artifact,this proc)=0
21:06:59|INFO   |[keywide] calls={'singleton': 13498, 'list': 2, 'cache': 0} remaining_keywide=0 spent_today(artifact,this proc)=0
21:07:29|INFO   |[keywide] calls={'singleton': 13998, 'list': 2, 'cache': 0} remaining_keywide=0 spent_today(artifact,this proc)=0
21:07:57|INFO   |[keywide] calls={'singleton': 14498, 'list': 2, 'cache': 0} remaining_keywide=0 spent_today(artifact,this proc)=0
21:08:27|INFO   |[keywide] calls={'singleton': 14998, 'list': 2, 'cache': 0} remaining_keywide=0 spent_today(artifact,this proc)=0
21:08:57|INFO   |[keywide] calls={'singleton': 15498, 'list': 2, 'cache': 0} remaining_keywide=0 spent_today(artifact,this proc)=0
21:09:26|INFO   |[keywide] calls={'singleton': 15998, 'list': 2, 'cache': 0} remaining_keywide=0 spent_today(artifact,this proc)=0
21:09:56|INFO   |[keywide] calls={'singleton': 16498, 'list': 2, 'cache': 0} remaining_keywide=0 spent_today(artifact,this proc)=0
21:10:24|INFO   |[keywide] calls={'singleton': 16998, 'list': 2, 'cache': 0} remaining_keywide=0 spent_today(artifact,this proc)=0
21:10:54|INFO   |[keywide] calls={'singleton': 17498, 'list': 2, 'cache': 0} remaining_keywide=0 spent_today(artifact,this proc)=0
21:11:23|INFO   |[keywide] calls={'singleton': 17998, 'list': 2, 'cache': 0} remaining_keywide=0 spent_today(artifact,this proc)=0
21:11:28|INFO   |[224] 'data injection attack' route=B_s2_index cand=2542 links=2433 t=641.3s credits=0 rem=0 store=241690 s2calls=36/8
21:11:53|INFO   |[keywide] calls={'singleton': 18498, 'list': 2, 'cache': 0} remaining_keywide=0 spent_today(artifact,this proc)=0
21:12:22|INFO   |[keywide] calls={'singleton': 18998, 'list': 2, 'cache': 0} remaining_keywide=0 spent_today(artifact,this proc)=0
21:12:51|INFO   |[keywide] calls={'singleton': 19498, 'list': 2, 'cache': 0} remaining_keywide=0 spent_today(artifact,this proc)=0
21:13:09|INFO   |[225] 'epitaxial graphene' route=B_s2_index cand=3010 links=2664 t=625.2s credits=0 rem=0 store=243345 s2calls=39/9
21:13:21|INFO   |[keywide] calls={'singleton': 19998, 'list': 2, 'cache': 0} remaining_keywide=0 spent_today(artifact,this proc)=0
21:13:50|INFO   |[keywide] calls={'singleton': 20498, 'list': 2, 'cache': 0} remaining_keywide=0 spent_today(artifact,this proc)=0
21:13:57|INFO   |[226] 'ch nh pbi' route=B_s2_index cand=46 links=8 t=47.6s credits=0 rem=0 store=244121 s2calls=40/9
21:14:21|INFO   |[keywide] calls={'singleton': 20998, 'list': 2, 'cache': 0} remaining_keywide=0 spent_today(artifact,this proc)=0
21:14:49|INFO   |[keywide] calls={'singleton': 21498, 'list': 2, 'cache': 0} remaining_keywide=0 spent_today(artifact,this proc)=0
21:15:17|INFO   |[keywide] calls={'singleton': 21998, 'list': 2, 'cache': 0} remaining_keywide=0 spent_today(artifact,this proc)=0
21:15:45|INFO   |[keywide] calls={'singleton': 22498, 'list': 2, 'cache': 0} remaining_keywide=0 spent_today(artifact,this proc)=0
21:16:18|INFO   |[keywide] calls={'singleton': 22998, 'list': 2, 'cache': 0} remaining_keywide=0 spent_today(artifact,this proc)=0
21:16:47|INFO   |[keywide] calls={'singleton': 23498, 'list': 2, 'cache': 0} remaining_keywide=0 spent_today(artifact,this proc)=0
21:17:15|INFO   |[keywide] calls={'singleton': 23998, 'list': 2, 'cache': 0} remaining_keywide=0 spent_today(artifact,this proc)=0
21:17:45|INFO   |[keywide] calls={'singleton': 24498, 'list': 2, 'cache': 0} remaining_keywide=0 spent_today(artifact,this proc)=0
21:17:48|INFO   |[227] 'topological semimetal' route=B_s2_index cand=1690 links=1445 t=380.1s credits=0 rem=0 store=247904 s2calls=43/9
21:18:14|INFO   |[keywide] calls={'singleton': 24998, 'list': 2, 'cache': 0} remaining_keywide=0 spent_today(artifact,this proc)=0
21:18:44|INFO   |[keywide] calls={'singleton': 25498, 'list': 2, 'cache': 0} remaining_keywide=0 spent_today(artifact,this proc)=0
21:19:13|INFO   |[keywide] calls={'singleton': 25998, 'list': 2, 'cache': 0} remaining_keywide=0 spent_today(artifact,this proc)=0
21:19:48|INFO   |[keywide] calls={'singleton': 26498, 'list': 2, 'cache': 0} remaining_keywide=0 spent_today(artifact,this proc)=0
21:20:26|INFO   |[keywide] calls={'singleton': 26998, 'list': 2, 'cache': 0} remaining_keywide=0 spent_today(artifact,this proc)=0
21:20:55|INFO   |[keywide] calls={'singleton': 27498, 'list': 2, 'cache': 0} remaining_keywide=0 spent_today(artifact,this proc)=0
21:21:15|INFO   |[228] 'full waveform inversion' route=B_s2_index cand=5831 links=5244 t=1349.3s credits=0 rem=0 store=251025 s2calls=46/9
21:21:26|INFO   |[keywide] calls={'singleton': 27998, 'list': 2, 'cache': 0} remaining_keywide=0 spent_today(artifact,this proc)=0
21:21:55|INFO   |[keywide] calls={'singleton': 28498, 'list': 2, 'cache': 0} remaining_keywide=0 spent_today(artifact,this proc)=0
21:22:02|INFO   |[229] 'finite temperature casimir' route=B_s2_index cand=60 links=54 t=47.2s credits=0 rem=0 store=251791 s2calls=47/9
21:22:04|INFO   |[230] 'surface plasmon polariton' route=B_s2_index cand=13030 links=11839 t=1750.9s credits=0 rem=0 store=252129 s2calls=47/9
21:22:07|INFO   |[231] 'topological superconductor' route=B_s2_index cand=2908 links=2069 t=489.9s credits=0 rem=0 store=252157 s2calls=47/9
21:22:27|INFO   |[keywide] calls={'singleton': 28998, 'list': 2, 'cache': 0} remaining_keywide=0 spent_today(artifact,this proc)=0
21:22:35|INFO   |[232] 'gev diphoton resonance' route=B_s2_index cand=100 links=72 t=32.5s credits=0 rem=0 store=252593 s2calls=51/9
21:22:58|INFO   |[keywide] calls={'singleton': 29498, 'list': 2, 'cache': 0} remaining_keywide=0 spent_today(artifact,this proc)=0
21:23:26|INFO   |[keywide] calls={'singleton': 29998, 'list': 2, 'cache': 0} remaining_keywide=0 spent_today(artifact,this proc)=0
21:23:54|INFO   |[233] 'supergiant fast x ray transient' route=B_s2_index cand=305 links=251 t=106.5s credits=0 rem=0 store=253227 s2calls=52/9
21:23:57|INFO   |[keywide] calls={'singleton': 30498, 'list': 2, 'cache': 0} remaining_keywide=0 spent_today(artifact,this proc)=0
21:24:02|INFO   |[234] 'aspect based sentiment' route=B_s2_index cand=2570 links=2312 t=373.4s credits=0 rem=0 store=253704 s2calls=53/9
21:24:03|INFO   |[235] 'subspace code' route=B_s2_index cand=378 links=284 t=88.2s credits=0 rem=0 store=254011 s2calls=53/9
21:24:28|INFO   |[keywide] calls={'singleton': 30998, 'list': 2, 'cache': 0} remaining_keywide=0 spent_today(artifact,this proc)=0
21:24:55|INFO   |[236] 'sparse domination' route=B_s2_index cand=139 links=101 t=52.8s credits=0 rem=0 store=254495 s2calls=56/10
21:24:57|INFO   |[237] 'multiwavelength campaign on mrk' route=B_s2_index cand=24 links=19 t=53.9s credits=0 rem=0 store=254516 s2calls=57/11
21:24:58|INFO   |[keywide] calls={'singleton': 31498, 'list': 2, 'cache': 0} remaining_keywide=0 spent_today(artifact,this proc)=0
21:25:28|INFO   |[keywide] calls={'singleton': 31998, 'list': 2, 'cache': 0} remaining_keywide=0 spent_today(artifact,this proc)=0
21:25:56|INFO   |[keywide] calls={'singleton': 32498, 'list': 2, 'cache': 0} remaining_keywide=0 spent_today(artifact,this proc)=0
21:25:58|INFO   |[238] 'laser safety' route=B_s2_index cand=1211 links=1051 t=233.5s credits=0 rem=0 store=255248 s2calls=60/11
21:26:05|INFO   |[239] 'egocentric videos' route=B_s2_index cand=729 links=404 t=130.7s credits=0 rem=0 store=255345 s2calls=61/11
21:26:07|INFO   |[240] 'nodal line semimetal' route=B_s2_index cand=727 links=618 t=71.7s credits=0 rem=0 store=255967 s2calls=61/11
21:26:08|INFO   |[241] 'representation of plebanski gravity' route=B_s2_index cand=38 links=29 t=1.1s credits=0 rem=0 store=255967 s2calls=63/11
21:26:10|INFO   |[242] 'di photon resonance' route=B_s2_index cand=37 links=25 t=12.2s credits=0 rem=0 store=255995 s2calls=64/11
21:26:31|INFO   |[keywide] calls={'singleton': 32998, 'list': 2, 'cache': 0} remaining_keywide=0 spent_today(artifact,this proc)=0
21:27:05|INFO   |[keywide] calls={'singleton': 33498, 'list': 2, 'cache': 0} remaining_keywide=0 spent_today(artifact,this proc)=0
21:27:27|INFO   |[243] 'measurement device independent quantum k' route=B_s2_index cand=466 links=417 t=76.2s credits=0 rem=0 store=256697 s2calls=65/11
21:27:35|INFO   |[keywide] calls={'singleton': 33998, 'list': 2, 'cache': 0} remaining_keywide=0 spent_today(artifact,this proc)=0
21:27:52|INFO   |[244] 'simplified dark matter' route=B_s2_index cand=105 links=77 t=103.0s credits=0 rem=0 store=257525 s2calls=69/11
21:28:07|INFO   |[keywide] calls={'singleton': 34498, 'list': 2, 'cache': 0} remaining_keywide=0 spent_today(artifact,this proc)=0
21:28:34|INFO   |[245] '22q11 deletion syndrome' route=B_s2_index cand=608 links=536 t=148.7s credits=0 rem=0 store=258094 s2calls=70/11
21:28:37|INFO   |[keywide] calls={'singleton': 34998, 'list': 2, 'cache': 0} remaining_keywide=0 spent_today(artifact,this proc)=0
21:29:06|INFO   |[keywide] calls={'singleton': 35498, 'list': 2, 'cache': 0} remaining_keywide=0 spent_today(artifact,this proc)=0
21:29:19|INFO   |[246] 'monolayer transition metal dichalcogenid' route=B_s2_index cand=1473 links=1285 t=260.9s credits=0 rem=0 store=258198 s2calls=71/11
21:29:37|INFO   |[keywide] calls={'singleton': 35998, 'list': 2, 'cache': 0} remaining_keywide=0 spent_today(artifact,this proc)=0
21:30:08|INFO   |[keywide] calls={'singleton': 36498, 'list': 2, 'cache': 0} remaining_keywide=0 spent_today(artifact,this proc)=0
21:30:36|INFO   |[keywide] calls={'singleton': 36998, 'list': 2, 'cache': 0} remaining_keywide=0 spent_today(artifact,this proc)=0
21:30:53|INFO   |[247] 'gamma ray binary' route=B_s2_index cand=437 links=364 t=181.2s credits=0 rem=0 store=259686 s2calls=73/11
21:31:08|INFO   |[keywide] calls={'singleton': 37498, 'list': 2, 'cache': 0} remaining_keywide=0 spent_today(artifact,this proc)=0
21:31:37|INFO   |[keywide] calls={'singleton': 37998, 'list': 2, 'cache': 0} remaining_keywide=0 spent_today(artifact,this proc)=0
21:31:44|INFO   |[248] 'higgs portal' route=B_s2_index cand=877 links=691 t=189.7s credits=0 rem=0 store=260796 s2calls=75/11
21:32:09|INFO   |[keywide] calls={'singleton': 38498, 'list': 2, 'cache': 0} remaining_keywide=0 spent_today(artifact,this proc)=0
21:32:37|INFO   |[keywide] calls={'singleton': 38998, 'list': 2, 'cache': 0} remaining_keywide=0 spent_today(artifact,this proc)=0
21:33:07|INFO   |[keywide] calls={'singleton': 39498, 'list': 2, 'cache': 0} remaining_keywide=0 spent_today(artifact,this proc)=0
21:33:14|INFO   |[249] 'circumgalactic medium' route=B_s2_index cand=1129 links=1031 t=234.7s credits=0 rem=0 store=262232 s2calls=104/13
21:33:39|INFO   |[keywide] calls={'singleton': 39998, 'list': 2, 'cache': 0} remaining_keywide=0 spent_today(artifact,this proc)=0
21:34:09|INFO   |[keywide] calls={'singleton': 40498, 'list': 2, 'cache': 0} remaining_keywide=0 spent_today(artifact,this proc)=0
21:34:37|INFO   |[keywide] calls={'singleton': 40998, 'list': 2, 'cache': 0} remaining_keywide=0 spent_today(artifact,this proc)=0
21:35:06|INFO   |[keywide] calls={'singleton': 41498, 'list': 2, 'cache': 0} remaining_keywide=0 spent_today(artifact,this proc)=0
21:35:13|INFO   |[250] 'norden metric' route=B_s2_index cand=92 links=66 t=119.0s credits=0 rem=0 store=263437 s2calls=105/13
21:35:39|INFO   |[keywide] calls={'singleton': 41998, 'list': 2, 'cache': 0} remaining_keywide=0 spent_today(artifact,this proc)=0
21:36:07|INFO   |[keywide] calls={'singleton': 42498, 'list': 2, 'cache': 0} remaining_keywide=0 spent_today(artifact,this proc)=0
21:36:30|INFO   |[251] 'colored homfly' route=B_s2_index cand=132 links=94 t=77.1s credits=0 rem=0 store=265024 s2calls=108/15
21:36:32|INFO   |[252] 'cross modal retrieval' route=B_s2_index cand=1656 links=1508 t=338.1s credits=0 rem=0 store=265394 s2calls=108/15
21:36:39|INFO   |[keywide] calls={'singleton': 42998, 'list': 2, 'cache': 0} remaining_keywide=0 spent_today(artifact,this proc)=0
21:37:08|INFO   |[keywide] calls={'singleton': 43498, 'list': 2, 'cache': 0} remaining_keywide=0 spent_today(artifact,this proc)=0
21:37:10|INFO   |[253] 'spin orbit torque' route=B_s2_index cand=3546 links=2500 t=583.1s credits=0 rem=0 store=266004 s2calls=115/17
21:37:39|INFO   |[keywide] calls={'singleton': 43998, 'list': 2, 'cache': 0} remaining_keywide=0 spent_today(artifact,this proc)=0
21:38:08|INFO   |[keywide] calls={'singleton': 44498, 'list': 2, 'cache': 0} remaining_keywide=0 spent_today(artifact,this proc)=0
21:38:38|INFO   |[keywide] calls={'singleton': 44998, 'list': 2, 'cache': 0} remaining_keywide=0 spent_today(artifact,this proc)=0
21:39:06|INFO   |[254] 'millimeter wave cellular network' route=B_s2_index cand=156 links=151 t=115.3s credits=0 rem=0 store=267938 s2calls=116/17
21:39:10|INFO   |[keywide] calls={'singleton': 45498, 'list': 2, 'cache': 0} remaining_keywide=0 spent_today(artifact,this proc)=0
21:39:40|INFO   |[keywide] calls={'singleton': 45998, 'list': 2, 'cache': 0} remaining_keywide=0 spent_today(artifact,this proc)=0
21:39:52|INFO   |[255] 'graphene transistor' route=B_s2_index cand=1154 links=1004 t=200.4s credits=0 rem=0 store=268893 s2calls=117/17
21:40:10|INFO   |[keywide] calls={'singleton': 46498, 'list': 2, 'cache': 0} remaining_keywide=0 spent_today(artifact,this proc)=0
21:40:39|INFO   |[keywide] calls={'singleton': 46998, 'list': 2, 'cache': 0} remaining_keywide=0 spent_today(artifact,this proc)=0
21:40:55|INFO   |[256] 'truncated toeplitz' route=B_s2_index cand=174 links=152 t=62.6s credits=0 rem=0 store=269046 s2calls=118/17
21:40:58|INFO   |[257] 'explosive percolation' route=B_s2_index cand=164 links=145 t=112.0s credits=0 rem=0 store=269926 s2calls=118/17
21:41:12|INFO   |[keywide] calls={'singleton': 47498, 'list': 2, 'cache': 0} remaining_keywide=0 spent_today(artifact,this proc)=0
21:41:41|INFO   |[keywide] calls={'singleton': 47998, 'list': 2, 'cache': 0} remaining_keywide=0 spent_today(artifact,this proc)=0
21:42:12|INFO   |[keywide] calls={'singleton': 48498, 'list': 2, 'cache': 0} remaining_keywide=0 spent_today(artifact,this proc)=0
21:42:41|INFO   |[258] 'dirac semimetal' route=B_s2_index cand=2381 links=2072 t=370.7s credits=0 rem=0 store=271189 s2calls=120/17
21:42:42|INFO   |[keywide] calls={'singleton': 48998, 'list': 2, 'cache': 0} remaining_keywide=0 spent_today(artifact,this proc)=0
21:43:12|INFO   |[keywide] calls={'singleton': 49498, 'list': 2, 'cache': 0} remaining_keywide=0 spent_today(artifact,this proc)=0
21:43:42|INFO   |[keywide] calls={'singleton': 49998, 'list': 2, 'cache': 0} remaining_keywide=0 spent_today(artifact,this proc)=0
21:44:11|INFO   |[keywide] calls={'singleton': 50498, 'list': 2, 'cache': 0} remaining_keywide=0 spent_today(artifact,this proc)=0
21:44:16|INFO   |[259] 'wireless powered communication' route=B_s2_index cand=922 links=831 t=200.6s credits=0 rem=0 store=272361 s2calls=122/17
21:44:30|INFO   |[260] 'second order asymptotic' route=B_s2_index cand=652 links=521 t=211.4s credits=0 rem=0 store=272566 s2calls=123/17
21:44:44|INFO   |[keywide] calls={'singleton': 50998, 'list': 2, 'cache': 0} remaining_keywide=0 spent_today(artifact,this proc)=0
21:45:13|INFO   |[keywide] calls={'singleton': 51498, 'list': 2, 'cache': 0} remaining_keywide=0 spent_today(artifact,this proc)=0
21:45:42|INFO   |[keywide] calls={'singleton': 51998, 'list': 2, 'cache': 0} remaining_keywide=0 spent_today(artifact,this proc)=0
21:46:08|INFO   |[261] 'gapped graphene' route=B_s2_index cand=517 links=389 t=97.6s credits=0 rem=0 store=274766 s2calls=124/17
21:46:16|INFO   |[keywide] calls={'singleton': 52498, 'list': 2, 'cache': 0} remaining_keywide=0 spent_today(artifact,this proc)=0
21:46:46|INFO   |[keywide] calls={'singleton': 52998, 'list': 2, 'cache': 0} remaining_keywide=0 spent_today(artifact,this proc)=0
21:47:12|INFO   |[262] 'mimo interference channel' route=B_s2_index cand=677 links=574 t=175.2s credits=0 rem=0 store=274994 s2calls=125/17
21:47:13|INFO   |[263] 'synthetic spin orbit coupling' route=B_s2_index cand=133 links=100 t=64.6s credits=0 rem=0 store=275092 s2calls=125/17
21:47:19|INFO   |[keywide] calls={'singleton': 53498, 'list': 2, 'cache': 0} remaining_keywide=0 spent_today(artifact,this proc)=0
21:47:48|INFO   |[keywide] calls={'singleton': 53998, 'list': 2, 'cache': 0} remaining_keywide=0 spent_today(artifact,this proc)=0
21:47:51|INFO   |[264] 'ads4 cft3' route=B_s2_index cand=152 links=10 t=38.6s credits=0 rem=0 store=275844 s2calls=130/17
21:47:52|INFO   |[265] 'thompson sampling' route=B_s2_index cand=1411 links=1228 t=310.1s credits=0 rem=0 store=276015 s2calls=130/17
21:47:55|INFO   |[266] 'weyl semimetal candidate' route=B_s2_index cand=127 links=109 t=4.1s credits=0 rem=0 store=276015 s2calls=131/17
21:48:22|INFO   |[keywide] calls={'singleton': 54498, 'list': 2, 'cache': 0} remaining_keywide=0 spent_today(artifact,this proc)=0
21:48:52|INFO   |[keywide] calls={'singleton': 54998, 'list': 2, 'cache': 0} remaining_keywide=0 spent_today(artifact,this proc)=0
21:49:22|INFO   |[keywide] calls={'singleton': 55498, 'list': 2, 'cache': 0} remaining_keywide=0 spent_today(artifact,this proc)=0
21:49:38|INFO   |[267] 'higgs like boson' route=B_s2_index cand=232 links=166 t=105.5s credits=0 rem=0 store=278048 s2calls=134/17
21:49:52|INFO   |[keywide] calls={'singleton': 55998, 'list': 2, 'cache': 0} remaining_keywide=0 spent_today(artifact,this proc)=0
21:50:22|INFO   |[keywide] calls={'singleton': 56498, 'list': 2, 'cache': 0} remaining_keywide=0 spent_today(artifact,this proc)=0
21:50:51|INFO   |[keywide] calls={'singleton': 56998, 'list': 2, 'cache': 0} remaining_keywide=0 spent_today(artifact,this proc)=0
21:50:58|INFO   |[268] 'topological magnon' route=B_s2_index cand=247 links=215 t=80.6s credits=0 rem=0 store=278635 s2calls=135/17
21:51:21|INFO   |[keywide] calls={'singleton': 57498, 'list': 2, 'cache': 0} remaining_keywide=0 spent_today(artifact,this proc)=0
21:51:52|INFO   |[keywide] calls={'singleton': 57998, 'list': 2, 'cache': 0} remaining_keywide=0 spent_today(artifact,this proc)=0
21:52:22|INFO   |[keywide] calls={'singleton': 58498, 'list': 2, 'cache': 0} remaining_keywide=0 spent_today(artifact,this proc)=0
21:52:51|INFO   |[keywide] calls={'singleton': 58998, 'list': 2, 'cache': 0} remaining_keywide=0 spent_today(artifact,this proc)=0
21:53:19|INFO   |[keywide] calls={'singleton': 59498, 'list': 2, 'cache': 0} remaining_keywide=0 spent_today(artifact,this proc)=0
21:53:48|INFO   |[keywide] calls={'singleton': 59998, 'list': 2, 'cache': 0} remaining_keywide=0 spent_today(artifact,this proc)=0
21:53:54|INFO   |[269] 'optical turbulence' route=B_s2_index cand=1470 links=1351 t=358.8s credits=0 rem=0 store=281498 s2calls=138/17
21:54:21|INFO   |[keywide] calls={'singleton': 60498, 'list': 2, 'cache': 0} remaining_keywide=0 spent_today(artifact,this proc)=0
21:54:50|INFO   |[keywide] calls={'singleton': 60998, 'list': 2, 'cache': 0} remaining_keywide=0 spent_today(artifact,this proc)=0
21:55:14|INFO   |[270] 'bilayer graphene nanoribbon' route=B_s2_index cand=217 links=200 t=79.2s credits=0 rem=0 store=282786 s2calls=139/17
21:55:22|INFO   |[keywide] calls={'singleton': 61498, 'list': 2, 'cache': 0} remaining_keywide=0 spent_today(artifact,this proc)=0
21:55:52|INFO   |[keywide] calls={'singleton': 61998, 'list': 2, 'cache': 0} remaining_keywide=0 spent_today(artifact,this proc)=0
21:56:21|INFO   |[keywide] calls={'singleton': 62498, 'list': 2, 'cache': 0} remaining_keywide=0 spent_today(artifact,this proc)=0
21:57:08|INFO   |[keywide] calls={'singleton': 62998, 'list': 2, 'cache': 0} remaining_keywide=0 spent_today(artifact,this proc)=0
21:57:42|INFO   |[keywide] calls={'singleton': 63498, 'list': 2, 'cache': 0} remaining_keywide=0 spent_today(artifact,this proc)=0
21:58:12|INFO   |[keywide] calls={'singleton': 63998, 'list': 2, 'cache': 0} remaining_keywide=0 spent_today(artifact,this proc)=0
21:58:42|INFO   |[keywide] calls={'singleton': 64498, 'list': 2, 'cache': 0} remaining_keywide=0 spent_today(artifact,this proc)=0
21:58:51|INFO   |[271] 'weyl node' route=B_s2_index cand=993 links=864 t=217.3s credits=0 rem=0 store=286026 s2calls=140/17
21:58:53|INFO   |[272] 'methylammonium lead' route=B_s2_index cand=3108 links=2758 t=699.7s credits=0 rem=0 store=286311 s2calls=140/17
21:59:14|INFO   |[keywide] calls={'singleton': 64998, 'list': 2, 'cache': 0} remaining_keywide=0 spent_today(artifact,this proc)=0
21:59:27|INFO   |[273] 'gev gamma ray line' route=B_s2_index cand=33 links=25 t=33.5s credits=0 rem=0 store=286696 s2calls=142/17
21:59:48|INFO   |[keywide] calls={'singleton': 65498, 'list': 2, 'cache': 0} remaining_keywide=0 spent_today(artifact,this proc)=0
21:59:52|INFO   |[274] 'diboson resonance' route=B_s2_index cand=132 links=85 t=60.5s credits=0 rem=0 store=287519 s2calls=143/17
22:00:19|INFO   |[keywide] calls={'singleton': 65998, 'list': 2, 'cache': 0} remaining_keywide=0 spent_today(artifact,this proc)=0
22:00:49|INFO   |[keywide] calls={'singleton': 66498, 'list': 2, 'cache': 0} remaining_keywide=0 spent_today(artifact,this proc)=0
22:01:18|INFO   |[keywide] calls={'singleton': 66998, 'list': 2, 'cache': 0} remaining_keywide=0 spent_today(artifact,this proc)=0
22:02:21|INFO   |[keywide] calls={'singleton': 67498, 'list': 2, 'cache': 0} remaining_keywide=0 spent_today(artifact,this proc)=0
22:02:51|INFO   |[275] 'android malware' route=B_s2_index cand=2929 links=2618 t=712.1s credits=0 rem=0 store=289777 s2calls=146/17
22:02:56|INFO   |[keywide] calls={'singleton': 67998, 'list': 2, 'cache': 0} remaining_keywide=0 spent_today(artifact,this proc)=0
22:03:20|INFO   |[276] 'rogue wave solution' route=B_s2_index cand=933 links=790 t=233.1s credits=0 rem=0 store=289875 s2calls=148/17
22:03:25|INFO   |[keywide] calls={'singleton': 68498, 'list': 2, 'cache': 0} remaining_keywide=0 spent_today(artifact,this proc)=0
22:03:55|INFO   |[keywide] calls={'singleton': 68998, 'list': 2, 'cache': 0} remaining_keywide=0 spent_today(artifact,this proc)=0
22:04:24|INFO   |[keywide] calls={'singleton': 69498, 'list': 2, 'cache': 0} remaining_keywide=0 spent_today(artifact,this proc)=0
22:04:53|INFO   |[keywide] calls={'singleton': 69998, 'list': 2, 'cache': 0} remaining_keywide=0 spent_today(artifact,this proc)=0
22:05:24|INFO   |[keywide] calls={'singleton': 70498, 'list': 2, 'cache': 0} remaining_keywide=0 spent_today(artifact,this proc)=0
22:05:53|INFO   |[keywide] calls={'singleton': 70998, 'list': 2, 'cache': 0} remaining_keywide=0 spent_today(artifact,this proc)=0
22:06:24|INFO   |[keywide] calls={'singleton': 71498, 'list': 2, 'cache': 0} remaining_keywide=0 spent_today(artifact,this proc)=0
22:06:53|INFO   |[keywide] calls={'singleton': 71998, 'list': 2, 'cache': 0} remaining_keywide=0 spent_today(artifact,this proc)=0
22:07:14|INFO   |[277] 'limb darkening' route=B_s2_index cand=1041 links=736 t=262.4s credits=0 rem=0 store=293673 s2calls=150/17
22:07:25|INFO   |[keywide] calls={'singleton': 72498, 'list': 2, 'cache': 0} remaining_keywide=0 spent_today(artifact,this proc)=0
22:07:54|INFO   |[keywide] calls={'singleton': 72998, 'list': 2, 'cache': 0} remaining_keywide=0 spent_today(artifact,this proc)=0
22:08:23|INFO   |[keywide] calls={'singleton': 73498, 'list': 2, 'cache': 0} remaining_keywide=0 spent_today(artifact,this proc)=0
22:08:27|INFO   |[278] 'interior transmission eigenvalue' route=B_s2_index cand=122 links=106 t=72.8s credits=0 rem=0 store=294510 s2calls=151/17
22:08:56|INFO   |[keywide] calls={'singleton': 73998, 'list': 2, 'cache': 0} remaining_keywide=0 spent_today(artifact,this proc)=0
22:09:24|INFO   |[keywide] calls={'singleton': 74498, 'list': 2, 'cache': 0} remaining_keywide=0 spent_today(artifact,this proc)=0
22:09:26|INFO   |[279] 'audio event detection' route=B_s2_index cand=238 links=197 t=58.8s credits=0 rem=0 store=295809 s2calls=152/17
22:09:56|INFO   |[280] 'tensor factorization' route=B_s2_index cand=2138 links=1883 t=603.3s credits=0 rem=0 store=296254 s2calls=154/17
22:09:59|INFO   |[keywide] calls={'singleton': 74998, 'list': 2, 'cache': 0} remaining_keywide=0 spent_today(artifact,this proc)=0
22:10:30|INFO   |[keywide] calls={'singleton': 75498, 'list': 2, 'cache': 0} remaining_keywide=0 spent_today(artifact,this proc)=0
22:10:59|INFO   |[keywide] calls={'singleton': 75998, 'list': 2, 'cache': 0} remaining_keywide=0 spent_today(artifact,this proc)=0
22:11:02|INFO   |[281] 'knowledge graph embedding' route=B_s2_index cand=1947 links=1724 t=461.3s credits=0 rem=0 store=297281 s2calls=155/17
22:11:04|INFO   |[282] 'wireless powered communication network' route=B_s2_index cand=696 links=650 t=2.6s credits=0 rem=0 store=297281 s2calls=156/17
22:11:32|INFO   |[keywide] calls={'singleton': 76498, 'list': 2, 'cache': 0} remaining_keywide=0 spent_today(artifact,this proc)=0
22:11:49|INFO   |[283] 'agegraphic dark energy' route=B_s2_index cand=230 links=181 t=44.5s credits=0 rem=0 store=298173 s2calls=157/17
22:11:51|INFO   |[284] 'pairs in proton proton collision' route=B_s2_index cand=195 links=84 t=114.5s credits=0 rem=0 store=298283 s2calls=157/17
22:12:06|INFO   |[keywide] calls={'singleton': 76998, 'list': 2, 'cache': 0} remaining_keywide=0 spent_today(artifact,this proc)=0
22:12:15|INFO   |[285] 'dirac material' route=B_s2_index cand=1030 links=895 t=168.4s credits=0 rem=0 store=298298 s2calls=162/17
22:12:36|INFO   |[keywide] calls={'singleton': 77498, 'list': 2, 'cache': 0} remaining_keywide=0 spent_today(artifact,this proc)=0
22:13:05|INFO   |[286] 'acylindrical hyperbolicity' route=B_s2_index cand=178 links=48 t=50.1s credits=0 rem=0 store=298716 s2calls=164/18
22:13:09|INFO   |[keywide] calls={'singleton': 77998, 'list': 2, 'cache': 0} remaining_keywide=0 spent_today(artifact,this proc)=0
22:13:37|INFO   |[keywide] calls={'singleton': 78498, 'list': 2, 'cache': 0} remaining_keywide=0 spent_today(artifact,this proc)=0
22:14:06|INFO   |[keywide] calls={'singleton': 78998, 'list': 2, 'cache': 0} remaining_keywide=0 spent_today(artifact,this proc)=0
22:14:34|INFO   |[keywide] calls={'singleton': 79498, 'list': 2, 'cache': 0} remaining_keywide=0 spent_today(artifact,this proc)=0
22:14:54|INFO   |[287] 'deep hashing' route=B_s2_index cand=822 links=713 t=108.2s credits=0 rem=0 store=301167 s2calls=165/18
22:14:56|INFO   |[288] 'superluminal neutrinos' route=B_s2_index cand=209 links=130 t=1.8s credits=0 rem=0 store=301167 s2calls=166/18
22:15:09|INFO   |[keywide] calls={'singleton': 79998, 'list': 2, 'cache': 0} remaining_keywide=0 spent_today(artifact,this proc)=0
22:15:38|INFO   |[keywide] calls={'singleton': 80498, 'list': 2, 'cache': 0} remaining_keywide=0 spent_today(artifact,this proc)=0
22:15:39|INFO   |[289] 'arcanobacterium' route=B_s2_index cand=803 links=701 t=227.9s credits=0 rem=0 store=301524 s2calls=167/18
22:16:08|INFO   |[keywide] calls={'singleton': 80998, 'list': 2, 'cache': 0} remaining_keywide=0 spent_today(artifact,this proc)=0
22:16:37|INFO   |[keywide] calls={'singleton': 81498, 'list': 2, 'cache': 0} remaining_keywide=0 spent_today(artifact,this proc)=0
22:17:06|INFO   |[keywide] calls={'singleton': 81998, 'list': 2, 'cache': 0} remaining_keywide=0 spent_today(artifact,this proc)=0
22:17:23|INFO   |[290] 'single pixel imaging' route=B_s2_index cand=655 links=583 t=103.7s credits=0 rem=0 store=302878 s2calls=168/18
22:17:27|INFO   |[291] 'dirac semimetal cd3as2' route=B_s2_index cand=186 links=141 t=3.5s credits=0 rem=0 store=303630 s2calls=169/18
22:17:40|INFO   |[keywide] calls={'singleton': 82498, 'list': 2, 'cache': 0} remaining_keywide=0 spent_today(artifact,this proc)=0
22:18:09|INFO   |[keywide] calls={'singleton': 82998, 'list': 2, 'cache': 0} remaining_keywide=0 spent_today(artifact,this proc)=0
22:18:38|INFO   |[keywide] calls={'singleton': 83498, 'list': 2, 'cache': 0} remaining_keywide=0 spent_today(artifact,this proc)=0
22:19:01|INFO   |[292] 'distributed deep learning' route=B_s2_index cand=943 links=844 t=244.8s credits=0 rem=0 store=305158 s2calls=171/18
22:19:11|INFO   |[keywide] calls={'singleton': 83998, 'list': 2, 'cache': 0} remaining_keywide=0 spent_today(artifact,this proc)=0
22:19:41|INFO   |[keywide] calls={'singleton': 84498, 'list': 2, 'cache': 0} remaining_keywide=0 spent_today(artifact,this proc)=0
22:20:10|INFO   |[keywide] calls={'singleton': 84998, 'list': 2, 'cache': 0} remaining_keywide=0 spent_today(artifact,this proc)=0
22:20:38|INFO   |[keywide] calls={'singleton': 85498, 'list': 2, 'cache': 0} remaining_keywide=0 spent_today(artifact,this proc)=0
22:21:11|INFO   |[keywide] calls={'singleton': 85998, 'list': 2, 'cache': 0} remaining_keywide=0 spent_today(artifact,this proc)=0
22:21:41|INFO   |[keywide] calls={'singleton': 86498, 'list': 2, 'cache': 0} remaining_keywide=0 spent_today(artifact,this proc)=0
22:22:09|INFO   |[keywide] calls={'singleton': 86998, 'list': 2, 'cache': 0} remaining_keywide=0 spent_today(artifact,this proc)=0
22:22:13|INFO   |[293] 'bidirectional lstm' route=B_s2_index cand=3171 links=2966 t=623.3s credits=0 rem=0 store=307565 s2calls=178/20
22:22:20|INFO   |[294] 'malware classification' route=B_s2_index cand=1524 links=1399 t=292.4s credits=0 rem=0 store=308002 s2calls=179/20
22:22:44|INFO   |[keywide] calls={'singleton': 87498, 'list': 2, 'cache': 0} remaining_keywide=0 spent_today(artifact,this proc)=0
22:23:13|INFO   |[keywide] calls={'singleton': 87998, 'list': 2, 'cache': 0} remaining_keywide=0 spent_today(artifact,this proc)=0
22:23:43|INFO   |[295] 'cell free massive mimo' route=B_s2_index cand=231 links=221 t=83.1s credits=0 rem=0 store=308970 s2calls=180/20
22:23:44|INFO   |[keywide] calls={'singleton': 88498, 'list': 2, 'cache': 0} remaining_keywide=0 spent_today(artifact,this proc)=0
22:24:15|INFO   |[keywide] calls={'singleton': 88998, 'list': 2, 'cache': 0} remaining_keywide=0 spent_today(artifact,this proc)=0
22:24:48|INFO   |[keywide] calls={'singleton': 89498, 'list': 2, 'cache': 0} remaining_keywide=0 spent_today(artifact,this proc)=0
22:25:17|INFO   |[keywide] calls={'singleton': 89998, 'list': 2, 'cache': 0} remaining_keywide=0 spent_today(artifact,this proc)=0
22:25:47|INFO   |[keywide] calls={'singleton': 90498, 'list': 2, 'cache': 0} remaining_keywide=0 spent_today(artifact,this proc)=0
22:25:48|INFO   |[296] 'ethyl carbamate' route=B_s2_index cand=518 links=429 t=215.0s credits=0 rem=0 store=310882 s2calls=182/20
22:26:19|INFO   |[keywide] calls={'singleton': 90998, 'list': 2, 'cache': 0} remaining_keywide=0 spent_today(artifact,this proc)=0
22:26:35|INFO   |[297] 'fractional boundary value' route=B_s2_index cand=1186 links=976 t=171.6s credits=0 rem=0 store=311881 s2calls=183/20
22:26:50|INFO   |[keywide] calls={'singleton': 91498, 'list': 2, 'cache': 0} remaining_keywide=0 spent_today(artifact,this proc)=0
22:27:19|INFO   |[keywide] calls={'singleton': 91998, 'list': 2, 'cache': 0} remaining_keywide=0 spent_today(artifact,this proc)=0
22:27:26|INFO   |[298] 'dbi inflation' route=B_s2_index cand=127 links=96 t=51.2s credits=0 rem=0 store=312354 s2calls=184/20
22:27:51|INFO   |[keywide] calls={'singleton': 92498, 'list': 2, 'cache': 0} remaining_keywide=0 spent_today(artifact,this proc)=0
22:28:20|INFO   |[keywide] calls={'singleton': 92998, 'list': 2, 'cache': 0} remaining_keywide=0 spent_today(artifact,this proc)=0
22:28:39|INFO   |[299] 'approximate bayesian inference' route=B_s2_index cand=735 links=579 t=170.7s credits=0 rem=0 store=314071 s2calls=185/20
22:28:53|INFO   |[keywide] calls={'singleton': 93498, 'list': 2, 'cache': 0} remaining_keywide=0 spent_today(artifact,this proc)=0
22:29:03|INFO   |[300] 'delayed csit' route=B_s2_index cand=213 links=202 t=96.3s credits=0 rem=0 store=314213 s2calls=186/20
22:29:23|INFO   |[keywide] calls={'singleton': 93998, 'list': 2, 'cache': 0} remaining_keywide=0 spent_today(artifact,this proc)=0
22:29:33|INFO   |[301] 'bulk locality' route=B_s2_index cand=89 links=63 t=53.3s credits=0 rem=0 store=314646 s2calls=187/20
22:29:54|INFO   |[keywide] calls={'singleton': 94498, 'list': 2, 'cache': 0} remaining_keywide=0 spent_today(artifact,this proc)=0
22:30:25|INFO   |[302] 'unitary bose' route=B_s2_index cand=64 links=55 t=51.8s credits=0 rem=0 store=315830 s2calls=188/20
22:30:27|INFO   |[keywide] calls={'singleton': 94998, 'list': 2, 'cache': 0} remaining_keywide=0 spent_today(artifact,this proc)=0
22:30:55|INFO   |[keywide] calls={'singleton': 95498, 'list': 2, 'cache': 0} remaining_keywide=0 spent_today(artifact,this proc)=0
22:31:24|INFO   |[keywide] calls={'singleton': 95998, 'list': 2, 'cache': 0} remaining_keywide=0 spent_today(artifact,this proc)=0
22:31:27|INFO   |[303] 'thermal rectification' route=B_s2_index cand=702 links=653 t=143.0s credits=0 rem=0 store=316462 s2calls=190/20
22:31:55|INFO   |[keywide] calls={'singleton': 96498, 'list': 2, 'cache': 0} remaining_keywide=0 spent_today(artifact,this proc)=0
22:32:25|INFO   |[keywide] calls={'singleton': 96998, 'list': 2, 'cache': 0} remaining_keywide=0 spent_today(artifact,this proc)=0
22:32:53|INFO   |[keywide] calls={'singleton': 97498, 'list': 2, 'cache': 0} remaining_keywide=0 spent_today(artifact,this proc)=0
22:33:23|INFO   |[keywide] calls={'singleton': 97998, 'list': 2, 'cache': 0} remaining_keywide=0 spent_today(artifact,this proc)=0
22:33:52|INFO   |[keywide] calls={'singleton': 98498, 'list': 2, 'cache': 0} remaining_keywide=0 spent_today(artifact,this proc)=0
22:34:21|INFO   |[keywide] calls={'singleton': 98998, 'list': 2, 'cache': 0} remaining_keywide=0 spent_today(artifact,this proc)=0
22:34:51|INFO   |[keywide] calls={'singleton': 99498, 'list': 2, 'cache': 0} remaining_keywide=0 spent_today(artifact,this proc)=0
22:35:20|INFO   |[keywide] calls={'singleton': 99998, 'list': 2, 'cache': 0} remaining_keywide=0 spent_today(artifact,this proc)=0
22:35:39|INFO   |[304] 'defoamer' route=B_s2_index cand=1745 links=566 t=314.0s credits=0 rem=0 store=319254 s2calls=192/20
22:35:41|INFO   |[305] 'batch normalization' route=B_s2_index cand=4213 links=3830 t=1000.4s credits=0 rem=0 store=319607 s2calls=192/20
22:35:51|INFO   |[keywide] calls={'singleton': 100498, 'list': 2, 'cache': 0} remaining_keywide=0 spent_today(artifact,this proc)=0
22:36:21|INFO   |[keywide] calls={'singleton': 100998, 'list': 2, 'cache': 0} remaining_keywide=0 spent_today(artifact,this proc)=0
22:36:50|INFO   |[keywide] calls={'singleton': 101498, 'list': 2, 'cache': 0} remaining_keywide=0 spent_today(artifact,this proc)=0
22:36:53|INFO   |[306] 'hermite hadamard type inequality' route=B_s2_index cand=1083 links=733 t=326.6s credits=0 rem=0 store=320558 s2calls=195/20
22:36:55|INFO   |[307] 'regularized optimal transport' route=B_s2_index cand=218 links=173 t=73.0s credits=0 rem=0 store=320743 s2calls=195/20
22:37:22|INFO   |[keywide] calls={'singleton': 101998, 'list': 2, 'cache': 0} remaining_keywide=0 spent_today(artifact,this proc)=0
22:37:50|INFO   |[keywide] calls={'singleton': 102498, 'list': 2, 'cache': 0} remaining_keywide=0 spent_today(artifact,this proc)=0
22:38:06|INFO   |[308] 'random interlacement' route=B_s2_index cand=181 links=135 t=70.8s credits=0 rem=0 store=321233 s2calls=197/20
22:38:22|INFO   |[keywide] calls={'singleton': 102998, 'list': 2, 'cache': 0} remaining_keywide=0 spent_today(artifact,this proc)=0
22:38:52|INFO   |[309] 'topological kondo insulator' route=B_s2_index cand=335 links=288 t=117.8s credits=0 rem=0 store=322574 s2calls=198/20
22:38:52|INFO   |[keywide] calls={'singleton': 103498, 'list': 2, 'cache': 0} remaining_keywide=0 spent_today(artifact,this proc)=0
22:39:21|INFO   |[keywide] calls={'singleton': 103998, 'list': 2, 'cache': 0} remaining_keywide=0 spent_today(artifact,this proc)=0
22:39:37|INFO   |[310] 'fountain code' route=B_s2_index cand=1275 links=1040 t=237.6s credits=0 rem=0 store=323249 s2calls=199/20
22:39:53|INFO   |[keywide] calls={'singleton': 104498, 'list': 2, 'cache': 0} remaining_keywide=0 spent_today(artifact,this proc)=0
22:40:20|INFO   |[311] 'pomeron loop' route=B_s2_index cand=120 links=96 t=88.1s credits=0 rem=0 store=324057 s2calls=200/20
22:40:24|INFO   |[keywide] calls={'singleton': 104998, 'list': 2, 'cache': 0} remaining_keywide=0 spent_today(artifact,this proc)=0
22:40:31|INFO   |[312] 'horava lifshitz gravity' route=B_s2_index cand=602 links=206 t=144.2s credits=0 rem=0 store=324186 s2calls=204/20
22:40:53|INFO   |[313] 'pp and pb pb collision' route=B_s2_index cand=287 links=126 t=75.5s credits=0 rem=0 store=324384 s2calls=205/20
22:40:54|INFO   |[keywide] calls={'singleton': 105498, 'list': 2, 'cache': 0} remaining_keywide=0 spent_today(artifact,this proc)=0
22:41:19|INFO   |[314] 'fermionic polar molecule' route=B_s2_index cand=47 links=41 t=47.6s credits=0 rem=0 store=324424 s2calls=210/20
22:41:24|INFO   |[keywide] calls={'singleton': 105998, 'list': 2, 'cache': 0} remaining_keywide=0 spent_today(artifact,this proc)=0
22:41:53|INFO   |[keywide] calls={'singleton': 106498, 'list': 2, 'cache': 0} remaining_keywide=0 spent_today(artifact,this proc)=0
22:42:21|INFO   |[keywide] calls={'singleton': 106998, 'list': 2, 'cache': 0} remaining_keywide=0 spent_today(artifact,this proc)=0
22:42:24|INFO   |[315] 'ultra diffuse galaxy' route=B_s2_index cand=356 links=303 t=65.3s credits=0 rem=0 store=325884 s2calls=211/20
22:42:52|INFO   |[keywide] calls={'singleton': 107498, 'list': 2, 'cache': 0} remaining_keywide=0 spent_today(artifact,this proc)=0
22:43:13|INFO   |[316] 'metastable supersymmetry breaking' route=B_s2_index cand=74 links=59 t=48.4s credits=0 rem=0 store=326287 s2calls=212/20
22:43:22|INFO   |[keywide] calls={'singleton': 107998, 'list': 2, 'cache': 0} remaining_keywide=0 spent_today(artifact,this proc)=0
22:43:51|INFO   |[keywide] calls={'singleton': 108498, 'list': 2, 'cache': 0} remaining_keywide=0 spent_today(artifact,this proc)=0
22:44:19|INFO   |[keywide] calls={'singleton': 108998, 'list': 2, 'cache': 0} remaining_keywide=0 spent_today(artifact,this proc)=0
22:44:50|INFO   |[keywide] calls={'singleton': 109498, 'list': 2, 'cache': 0} remaining_keywide=0 spent_today(artifact,this proc)=0
22:45:19|INFO   |[keywide] calls={'singleton': 109998, 'list': 2, 'cache': 0} remaining_keywide=0 spent_today(artifact,this proc)=0
22:45:48|INFO   |[keywide] calls={'singleton': 110498, 'list': 2, 'cache': 0} remaining_keywide=0 spent_today(artifact,this proc)=0
22:46:18|INFO   |[keywide] calls={'singleton': 110998, 'list': 2, 'cache': 0} remaining_keywide=0 spent_today(artifact,this proc)=0
22:46:43|INFO   |[317] 'transport in graphene' route=B_s2_index cand=1818 links=1228 t=209.8s credits=0 rem=0 store=330088 s2calls=214/20
22:46:48|INFO   |[keywide] calls={'singleton': 111498, 'list': 2, 'cache': 0} remaining_keywide=0 spent_today(artifact,this proc)=0
22:47:17|INFO   |[keywide] calls={'singleton': 111998, 'list': 2, 'cache': 0} remaining_keywide=0 spent_today(artifact,this proc)=0
22:47:36|INFO   |[318] 'fe se te' route=B_s2_index cand=259 links=87 t=52.6s credits=0 rem=0 store=330941 s2calls=215/20
22:47:47|INFO   |[keywide] calls={'singleton': 112498, 'list': 2, 'cache': 0} remaining_keywide=0 spent_today(artifact,this proc)=0
22:48:17|INFO   |[keywide] calls={'singleton': 112998, 'list': 2, 'cache': 0} remaining_keywide=0 spent_today(artifact,this proc)=0
22:48:46|INFO   |[keywide] calls={'singleton': 113498, 'list': 2, 'cache': 0} remaining_keywide=0 spent_today(artifact,this proc)=0
22:49:14|INFO   |[keywide] calls={'singleton': 113998, 'list': 2, 'cache': 0} remaining_keywide=0 spent_today(artifact,this proc)=0
22:49:43|INFO   |[keywide] calls={'singleton': 114498, 'list': 2, 'cache': 0} remaining_keywide=0 spent_today(artifact,this proc)=0
22:50:14|INFO   |[keywide] calls={'singleton': 114998, 'list': 2, 'cache': 0} remaining_keywide=0 spent_today(artifact,this proc)=0
22:50:43|INFO   |[keywide] calls={'singleton': 115498, 'list': 2, 'cache': 0} remaining_keywide=0 spent_today(artifact,this proc)=0
22:51:11|INFO   |[keywide] calls={'singleton': 115998, 'list': 2, 'cache': 0} remaining_keywide=0 spent_today(artifact,this proc)=0
22:51:40|INFO   |[keywide] calls={'singleton': 116498, 'list': 2, 'cache': 0} remaining_keywide=0 spent_today(artifact,this proc)=0
22:52:11|INFO   |[keywide] calls={'singleton': 116998, 'list': 2, 'cache': 0} remaining_keywide=0 spent_today(artifact,this proc)=0
22:52:39|INFO   |[keywide] calls={'singleton': 117498, 'list': 2, 'cache': 0} remaining_keywide=0 spent_today(artifact,this proc)=0
22:53:04|INFO   |[319] 'calponin' route=B_s2_index cand=3059 links=2779 t=763.6s credits=0 rem=0 store=336012 s2calls=225/20
22:53:11|INFO   |[keywide] calls={'singleton': 117998, 'list': 2, 'cache': 0} remaining_keywide=0 spent_today(artifact,this proc)=0
22:53:40|INFO   |[keywide] calls={'singleton': 118498, 'list': 2, 'cache': 0} remaining_keywide=0 spent_today(artifact,this proc)=0
22:54:10|INFO   |[keywide] calls={'singleton': 118998, 'list': 2, 'cache': 0} remaining_keywide=0 spent_today(artifact,this proc)=0
22:54:37|INFO   |[keywide] calls={'singleton': 119498, 'list': 2, 'cache': 0} remaining_keywide=0 spent_today(artifact,this proc)=0
22:55:00|INFO   |[320] 'brain computer interface' route=B_s2_index cand=26907 links=22735 t=4996.3s credits=0 rem=0 store=337641 s2calls=226/20
22:55:03|INFO   |[321] 'graph learning' route=B_s2_index cand=4045 links=3584 t=849.8s credits=0 rem=0 store=338253 s2calls=226/20
22:55:11|INFO   |[keywide] calls={'singleton': 119998, 'list': 2, 'cache': 0} remaining_keywide=0 spent_today(artifact,this proc)=0
22:55:40|INFO   |[keywide] calls={'singleton': 120498, 'list': 2, 'cache': 0} remaining_keywide=0 spent_today(artifact,this proc)=0
22:55:59|INFO   |[322] 'millimeter wave massive mimo' route=B_s2_index cand=444 links=407 t=174.4s credits=0 rem=0 store=339033 s2calls=228/20
22:56:11|INFO   |[keywide] calls={'singleton': 120998, 'list': 2, 'cache': 0} remaining_keywide=0 spent_today(artifact,this proc)=0
22:56:39|INFO   |[keywide] calls={'singleton': 121498, 'list': 2, 'cache': 0} remaining_keywide=0 spent_today(artifact,this proc)=0
22:56:45|INFO   |[323] 'congested clique' route=B_s2_index cand=152 links=116 t=101.2s credits=0 rem=0 store=339912 s2calls=229/20
22:56:59|INFO   |[324] 'holographic complexity' route=B_s2_index cand=260 links=213 t=60.3s credits=0 rem=0 store=340122 s2calls=230/20
22:57:07|INFO   |[325] 'renal elimination' route=B_s2_index cand=964 links=728 t=126.1s credits=0 rem=0 store=340592 s2calls=231/20
22:57:13|INFO   |[326] 'tev pb pb collision' route=B_s2_index cand=208 links=61 t=27.7s credits=0 rem=0 store=340675 s2calls=233/20
22:57:13|INFO   |[keywide] calls={'singleton': 121998, 'list': 2, 'cache': 0} remaining_keywide=0 spent_today(artifact,this proc)=0
22:57:39|INFO   |[327] 'sutured floer homology' route=B_s2_index cand=70 links=62 t=39.2s credits=0 rem=0 store=340738 s2calls=241/20
22:57:42|INFO   |[keywide] calls={'singleton': 122498, 'list': 2, 'cache': 0} remaining_keywide=0 spent_today(artifact,this proc)=0
22:58:11|INFO   |[keywide] calls={'singleton': 122998, 'list': 2, 'cache': 0} remaining_keywide=0 spent_today(artifact,this proc)=0
22:58:41|INFO   |[328] 'nematic liquid crystal flow' route=B_s2_index cand=315 links=260 t=61.3s credits=0 rem=0 store=341706 s2calls=242/20
22:58:41|INFO   |[keywide] calls={'singleton': 123498, 'list': 2, 'cache': 0} remaining_keywide=0 spent_today(artifact,this proc)=0
22:59:05|INFO   |[329] 'weak gravity conjecture' route=B_s2_index cand=434 links=336 t=111.9s credits=0 rem=0 store=342108 s2calls=243/20
22:59:11|INFO   |[keywide] calls={'singleton': 123998, 'list': 2, 'cache': 0} remaining_keywide=0 spent_today(artifact,this proc)=0
22:59:40|INFO   |[keywide] calls={'singleton': 124498, 'list': 2, 'cache': 0} remaining_keywide=0 spent_today(artifact,this proc)=0
23:00:01|INFO   |[330] 'information causality' route=B_s2_index cand=205 links=167 t=80.0s credits=0 rem=0 store=343004 s2calls=244/20
23:00:10|INFO   |[keywide] calls={'singleton': 124998, 'list': 2, 'cache': 0} remaining_keywide=0 spent_today(artifact,this proc)=0
23:00:33|INFO   |[331] 'duty to warn' route=B_s2_index cand=563 links=462 t=87.3s credits=0 rem=0 store=343520 s2calls=245/20
23:00:40|INFO   |[keywide] calls={'singleton': 125498, 'list': 2, 'cache': 0} remaining_keywide=0 spent_today(artifact,this proc)=0
23:00:42|INFO   |[332] 'monolayer fese' route=B_s2_index cand=173 links=150 t=40.7s credits=0 rem=0 store=343657 s2calls=248/21
23:00:44|INFO   |[333] 'three dimensional dirac semimetal' route=B_s2_index cand=248 links=217 t=1.7s credits=0 rem=0 store=344030 s2calls=249/21
23:01:12|INFO   |[keywide] calls={'singleton': 125998, 'list': 2, 'cache': 0} remaining_keywide=0 spent_today(artifact,this proc)=0
23:01:40|INFO   |[keywide] calls={'singleton': 126498, 'list': 2, 'cache': 0} remaining_keywide=0 spent_today(artifact,this proc)=0
23:02:08|INFO   |[keywide] calls={'singleton': 126998, 'list': 2, 'cache': 0} remaining_keywide=0 spent_today(artifact,this proc)=0
23:02:39|INFO   |[keywide] calls={'singleton': 127498, 'list': 2, 'cache': 0} remaining_keywide=0 spent_today(artifact,this proc)=0
23:02:44|INFO   |[334] 'compact binary coalescence' route=B_s2_index cand=590 links=490 t=120.1s credits=0 rem=0 store=345659 s2calls=250/21
23:03:10|INFO   |[keywide] calls={'singleton': 127998, 'list': 2, 'cache': 0} remaining_keywide=0 spent_today(artifact,this proc)=0
23:03:38|INFO   |[keywide] calls={'singleton': 128498, 'list': 2, 'cache': 0} remaining_keywide=0 spent_today(artifact,this proc)=0
23:04:05|INFO   |[keywide] calls={'singleton': 128998, 'list': 2, 'cache': 0} remaining_keywide=0 spent_today(artifact,this proc)=0
23:04:20|INFO   |[335] 'gev diphoton excess' route=B_s2_index cand=159 links=126 t=95.7s credits=0 rem=0 store=346891 s2calls=251/21
23:04:37|INFO   |[keywide] calls={'singleton': 129498, 'list': 2, 'cache': 0} remaining_keywide=0 spent_today(artifact,this proc)=0
23:05:06|INFO   |[keywide] calls={'singleton': 129998, 'list': 2, 'cache': 0} remaining_keywide=0 spent_today(artifact,this proc)=0
23:05:34|INFO   |[keywide] calls={'singleton': 130498, 'list': 2, 'cache': 0} remaining_keywide=0 spent_today(artifact,this proc)=0
23:05:40|INFO   |[336] 'deep convolutional feature' route=B_s2_index cand=390 links=329 t=79.0s credits=0 rem=0 store=348272 s2calls=252/21
23:06:05|INFO   |[keywide] calls={'singleton': 130998, 'list': 2, 'cache': 0} remaining_keywide=0 spent_today(artifact,this proc)=0
23:06:30|INFO   |[337] 'z2 spin' route=B_s2_index cand=91 links=34 t=50.0s credits=0 rem=0 store=349094 s2calls=254/22
23:06:32|INFO   |[338] 'virtual network embedding' route=B_s2_index cand=1128 links=1055 t=358.3s credits=0 rem=0 store=349393 s2calls=254/22
23:06:37|INFO   |[keywide] calls={'singleton': 131498, 'list': 2, 'cache': 0} remaining_keywide=0 spent_today(artifact,this proc)=0
23:07:06|INFO   |[keywide] calls={'singleton': 131998, 'list': 2, 'cache': 0} remaining_keywide=0 spent_today(artifact,this proc)=0
23:07:33|INFO   |[339] 'uplink massive mimo' route=B_s2_index cand=274 links=270 t=62.7s credits=0 rem=0 store=350032 s2calls=257/22
23:07:36|INFO   |[keywide] calls={'singleton': 132498, 'list': 2, 'cache': 0} remaining_keywide=0 spent_today(artifact,this proc)=0
23:08:05|INFO   |[keywide] calls={'singleton': 132998, 'list': 2, 'cache': 0} remaining_keywide=0 spent_today(artifact,this proc)=0
23:08:30|INFO   |[340] 'entropic gravity' route=B_s2_index cand=195 links=133 t=56.6s credits=0 rem=0 store=351292 s2calls=258/22
23:08:37|INFO   |[keywide] calls={'singleton': 133498, 'list': 2, 'cache': 0} remaining_keywide=0 spent_today(artifact,this proc)=0
23:09:07|INFO   |[keywide] calls={'singleton': 133998, 'list': 2, 'cache': 0} remaining_keywide=0 spent_today(artifact,this proc)=0
23:09:27|INFO   |[341] 'massive mimo uplink' route=B_s2_index cand=205 links=196 t=56.6s credits=0 rem=0 store=352205 s2calls=259/22
23:09:37|INFO   |[keywide] calls={'singleton': 134498, 'list': 2, 'cache': 0} remaining_keywide=0 spent_today(artifact,this proc)=0
23:10:06|INFO   |[keywide] calls={'singleton': 134998, 'list': 2, 'cache': 0} remaining_keywide=0 spent_today(artifact,this proc)=0
23:10:36|INFO   |[keywide] calls={'singleton': 135498, 'list': 2, 'cache': 0} remaining_keywide=0 spent_today(artifact,this proc)=0
23:11:05|INFO   |[keywide] calls={'singleton': 135998, 'list': 2, 'cache': 0} remaining_keywide=0 spent_today(artifact,this proc)=0
23:11:33|INFO   |[keywide] calls={'singleton': 136498, 'list': 2, 'cache': 0} remaining_keywide=0 spent_today(artifact,this proc)=0
23:12:02|INFO   |[keywide] calls={'singleton': 136998, 'list': 2, 'cache': 0} remaining_keywide=0 spent_today(artifact,this proc)=0
23:12:19|INFO   |[342] 'psychiatric rehabilitation' route=B_s2_index cand=1845 links=1587 t=346.9s credits=0 rem=0 store=354983 s2calls=261/22
23:12:34|INFO   |[keywide] calls={'singleton': 137498, 'list': 2, 'cache': 0} remaining_keywide=0 spent_today(artifact,this proc)=0
23:13:02|INFO   |[keywide] calls={'singleton': 137998, 'list': 2, 'cache': 0} remaining_keywide=0 spent_today(artifact,this proc)=0
23:13:13|INFO   |[343] 'twisted tori' route=B_s2_index cand=75 links=55 t=53.9s credits=0 rem=0 store=355415 s2calls=262/22
23:13:15|INFO   |[344] 'three dimensional topological insulator' route=B_s2_index cand=1211 links=1040 t=227.7s credits=0 rem=0 store=355891 s2calls=262/22
23:13:34|INFO   |[keywide] calls={'singleton': 138498, 'list': 2, 'cache': 0} remaining_keywide=0 spent_today(artifact,this proc)=0
23:14:03|INFO   |[keywide] calls={'singleton': 138998, 'list': 2, 'cache': 0} remaining_keywide=0 spent_today(artifact,this proc)=0
23:14:33|INFO   |[keywide] calls={'singleton': 139498, 'list': 2, 'cache': 0} remaining_keywide=0 spent_today(artifact,this proc)=0
23:15:01|INFO   |[keywide] calls={'singleton': 139998, 'list': 2, 'cache': 0} remaining_keywide=0 spent_today(artifact,this proc)=0
23:15:03|INFO   |[345] 'inflationary magnetogenesis' route=B_s2_index cand=92 links=85 t=107.1s credits=0 rem=0 store=357805 s2calls=264/22
23:15:30|INFO   |[keywide] calls={'singleton': 140498, 'list': 2, 'cache': 0} remaining_keywide=0 spent_today(artifact,this proc)=0
23:15:46|INFO   |[346] 'holographic superconductor' route=B_s2_index cand=635 links=498 t=153.0s credits=0 rem=0 store=357945 s2calls=265/22
23:15:58|INFO   |[347] 'galaxy halo connection' route=B_s2_index cand=195 links=43 t=54.8s credits=0 rem=0 store=358127 s2calls=270/22
23:16:03|INFO   |[keywide] calls={'singleton': 140998, 'list': 2, 'cache': 0} remaining_keywide=0 spent_today(artifact,this proc)=0
23:16:30|INFO   |[keywide] calls={'singleton': 141498, 'list': 2, 'cache': 0} remaining_keywide=0 spent_today(artifact,this proc)=0
23:16:59|INFO   |[keywide] calls={'singleton': 141998, 'list': 2, 'cache': 0} remaining_keywide=0 spent_today(artifact,this proc)=0
23:17:31|INFO   |[keywide] calls={'singleton': 142498, 'list': 2, 'cache': 0} remaining_keywide=0 spent_today(artifact,this proc)=0
23:17:59|INFO   |[keywide] calls={'singleton': 142998, 'list': 2, 'cache': 0} remaining_keywide=0 spent_today(artifact,this proc)=0
23:18:27|INFO   |[keywide] calls={'singleton': 143498, 'list': 2, 'cache': 0} remaining_keywide=0 spent_today(artifact,this proc)=0
23:18:57|INFO   |[348] 'rupicapra' route=B_s2_index cand=775 links=664 t=178.7s credits=0 rem=0 store=361028 s2calls=281/24
23:18:59|INFO   |[keywide] calls={'singleton': 143998, 'list': 2, 'cache': 0} remaining_keywide=0 spent_today(artifact,this proc)=0
23:19:29|INFO   |[keywide] calls={'singleton': 144498, 'list': 2, 'cache': 0} remaining_keywide=0 spent_today(artifact,this proc)=0
23:19:57|INFO   |[keywide] calls={'singleton': 144998, 'list': 2, 'cache': 0} remaining_keywide=0 spent_today(artifact,this proc)=0
23:20:25|INFO   |[keywide] calls={'singleton': 145498, 'list': 2, 'cache': 0} remaining_keywide=0 spent_today(artifact,this proc)=0
23:20:32|INFO   |[349] 'full cdf' route=B_s2_index cand=100 links=54 t=94.4s credits=0 rem=0 store=363282 s2calls=282/24
23:20:57|INFO   |[keywide] calls={'singleton': 145998, 'list': 2, 'cache': 0} remaining_keywide=0 spent_today(artifact,this proc)=0
23:21:24|INFO   |[keywide] calls={'singleton': 146498, 'list': 2, 'cache': 0} remaining_keywide=0 spent_today(artifact,this proc)=0
23:21:31|INFO   |[350] 'minimal massive gravity' route=B_s2_index cand=82 links=67 t=58.7s credits=0 rem=0 store=363346 s2calls=283/24
23:21:32|INFO   |[351] 'variational autoencoder' route=B_s2_index cand=9501 links=8548 t=2036.3s credits=0 rem=0 store=363544 s2calls=283/24
23:21:41|INFO   |[352] 'false data injection attack' route=B_s2_index cand=2291 links=2192 t=8.4s credits=0 rem=0 store=364291 s2calls=287/24
23:21:43|INFO   |[353] 'mock modular form' route=B_s2_index cand=292 links=203 t=1.7s credits=0 rem=0 store=364291 s2calls=288/24
23:21:59|INFO   |[keywide] calls={'singleton': 146998, 'list': 2, 'cache': 0} remaining_keywide=0 spent_today(artifact,this proc)=0
23:22:03|INFO   |[354] 'indoor localization' route=B_s2_index cand=8522 links=7777 t=1495.3s credits=0 rem=0 store=364710 s2calls=289/24
23:22:07|INFO   |[355] 'tropical optimization' route=B_s2_index cand=63 links=52 t=35.9s credits=0 rem=0 store=364764 s2calls=290/24
23:22:30|INFO   |[keywide] calls={'singleton': 147498, 'list': 2, 'cache': 0} remaining_keywide=0 spent_today(artifact,this proc)=0
23:22:59|INFO   |[keywide] calls={'singleton': 147998, 'list': 2, 'cache': 0} remaining_keywide=0 spent_today(artifact,this proc)=0
23:23:16|INFO   |[356] 'di photon excess' route=B_s2_index cand=46 links=31 t=68.3s credits=0 rem=0 store=365530 s2calls=292/24
23:23:28|INFO   |[keywide] calls={'singleton': 148498, 'list': 2, 'cache': 0} remaining_keywide=0 spent_today(artifact,this proc)=0
23:23:39|INFO   |[357] 'spin hall magnetoresistance' route=B_s2_index cand=489 links=439 t=115.8s credits=0 rem=0 store=365540 s2calls=295/24
23:23:59|INFO   |[keywide] calls={'singleton': 148998, 'list': 2, 'cache': 0} remaining_keywide=0 spent_today(artifact,this proc)=0
23:24:27|INFO   |[keywide] calls={'singleton': 149498, 'list': 2, 'cache': 0} remaining_keywide=0 spent_today(artifact,this proc)=0
23:24:54|INFO   |[keywide] calls={'singleton': 149998, 'list': 2, 'cache': 0} remaining_keywide=0 spent_today(artifact,this proc)=0
23:24:56|INFO   |[358] 'states in topological insulator' route=B_s2_index cand=466 links=210 t=76.0s credits=0 rem=0 store=366468 s2calls=296/24
23:25:26|INFO   |[keywide] calls={'singleton': 150498, 'list': 2, 'cache': 0} remaining_keywide=0 spent_today(artifact,this proc)=0
23:25:54|INFO   |[keywide] calls={'singleton': 150998, 'list': 2, 'cache': 0} remaining_keywide=0 spent_today(artifact,this proc)=0
23:26:21|INFO   |[359] 'tensor completion' route=B_s2_index cand=1295 links=1189 t=257.9s credits=0 rem=0 store=368207 s2calls=297/24
23:26:26|INFO   |[keywide] calls={'singleton': 151498, 'list': 2, 'cache': 0} remaining_keywide=0 spent_today(artifact,this proc)=0
23:26:55|INFO   |[keywide] calls={'singleton': 151998, 'list': 2, 'cache': 0} remaining_keywide=0 spent_today(artifact,this proc)=0
23:27:25|INFO   |[keywide] calls={'singleton': 152498, 'list': 2, 'cache': 0} remaining_keywide=0 spent_today(artifact,this proc)=0
23:27:37|INFO   |[360] 'energy of vanishing flow' route=B_s2_index cand=38 links=32 t=75.4s credits=0 rem=0 store=369664 s2calls=298/24
23:27:55|INFO   |[keywide] calls={'singleton': 152998, 'list': 2, 'cache': 0} remaining_keywide=0 spent_today(artifact,this proc)=0
23:28:01|INFO   |[361] 'quantum supremacy' route=B_s2_index cand=525 links=440 t=185.3s credits=0 rem=0 store=370475 s2calls=299/24
23:28:27|INFO   |[keywide] calls={'singleton': 153498, 'list': 2, 'cache': 0} remaining_keywide=0 spent_today(artifact,this proc)=0
23:28:56|INFO   |[keywide] calls={'singleton': 153998, 'list': 2, 'cache': 0} remaining_keywide=0 spent_today(artifact,this proc)=0
23:29:25|INFO   |[keywide] calls={'singleton': 154498, 'list': 2, 'cache': 0} remaining_keywide=0 spent_today(artifact,this proc)=0
23:29:53|INFO   |[keywide] calls={'singleton': 154998, 'list': 2, 'cache': 0} remaining_keywide=0 spent_today(artifact,this proc)=0
23:30:19|INFO   |[362] 'silicene and germanene' route=B_s2_index cand=263 links=202 t=137.4s credits=0 rem=0 store=372465 s2calls=300/24
23:30:21|INFO   |[363] 'energy disaggregation' route=B_s2_index cand=671 links=621 t=163.6s credits=0 rem=0 store=372694 s2calls=300/24
23:30:27|INFO   |[keywide] calls={'singleton': 155498, 'list': 2, 'cache': 0} remaining_keywide=0 spent_today(artifact,this proc)=0
23:30:54|INFO   |[364] 'hyperbolic conservation law' route=B_s2_index cand=2574 links=2153 t=457.9s credits=0 rem=0 store=373197 s2calls=302/24
23:30:58|INFO   |[keywide] calls={'singleton': 155998, 'list': 2, 'cache': 0} remaining_keywide=0 spent_today(artifact,this proc)=0
23:31:17|INFO   |[365] 'active asteroid' route=B_s2_index cand=228 links=208 t=55.9s credits=0 rem=0 store=373412 s2calls=304/24
23:31:29|INFO   |[keywide] calls={'singleton': 156498, 'list': 2, 'cache': 0} remaining_keywide=0 spent_today(artifact,this proc)=0
23:31:57|INFO   |[keywide] calls={'singleton': 156998, 'list': 2, 'cache': 0} remaining_keywide=0 spent_today(artifact,this proc)=0
23:32:26|INFO   |[366] 'locally repairable code' route=B_s2_index cand=352 links=322 t=126.0s credits=0 rem=0 store=373931 s2calls=305/24
23:32:30|INFO   |[367] 'epitaxial graphene on sic' route=B_s2_index cand=504 links=421 t=3.5s credits=0 rem=0 store=374308 s2calls=306/24
23:32:30|INFO   |[keywide] calls={'singleton': 157498, 'list': 2, 'cache': 0} remaining_keywide=0 spent_today(artifact,this proc)=0
23:33:02|INFO   |[keywide] calls={'singleton': 157998, 'list': 2, 'cache': 0} remaining_keywide=0 spent_today(artifact,this proc)=0
23:33:29|INFO   |[368] 'fractional boundary' route=B_s2_index cand=1402 links=1158 t=58.7s credits=0 rem=0 store=374855 s2calls=308/24
23:33:33|INFO   |[keywide] calls={'singleton': 158498, 'list': 2, 'cache': 0} remaining_keywide=0 spent_today(artifact,this proc)=0
23:34:06|INFO   |[keywide] calls={'singleton': 158998, 'list': 2, 'cache': 0} remaining_keywide=0 spent_today(artifact,this proc)=0
23:34:36|INFO   |[369] 'suspended graphene' route=B_s2_index cand=1294 links=1137 t=221.3s credits=0 rem=0 store=376189 s2calls=309/24
23:34:38|INFO   |[keywide] calls={'singleton': 159498, 'list': 2, 'cache': 0} remaining_keywide=0 spent_today(artifact,this proc)=0
23:35:02|INFO   |[370] 'triple higgs coupling' route=B_s2_index cand=90 links=70 t=92.2s credits=0 rem=0 store=376607 s2calls=310/24
23:35:04|INFO   |[371] 'linear unit' route=B_s2_index cand=836 links=743 t=226.0s credits=0 rem=0 store=376913 s2calls=310/24
23:35:12|INFO   |[372] 'galactic center excess' route=B_s2_index cand=136 links=119 t=35.8s credits=0 rem=0 store=377012 s2calls=312/24
23:35:15|INFO   |[keywide] calls={'singleton': 159998, 'list': 2, 'cache': 0} remaining_keywide=0 spent_today(artifact,this proc)=0
23:35:46|INFO   |[keywide] calls={'singleton': 160498, 'list': 2, 'cache': 0} remaining_keywide=0 spent_today(artifact,this proc)=0
23:36:16|INFO   |[keywide] calls={'singleton': 160998, 'list': 2, 'cache': 0} remaining_keywide=0 spent_today(artifact,this proc)=0
23:36:48|INFO   |[keywide] calls={'singleton': 161498, 'list': 2, 'cache': 0} remaining_keywide=0 spent_today(artifact,this proc)=0
23:37:18|INFO   |[373] 'graphene superlattice' route=B_s2_index cand=588 links=519 t=136.1s credits=0 rem=0 store=378912 s2calls=319/24
23:37:21|INFO   |[keywide] calls={'singleton': 161998, 'list': 2, 'cache': 0} remaining_keywide=0 spent_today(artifact,this proc)=0
23:37:50|INFO   |[keywide] calls={'singleton': 162498, 'list': 2, 'cache': 0} remaining_keywide=0 spent_today(artifact,this proc)=0
23:38:22|INFO   |[keywide] calls={'singleton': 162998, 'list': 2, 'cache': 0} remaining_keywide=0 spent_today(artifact,this proc)=0
23:38:33|INFO   |[374] 'higher spin black hole' route=B_s2_index cand=93 links=57 t=73.8s credits=0 rem=0 store=379665 s2calls=320/24
23:38:56|INFO   |[keywide] calls={'singleton': 163498, 'list': 2, 'cache': 0} remaining_keywide=0 spent_today(artifact,this proc)=0
23:39:27|INFO   |[keywide] calls={'singleton': 163998, 'list': 2, 'cache': 0} remaining_keywide=0 spent_today(artifact,this proc)=0
23:39:57|INFO   |[keywide] calls={'singleton': 164498, 'list': 2, 'cache': 0} remaining_keywide=0 spent_today(artifact,this proc)=0
23:40:03|INFO   |[375] 'dermorphin' route=B_s2_index cand=326 links=255 t=89.8s credits=0 rem=0 store=380683 s2calls=321/24
23:40:32|INFO   |[keywide] calls={'singleton': 164998, 'list': 2, 'cache': 0} remaining_keywide=0 spent_today(artifact,this proc)=0
23:41:01|INFO   |[keywide] calls={'singleton': 165498, 'list': 2, 'cache': 0} remaining_keywide=0 spent_today(artifact,this proc)=0
23:41:05|INFO   |[376] 'giant magnon' route=B_s2_index cand=226 links=177 t=61.8s credits=0 rem=0 store=381925 s2calls=322/24
23:41:34|INFO   |[keywide] calls={'singleton': 165998, 'list': 2, 'cache': 0} remaining_keywide=0 spent_today(artifact,this proc)=0
23:41:51|INFO   |[377] 'spoofing detection' route=B_s2_index cand=1758 links=1323 t=398.1s credits=0 rem=0 store=382600 s2calls=323/24
23:41:55|INFO   |[378] 'wireless small cell network' route=B_s2_index cand=22 links=20 t=49.5s credits=0 rem=0 store=382992 s2calls=323/24
23:42:11|INFO   |[keywide] calls={'singleton': 166498, 'list': 2, 'cache': 0} remaining_keywide=0 spent_today(artifact,this proc)=0
23:42:42|INFO   |[keywide] calls={'singleton': 166998, 'list': 2, 'cache': 0} remaining_keywide=0 spent_today(artifact,this proc)=0
23:43:15|INFO   |[keywide] calls={'singleton': 167498, 'list': 2, 'cache': 0} remaining_keywide=0 spent_today(artifact,this proc)=0
23:43:47|INFO   |[keywide] calls={'singleton': 167998, 'list': 2, 'cache': 0} remaining_keywide=0 spent_today(artifact,this proc)=0
23:44:17|INFO   |[keywide] calls={'singleton': 168498, 'list': 2, 'cache': 0} remaining_keywide=0 spent_today(artifact,this proc)=0
23:44:47|INFO   |[keywide] calls={'singleton': 168998, 'list': 2, 'cache': 0} remaining_keywide=0 spent_today(artifact,this proc)=0
23:45:18|INFO   |[keywide] calls={'singleton': 169498, 'list': 2, 'cache': 0} remaining_keywide=0 spent_today(artifact,this proc)=0
23:45:34|INFO   |[379] 'layer graphene' route=B_s2_index cand=12829 links=10010 t=1787.0s credits=0 rem=0 store=385932 s2calls=327/25
23:45:37|INFO   |[380] 'armchair graphene' route=B_s2_index cand=949 links=888 t=221.8s credits=0 rem=0 store=385960 s2calls=328/25
23:45:54|INFO   |[keywide] calls={'singleton': 169998, 'list': 2, 'cache': 0} remaining_keywide=0 spent_today(artifact,this proc)=0
23:46:05|INFO   |[381] 'review of ads cft' route=B_s2_index cand=61 links=22 t=30.5s credits=0 rem=0 store=386368 s2calls=329/25
23:46:25|INFO   |[keywide] calls={'singleton': 170498, 'list': 2, 'cache': 0} remaining_keywide=0 spent_today(artifact,this proc)=0
23:46:58|INFO   |[382] 'phosphorene nanoribbon' route=B_s2_index cand=348 links=329 t=79.9s credits=0 rem=0 store=387059 s2calls=330/25
23:47:00|INFO   |[keywide] calls={'singleton': 170998, 'list': 2, 'cache': 0} remaining_keywide=0 spent_today(artifact,this proc)=0
23:47:23|INFO   |[383] 'snowmass white paper' route=B_s2_index cand=102 links=96 t=77.8s credits=0 rem=0 store=387152 s2calls=332/26
23:47:32|INFO   |[384] 'minimal conductivity' route=B_s2_index cand=108 links=94 t=33.1s credits=0 rem=0 store=387950 s2calls=334/26
23:47:38|INFO   |[keywide] calls={'singleton': 171498, 'list': 2, 'cache': 0} remaining_keywide=0 spent_today(artifact,this proc)=0
23:48:09|INFO   |[keywide] calls={'singleton': 171998, 'list': 2, 'cache': 0} remaining_keywide=0 spent_today(artifact,this proc)=0
23:48:39|INFO   |[keywide] calls={'singleton': 172498, 'list': 2, 'cache': 0} remaining_keywide=0 spent_today(artifact,this proc)=0
23:49:16|INFO   |[keywide] calls={'singleton': 172998, 'list': 2, 'cache': 0} remaining_keywide=0 spent_today(artifact,this proc)=0
23:49:22|INFO   |[385] 'instance segmentation' route=B_s2_index cand=1829 links=1704 t=451.1s credits=0 rem=0 store=389549 s2calls=335/26
23:49:48|INFO   |[386] 'sensor attack' route=B_s2_index cand=486 links=440 t=136.1s credits=0 rem=0 store=389577 s2calls=336/26
23:49:50|INFO   |[keywide] calls={'singleton': 173498, 'list': 2, 'cache': 0} remaining_keywide=0 spent_today(artifact,this proc)=0
23:50:21|INFO   |[keywide] calls={'singleton': 173998, 'list': 2, 'cache': 0} remaining_keywide=0 spent_today(artifact,this proc)=0
23:50:52|INFO   |[keywide] calls={'singleton': 174498, 'list': 2, 'cache': 0} remaining_keywide=0 spent_today(artifact,this proc)=0
23:51:01|INFO   |[387] 'spin orbit coupled bose einstein condens' route=B_s2_index cand=392 links=278 t=98.4s credits=0 rem=0 store=390608 s2calls=337/26
23:51:28|INFO   |[keywide] calls={'singleton': 174998, 'list': 2, 'cache': 0} remaining_keywide=0 spent_today(artifact,this proc)=0
23:51:31|INFO   |[388] 'channels with memory' route=B_s2_index cand=1081 links=506 t=247.7s credits=0 rem=0 store=391042 s2calls=338/26
23:51:43|INFO   |[389] 'monolayer phosphorene' route=B_s2_index cand=174 links=156 t=41.3s credits=0 rem=0 store=391193 s2calls=339/26
23:51:50|INFO   |[390] 'binarized neural network' route=B_s2_index cand=471 links=447 t=120.8s credits=0 rem=0 store=391605 s2calls=339/26
23:52:06|INFO   |[keywide] calls={'singleton': 175498, 'list': 2, 'cache': 0} remaining_keywide=0 spent_today(artifact,this proc)=0
23:52:36|INFO   |[391] 'ultra faint dwarf galaxy' route=B_s2_index cand=233 links=193 t=52.7s credits=0 rem=0 store=392187 s2calls=342/26
23:52:38|INFO   |[392] 'low rank matrix completion' route=B_s2_index cand=88 links=78 t=66.5s credits=0 rem=0 store=392264 s2calls=342/26
23:52:44|INFO   |[keywide] calls={'singleton': 175998, 'list': 2, 'cache': 0} remaining_keywide=0 spent_today(artifact,this proc)=0
23:53:17|INFO   |[keywide] calls={'singleton': 176498, 'list': 2, 'cache': 0} remaining_keywide=0 spent_today(artifact,this proc)=0
23:53:52|INFO   |[keywide] calls={'singleton': 176998, 'list': 2, 'cache': 0} remaining_keywide=0 spent_today(artifact,this proc)=0
23:54:16|INFO   |[393] 'multi label classification' route=B_s2_index cand=5718 links=5045 t=1151.6s credits=0 rem=0 store=392889 s2calls=347/27
23:54:30|INFO   |[keywide] calls={'singleton': 177498, 'list': 2, 'cache': 0} remaining_keywide=0 spent_today(artifact,this proc)=0
23:55:05|INFO   |[keywide] calls={'singleton': 177998, 'list': 2, 'cache': 0} remaining_keywide=0 spent_today(artifact,this proc)=0
23:55:40|INFO   |[keywide] calls={'singleton': 178498, 'list': 2, 'cache': 0} remaining_keywide=0 spent_today(artifact,this proc)=0
23:55:52|INFO   |[394] 'fractional elliptic equation' route=B_s2_index cand=173 links=146 t=95.8s credits=0 rem=0 store=394507 s2calls=348/27
23:56:14|INFO   |[keywide] calls={'singleton': 178998, 'list': 2, 'cache': 0} remaining_keywide=0 spent_today(artifact,this proc)=0
23:56:42|INFO   |[395] 'ghost free bigravity' route=B_s2_index cand=33 links=29 t=49.6s credits=0 rem=0 store=395277 s2calls=349/27
23:56:46|INFO   |[keywide] calls={'singleton': 179498, 'list': 2, 'cache': 0} remaining_keywide=0 spent_today(artifact,this proc)=0
23:56:56|INFO   |[396] 'microscale thermophoresis' route=B_s2_index cand=1423 links=1323 t=306.4s credits=0 rem=0 store=395481 s2calls=351/27
23:57:16|INFO   |[keywide] calls={'singleton': 179998, 'list': 2, 'cache': 0} remaining_keywide=0 spent_today(artifact,this proc)=0
23:57:47|INFO   |[keywide] calls={'singleton': 180498, 'list': 2, 'cache': 0} remaining_keywide=0 spent_today(artifact,this proc)=0
23:57:53|INFO   |[397] 'agt conjecture' route=B_s2_index cand=78 links=57 t=56.0s credits=0 rem=0 store=396632 s2calls=352/27
23:58:16|INFO   |[398] 'training deep neural network' route=B_s2_index cand=1484 links=1288 t=338.8s credits=0 rem=0 store=396687 s2calls=353/27
23:58:21|INFO   |[keywide] calls={'singleton': 180998, 'list': 2, 'cache': 0} remaining_keywide=0 spent_today(artifact,this proc)=0
23:58:44|INFO   |[399] 'ghost free massive gravity' route=B_s2_index cand=94 links=74 t=50.5s credits=0 rem=0 store=396756 s2calls=354/27
23:58:49|INFO   |[400] 'kondo insulator smb6' route=B_s2_index cand=133 links=83 t=32.9s credits=0 rem=0 store=397151 s2calls=354/27
23:58:55|INFO   |[keywide] calls={'singleton': 181498, 'list': 2, 'cache': 0} remaining_keywide=0 spent_today(artifact,this proc)=0
23:59:23|INFO   |[keywide] calls={'singleton': 181998, 'list': 2, 'cache': 0} remaining_keywide=0 spent_today(artifact,this proc)=0
23:59:45|INFO   |[401] 'covariance estimation' route=B_s2_index cand=1903 links=1655 t=426.6s credits=0 rem=0 store=397688 s2calls=359/28
23:59:53|INFO   |[keywide] calls={'singleton': 182498, 'list': 2, 'cache': 0} remaining_keywide=0 spent_today(artifact,this proc)=0
00:00:31|INFO   |[keywide] calls={'singleton': 182998, 'list': 2, 'cache': 0} remaining_keywide=10000 spent_today(artifact,this proc)=0
00:00:56|INFO   |[402] 'physical layer network coding' route=B_s2_index cand=662 links=602 t=132.0s credits=0 rem=9998 store=399314 s2calls=361/28
00:00:56|INFO   |UTC day changed 2026-09-28 -> 2026-09-29: lifting stop, re-reading ledger
00:01:03|INFO   |[keywide] calls={'singleton': 183498, 'list': 2, 'cache': 0} remaining_keywide=9997 spent_today(artifact,this proc)=2
00:01:30|INFO   |[keywide] calls={'singleton': 183995, 'list': 5, 'cache': 0} remaining_keywide=9998 spent_today(artifact,this proc)=2
00:01:39|INFO   |[403] 'distant supervision' route=B_s2_index cand=1414 links=1153 t=296.4s credits=2 rem=9996 store=399412 s2calls=361/28
00:02:03|INFO   |[keywide] calls={'singleton': 184491, 'list': 9, 'cache': 0} remaining_keywide=9995 spent_today(artifact,this proc)=2
