concept_id,d,e,fold,n_kw,anchored_proxy,e_ge_F
c_9cceb3c510be,1312,2019,screen,10,True,True
c_9cceb3c510be,1702,2011,screen,34,True,True
c_9cceb3c510be,1703,2019,screen,7,True,True
c_9cceb3c510be,1711,2011,screen,4,False,True
c_9cceb3c510be,2208,2013,screen,9,True,True
c_9cceb3c510be,2508,2015,screen,6,True,True
c_9cceb3c510be,2611,2018,screen,8,True,True
c_9cceb3c510be,3103,2019,screen,8,True,True
c_9cceb3c510be,3109,2015,screen,11,True,True
c_8b7be83fd666,1702,2011,screen,9,True,True
c_8b7be83fd666,1710,2006,screen,6,True,True
c_8b7be83fd666,2202,2005,screen,5,True,False
c_8b7be83fd666,3103,2005,screen,8,True,False
c_af151bc76848,1705,2019,screen,2,False,True
c_ce417b0a39d3,1204,2019,screen,14,True,True
c_ce417b0a39d3,1304,2017,screen,11,True,True
c_ce417b0a39d3,1306,2018,screen,13,True,True
c_ce417b0a39d3,1309,2019,screen,8,True,True
c_ce417b0a39d3,1702,2015,screen,18,True,True
c_ce417b0a39d3,1705,2018,screen,9,True,True
c_ce417b0a39d3,1710,2018,screen,14,True,True
c_ce417b0a39d3,1711,2017,screen,17,True,True
c_ce417b0a39d3,2202,2019,screen,13,True,True
c_ce417b0a39d3,2203,2018,screen,4,False,True
c_ce417b0a39d3,2205,2019,screen,17,True,True
c_ce417b0a39d3,2206,2016,screen,13,True,True
c_ce417b0a39d3,2208,2019,screen,21,True,True
c_ce417b0a39d3,2209,2019,screen,22,True,True
c_ce417b0a39d3,2214,2018,screen,21,True,True
c_ce417b0a39d3,2312,2019,screen,13,True,True
c_ce417b0a39d3,2715,2019,screen,16,True,True
c_ce417b0a39d3,2730,2019,screen,15,True,True
c_ce417b0a39d3,2741,2018,screen,21,True,True
c_ce417b0a39d3,2805,2018,screen,13,True,True
c_ce417b0a39d3,3107,2018,screen,14,True,True
c_ce417b0a39d3,3205,2017,screen,14,True,True
c_ce417b0a39d3,3313,2019,screen,16,True,True
c_10899378a764,1100,2019,heldout_concept,5,True,True
c_10899378a764,1103,2017,heldout_concept,17,True,True
c_10899378a764,1106,2014,heldout_concept,16,True,True
c_10899378a764,1109,2018,heldout_concept,15,True,True
c_10899378a764,1110,2018,heldout_concept,23,True,True
c_10899378a764,1211,2017,heldout_concept,6,True,True
c_10899378a764,1304,2010,heldout_concept,15,True,True
c_10899378a764,1306,2016,heldout_concept,15,True,True
c_10899378a764,1307,2015,heldout_concept,18,True,True
c_10899378a764,1311,2019,heldout_concept,10,True,True
c_10899378a764,1312,2010,heldout_concept,15,True,True
c_10899378a764,1313,2019,heldout_concept,13,True,True
c_10899378a764,1502,2015,heldout_concept,21,True,True
c_10899378a764,1503,2015,heldout_concept,14,True,True
c_10899378a764,1602,2016,heldout_concept,12,True,True
c_10899378a764,1603,2015,heldout_concept,27,True,True
c_10899378a764,1604,2017,heldout_concept,12,True,True
c_10899378a764,1605,2014,heldout_concept,15,True,True
c_10899378a764,1606,2013,heldout_concept,9,True,True
c_10899378a764,1607,2017,heldout_concept,29,True,True
c_10899378a764,1702,2012,heldout_concept,14,True,True
c_10899378a764,1703,2011,heldout_concept,14,True,True
c_10899378a764,1705,2010,heldout_concept,7,True,True
c_10899378a764,1804,2016,heldout_concept,8,True,True
c_10899378a764,2002,2014,heldout_concept,4,False,True
c_10899378a764,2105,2012,heldout_concept,22,True,True
c_10899378a764,2203,2019,heldout_concept,10,True,True
c_10899378a764,2204,2000,heldout_concept,16,True,False
c_10899378a764,2205,2014,heldout_concept,13,True,True
c_10899378a764,2206,2019,heldout_concept,12,True,True
c_10899378a764,2208,2009,heldout_concept,11,True,True
c_10899378a764,2210,2016,heldout_concept,18,True,True
c_10899378a764,2211,2018,heldout_concept,7,True,True
c_10899378a764,2212,2016,heldout_concept,3,False,True
c_10899378a764,2215,2019,heldout_concept,8,True,True
c_10899378a764,2304,2017,heldout_concept,13,True,True
c_10899378a764,2307,2016,heldout_concept,22,True,True
c_10899378a764,2311,2014,heldout_concept,17,True,True
c_10899378a764,2312,2016,heldout_concept,13,True,True
c_10899378a764,2405,2019,heldout_concept,18,True,True
c_10899378a764,2502,2013,heldout_concept,7,True,True
c_10899378a764,2504,2011,heldout_concept,15,True,True
c_10899378a764,2507,2012,heldout_concept,7,True,True
c_10899378a764,2508,2016,heldout_concept,18,True,True
c_10899378a764,2608,2017,heldout_concept,9,True,True
c_10899378a764,2610,2010,heldout_concept,8,True,True
c_10899378a764,2705,2018,heldout_concept,17,True,True
c_10899378a764,2715,2017,heldout_concept,17,True,True
c_10899378a764,2721,2019,heldout_concept,17,True,True
c_10899378a764,2728,2018,heldout_concept,32,True,True
c_10899378a764,2735,2017,heldout_concept,20,True,True
c_10899378a764,2736,2017,heldout_concept,19,True,True
c_10899378a764,2737,2014,heldout_concept,18,True,True
c_10899378a764,2738,2019,heldout_concept,16,True,True
c_10899378a764,2739,2018,heldout_concept,16,True,True
c_10899378a764,2740,2016,heldout_concept,15,True,True
c_10899378a764,2741,2018,heldout_concept,14,True,True
c_10899378a764,2804,2019,heldout_concept,7,True,True
c_10899378a764,2805,2016,heldout_concept,6,True,True
c_10899378a764,3003,2015,heldout_concept,14,True,True
c_10899378a764,3103,2016,heldout_concept,16,True,True
c_10899378a764,3104,2017,heldout_concept,13,True,True
c_10899378a764,3107,2008,heldout_concept,15,True,True
c_10899378a764,3109,2009,heldout_concept,11,True,True
c_7eed579eaddd,2611,2008,screen,11,True,False
c_7eed579eaddd,2612,2018,screen,16,True,True
c_1e0ff7706e23,1606,2019,heldout_concept,7,True,True
c_1e0ff7706e23,1607,2016,heldout_concept,8,True,True
c_1e0ff7706e23,1702,2012,heldout_concept,1,False,True
c_1e0ff7706e23,1705,2018,heldout_concept,6,True,True
c_1e0ff7706e23,1804,2011,heldout_concept,13,True,True
c_1e0ff7706e23,2202,2010,heldout_concept,17,True,False
c_1e0ff7706e23,2208,2012,heldout_concept,13,True,True
c_1e0ff7706e23,2211,2014,heldout_concept,23,True,True
c_1e0ff7706e23,2740,2019,heldout_concept,6,True,True
c_1e0ff7706e23,3103,2013,heldout_concept,5,True,True
c_1e0ff7706e23,3104,2015,heldout_concept,17,True,True
c_1e0ff7706e23,3106,2011,heldout_concept,12,True,True
c_1e0ff7706e23,3108,2017,heldout_concept,10,True,True
c_1e0ff7706e23,3109,2014,heldout_concept,14,True,True
c_1e0ff7706e23,3320,2014,heldout_concept,11,True,True
c_7f10d7675fc9,1705,2016,heldout_concept,9,True,True
c_7f10d7675fc9,2202,2017,heldout_concept,1,False,True
c_e44f84504a49,1705,2017,screen,12,True,True
c_e44f84504a49,2202,2018,screen,26,True,True
c_2cfdd88c29c0,1312,2015,heldout_concept,9,True,True
c_2cfdd88c29c0,1404,2015,heldout_concept,19,True,True
c_2cfdd88c29c0,1702,2009,heldout_concept,10,True,True
c_2cfdd88c29c0,1705,2006,heldout_concept,15,True,False
c_2cfdd88c29c0,1707,2005,heldout_concept,21,True,False
c_2cfdd88c29c0,1708,2007,heldout_concept,16,True,True
c_2cfdd88c29c0,1710,2005,heldout_concept,11,True,False
c_2cfdd88c29c0,1711,2006,heldout_concept,11,True,False
c_2cfdd88c29c0,2202,2019,heldout_concept,13,True,True
c_2cfdd88c29c0,2203,2019,heldout_concept,11,True,True
c_2cfdd88c29c0,2206,2016,heldout_concept,20,True,True
c_2cfdd88c29c0,2207,2019,heldout_concept,7,True,True
c_2cfdd88c29c0,2208,2007,heldout_concept,24,True,True
c_2cfdd88c29c0,2210,2012,heldout_concept,17,True,True
c_2cfdd88c29c0,2312,2013,heldout_concept,17,True,True
c_2cfdd88c29c0,2605,2018,heldout_concept,19,True,True
c_2cfdd88c29c0,2705,2009,heldout_concept,20,True,True
c_2cfdd88c29c0,2712,2014,heldout_concept,8,True,True
c_2cfdd88c29c0,2732,2013,heldout_concept,12,True,True
c_2cfdd88c29c0,2737,2009,heldout_concept,11,True,True
c_2cfdd88c29c0,2741,2014,heldout_concept,12,True,True
c_2cfdd88c29c0,2742,2014,heldout_concept,14,True,True
c_2cfdd88c29c0,2805,2015,heldout_concept,21,True,True
c_2cfdd88c29c0,2808,2019,heldout_concept,15,True,True
c_2cfdd88c29c0,3107,2013,heldout_concept,9,True,True
c_2cfdd88c29c0,3204,2017,heldout_concept,14,True,True
c_2cfdd88c29c0,3207,2018,heldout_concept,7,True,True
c_2cfdd88c29c0,3312,2013,heldout_concept,6,True,True
c_2cfdd88c29c0,3313,2014,heldout_concept,12,True,True
c_2cfdd88c29c0,3605,2013,heldout_concept,7,True,True
c_4b595245dc4e,1404,2019,screen,10,True,True
c_4b595245dc4e,1702,2004,screen,18,True,False
c_4b595245dc4e,1703,2012,screen,18,True,True
c_4b595245dc4e,1704,2009,screen,19,True,True
c_4b595245dc4e,1707,2007,screen,17,True,True
c_4b595245dc4e,1710,2008,screen,15,True,True
c_4b595245dc4e,1711,2001,screen,9,True,False
c_4b595245dc4e,1803,2010,screen,15,True,True
c_4b595245dc4e,2202,2015,screen,12,True,True
c_4b595245dc4e,2206,2009,screen,16,True,True
c_4b595245dc4e,2207,2011,screen,10,True,True
c_4b595245dc4e,2208,2013,screen,27,True,True
c_4b595245dc4e,2212,2016,screen,17,True,True
c_4b595245dc4e,2215,2019,screen,6,True,True
c_4b595245dc4e,2805,2007,screen,7,True,True
c_4b595245dc4e,3109,2019,screen,17,True,True
c_87df94bef363,1110,2017,screen,8,True,True
c_87df94bef363,1702,2016,screen,11,True,True
c_87df94bef363,1705,2016,screen,5,True,True
c_87df94bef363,1802,2014,screen,6,True,True
c_87df94bef363,3103,2015,screen,4,False,True
c_87df94bef363,3109,2016,screen,15,True,True
c_1ae65909ef19,2208,2010,screen,18,True,True
c_1ae65909ef19,2209,2017,screen,1,False,True
c_1ae65909ef19,2741,2013,screen,10,True,True
c_99bda3ffe651,1312,2013,heldout_concept,13,True,True
c_99bda3ffe651,1502,2019,heldout_concept,15,True,True
c_99bda3ffe651,1603,2018,heldout_concept,16,True,True
c_99bda3ffe651,1705,2014,heldout_concept,9,True,True
c_99bda3ffe651,1902,2000,heldout_concept,13,True,False
c_99bda3ffe651,2105,2014,heldout_concept,19,True,True
c_99bda3ffe651,2204,2013,heldout_concept,18,True,True
c_99bda3ffe651,2206,2018,heldout_concept,11,True,True
c_99bda3ffe651,2208,2011,heldout_concept,19,True,True
c_99bda3ffe651,2210,2000,heldout_concept,16,True,False
c_99bda3ffe651,2211,2003,heldout_concept,14,True,False
c_99bda3ffe651,2312,2015,heldout_concept,22,True,True
c_99bda3ffe651,2502,2015,heldout_concept,12,True,True
c_99bda3ffe651,2504,2014,heldout_concept,11,True,True
c_99bda3ffe651,2506,2013,heldout_concept,3,False,True
c_99bda3ffe651,2507,2018,heldout_concept,12,True,True
c_99bda3ffe651,2508,2016,heldout_concept,32,True,True
c_99bda3ffe651,3104,2016,heldout_concept,22,True,True
c_99bda3ffe651,3107,2001,heldout_concept,10,True,False
c_a13026e2ec51,1507,2008,screen,14,True,True
c_a13026e2ec51,3104,2008,screen,3,False,True
c_3ece93670063,1304,2016,heldout_concept,12,True,True
c_3ece93670063,1306,2019,heldout_concept,11,True,True
c_3ece93670063,1312,2018,heldout_concept,14,True,True
c_3ece93670063,1702,2011,heldout_concept,18,True,False
c_3ece93670063,1704,2017,heldout_concept,12,True,True
c_3ece93670063,1705,2017,heldout_concept,7,True,True
c_3ece93670063,1711,2000,heldout_concept,9,True,False
c_3ece93670063,1908,2018,heldout_concept,26,True,True
c_3ece93670063,2204,2017,heldout_concept,13,True,True
c_3ece93670063,2205,2016,heldout_concept,7,True,True
c_3ece93670063,2206,2010,heldout_concept,14,True,False
c_3ece93670063,2207,2017,heldout_concept,24,True,True
c_3ece93670063,2208,2017,heldout_concept,29,True,True
c_3ece93670063,2210,2017,heldout_concept,6,True,True
c_3ece93670063,2212,2017,heldout_concept,12,True,True
c_3ece93670063,2214,2019,heldout_concept,40,True,True
c_3ece93670063,2605,2019,heldout_concept,12,True,True
c_3ece93670063,2741,2016,heldout_concept,23,True,True
c_3ece93670063,2805,2017,heldout_concept,16,True,True
c_3ece93670063,3102,2018,heldout_concept,15,True,True
c_3ece93670063,3105,2014,heldout_concept,14,True,True
c_3ece93670063,3320,2016,heldout_concept,8,True,True
c_9e3bad270e4c,1211,2016,screen,12,True,True
c_9e3bad270e4c,2202,2017,screen,13,True,True
c_9e3bad270e4c,2204,2012,screen,10,True,True
c_9e3bad270e4c,2207,2016,screen,8,True,True
c_9e3bad270e4c,2208,2003,screen,20,True,False
c_9e3bad270e4c,2211,2013,screen,15,True,True
c_9e3bad270e4c,2505,2017,screen,15,True,True
c_9e3bad270e4c,2508,2018,screen,10,True,True
c_9e3bad270e4c,3103,2011,screen,7,True,False
c_9e3bad270e4c,3107,2017,screen,13,True,True
c_9e3bad270e4c,3108,2013,screen,10,True,True
c_e85f6af2801f,2608,2014,heldout_concept,17,True,True
c_b90a0c18af13,1710,2013,heldout_concept,9,True,True
c_b90a0c18af13,1902,2018,heldout_concept,19,True,True
c_b90a0c18af13,1907,2015,heldout_concept,14,True,True
c_b90a0c18af13,1910,2011,heldout_concept,6,True,True
c_b90a0c18af13,2202,2000,heldout_concept,18,True,False
c_b90a0c18af13,2204,2011,heldout_concept,11,True,True
c_b90a0c18af13,2206,2011,heldout_concept,6,True,True
c_b90a0c18af13,2208,2008,heldout_concept,7,True,False
c_b90a0c18af13,2211,2014,heldout_concept,11,True,True
c_b90a0c18af13,2508,2014,heldout_concept,8,True,True
c_b90a0c18af13,2610,2013,heldout_concept,6,True,True
c_b90a0c18af13,2740,2018,heldout_concept,8,True,True
c_b90a0c18af13,2741,2019,heldout_concept,7,True,True
c_b90a0c18af13,3103,2016,heldout_concept,7,True,True
c_b90a0c18af13,3104,2018,heldout_concept,16,True,True
c_b90a0c18af13,3107,2019,heldout_concept,16,True,True
c_b90a0c18af13,3108,2014,heldout_concept,13,True,True
c_b90a0c18af13,3320,2010,heldout_concept,6,True,True
c_62af526ae811,1105,2019,screen,17,True,True
c_62af526ae811,1211,2009,screen,19,True,True
c_62af526ae811,1304,2013,screen,16,True,True
c_62af526ae811,1311,2016,screen,15,True,True
c_62af526ae811,1312,2015,screen,15,True,True
c_62af526ae811,1607,2014,screen,4,False,True
c_62af526ae811,1702,2009,screen,21,True,True
c_62af526ae811,1703,2011,screen,20,True,True
c_62af526ae811,1704,2015,screen,11,True,True
c_62af526ae811,1705,2010,screen,33,True,True
c_62af526ae811,1707,2006,screen,15,True,False
c_62af526ae811,1708,2014,screen,14,True,True
c_62af526ae811,1711,2010,screen,14,True,True
c_62af526ae811,1803,2008,screen,7,True,True
c_62af526ae811,1804,2013,screen,15,True,True
c_62af526ae811,1902,2013,screen,4,False,True
c_62af526ae811,1908,2012,screen,20,True,True
c_62af526ae811,1910,2007,screen,16,True,True
c_62af526ae811,2000,2019,screen,11,True,True
c_62af526ae811,2202,2007,screen,13,True,True
c_62af526ae811,2204,2009,screen,12,True,True
c_62af526ae811,2205,2013,screen,17,True,True
c_62af526ae811,2207,2013,screen,13,True,True
c_62af526ae811,2208,2010,screen,44,True,True
c_62af526ae811,2211,2012,screen,19,True,True
c_62af526ae811,2212,2011,screen,17,True,True
c_62af526ae811,2214,2010,screen,12,True,True
c_62af526ae811,2215,2019,screen,16,True,True
c_62af526ae811,2305,2012,screen,5,True,True
c_62af526ae811,2306,2019,screen,18,True,True
c_62af526ae811,2310,2008,screen,1,False,True
c_62af526ae811,2604,2013,screen,27,True,True
c_62af526ae811,2605,2009,screen,6,True,True
c_62af526ae811,2607,2013,screen,12,True,True
c_62af526ae811,2610,2007,screen,20,True,True
c_62af526ae811,2612,2011,screen,14,True,True
c_62af526ae811,2613,2007,screen,13,True,True
c_62af526ae811,2705,2016,screen,19,True,True
c_62af526ae811,2713,2012,screen,17,True,True
c_62af526ae811,2725,2010,screen,11,True,True
c_62af526ae811,2728,2019,screen,8,True,True
c_62af526ae811,2738,2019,screen,13,True,True
c_62af526ae811,2741,2011,screen,30,True,True
c_62af526ae811,2805,2016,screen,11,True,True
c_62af526ae811,2808,2014,screen,6,True,True
c_62af526ae811,2809,2010,screen,11,True,True
c_62af526ae811,3102,2013,screen,8,True,True
c_62af526ae811,3103,2013,screen,15,True,True
c_62af526ae811,3105,2016,screen,30,True,True
c_62af526ae811,3107,2013,screen,11,True,True
c_62af526ae811,3108,2013,screen,14,True,True
c_62af526ae811,3109,2014,screen,7,True,True
c_62af526ae811,3313,2017,screen,9,True,True
c_62af526ae811,3322,2014,screen,1,False,True
c_62af526ae811,3604,2018,screen,1,False,True
c_55c5e5df6bab,1110,2019,screen,7,True,True
c_55c5e5df6bab,1211,2014,screen,3,False,True
c_55c5e5df6bab,1312,2017,screen,10,True,True
c_55c5e5df6bab,1705,2009,screen,17,True,True
c_55c5e5df6bab,2002,2019,screen,1,False,True
c_55c5e5df6bab,2202,2009,screen,16,True,True
c_55c5e5df6bab,2203,2013,screen,8,True,True
c_55c5e5df6bab,2204,2010,screen,11,True,True
c_55c5e5df6bab,2210,2010,screen,14,True,True
c_55c5e5df6bab,2214,2010,screen,14,True,True
c_55c5e5df6bab,2312,2019,screen,8,True,True
c_55c5e5df6bab,2504,2014,screen,17,True,True
c_55c5e5df6bab,2505,2018,screen,5,True,True
c_55c5e5df6bab,2507,2018,screen,20,True,True
c_55c5e5df6bab,2705,2017,screen,1,False,True
c_55c5e5df6bab,2804,2015,screen,11,True,True
c_55c5e5df6bab,3107,2014,screen,11,True,True
c_e3cf4e8c060a,1211,2019,heldout_concept,23,True,True
c_e3cf4e8c060a,1312,2019,heldout_concept,12,True,True
c_e3cf4e8c060a,1703,2019,heldout_concept,42,True,True
c_e3cf4e8c060a,1704,2018,heldout_concept,12,True,True
c_e3cf4e8c060a,1705,2018,heldout_concept,26,True,True
c_e3cf4e8c060a,1707,2000,heldout_concept,17,True,False
c_e3cf4e8c060a,1708,2019,heldout_concept,7,True,True
c_e3cf4e8c060a,1710,2018,heldout_concept,28,True,True
c_e3cf4e8c060a,1711,2000,heldout_concept,9,True,False
c_e3cf4e8c060a,1712,2018,heldout_concept,13,True,True
c_e3cf4e8c060a,1802,2019,heldout_concept,6,True,True
c_e3cf4e8c060a,2202,2017,heldout_concept,12,True,True
c_e3cf4e8c060a,2206,2018,heldout_concept,8,True,True
c_e3cf4e8c060a,2207,2018,heldout_concept,28,True,True
c_e3cf4e8c060a,2208,2018,heldout_concept,13,True,True
c_e3cf4e8c060a,2214,2018,heldout_concept,16,True,True
c_e3cf4e8c060a,2505,2019,heldout_concept,14,True,True
c_e3cf4e8c060a,2605,2018,heldout_concept,11,True,True
c_e3cf4e8c060a,2613,2018,heldout_concept,9,True,True
c_e3cf4e8c060a,2705,2017,heldout_concept,22,True,True
c_e3cf4e8c060a,2707,2019,heldout_concept,9,True,True
c_e3cf4e8c060a,2741,2018,heldout_concept,11,True,True
c_e3cf4e8c060a,2805,2018,heldout_concept,13,True,True
c_e3cf4e8c060a,2808,2019,heldout_concept,6,True,True
c_e3cf4e8c060a,3103,2019,heldout_concept,8,True,True
c_e3cf4e8c060a,3108,2019,heldout_concept,20,True,True
c_e3cf4e8c060a,3109,2019,heldout_concept,20,True,True
c_e3cf4e8c060a,3205,2017,heldout_concept,11,True,True
c_e3cf4e8c060a,3300,2019,heldout_concept,16,True,True
c_e3cf4e8c060a,3304,2018,heldout_concept,12,True,True
c_e3cf4e8c060a,3312,2018,heldout_concept,12,True,True
c_5891791e366f,1312,2017,screen,12,True,True
c_5891791e366f,1503,2017,screen,8,True,True
c_5891791e366f,1703,2018,screen,8,True,True
c_5891791e366f,1705,2016,screen,7,True,True
c_5891791e366f,1910,2018,screen,14,True,True
c_5891791e366f,2204,2018,screen,12,True,True
c_5891791e366f,2208,2019,screen,9,True,True
c_5891791e366f,2500,2014,screen,5,True,True
c_5891791e366f,2504,2017,screen,7,True,True
c_5891791e366f,2505,2018,screen,23,True,True
c_5891791e366f,2610,2018,screen,3,False,True
c_5891791e366f,3104,2016,screen,8,True,True
c_5891791e366f,3109,2016,screen,9,True,True
c_af9db7d6afa5,2208,2011,heldout_concept,13,True,True
c_af9db7d6afa5,2610,2008,heldout_concept,5,True,True
c_af9db7d6afa5,3107,2007,heldout_concept,10,True,True
c_0bce43f9d6c1,2208,2001,heldout_concept,17,True,False
c_0bce43f9d6c1,2209,2004,heldout_concept,15,True,False
c_0bce43f9d6c1,2504,2010,heldout_concept,11,True,False
c_0bce43f9d6c1,2746,2018,heldout_concept,8,True,True
c_0bce43f9d6c1,3104,2012,heldout_concept,11,True,True
c_35e295b4ba1b,2206,2008,screen,3,False,True
c_35e295b4ba1b,2210,2019,screen,12,True,True
c_35e295b4ba1b,2212,2009,screen,9,True,True
c_35e295b4ba1b,3108,2009,screen,12,True,True
c_35e295b4ba1b,3320,2013,screen,9,True,True
c_92c7d10cd004,1803,2015,screen,10,True,True
c_92c7d10cd004,2003,2014,screen,14,True,True
c_92c7d10cd004,2308,2015,screen,21,True,True
c_92c7d10cd004,2610,2014,screen,12,True,True
c_92c7d10cd004,2613,2016,screen,22,True,True
c_a6e0e7783421,2206,2013,heldout_concept,10,True,True
c_a6e0e7783421,3106,2012,heldout_concept,19,True,True
c_a6e0e7783421,3109,2012,heldout_concept,7,True,True
c_43521ace85c3,1211,2009,screen,15,True,True
c_43521ace85c3,1311,2002,screen,16,True,False
c_43521ace85c3,1312,2012,screen,6,True,True
c_43521ace85c3,1702,2010,screen,21,True,True
c_43521ace85c3,1703,2007,screen,1,False,False
c_43521ace85c3,1707,2016,screen,8,True,True
c_43521ace85c3,1708,2015,screen,9,True,True
c_43521ace85c3,1710,2017,screen,20,True,True
c_43521ace85c3,1712,2015,screen,7,True,True
c_43521ace85c3,1804,2013,screen,8,True,True
c_43521ace85c3,1902,2013,screen,14,True,True
c_43521ace85c3,1910,2012,screen,8,True,True
c_43521ace85c3,2202,2012,screen,10,True,True
c_43521ace85c3,2204,2017,screen,3,False,True
c_43521ace85c3,2206,2011,screen,3,False,True
c_43521ace85c3,2207,2013,screen,10,True,True
c_43521ace85c3,2208,2009,screen,16,True,True
c_43521ace85c3,2209,2012,screen,9,True,True
c_43521ace85c3,2210,2018,screen,7,True,True
c_43521ace85c3,2212,2001,screen,15,True,False
c_43521ace85c3,2213,2017,screen,10,True,True
c_43521ace85c3,2214,2018,screen,8,True,True
c_43521ace85c3,2303,2000,screen,6,True,False
c_43521ace85c3,2308,2011,screen,14,True,True
c_43521ace85c3,2310,2015,screen,11,True,True
c_43521ace85c3,2312,2017,screen,6,True,True
c_43521ace85c3,2740,2017,screen,12,True,True
c_43521ace85c3,2743,2016,screen,4,False,True
c_43521ace85c3,2805,2016,screen,18,True,True
c_43521ace85c3,3103,2006,screen,17,True,False
c_43521ace85c3,3207,2014,screen,13,True,True
c_43521ace85c3,3312,2009,screen,11,True,True
c_43521ace85c3,3313,2015,screen,3,False,True
c_43521ace85c3,3316,2013,screen,12,True,True
c_43521ace85c3,3320,2015,screen,7,True,True
c_569519c8d163,2206,2012,screen,4,False,True
c_3b21300dbb0b,1106,2015,screen,20,True,True
c_3b21300dbb0b,1110,2017,screen,15,True,True
c_3b21300dbb0b,1207,2017,screen,3,False,True
c_3b21300dbb0b,1211,2015,screen,11,True,True
c_3b21300dbb0b,1312,2017,screen,6,True,True
c_3b21300dbb0b,1403,2017,screen,8,True,True
c_3b21300dbb0b,1404,2015,screen,4,False,True
c_3b21300dbb0b,1405,2016,screen,12,True,True
c_3b21300dbb0b,1406,2015,screen,7,True,True
c_3b21300dbb0b,1408,2016,screen,15,True,True
c_3b21300dbb0b,1702,2013,screen,11,True,True
c_3b21300dbb0b,1703,2018,screen,20,True,True
c_3b21300dbb0b,1704,2018,screen,10,True,True
c_3b21300dbb0b,1706,2016,screen,19,True,True
c_3b21300dbb0b,1707,2011,screen,8,True,False
c_3b21300dbb0b,1708,2016,screen,14,True,True
c_3b21300dbb0b,1709,2012,screen,21,True,False
c_3b21300dbb0b,1710,2013,screen,8,True,True
c_3b21300dbb0b,1711,2012,screen,13,True,False
c_3b21300dbb0b,1712,2018,screen,20,True,True
c_3b21300dbb0b,1802,2017,screen,5,True,True
c_3b21300dbb0b,1803,2017,screen,21,True,True
c_3b21300dbb0b,1804,2018,screen,1,False,True
c_3b21300dbb0b,1906,2015,screen,11,True,True
c_3b21300dbb0b,1907,2019,screen,9,True,True
c_3b21300dbb0b,1908,2015,screen,6,True,True
c_3b21300dbb0b,2002,2017,screen,7,True,True
c_3b21300dbb0b,2105,2019,screen,1,False,True
c_3b21300dbb0b,2202,2005,screen,2,False,False
c_3b21300dbb0b,2203,2017,screen,41,True,True
c_3b21300dbb0b,2204,2017,screen,16,True,True
c_3b21300dbb0b,2205,2018,screen,10,True,True
c_3b21300dbb0b,2206,2018,screen,15,True,True
c_3b21300dbb0b,2207,2014,screen,22,True,True
c_3b21300dbb0b,2208,2013,screen,10,True,True
c_3b21300dbb0b,2209,2016,screen,19,True,True
c_3b21300dbb0b,2210,2017,screen,15,True,True
c_3b21300dbb0b,2212,2019,screen,32,True,True
c_3b21300dbb0b,2213,2018,screen,34,True,True
c_3b21300dbb0b,2214,2017,screen,10,True,True
c_3b21300dbb0b,2215,2014,screen,3,False,True
c_3b21300dbb0b,2305,2016,screen,22,True,True
c_3b21300dbb0b,2309,2017,screen,4,False,True
c_3b21300dbb0b,2312,2015,screen,21,True,True
c_3b21300dbb0b,2604,2017,screen,11,True,True
c_3b21300dbb0b,2605,2019,screen,13,True,True
c_3b21300dbb0b,2705,2015,screen,16,True,True
c_3b21300dbb0b,2725,2018,screen,17,True,True
c_3b21300dbb0b,2737,2018,screen,11,True,True
c_3b21300dbb0b,2739,2017,screen,13,True,True
c_3b21300dbb0b,2740,2016,screen,8,True,True
c_3b21300dbb0b,2742,2019,screen,12,True,True
c_3b21300dbb0b,2746,2018,screen,13,True,True
c_3b21300dbb0b,2805,2018,screen,18,True,True
c_3b21300dbb0b,2808,2019,screen,4,False,True
c_3b21300dbb0b,3103,2018,screen,10,True,True
c_3b21300dbb0b,3109,2019,screen,8,True,True
c_3b21300dbb0b,3204,2019,screen,8,True,True
c_3b21300dbb0b,3207,2018,screen,1,False,True
c_3b21300dbb0b,3303,2017,screen,13,True,True
c_3b21300dbb0b,3304,2015,screen,10,True,True
c_3b21300dbb0b,3305,2016,screen,15,True,True
c_3b21300dbb0b,3308,2017,screen,10,True,True
c_3b21300dbb0b,3312,2017,screen,14,True,True
c_3b21300dbb0b,3313,2016,screen,5,True,True
c_3b21300dbb0b,3317,2019,screen,16,True,True
c_3b21300dbb0b,3322,2019,screen,14,True,True
c_3b21300dbb0b,3404,2017,screen,22,True,True
c_3b21300dbb0b,3600,2018,screen,14,True,True
c_3b21300dbb0b,3605,2016,screen,10,True,True
c_3b21300dbb0b,3616,2018,screen,15,True,True
c_592b396b9fa6,1211,2016,heldout_concept,17,True,True
c_592b396b9fa6,1315,2016,heldout_concept,14,True,True
c_592b396b9fa6,1607,2015,heldout_concept,7,True,True
c_592b396b9fa6,1702,2018,heldout_concept,6,True,True
c_592b396b9fa6,1703,2019,heldout_concept,15,True,True
c_592b396b9fa6,1708,2018,heldout_concept,4,False,True
c_592b396b9fa6,2205,2015,heldout_concept,8,True,True
c_592b396b9fa6,2208,2013,heldout_concept,7,True,True
c_592b396b9fa6,2210,2017,heldout_concept,10,True,True
c_592b396b9fa6,2212,2017,heldout_concept,4,False,True
c_592b396b9fa6,2302,2018,heldout_concept,9,True,True
c_592b396b9fa6,2504,2016,heldout_concept,13,True,True
c_592b396b9fa6,2505,2012,heldout_concept,19,True,True
c_592b396b9fa6,2604,2017,heldout_concept,6,True,True
c_592b396b9fa6,2608,2013,heldout_concept,15,True,True
c_592b396b9fa6,2610,2008,heldout_concept,28,True,False
c_592b396b9fa6,2714,2013,heldout_concept,11,True,True
c_592b396b9fa6,3104,2011,heldout_concept,17,True,True
c_592b396b9fa6,3106,2019,heldout_concept,4,False,True
c_592b396b9fa6,3109,2018,heldout_concept,24,True,True
c_2425e0543e8f,1106,2015,screen,6,True,True
c_2425e0543e8f,1702,2015,screen,17,True,True
c_2425e0543e8f,2208,2011,screen,9,True,False
c_2425e0543e8f,2216,2018,screen,9,True,True
c_2425e0543e8f,2504,2018,screen,11,True,True
c_2425e0543e8f,2505,2015,screen,14,True,True
c_2425e0543e8f,3104,2015,screen,36,True,True
c_2425e0543e8f,3106,2019,screen,7,True,True
c_2425e0543e8f,3109,2015,screen,12,True,True
c_636516409d2a,2208,2018,heldout_concept,10,True,True
c_636516409d2a,2212,2019,heldout_concept,8,True,True
c_636516409d2a,3106,2015,heldout_concept,9,True,True
c_636516409d2a,3107,2016,heldout_concept,8,True,True
c_63ea2a7e38bb,1910,2009,screen,8,True,True
c_63ea2a7e38bb,2505,2013,screen,6,True,True
c_63ea2a7e38bb,3106,2009,screen,12,True,True
c_63ea2a7e38bb,3107,2019,screen,9,True,True
c_63ea2a7e38bb,3109,2009,screen,11,True,True
c_792fc951778d,3205,2007,screen,1,False,False
c_cbade03273e8,1304,2018,screen,8,True,True
c_cbade03273e8,1312,2018,screen,21,True,True
c_cbade03273e8,1404,2017,screen,9,True,True
c_cbade03273e8,1606,2018,screen,8,True,True
c_cbade03273e8,1703,2016,screen,14,True,True
c_cbade03273e8,1707,2018,screen,11,True,True
c_cbade03273e8,2204,2019,screen,15,True,True
c_cbade03273e8,2208,2019,screen,8,True,True
c_cbade03273e8,2505,2016,screen,15,True,True
c_cbade03273e8,2805,2014,screen,11,True,True
c_cbade03273e8,3106,2017,screen,4,False,True
c_cbade03273e8,3107,2014,screen,4,False,True
c_cbade03273e8,3109,2017,screen,6,True,True
c_b6dd7607bba6,2505,2014,heldout_concept,16,True,True
c_b6dd7607bba6,2613,2017,heldout_concept,12,True,True
c_b6dd7607bba6,3107,2011,heldout_concept,20,True,False
c_3d37fffdfb30,1312,2018,screen,12,True,True
c_3d37fffdfb30,1704,2011,screen,6,True,True
c_3d37fffdfb30,1705,2017,screen,19,True,True
c_3d37fffdfb30,1707,2009,screen,11,True,True
c_3d37fffdfb30,1709,2011,screen,11,True,True
c_3d37fffdfb30,1907,2007,screen,5,True,True
c_3d37fffdfb30,2204,2006,screen,11,True,True
c_3d37fffdfb30,2207,2009,screen,14,True,True
c_3d37fffdfb30,2208,2016,screen,15,True,True
c_3d37fffdfb30,2209,2014,screen,4,False,True
c_3d37fffdfb30,2210,2010,screen,9,True,True
c_3d37fffdfb30,2212,2010,screen,7,True,True
c_3d37fffdfb30,2214,2017,screen,8,True,True
c_3d37fffdfb30,2305,2018,screen,10,True,True
c_3d37fffdfb30,2805,2015,screen,11,True,True
c_e81a3081874e,1404,2014,heldout_concept,2,False,True
c_e81a3081874e,1702,2002,heldout_concept,16,True,False
c_e81a3081874e,2608,2011,heldout_concept,4,False,True
c_e81a3081874e,2610,2010,heldout_concept,9,True,True
c_e81a3081874e,2741,2019,heldout_concept,15,True,True
c_e81a3081874e,3104,2019,heldout_concept,9,True,True
c_e81a3081874e,3106,2010,heldout_concept,8,True,True
c_5d0609aeb10b,2204,2013,heldout_concept,6,True,True
c_5d0609aeb10b,2504,2009,heldout_concept,13,True,False
c_5d0609aeb10b,2505,2018,heldout_concept,5,True,True
c_5d0609aeb10b,3102,2016,heldout_concept,13,True,True
c_5d0609aeb10b,3107,2010,heldout_concept,16,True,True
c_35914ea8d7b8,1402,2017,screen,3,False,True
c_35914ea8d7b8,1503,2018,screen,16,True,True
c_35914ea8d7b8,1606,2013,screen,16,True,True
c_35914ea8d7b8,1702,2013,screen,11,True,True
c_35914ea8d7b8,1705,2014,screen,12,True,True
c_35914ea8d7b8,1708,2017,screen,10,True,True
c_35914ea8d7b8,1710,2014,screen,10,True,True
c_35914ea8d7b8,2002,2013,screen,8,True,True
c_35914ea8d7b8,2204,2018,screen,8,True,True
c_35914ea8d7b8,2208,2012,screen,9,True,True
c_35914ea8d7b8,2210,2014,screen,8,True,True
c_35914ea8d7b8,2504,2012,screen,7,True,True
c_35914ea8d7b8,2505,2010,screen,27,True,True
c_35914ea8d7b8,2507,2016,screen,14,True,True
c_35914ea8d7b8,2610,2019,screen,5,True,True
c_35914ea8d7b8,2740,2018,screen,1,False,True
c_35914ea8d7b8,3104,2011,screen,8,True,True
c_35914ea8d7b8,3109,2015,screen,19,True,True
c_35914ea8d7b8,3312,2018,screen,11,True,True
c_c95c87230241,1910,2017,screen,9,True,True
c_c95c87230241,2210,2018,screen,5,True,True
c_c95c87230241,2612,2016,screen,8,True,True
c_c95c87230241,3106,2015,screen,19,True,True
c_5a54356703c2,1707,2016,heldout_concept,8,True,True
c_5a54356703c2,3105,2015,heldout_concept,11,True,True
c_ed80891593f2,1102,2012,heldout_concept,10,True,True
c_ed80891593f2,1103,2013,heldout_concept,11,True,True
c_ed80891593f2,1110,2013,heldout_concept,9,True,True
c_ed80891593f2,1204,2018,heldout_concept,8,True,True
c_ed80891593f2,1211,2000,heldout_concept,1,False,False
c_ed80891593f2,1304,2016,heldout_concept,7,True,True
c_ed80891593f2,1306,2014,heldout_concept,8,True,True
c_ed80891593f2,1311,2000,heldout_concept,4,False,False
c_ed80891593f2,1312,2004,heldout_concept,15,True,False
c_ed80891593f2,1402,2015,heldout_concept,13,True,True
c_ed80891593f2,1406,2014,heldout_concept,14,True,True
c_ed80891593f2,1602,2016,heldout_concept,21,True,True
c_ed80891593f2,1702,2008,heldout_concept,6,True,True
c_ed80891593f2,1703,2012,heldout_concept,16,True,True
c_ed80891593f2,1705,2011,heldout_concept,13,True,True
c_ed80891593f2,1707,2009,heldout_concept,12,True,True
c_ed80891593f2,1710,2010,heldout_concept,17,True,True
c_ed80891593f2,1711,2011,heldout_concept,9,True,True
c_ed80891593f2,1803,2010,heldout_concept,10,True,True
c_ed80891593f2,1804,2013,heldout_concept,10,True,True
c_ed80891593f2,1908,2019,heldout_concept,12,True,True
c_ed80891593f2,2000,2014,heldout_concept,10,True,True
c_ed80891593f2,2002,2012,heldout_concept,15,True,True
c_ed80891593f2,2003,2010,heldout_concept,7,True,True
c_ed80891593f2,2202,2011,heldout_concept,13,True,True
c_ed80891593f2,2203,2012,heldout_concept,4,False,True
c_ed80891593f2,2204,2015,heldout_concept,33,True,True
c_ed80891593f2,2205,2010,heldout_concept,8,True,True
c_ed80891593f2,2206,2009,heldout_concept,19,True,True
c_ed80891593f2,2207,2014,heldout_concept,14,True,True
c_ed80891593f2,2208,2012,heldout_concept,18,True,True
c_ed80891593f2,2209,2013,heldout_concept,15,True,True
c_ed80891593f2,2210,2018,heldout_concept,28,True,True
c_ed80891593f2,2211,2015,heldout_concept,11,True,True
c_ed80891593f2,2212,2017,heldout_concept,29,True,True
c_ed80891593f2,2213,2016,heldout_concept,16,True,True
c_ed80891593f2,2214,2011,heldout_concept,22,True,True
c_ed80891593f2,2215,2010,heldout_concept,11,True,True
c_ed80891593f2,2303,2015,heldout_concept,9,True,True
c_ed80891593f2,2305,2014,heldout_concept,16,True,True
c_ed80891593f2,2306,2011,heldout_concept,26,True,True
c_ed80891593f2,2307,2014,heldout_concept,14,True,True
c_ed80891593f2,2403,2015,heldout_concept,12,True,True
c_ed80891593f2,2505,2019,heldout_concept,13,True,True
c_ed80891593f2,2604,2016,heldout_concept,14,True,True
c_ed80891593f2,2605,2014,heldout_concept,12,True,True
c_ed80891593f2,2608,2016,heldout_concept,3,False,True
c_ed80891593f2,2610,2013,heldout_concept,25,True,True
c_ed80891593f2,2612,2016,heldout_concept,13,True,True
c_ed80891593f2,2705,2010,heldout_concept,18,True,True
c_ed80891593f2,2706,2017,heldout_concept,5,True,True
c_ed80891593f2,2707,2013,heldout_concept,13,True,True
c_ed80891593f2,2713,2012,heldout_concept,9,True,True
c_ed80891593f2,2728,2018,heldout_concept,15,True,True
c_ed80891593f2,2731,2017,heldout_concept,8,True,True
c_ed80891593f2,2733,2014,heldout_concept,12,True,True
c_ed80891593f2,2735,2016,heldout_concept,16,True,True
c_ed80891593f2,2737,2014,heldout_concept,16,True,True
c_ed80891593f2,2738,2011,heldout_concept,19,True,True
c_ed80891593f2,2739,2018,heldout_concept,13,True,True
c_ed80891593f2,2740,2019,heldout_concept,11,True,True
c_ed80891593f2,2741,2014,heldout_concept,28,True,True
c_ed80891593f2,2743,2016,heldout_concept,7,True,True
c_ed80891593f2,2745,2009,heldout_concept,8,True,True
c_ed80891593f2,2803,2019,heldout_concept,8,True,True
c_ed80891593f2,2804,2010,heldout_concept,19,True,True
c_ed80891593f2,2805,2010,heldout_concept,22,True,True
c_ed80891593f2,2808,2017,heldout_concept,17,True,True
c_ed80891593f2,2809,2014,heldout_concept,16,True,True
c_ed80891593f2,3103,2017,heldout_concept,8,True,True
c_ed80891593f2,3107,2017,heldout_concept,12,True,True
c_ed80891593f2,3109,2012,heldout_concept,16,True,True
c_ed80891593f2,3207,2018,heldout_concept,19,True,True
c_ed80891593f2,3306,2014,heldout_concept,20,True,True
c_ed80891593f2,3312,2018,heldout_concept,13,True,True
c_ed80891593f2,3317,2019,heldout_concept,12,True,True
c_ed80891593f2,3600,2012,heldout_concept,14,True,True
c_ed80891593f2,3605,2018,heldout_concept,12,True,True
c_ed80891593f2,3609,2014,heldout_concept,13,True,True
c_21960ecc2d0a,1605,2013,screen,2,False,True
c_21960ecc2d0a,1606,2004,screen,1,False,False
c_21960ecc2d0a,1702,2018,screen,9,True,True
c_21960ecc2d0a,2204,2012,screen,9,True,True
c_21960ecc2d0a,2205,2017,screen,9,True,True
c_21960ecc2d0a,2206,2012,screen,14,True,True
c_21960ecc2d0a,2208,2009,screen,9,True,True
c_21960ecc2d0a,2210,2013,screen,5,True,True
c_21960ecc2d0a,2214,2010,screen,17,True,True
c_21960ecc2d0a,2504,2010,screen,8,True,True
c_21960ecc2d0a,2740,2014,screen,4,False,True
c_21960ecc2d0a,3104,2013,screen,13,True,True
c_21960ecc2d0a,3107,2004,screen,16,True,False
c_21960ecc2d0a,3109,2011,screen,19,True,True
c_372d7258975d,1702,2019,heldout_concept,16,True,True
c_372d7258975d,1902,2016,heldout_concept,10,True,True
c_372d7258975d,2728,2018,heldout_concept,19,True,True
c_3ae606bfd61f,1203,2011,screen,14,True,False
c_3ae606bfd61f,1706,2014,screen,17,True,True
c_3ae606bfd61f,1710,2015,screen,11,True,True
c_3ae606bfd61f,3204,2008,screen,9,True,False
c_3ae606bfd61f,3600,2018,screen,13,True,True
c_1f1d4e62775b,1211,2013,screen,9,True,True
c_1f1d4e62775b,1312,2018,screen,17,True,True
c_1f1d4e62775b,1313,2013,screen,17,True,True
c_1f1d4e62775b,1502,2016,screen,12,True,True
c_1f1d4e62775b,1503,2005,screen,17,True,False
c_1f1d4e62775b,1508,2013,screen,13,True,True
c_1f1d4e62775b,1602,2014,screen,19,True,True
c_1f1d4e62775b,1603,2012,screen,22,True,True
c_1f1d4e62775b,1604,2016,screen,6,True,True
c_1f1d4e62775b,1605,2011,screen,22,True,True
c_1f1d4e62775b,1607,2016,screen,8,True,True
c_1f1d4e62775b,1804,2018,screen,2,False,True
c_1f1d4e62775b,2105,2011,screen,22,True,True
c_1f1d4e62775b,2204,2013,screen,23,True,True
c_1f1d4e62775b,2205,2016,screen,18,True,True
c_1f1d4e62775b,2208,2010,screen,13,True,True
c_1f1d4e62775b,2210,2014,screen,22,True,True
c_1f1d4e62775b,2211,2012,screen,12,True,True
c_1f1d4e62775b,2212,2018,screen,14,True,True
c_1f1d4e62775b,2303,2017,screen,17,True,True
c_1f1d4e62775b,2304,2013,screen,4,False,True
c_1f1d4e62775b,2312,2015,screen,11,True,True
c_1f1d4e62775b,2502,2007,screen,13,True,True
c_1f1d4e62775b,2503,2019,screen,13,True,True
c_1f1d4e62775b,2504,2011,screen,21,True,True
c_1f1d4e62775b,2505,2011,screen,13,True,True
c_1f1d4e62775b,2508,2009,screen,18,True,True
c_1f1d4e62775b,3003,2018,screen,18,True,True
c_59fffeba892f,1103,2019,screen,23,True,True
c_59fffeba892f,1207,2010,screen,6,True,True
c_59fffeba892f,1211,2016,screen,7,True,True
c_59fffeba892f,1312,2010,screen,15,True,True
c_59fffeba892f,1314,2019,screen,13,True,True
c_59fffeba892f,1603,2015,screen,17,True,True
c_59fffeba892f,1605,2017,screen,15,True,True
c_59fffeba892f,1607,2018,screen,14,True,True
c_59fffeba892f,1702,2018,screen,14,True,True
c_59fffeba892f,1907,2010,screen,4,False,True
c_59fffeba892f,2105,2011,screen,14,True,True
c_59fffeba892f,2204,2011,screen,4,False,True
c_59fffeba892f,2205,2019,screen,11,True,True
c_59fffeba892f,2206,2019,screen,16,True,True
c_59fffeba892f,2208,2009,screen,32,True,True
c_59fffeba892f,2210,2014,screen,19,True,True
c_59fffeba892f,2211,2014,screen,19,True,True
c_59fffeba892f,2305,2017,screen,20,True,True
c_59fffeba892f,2310,2017,screen,19,True,True
c_59fffeba892f,2311,2016,screen,8,True,True
c_59fffeba892f,2504,2012,screen,33,True,True
c_59fffeba892f,2507,2014,screen,25,True,True
c_59fffeba892f,2736,2017,screen,9,True,True
c_59fffeba892f,2805,2010,screen,7,True,True
c_59fffeba892f,3103,2010,screen,2,False,True
c_59fffeba892f,3107,2007,screen,10,True,True
c_59fffeba892f,3109,2011,screen,18,True,True
c_be7b73687012,1702,2019,screen,11,True,True
c_be7b73687012,2208,2015,screen,37,True,True
c_be7b73687012,2735,2018,screen,7,True,True
c_be7b73687012,3104,2019,screen,17,True,True
c_be7b73687012,3107,2016,screen,17,True,True
c_a5d4697b6de1,1703,2018,screen,18,True,True
c_a5d4697b6de1,1707,2014,screen,19,True,True
c_a5d4697b6de1,1708,2012,screen,10,True,True
c_a5d4697b6de1,2208,2014,screen,11,True,True
c_a5d4697b6de1,3107,2017,screen,14,True,True
c_108519c4a344,1211,2017,screen,1,False,True
c_108519c4a344,2604,2016,screen,22,True,True
c_108519c4a344,3106,2016,screen,22,True,True
c_108519c4a344,3109,2016,screen,20,True,True
c_01ebdf1dd642,1705,2018,heldout_concept,13,True,True
c_01ebdf1dd642,1706,2019,heldout_concept,17,True,True
c_01ebdf1dd642,1707,2019,heldout_concept,14,True,True
c_01ebdf1dd642,1710,2019,heldout_concept,10,True,True
c_01ebdf1dd642,1803,2019,heldout_concept,12,True,True
c_01ebdf1dd642,2204,2018,heldout_concept,15,True,True
c_01ebdf1dd642,2208,2018,heldout_concept,8,True,True
c_01ebdf1dd642,2613,2014,heldout_concept,11,True,False
c_01ebdf1dd642,3312,2016,heldout_concept,11,True,True
c_2c781d19e525,1607,2016,screen,6,True,True
c_2c781d19e525,1804,2019,screen,1,False,True
c_2c781d19e525,2105,2019,screen,12,True,True
c_2c781d19e525,2204,2017,screen,10,True,True
c_2c781d19e525,2208,2013,screen,12,True,True
c_2c781d19e525,2211,2018,screen,7,True,True
c_2c781d19e525,2504,2016,screen,12,True,True
c_2c781d19e525,2804,2019,screen,9,True,True
c_2c781d19e525,3104,2015,screen,13,True,True
c_2c781d19e525,3107,2014,screen,13,True,True
c_5382c59edd3c,1110,2013,heldout_concept,13,True,True
c_5382c59edd3c,1211,2015,heldout_concept,7,True,True
c_5382c59edd3c,1304,2015,heldout_concept,14,True,True
c_5382c59edd3c,1309,2013,heldout_concept,12,True,True
c_5382c59edd3c,1311,2018,heldout_concept,13,True,True
c_5382c59edd3c,1312,2013,heldout_concept,17,True,True
c_5382c59edd3c,1315,2017,heldout_concept,11,True,True
c_5382c59edd3c,1406,2017,heldout_concept,20,True,True
c_5382c59edd3c,1702,2011,heldout_concept,16,True,True
c_5382c59edd3c,1703,2016,heldout_concept,14,True,True
c_5382c59edd3c,1705,2018,heldout_concept,13,True,True
c_5382c59edd3c,1706,2018,heldout_concept,7,True,True
c_5382c59edd3c,1709,2014,heldout_concept,15,True,True
c_5382c59edd3c,1710,2013,heldout_concept,5,True,True
c_5382c59edd3c,1711,2009,heldout_concept,10,True,False
c_5382c59edd3c,1907,2014,heldout_concept,11,True,True
c_5382c59edd3c,1908,2017,heldout_concept,15,True,True
c_5382c59edd3c,1910,2013,heldout_concept,15,True,True
c_5382c59edd3c,2202,2013,heldout_concept,11,True,True
c_5382c59edd3c,2203,2015,heldout_concept,13,True,True
c_5382c59edd3c,2204,2011,heldout_concept,12,True,True
c_5382c59edd3c,2205,2016,heldout_concept,12,True,True
c_5382c59edd3c,2206,2013,heldout_concept,18,True,True
c_5382c59edd3c,2207,2015,heldout_concept,15,True,True
c_5382c59edd3c,2208,2016,heldout_concept,23,True,True
c_5382c59edd3c,2209,2017,heldout_concept,12,True,True
c_5382c59edd3c,2210,2017,heldout_concept,9,True,True
c_5382c59edd3c,2211,2017,heldout_concept,4,False,True
c_5382c59edd3c,2212,2016,heldout_concept,17,True,True
c_5382c59edd3c,2213,2018,heldout_concept,15,True,True
c_5382c59edd3c,2214,2011,heldout_concept,12,True,True
c_5382c59edd3c,2215,2013,heldout_concept,15,True,True
c_5382c59edd3c,2305,2014,heldout_concept,8,True,True
c_5382c59edd3c,2312,2016,heldout_concept,12,True,True
c_5382c59edd3c,2505,2016,heldout_concept,16,True,True
c_5382c59edd3c,2605,2013,heldout_concept,9,True,True
c_5382c59edd3c,2713,2019,heldout_concept,26,True,True
c_5382c59edd3c,2728,2016,heldout_concept,8,True,True
c_5382c59edd3c,2730,2016,heldout_concept,13,True,True
c_5382c59edd3c,2738,2019,heldout_concept,13,True,True
c_5382c59edd3c,2740,2018,heldout_concept,18,True,True
c_5382c59edd3c,2741,2014,heldout_concept,17,True,True
c_5382c59edd3c,2746,2016,heldout_concept,10,True,True
c_5382c59edd3c,2805,2011,heldout_concept,18,True,True
c_5382c59edd3c,2808,2015,heldout_concept,8,True,True
c_5382c59edd3c,3103,2017,heldout_concept,13,True,True
c_5382c59edd3c,3109,2016,heldout_concept,19,True,True
c_5382c59edd3c,3205,2015,heldout_concept,25,True,True
c_5382c59edd3c,3207,2019,heldout_concept,12,True,True
c_5382c59edd3c,3300,2014,heldout_concept,10,True,True
c_5382c59edd3c,3305,2015,heldout_concept,5,True,True
c_5382c59edd3c,3316,2019,heldout_concept,13,True,True
c_5382c59edd3c,3322,2016,heldout_concept,6,True,True
c_26644834ada8,3103,2014,heldout_concept,21,True,True
c_26644834ada8,3107,2012,heldout_concept,7,True,True
c_26644834ada8,3109,2015,heldout_concept,11,True,True
c_24d62510b246,2204,2008,heldout_concept,4,False,True
c_24d62510b246,2602,2008,heldout_concept,4,False,True
c_24d62510b246,2608,2009,heldout_concept,6,True,True
c_24d62510b246,2610,2009,heldout_concept,6,True,True
c_ef7889a4d23e,1105,2018,screen,3,False,True
c_ef7889a4d23e,1211,2015,screen,17,True,True
c_ef7889a4d23e,1312,2015,screen,16,True,True
c_ef7889a4d23e,1502,2017,screen,4,False,True
c_ef7889a4d23e,1606,2014,screen,13,True,True
c_ef7889a4d23e,1703,2012,screen,16,True,True
c_ef7889a4d23e,1902,2014,screen,10,True,True
c_ef7889a4d23e,2105,2012,screen,19,True,True
c_ef7889a4d23e,2203,2017,screen,8,True,True
c_ef7889a4d23e,2204,2011,screen,6,True,True
c_ef7889a4d23e,2206,2014,screen,8,True,True
c_ef7889a4d23e,2208,2004,screen,13,True,False
c_ef7889a4d23e,2209,2013,screen,3,False,True
c_ef7889a4d23e,2210,2012,screen,9,True,True
c_ef7889a4d23e,2211,2014,screen,17,True,True
c_ef7889a4d23e,2500,2012,screen,2,False,True
c_ef7889a4d23e,2503,2014,screen,13,True,True
c_ef7889a4d23e,2504,2011,screen,16,True,True
c_ef7889a4d23e,2507,2012,screen,5,True,True
c_ef7889a4d23e,2508,2009,screen,9,True,True
c_ef7889a4d23e,2604,2010,screen,19,True,True
c_ef7889a4d23e,2746,2018,screen,9,True,True
c_ef7889a4d23e,3104,2011,screen,6,True,True
c_ef7889a4d23e,3107,2012,screen,35,True,True
c_ef7889a4d23e,3109,2017,screen,9,True,True
c_b416c627fe94,1702,2018,screen,7,True,True
c_b416c627fe94,1709,2019,screen,11,True,True
c_b416c627fe94,1907,2019,screen,19,True,True
c_b416c627fe94,2202,2015,screen,11,True,True
c_b416c627fe94,2203,2019,screen,14,True,True
c_b416c627fe94,2205,2018,screen,8,True,True
c_b416c627fe94,2209,2017,screen,10,True,True
c_b416c627fe94,2214,2014,screen,10,True,False
c_b416c627fe94,2730,2019,screen,14,True,True
c_b416c627fe94,2741,2019,screen,15,True,True
c_de3171466662,1105,2019,screen,12,True,True
c_de3171466662,1106,2011,screen,2,False,True
c_de3171466662,1110,2014,screen,17,True,True
c_de3171466662,1211,2009,screen,5,True,True
c_de3171466662,1403,2015,screen,11,True,True
c_de3171466662,1405,2012,screen,17,True,True
c_de3171466662,1406,2012,screen,3,False,True
c_de3171466662,1408,2014,screen,3,False,True
c_de3171466662,1702,2009,screen,23,True,True
c_de3171466662,1705,2007,screen,14,True,True
c_de3171466662,1707,2007,screen,23,True,True
c_de3171466662,1708,2016,screen,20,True,True
c_de3171466662,1709,2008,screen,12,True,True
c_de3171466662,1710,2007,screen,12,True,True
c_de3171466662,1711,2011,screen,29,True,True
c_de3171466662,1802,2010,screen,4,False,True
c_de3171466662,1803,2013,screen,23,True,True
c_de3171466662,1902,2015,screen,8,True,True
c_de3171466662,1907,2013,screen,19,True,True
c_de3171466662,1910,2014,screen,16,True,True
c_de3171466662,2002,2015,screen,11,True,True
c_de3171466662,2202,2010,screen,4,False,True
c_de3171466662,2203,2011,screen,11,True,True
c_de3171466662,2204,2009,screen,14,True,True
c_de3171466662,2205,2013,screen,14,True,True
c_de3171466662,2206,2011,screen,16,True,True
c_de3171466662,2207,2016,screen,29,True,True
c_de3171466662,2208,2010,screen,19,True,True
c_de3171466662,2209,2015,screen,16,True,True
c_de3171466662,2210,2010,screen,17,True,True
c_de3171466662,2212,2013,screen,32,True,True
c_de3171466662,2214,2009,screen,12,True,True
c_de3171466662,2215,2011,screen,20,True,True
c_de3171466662,2302,2015,screen,32,True,True
c_de3171466662,2303,2016,screen,13,True,True
c_de3171466662,2305,2009,screen,15,True,True
c_de3171466662,2306,2015,screen,21,True,True
c_de3171466662,2307,2012,screen,3,False,True
c_de3171466662,2308,2018,screen,1,False,True
c_de3171466662,2310,2016,screen,13,True,True
c_de3171466662,2312,2012,screen,5,True,True
c_de3171466662,2613,2017,screen,11,True,True
c_de3171466662,2713,2013,screen,3,False,True
c_de3171466662,2723,2012,screen,7,True,True
c_de3171466662,2725,2014,screen,13,True,True
c_de3171466662,2805,2007,screen,22,True,True
c_de3171466662,2809,2012,screen,5,True,True
c_de3171466662,3109,2010,screen,11,True,True
c_de3171466662,3204,2017,screen,6,True,True
c_de3171466662,3205,2010,screen,3,False,True
c_de3171466662,3207,2013,screen,4,False,True
c_de3171466662,3304,2006,screen,5,True,False
c_de3171466662,3305,2013,screen,14,True,True
c_de3171466662,3306,2015,screen,8,True,True
c_de3171466662,3312,2004,screen,2,False,False
c_de3171466662,3313,2007,screen,15,True,True
c_de3171466662,3315,2016,screen,19,True,True
c_de3171466662,3320,2012,screen,9,True,True
c_de3171466662,3322,2018,screen,8,True,True
c_de3171466662,3600,2016,screen,20,True,True
c_de3171466662,3616,2010,screen,15,True,True
c_4e82b990c351,1507,2009,screen,8,True,True
c_4e82b990c351,1703,2005,screen,14,True,True
c_4e82b990c351,1902,2010,screen,16,True,True
c_4e82b990c351,2204,2005,screen,12,True,True
c_4e82b990c351,2206,2000,screen,15,True,False
c_4e82b990c351,2207,2010,screen,5,True,True
c_4e82b990c351,2610,2009,screen,3,False,True
c_4e82b990c351,3103,2008,screen,18,True,True
c_4e82b990c351,3107,2015,screen,14,True,True
c_4e82b990c351,3109,2013,screen,23,True,True
c_4cdbc8f444d1,1702,2012,screen,16,True,True
c_4cdbc8f444d1,1707,2009,screen,7,True,False
c_4cdbc8f444d1,2204,2018,screen,6,True,True
c_4cdbc8f444d1,2805,2019,screen,10,True,True
c_da11b8df9771,1702,2010,heldout_concept,12,True,True
c_da11b8df9771,2002,2009,heldout_concept,14,True,True
c_da11b8df9771,2504,2012,heldout_concept,16,True,True
c_da11b8df9771,2505,2009,heldout_concept,9,True,True
c_da11b8df9771,2608,2014,heldout_concept,8,True,True
c_da11b8df9771,3104,2008,heldout_concept,22,True,True
c_da11b8df9771,3106,2015,heldout_concept,18,True,True
c_da11b8df9771,3109,2008,heldout_concept,17,True,True
c_f9068dcb74a4,1312,2016,heldout_concept,13,True,True
c_f9068dcb74a4,1705,2018,heldout_concept,15,True,True
c_f9068dcb74a4,1707,2015,heldout_concept,11,True,True
c_f9068dcb74a4,1709,2017,heldout_concept,12,True,True
c_f9068dcb74a4,1710,2017,heldout_concept,14,True,True
c_f9068dcb74a4,1711,2016,heldout_concept,17,True,True
c_f9068dcb74a4,1803,2017,heldout_concept,8,True,True
c_f9068dcb74a4,2202,2017,heldout_concept,15,True,True
c_f9068dcb74a4,2203,2018,heldout_concept,14,True,True
c_f9068dcb74a4,2205,2018,heldout_concept,9,True,True
c_f9068dcb74a4,2207,2016,heldout_concept,6,True,True
c_f9068dcb74a4,2208,2018,heldout_concept,15,True,True
c_f9068dcb74a4,2212,2018,heldout_concept,12,True,True
c_f9068dcb74a4,2215,2018,heldout_concept,20,True,True
c_f9068dcb74a4,2305,2018,heldout_concept,13,True,True
c_f9068dcb74a4,2805,2005,heldout_concept,4,False,False
c_f9068dcb74a4,3107,2018,heldout_concept,14,True,True
c_f9068dcb74a4,3305,2019,heldout_concept,3,False,True
c_f9068dcb74a4,3313,2018,heldout_concept,12,True,True
c_8ee79d97b600,1307,2016,heldout_concept,14,True,True
c_8ee79d97b600,1312,2008,heldout_concept,13,True,False
c_8ee79d97b600,1607,2018,heldout_concept,14,True,True
c_8ee79d97b600,1702,2009,heldout_concept,18,True,False
c_8ee79d97b600,1703,2014,heldout_concept,3,False,True
c_8ee79d97b600,1705,2014,heldout_concept,11,True,True
c_8ee79d97b600,1707,2011,heldout_concept,19,True,True
c_8ee79d97b600,1710,2011,heldout_concept,9,True,True
c_8ee79d97b600,1711,2013,heldout_concept,16,True,True
c_8ee79d97b600,1804,2013,heldout_concept,16,True,True
c_8ee79d97b600,2002,2013,heldout_concept,13,True,True
c_8ee79d97b600,2003,2014,heldout_concept,20,True,True
c_8ee79d97b600,2105,2018,heldout_concept,15,True,True
c_8ee79d97b600,2202,2011,heldout_concept,13,True,True
c_8ee79d97b600,2204,2013,heldout_concept,7,True,True
c_8ee79d97b600,2206,2008,heldout_concept,17,True,False
c_8ee79d97b600,2207,2015,heldout_concept,19,True,True
c_8ee79d97b600,2209,2013,heldout_concept,10,True,True
c_8ee79d97b600,2210,2014,heldout_concept,6,True,True
c_8ee79d97b600,2212,2013,heldout_concept,9,True,True
c_8ee79d97b600,2215,2011,heldout_concept,10,True,True
c_8ee79d97b600,2305,2016,heldout_concept,23,True,True
c_8ee79d97b600,2306,2018,heldout_concept,15,True,True
c_8ee79d97b600,2311,2018,heldout_concept,10,True,True
c_8ee79d97b600,2312,2018,heldout_concept,10,True,True
c_8ee79d97b600,2604,2013,heldout_concept,10,True,True
c_8ee79d97b600,2605,2019,heldout_concept,24,True,True
c_8ee79d97b600,2716,2016,heldout_concept,13,True,True
c_8ee79d97b600,2725,2019,heldout_concept,18,True,True
c_8ee79d97b600,2735,2015,heldout_concept,10,True,True
c_8ee79d97b600,2741,2014,heldout_concept,14,True,True
c_8ee79d97b600,2743,2016,heldout_concept,7,True,True
c_8ee79d97b600,2805,2011,heldout_concept,17,True,True
c_8ee79d97b600,2916,2015,heldout_concept,15,True,True
c_8ee79d97b600,3203,2018,heldout_concept,9,True,True
c_8ee79d97b600,3205,2017,heldout_concept,54,True,True
c_8ee79d97b600,3207,2017,heldout_concept,12,True,True
c_21571c2d1a59,1703,2019,screen,5,True,True
c_21571c2d1a59,2602,2012,screen,8,True,True
c_21571c2d1a59,2604,2014,screen,19,True,True
c_21571c2d1a59,2608,2010,screen,11,True,False
c_21571c2d1a59,2702,2014,screen,4,False,True
c_21571c2d1a59,3106,2012,screen,9,True,True
c_21571c2d1a59,3107,2015,screen,8,True,True
c_21571c2d1a59,3109,2012,screen,9,True,True
c_d2b738a06440,1211,2015,screen,17,True,True
c_1e2cee2a4ca1,1703,2019,screen,13,True,True
c_1e2cee2a4ca1,2208,2009,screen,5,True,True
c_0bdbd70bb062,1503,2015,heldout_concept,7,True,True
c_0bdbd70bb062,1607,2011,heldout_concept,10,True,True
c_0bdbd70bb062,1703,2015,heldout_concept,8,True,True
c_0bdbd70bb062,1707,2019,heldout_concept,7,True,True
c_0bdbd70bb062,1906,2015,heldout_concept,10,True,True
c_0bdbd70bb062,2204,2017,heldout_concept,10,True,True
c_0bdbd70bb062,2504,2019,heldout_concept,8,True,True
c_0bdbd70bb062,2505,2012,heldout_concept,5,True,True
c_0bdbd70bb062,3104,2012,heldout_concept,8,True,True
c_0bdbd70bb062,3106,2013,heldout_concept,15,True,True
c_0bdbd70bb062,3109,2011,heldout_concept,5,True,True
c_f94c1c136f05,1710,2010,screen,14,True,True
c_f94c1c136f05,2208,2006,screen,15,True,False
c_f94c1c136f05,2725,2018,screen,18,True,True
c_0fefc757857e,1702,2014,screen,14,True,True
c_0fefc757857e,1705,2017,screen,9,True,True
c_0fefc757857e,1710,2017,screen,5,True,True
c_0fefc757857e,2002,2018,screen,2,False,True
c_0fefc757857e,2202,2015,screen,12,True,True
c_0fefc757857e,2205,2019,screen,12,True,True
c_0fefc757857e,2207,2010,screen,7,True,True
c_0fefc757857e,2213,2011,screen,7,True,True
c_0fefc757857e,2214,2016,screen,10,True,True
c_0fefc757857e,2310,2015,screen,16,True,True
c_0fefc757857e,2739,2016,screen,13,True,True
c_0fefc757857e,2741,2014,screen,13,True,True
c_0fefc757857e,2804,2017,screen,14,True,True
c_0fefc757857e,2809,2018,screen,6,True,True
c_0fefc757857e,3205,2014,screen,7,True,True
c_0fefc757857e,3207,2015,screen,7,True,True
c_54582ea849bf,3106,2018,heldout_concept,12,True,True
c_54582ea849bf,3107,2013,heldout_concept,8,True,True
c_70987856add3,1702,2016,screen,6,True,True
c_70987856add3,3106,2011,screen,13,True,True
c_70987856add3,3107,2012,screen,19,True,True
c_a9f2f1d2a57f,1208,2017,heldout_concept,8,True,True
c_a9f2f1d2a57f,1211,2016,heldout_concept,13,True,True
c_a9f2f1d2a57f,1304,2016,heldout_concept,7,True,True
c_a9f2f1d2a57f,1605,2018,heldout_concept,12,True,True
c_a9f2f1d2a57f,1702,2018,heldout_concept,14,True,True
c_a9f2f1d2a57f,1902,2019,heldout_concept,11,True,True
c_a9f2f1d2a57f,1904,2018,heldout_concept,6,True,True
c_a9f2f1d2a57f,2202,2012,heldout_concept,9,True,True
c_a9f2f1d2a57f,2204,2013,heldout_concept,31,True,True
c_a9f2f1d2a57f,2205,2012,heldout_concept,25,True,True
c_a9f2f1d2a57f,2206,2014,heldout_concept,20,True,True
c_a9f2f1d2a57f,2208,2013,heldout_concept,14,True,True
c_a9f2f1d2a57f,2210,2012,heldout_concept,7,True,True
c_a9f2f1d2a57f,2211,2017,heldout_concept,16,True,True
c_a9f2f1d2a57f,2214,2016,heldout_concept,9,True,True
c_a9f2f1d2a57f,2502,2013,heldout_concept,6,True,True
c_a9f2f1d2a57f,2505,2013,heldout_concept,13,True,True
c_a9f2f1d2a57f,2507,2015,heldout_concept,17,True,True
c_a9f2f1d2a57f,2508,2016,heldout_concept,29,True,True
c_a9f2f1d2a57f,2604,2016,heldout_concept,2,False,True
c_a9f2f1d2a57f,2746,2017,heldout_concept,5,True,True
c_a9f2f1d2a57f,2804,2014,heldout_concept,13,True,True
c_a9f2f1d2a57f,3102,2014,heldout_concept,12,True,True
c_a9f2f1d2a57f,3103,2015,heldout_concept,12,True,True
c_a9f2f1d2a57f,3104,2018,heldout_concept,8,True,True
c_a9f2f1d2a57f,3106,2012,heldout_concept,7,True,True
c_a9f2f1d2a57f,3107,2010,heldout_concept,10,True,True
c_a9f2f1d2a57f,3109,2012,heldout_concept,16,True,True
c_a9f2f1d2a57f,3312,2014,heldout_concept,10,True,True
c_b713a03f1d5b,1702,2015,heldout_concept,7,True,True
c_b713a03f1d5b,1703,2006,heldout_concept,5,True,True
c_b713a03f1d5b,2607,2006,heldout_concept,12,True,True
c_b713a03f1d5b,2608,2007,heldout_concept,19,True,True
c_b713a03f1d5b,3107,2013,heldout_concept,11,True,True
c_b713a03f1d5b,3109,2007,heldout_concept,14,True,True
c_1d198d662026,1312,2012,heldout_concept,20,True,True
c_1d198d662026,1602,2013,heldout_concept,20,True,True
c_1d198d662026,1605,2018,heldout_concept,14,True,True
c_1d198d662026,1606,2012,heldout_concept,10,True,True
c_1d198d662026,1702,2015,heldout_concept,19,True,True
c_1d198d662026,1703,2015,heldout_concept,10,True,True
c_1d198d662026,2002,2008,heldout_concept,5,True,True
c_1d198d662026,2105,2009,heldout_concept,18,True,True
c_1d198d662026,2204,2013,heldout_concept,24,True,True
c_1d198d662026,2205,2012,heldout_concept,7,True,True
c_1d198d662026,2206,2010,heldout_concept,12,True,True
c_1d198d662026,2208,2011,heldout_concept,14,True,True
c_1d198d662026,2210,2013,heldout_concept,5,True,True
c_1d198d662026,2504,2009,heldout_concept,10,True,True
c_1d198d662026,2508,2009,heldout_concept,10,True,True
c_1d198d662026,2604,2014,heldout_concept,14,True,True
c_1d198d662026,2610,2014,heldout_concept,16,True,True
c_1d198d662026,3106,2009,heldout_concept,8,True,True
c_1d198d662026,3107,2006,heldout_concept,11,True,True
c_1d198d662026,3109,2009,heldout_concept,3,False,True
c_1d198d662026,3313,2009,heldout_concept,3,False,True
c_15655b81c9fd,1203,2009,heldout_concept,7,True,True
c_15655b81c9fd,1207,2018,heldout_concept,3,False,True
c_15655b81c9fd,1208,2014,heldout_concept,1,False,True
c_15655b81c9fd,1211,2014,heldout_concept,12,True,True
c_15655b81c9fd,1503,2006,heldout_concept,12,True,True
c_15655b81c9fd,1606,2013,heldout_concept,16,True,True
c_15655b81c9fd,1702,2014,heldout_concept,7,True,True
c_15655b81c9fd,1703,2013,heldout_concept,6,True,True
c_15655b81c9fd,2200,2015,heldout_concept,11,True,True
c_15655b81c9fd,2202,2004,heldout_concept,1,False,False
c_15655b81c9fd,2204,2014,heldout_concept,19,True,True
c_15655b81c9fd,2208,2011,heldout_concept,17,True,True
c_15655b81c9fd,2210,2017,heldout_concept,6,True,True
c_15655b81c9fd,2215,2015,heldout_concept,10,True,True
c_15655b81c9fd,2504,2012,heldout_concept,7,True,True
c_15655b81c9fd,2505,2005,heldout_concept,10,True,False
c_15655b81c9fd,2508,2007,heldout_concept,7,True,True
c_15655b81c9fd,2610,2017,heldout_concept,5,True,True
c_15655b81c9fd,3103,2014,heldout_concept,4,False,True
c_15655b81c9fd,3104,2001,heldout_concept,8,True,False
c_15655b81c9fd,3109,2013,heldout_concept,16,True,True
c_15655b81c9fd,3312,2018,heldout_concept,17,True,True
c_5bb0de514ff2,3106,2012,screen,21,True,True
c_5bb0de514ff2,3109,2011,screen,17,True,True
c_a3b2376178b6,3103,2016,heldout_concept,18,True,True
c_a3b2376178b6,3107,2009,heldout_concept,2,False,True
c_a3b2376178b6,3320,2009,heldout_concept,5,True,True
c_4c081bfc5787,1315,2012,screen,17,True,True
c_4c081bfc5787,1606,2013,screen,7,True,True
c_4c081bfc5787,2105,2013,screen,18,True,True
c_4c081bfc5787,2204,2011,screen,12,True,True
c_4c081bfc5787,2205,2010,screen,16,True,True
c_4c081bfc5787,2208,2007,screen,6,True,True
c_4c081bfc5787,2210,2014,screen,22,True,True
c_4c081bfc5787,2211,2017,screen,8,True,True
c_4c081bfc5787,2503,2014,screen,15,True,True
c_4c081bfc5787,2504,2017,screen,15,True,True
c_4c081bfc5787,2508,2011,screen,16,True,True
c_4c081bfc5787,3103,2016,screen,12,True,True
c_4c081bfc5787,3104,2015,screen,12,True,True
c_4c081bfc5787,3107,2010,screen,12,True,True
c_8856d927d560,2208,2014,heldout_concept,1,False,False
c_8856d927d560,2504,2012,heldout_concept,8,True,False
c_8856d927d560,2505,2006,heldout_concept,15,True,False
c_8856d927d560,3104,2015,heldout_concept,7,True,True
c_da42247f2a8b,1312,2014,heldout_concept,10,True,True
c_da42247f2a8b,1404,2014,heldout_concept,13,True,True
c_da42247f2a8b,1702,2011,heldout_concept,7,True,True
c_da42247f2a8b,2206,2016,heldout_concept,10,True,True
c_da42247f2a8b,2207,2016,heldout_concept,7,True,True
c_da42247f2a8b,2208,2012,heldout_concept,9,True,True
c_da42247f2a8b,2602,2018,heldout_concept,11,True,True
c_da42247f2a8b,2607,2016,heldout_concept,9,True,True
c_da42247f2a8b,2608,2006,heldout_concept,5,True,False
c_24fd61e090ea,1211,2012,screen,14,True,True
c_24fd61e090ea,1408,2011,screen,10,True,True
c_24fd61e090ea,1804,2012,screen,4,False,True
c_24fd61e090ea,1906,2010,screen,8,True,True
c_24fd61e090ea,2500,2019,screen,5,True,True
c_24fd61e090ea,2505,2016,screen,13,True,True
c_24fd61e090ea,3104,2009,screen,18,True,True
c_24fd61e090ea,3107,2010,screen,17,True,True
c_d6845c35d3d0,1211,2013,screen,12,True,True
c_d6845c35d3d0,1702,2012,screen,20,True,True
c_d6845c35d3d0,1703,2013,screen,26,True,True
c_d6845c35d3d0,1707,2013,screen,10,True,True
c_d6845c35d3d0,1803,2017,screen,19,True,True
c_d6845c35d3d0,2211,2015,screen,9,True,True
c_d6845c35d3d0,2309,2015,screen,1,False,True
c_d6845c35d3d0,2602,2018,screen,10,True,True
c_d6845c35d3d0,2604,2010,screen,9,True,True
c_d6845c35d3d0,2610,2012,screen,14,True,True
c_d6845c35d3d0,2612,2013,screen,15,True,True
c_d6845c35d3d0,2613,2012,screen,15,True,True
c_5edb1fea382d,2504,2003,screen,3,False,False
c_5edb1fea382d,2505,2009,screen,6,True,True
c_7011282bd1ba,1306,2018,heldout_concept,14,True,True
c_7011282bd1ba,1311,2018,heldout_concept,15,True,True
c_7011282bd1ba,1312,2016,heldout_concept,12,True,True
c_7011282bd1ba,1707,2014,heldout_concept,9,True,True
c_7011282bd1ba,1710,2016,heldout_concept,16,True,True
c_7011282bd1ba,1711,2016,heldout_concept,22,True,True
c_7011282bd1ba,1802,2016,heldout_concept,9,True,True
c_7011282bd1ba,1804,2018,heldout_concept,19,True,True
c_7011282bd1ba,2002,2015,heldout_concept,9,True,True
c_7011282bd1ba,2202,2018,heldout_concept,1,False,True
c_7011282bd1ba,2207,2018,heldout_concept,8,True,True
c_7011282bd1ba,2306,2016,heldout_concept,18,True,True
c_7011282bd1ba,2307,2018,heldout_concept,17,True,True
c_7011282bd1ba,2604,2015,heldout_concept,10,True,True
c_7011282bd1ba,2605,2015,heldout_concept,20,True,True
c_7011282bd1ba,2611,2016,heldout_concept,18,True,True
c_7011282bd1ba,2613,2015,heldout_concept,20,True,True
c_7011282bd1ba,3109,2012,heldout_concept,8,True,False
c_7011282bd1ba,3205,2016,heldout_concept,9,True,True
c_7011282bd1ba,3300,2015,heldout_concept,7,True,True
c_021cd7f7a587,3103,2013,screen,7,True,False
c_4cdee4852bd9,1211,2017,screen,9,True,True
c_4cdee4852bd9,1702,2017,screen,14,True,True
c_4cdee4852bd9,1705,2012,screen,11,True,True
c_4cdee4852bd9,1707,2017,screen,10,True,True
c_4cdee4852bd9,1708,2014,screen,17,True,True
c_4cdee4852bd9,1710,2015,screen,14,True,True
c_4cdee4852bd9,1711,2018,screen,24,True,True
c_4cdee4852bd9,1802,2018,screen,5,True,True
c_4cdee4852bd9,1803,2014,screen,13,True,True
c_4cdee4852bd9,1910,2002,screen,10,True,False
c_4cdee4852bd9,2202,2014,screen,9,True,True
c_4cdee4852bd9,2204,2016,screen,24,True,True
c_4cdee4852bd9,2206,2015,screen,18,True,True
c_4cdee4852bd9,2207,2016,screen,7,True,True
c_4cdee4852bd9,2209,2017,screen,22,True,True
c_4cdee4852bd9,2214,2013,screen,16,True,True
c_4cdee4852bd9,2215,2019,screen,8,True,True
c_4cdee4852bd9,3106,2007,screen,11,True,False
c_4cdee4852bd9,3107,2019,screen,9,True,True
c_4cdee4852bd9,3312,2017,screen,16,True,True
c_4cdee4852bd9,3313,2018,screen,15,True,True
c_4cdee4852bd9,3322,2018,screen,7,True,True
c_1bd834da7f00,1103,2019,screen,23,True,True
c_1bd834da7f00,1207,2010,screen,6,True,True
c_1bd834da7f00,1211,2013,screen,10,True,True
c_1bd834da7f00,1312,2010,screen,27,True,True
c_1bd834da7f00,1314,2019,screen,13,True,True
c_1bd834da7f00,1315,2008,screen,16,True,True
c_1bd834da7f00,1502,2018,screen,20,True,True
c_1bd834da7f00,1603,2013,screen,19,True,True
c_1bd834da7f00,1605,2017,screen,15,True,True
c_1bd834da7f00,1606,2012,screen,1,False,True
c_1bd834da7f00,1607,2019,screen,17,True,True
c_1bd834da7f00,1702,2010,screen,14,True,True
c_1bd834da7f00,1705,2012,screen,16,True,True
c_1bd834da7f00,1707,2018,screen,13,True,True
c_1bd834da7f00,1907,2010,screen,4,False,True
c_1bd834da7f00,2105,2011,screen,15,True,True
c_1bd834da7f00,2202,2011,screen,18,True,True
c_1bd834da7f00,2203,2017,screen,10,True,True
c_1bd834da7f00,2204,2010,screen,14,True,True
c_1bd834da7f00,2205,2013,screen,14,True,True
c_1bd834da7f00,2206,2019,screen,16,True,True
c_1bd834da7f00,2208,2009,screen,34,True,True
c_1bd834da7f00,2210,2011,screen,30,True,True
c_1bd834da7f00,2211,2014,screen,19,True,True
c_1bd834da7f00,2305,2017,screen,20,True,True
c_1bd834da7f00,2310,2017,screen,19,True,True
c_1bd834da7f00,2311,2014,screen,12,True,True
c_1bd834da7f00,2502,2018,screen,23,True,True
c_1bd834da7f00,2504,2010,screen,6,True,True
c_1bd834da7f00,2507,2011,screen,15,True,True
c_1bd834da7f00,2613,2011,screen,12,True,True
c_1bd834da7f00,2707,2013,screen,19,True,True
c_1bd834da7f00,2720,2019,screen,15,True,True
c_1bd834da7f00,2736,2017,screen,9,True,True
c_1bd834da7f00,2804,2013,screen,11,True,True
c_1bd834da7f00,2805,2010,screen,7,True,True
c_1bd834da7f00,3103,2010,screen,2,False,True
c_1bd834da7f00,3104,2014,screen,16,True,True
c_1bd834da7f00,3106,2017,screen,6,True,True
c_1bd834da7f00,3107,2007,screen,15,True,True
c_1bd834da7f00,3109,2011,screen,18,True,True
c_3fd8640bd802,1105,2014,screen,13,True,True
c_3fd8640bd802,1110,2016,screen,4,False,True
c_3fd8640bd802,1309,2018,screen,23,True,True
c_3fd8640bd802,1312,2018,screen,14,True,True
c_3fd8640bd802,1702,2013,screen,14,True,True
c_3fd8640bd802,1705,2017,screen,13,True,True
c_3fd8640bd802,1709,2015,screen,11,True,True
c_3fd8640bd802,1710,2015,screen,3,False,True
c_3fd8640bd802,1711,2017,screen,11,True,True
c_3fd8640bd802,1907,2015,screen,10,True,True
c_3fd8640bd802,2202,2014,screen,11,True,True
c_3fd8640bd802,2204,2018,screen,13,True,True
c_3fd8640bd802,2207,2016,screen,13,True,True
c_3fd8640bd802,2208,2012,screen,24,True,True
c_3fd8640bd802,2209,2019,screen,25,True,True
c_3fd8640bd802,2212,2018,screen,14,True,True
c_3fd8640bd802,2214,2017,screen,5,True,True
c_3fd8640bd802,2302,2015,screen,9,True,True
c_3fd8640bd802,2303,2015,screen,13,True,True
c_3fd8640bd802,2305,2017,screen,13,True,True
c_3fd8640bd802,2307,2015,screen,6,True,True
c_3fd8640bd802,2312,2016,screen,12,True,True
c_3fd8640bd802,2738,2018,screen,8,True,True
c_3fd8640bd802,2805,2010,screen,12,True,False
c_3fd8640bd802,2808,2017,screen,8,True,True
c_b6f806466001,1703,2015,heldout_concept,20,True,True
c_b6f806466001,2207,2017,heldout_concept,15,True,True
c_b6f806466001,2211,2016,heldout_concept,6,True,True
c_b6f806466001,2610,2018,heldout_concept,19,True,True
c_b6f806466001,2611,2015,heldout_concept,11,True,True
c_b6f806466001,3320,2016,heldout_concept,2,False,True
c_46d8de220318,1702,2019,screen,6,True,True
c_46d8de220318,1703,2013,screen,10,True,False
c_46d8de220318,1803,2017,screen,8,True,True
c_46d8de220318,2608,2018,screen,13,True,True
c_46d8de220318,2610,2016,screen,6,True,True
c_46d8de220318,3103,2016,screen,15,True,True
c_46d8de220318,3107,2016,screen,9,True,True
c_46d8de220318,3109,2017,screen,18,True,True
c_3a04a639cd2f,1704,2014,screen,7,True,True
c_3a04a639cd2f,2205,2015,screen,6,True,True
c_3a04a639cd2f,2206,2014,screen,7,True,True
c_3a04a639cd2f,2211,2014,screen,7,True,True
c_3a04a639cd2f,2505,2018,screen,6,True,True
c_3a04a639cd2f,2602,2018,screen,11,True,True
c_3a04a639cd2f,2604,2017,screen,10,True,True
c_3a04a639cd2f,2607,2013,screen,14,True,False
c_3a04a639cd2f,2608,2012,screen,13,True,False
c_3a04a639cd2f,2610,2019,screen,8,True,True
c_3a04a639cd2f,2614,2015,screen,12,True,True
c_3a04a639cd2f,3109,2013,screen,19,True,False
c_8d94ed006e2f,2204,2014,screen,7,True,True
c_8d94ed006e2f,2205,2019,screen,15,True,True
c_8d94ed006e2f,2208,2011,screen,18,True,True
c_8d94ed006e2f,2504,2013,screen,8,True,True
c_8d94ed006e2f,2505,2012,screen,10,True,True
c_8d94ed006e2f,2737,2015,screen,9,True,True
c_8d94ed006e2f,3104,2014,screen,12,True,True
c_8d94ed006e2f,3107,2006,screen,5,True,False
c_8d94ed006e2f,3109,2013,screen,8,True,True
c_1b82dec9c84d,1702,2005,screen,15,True,False
c_1b82dec9c84d,2504,2006,screen,20,True,False
c_1b82dec9c84d,3104,2015,screen,8,True,True
c_1b82dec9c84d,3106,2014,screen,30,True,True
c_1b82dec9c84d,3109,2015,screen,8,True,True
c_7a1183961ed2,1908,2015,screen,9,True,True
c_7a1183961ed2,2210,2017,screen,5,True,True
c_7a1183961ed2,2504,2017,screen,9,True,True
c_7a1183961ed2,2505,2011,screen,14,True,True
c_7a1183961ed2,3104,2011,screen,9,True,True
c_7a1183961ed2,3106,2019,screen,10,True,True
c_38c04a07c4e7,1503,2014,screen,17,True,True
c_38c04a07c4e7,1606,2007,screen,6,True,False
c_38c04a07c4e7,1702,2017,screen,10,True,True
c_38c04a07c4e7,1703,2013,screen,7,True,True
c_38c04a07c4e7,1707,2018,screen,10,True,True
c_38c04a07c4e7,1803,2018,screen,11,True,True
c_38c04a07c4e7,1804,2007,screen,9,True,False
c_38c04a07c4e7,2204,2014,screen,16,True,True
c_38c04a07c4e7,2208,2012,screen,33,True,True
c_38c04a07c4e7,2210,2016,screen,14,True,True
c_38c04a07c4e7,2505,2012,screen,12,True,True
c_38c04a07c4e7,2508,2016,screen,9,True,True
c_38c04a07c4e7,2604,2019,screen,9,True,True
c_38c04a07c4e7,2612,2013,screen,19,True,True
c_38c04a07c4e7,2613,2013,screen,9,True,True
c_38c04a07c4e7,3106,2015,screen,23,True,True
c_38c04a07c4e7,3107,2004,screen,9,True,False
c_38c04a07c4e7,3108,2008,screen,9,True,True
c_38c04a07c4e7,3109,2017,screen,12,True,True
c_7afec8c4aadb,1306,2017,screen,12,True,True
c_7afec8c4aadb,1311,2019,screen,23,True,True
c_7afec8c4aadb,1312,2015,screen,25,True,True
c_7afec8c4aadb,1404,2017,screen,29,True,True
c_7afec8c4aadb,1405,2019,screen,13,True,True
c_7afec8c4aadb,1502,2019,screen,7,True,True
c_7afec8c4aadb,1703,2018,screen,18,True,True
c_7afec8c4aadb,1705,2017,screen,11,True,True
c_7afec8c4aadb,1706,2019,screen,10,True,True
c_7afec8c4aadb,1707,2011,screen,13,True,False
c_7afec8c4aadb,1708,2018,screen,11,True,True
c_7afec8c4aadb,1709,2017,screen,8,True,True
c_7afec8c4aadb,1710,2016,screen,27,True,True
c_7afec8c4aadb,1711,2013,screen,6,True,True
c_7afec8c4aadb,1802,2016,screen,12,True,True
c_7afec8c4aadb,1803,2018,screen,46,True,True
c_7afec8c4aadb,1804,2019,screen,18,True,True
c_7afec8c4aadb,1902,2016,screen,9,True,True
c_7afec8c4aadb,1908,2019,screen,22,True,True
c_7afec8c4aadb,1910,2019,screen,32,True,True
c_7afec8c4aadb,2002,2019,screen,6,True,True
c_7afec8c4aadb,2003,2019,screen,13,True,True
c_7afec8c4aadb,2105,2019,screen,13,True,True
c_7afec8c4aadb,2202,2017,screen,24,True,True
c_7afec8c4aadb,2203,2014,screen,9,True,True
c_7afec8c4aadb,2204,2018,screen,26,True,True
c_7afec8c4aadb,2205,2019,screen,20,True,True
c_7afec8c4aadb,2206,2019,screen,12,True,True
c_7afec8c4aadb,2207,2016,screen,17,True,True
c_7afec8c4aadb,2208,2017,screen,61,True,True
c_7afec8c4aadb,2209,2018,screen,14,True,True
c_7afec8c4aadb,2210,2019,screen,27,True,True
c_7afec8c4aadb,2212,2018,screen,17,True,True
c_7afec8c4aadb,2214,2017,screen,21,True,True
c_7afec8c4aadb,2215,2017,screen,23,True,True
c_7afec8c4aadb,2303,2017,screen,15,True,True
c_7afec8c4aadb,2305,2014,screen,9,True,True
c_7afec8c4aadb,2307,2019,screen,11,True,True
c_7afec8c4aadb,2505,2019,screen,12,True,True
c_7afec8c4aadb,2705,2018,screen,26,True,True
c_7afec8c4aadb,2713,2017,screen,13,True,True
c_7afec8c4aadb,2728,2019,screen,6,True,True
c_7afec8c4aadb,2732,2017,screen,12,True,True
c_7afec8c4aadb,2737,2018,screen,14,True,True
c_7afec8c4aadb,2738,2019,screen,15,True,True
c_7afec8c4aadb,2740,2017,screen,7,True,True
c_7afec8c4aadb,2741,2018,screen,12,True,True
c_7afec8c4aadb,2748,2019,screen,12,True,True
c_7afec8c4aadb,2805,2007,screen,1,False,False
c_7afec8c4aadb,2808,2019,screen,9,True,True
c_7afec8c4aadb,3103,2017,screen,7,True,True
c_7afec8c4aadb,3109,2015,screen,16,True,True
c_7afec8c4aadb,3205,2017,screen,22,True,True
c_7afec8c4aadb,3207,2016,screen,5,True,True
c_7afec8c4aadb,3311,2018,screen,3,False,True
c_7afec8c4aadb,3312,2017,screen,13,True,True
c_7afec8c4aadb,3313,2018,screen,16,True,True
c_7afec8c4aadb,3320,2019,screen,8,True,True
c_7afec8c4aadb,3611,2018,screen,5,True,True
c_7afec8c4aadb,3614,2019,screen,11,True,True
c_fa856c1c78e2,3107,2009,screen,13,True,False
c_365ed459d0e7,3103,2007,heldout_concept,18,True,True
c_9a6442305923,1110,2017,heldout_concept,2,False,True
c_9a6442305923,1211,2012,heldout_concept,3,False,True
c_9a6442305923,1312,2013,heldout_concept,7,True,True
c_9a6442305923,1702,2013,heldout_concept,13,True,True
c_9a6442305923,1707,2019,heldout_concept,16,True,True
c_9a6442305923,1904,2017,heldout_concept,3,False,True
c_9a6442305923,2202,2015,heldout_concept,18,True,True
c_9a6442305923,2208,2013,heldout_concept,6,True,True
c_9a6442305923,2607,2013,heldout_concept,9,True,True
c_9a6442305923,2608,2006,heldout_concept,13,True,True
c_9a6442305923,2702,2012,heldout_concept,15,True,True
c_9a6442305923,2728,2010,heldout_concept,2,False,True
c_9a6442305923,3109,2008,heldout_concept,7,True,True
c_6388f9983159,1702,2006,screen,13,True,True
c_6388f9983159,2610,2012,screen,20,True,True
c_6388f9983159,3103,2018,screen,10,True,True
c_6388f9983159,3104,2017,screen,7,True,True
c_6388f9983159,3106,2011,screen,9,True,True
c_6388f9983159,3109,2006,screen,16,True,True
c_f08a5ddb1f48,2204,2013,screen,10,True,True
c_f08a5ddb1f48,2205,2012,screen,14,True,True
c_f08a5ddb1f48,2208,2011,screen,7,True,True
c_f08a5ddb1f48,3104,2013,screen,13,True,True
c_f08a5ddb1f48,3107,2009,screen,16,True,True
c_793dc61d6540,2202,2008,screen,9,True,True
c_793dc61d6540,2204,2005,screen,4,False,True
c_793dc61d6540,3107,2006,screen,3,False,True
c_793dc61d6540,3108,2007,screen,19,True,True
c_793dc61d6540,3109,2017,screen,12,True,True
c_457b5eab7f19,1211,2013,heldout_concept,21,True,True
c_457b5eab7f19,1312,2018,heldout_concept,17,True,True
c_457b5eab7f19,1402,2017,heldout_concept,3,False,True
c_457b5eab7f19,1403,2016,heldout_concept,6,True,True
c_457b5eab7f19,1404,2014,heldout_concept,10,True,True
c_457b5eab7f19,1405,2014,heldout_concept,16,True,True
c_457b5eab7f19,1408,2011,heldout_concept,21,True,True
c_457b5eab7f19,1602,2016,heldout_concept,11,True,True
c_457b5eab7f19,1702,2011,heldout_concept,23,True,True
c_457b5eab7f19,1703,2019,heldout_concept,11,True,True
c_457b5eab7f19,1704,2015,heldout_concept,11,True,True
c_457b5eab7f19,1705,2010,heldout_concept,18,True,True
c_457b5eab7f19,1706,2010,heldout_concept,2,False,True
c_457b5eab7f19,1707,2009,heldout_concept,14,True,True
c_457b5eab7f19,1708,2011,heldout_concept,26,True,True
c_457b5eab7f19,1709,2013,heldout_concept,16,True,True
c_457b5eab7f19,1711,2012,heldout_concept,11,True,True
c_457b5eab7f19,1712,2016,heldout_concept,16,True,True
c_457b5eab7f19,1802,2011,heldout_concept,18,True,True
c_457b5eab7f19,1803,2013,heldout_concept,14,True,True
c_457b5eab7f19,1907,2013,heldout_concept,15,True,True
c_457b5eab7f19,2002,2019,heldout_concept,19,True,True
c_457b5eab7f19,2202,2014,heldout_concept,7,True,True
c_457b5eab7f19,2203,2019,heldout_concept,7,True,True
c_457b5eab7f19,2204,2013,heldout_concept,14,True,True
c_457b5eab7f19,2207,2013,heldout_concept,24,True,True
c_457b5eab7f19,2208,2009,heldout_concept,8,True,True
c_457b5eab7f19,2210,2018,heldout_concept,13,True,True
c_457b5eab7f19,2212,2014,heldout_concept,10,True,True
c_457b5eab7f19,2214,2012,heldout_concept,7,True,True
c_457b5eab7f19,2215,2017,heldout_concept,12,True,True
c_457b5eab7f19,2216,2015,heldout_concept,9,True,True
c_457b5eab7f19,2305,2014,heldout_concept,15,True,True
c_457b5eab7f19,2306,2013,heldout_concept,1,False,True
c_457b5eab7f19,2312,2018,heldout_concept,13,True,True
c_457b5eab7f19,2605,2018,heldout_concept,16,True,True
c_457b5eab7f19,2705,2013,heldout_concept,12,True,True
c_457b5eab7f19,2707,2015,heldout_concept,12,True,True
c_457b5eab7f19,2729,2018,heldout_concept,18,True,True
c_457b5eab7f19,2739,2013,heldout_concept,1,False,True
c_457b5eab7f19,2741,2018,heldout_concept,9,True,True
c_457b5eab7f19,2742,2016,heldout_concept,12,True,True
c_457b5eab7f19,2805,2011,heldout_concept,13,True,True
c_457b5eab7f19,3108,2019,heldout_concept,17,True,True
c_457b5eab7f19,3109,2014,heldout_concept,16,True,True
c_457b5eab7f19,3202,2015,heldout_concept,13,True,True
c_457b5eab7f19,3304,2012,heldout_concept,5,True,True
c_457b5eab7f19,3305,2010,heldout_concept,19,True,True
c_457b5eab7f19,3312,2010,heldout_concept,12,True,True
c_457b5eab7f19,3313,2012,heldout_concept,13,True,True
c_457b5eab7f19,3315,2017,heldout_concept,13,True,True
c_457b5eab7f19,3320,2019,heldout_concept,3,False,True
c_457b5eab7f19,3322,2014,heldout_concept,5,True,True
c_457b5eab7f19,3600,2013,heldout_concept,19,True,True
c_457b5eab7f19,3605,2011,heldout_concept,38,True,True
c_8cebebdabedf,1702,2018,heldout_concept,11,True,True
c_8cebebdabedf,1705,2013,heldout_concept,31,True,True
c_8cebebdabedf,1706,2017,heldout_concept,14,True,True
c_8cebebdabedf,1707,2015,heldout_concept,15,True,True
c_8cebebdabedf,1710,2018,heldout_concept,20,True,True
c_8cebebdabedf,1711,2017,heldout_concept,14,True,True
c_8cebebdabedf,2202,2018,heldout_concept,15,True,True
c_8cebebdabedf,2204,2017,heldout_concept,16,True,True
c_8cebebdabedf,2206,2018,heldout_concept,16,True,True
c_8cebebdabedf,3109,2017,heldout_concept,13,True,True
c_8cebebdabedf,3312,2016,heldout_concept,18,True,True
c_8cebebdabedf,3313,2019,heldout_concept,15,True,True
c_4a4eb107fab6,1703,2014,screen,10,True,True
c_4a4eb107fab6,1705,2008,screen,16,True,True
c_4a4eb107fab6,2202,2012,screen,17,True,True
c_26dab993c720,1702,2013,screen,8,True,True
c_26dab993c720,2208,2010,screen,11,True,True
c_26dab993c720,3103,2011,screen,20,True,True
c_26dab993c720,3104,2014,screen,2,False,True
c_26dab993c720,3107,2011,screen,6,True,True
c_26dab993c720,3108,2019,screen,9,True,True
c_29b715c0d545,3107,2017,screen,8,True,True
c_8c66d94e3b0b,2208,2013,heldout_concept,7,True,True
c_8c66d94e3b0b,2741,2012,heldout_concept,4,False,True
c_9026d95a869c,1702,2014,screen,12,True,True
c_9026d95a869c,3106,2012,screen,21,True,True
c_9026d95a869c,3109,2013,screen,9,True,True
c_e1a8b816be94,1702,2017,screen,3,False,True
c_e1a8b816be94,1705,2009,screen,12,True,False
c_03828aedf823,1702,2019,screen,6,True,True
c_03828aedf823,1902,2006,screen,13,True,True
c_03828aedf823,1908,2019,screen,8,True,True
c_03828aedf823,1910,2019,screen,19,True,True
c_03828aedf823,2212,2009,screen,8,True,True
c_03828aedf823,2505,2016,screen,15,True,True
c_03828aedf823,2737,2017,screen,7,True,True
c_03828aedf823,3103,2006,screen,18,True,True
c_03828aedf823,3106,2005,screen,13,True,False
c_03828aedf823,3107,2007,screen,12,True,True
c_6016216be4fa,1202,2019,screen,4,False,True
c_6016216be4fa,1211,2010,screen,11,True,True
c_6016216be4fa,1307,2019,screen,9,True,True
c_6016216be4fa,1312,2012,screen,15,True,True
c_6016216be4fa,1404,2009,screen,13,True,True
c_6016216be4fa,1702,2002,screen,10,True,False
c_6016216be4fa,1705,2006,screen,14,True,True
c_6016216be4fa,1707,2013,screen,1,False,True
c_6016216be4fa,1708,2007,screen,8,True,True
c_6016216be4fa,1710,2001,screen,1,False,False
c_6016216be4fa,1711,2017,screen,1,False,True
c_6016216be4fa,1712,2006,screen,3,False,True
c_6016216be4fa,1802,2009,screen,1,False,True
c_6016216be4fa,1803,2009,screen,24,True,True
c_6016216be4fa,1804,2006,screen,11,True,True
c_6016216be4fa,2002,2016,screen,12,True,True
c_6016216be4fa,2202,2016,screen,5,True,True
c_6016216be4fa,2203,2018,screen,1,False,True
c_6016216be4fa,2204,2019,screen,20,True,True
c_6016216be4fa,2205,2017,screen,14,True,True
c_6016216be4fa,2206,2018,screen,2,False,True
c_6016216be4fa,2207,2005,screen,18,True,True
c_6016216be4fa,2208,2009,screen,14,True,True
c_6016216be4fa,2209,2012,screen,14,True,True
c_6016216be4fa,2211,2018,screen,1,False,True
c_6016216be4fa,2213,2017,screen,35,True,True
c_6016216be4fa,2215,2016,screen,11,True,True
c_6016216be4fa,2612,2016,screen,2,False,True
c_6016216be4fa,2613,2018,screen,11,True,True
c_6016216be4fa,2739,2019,screen,15,True,True
c_6016216be4fa,2742,2018,screen,10,True,True
c_6016216be4fa,3312,2010,screen,16,True,True
c_6016216be4fa,3322,2016,screen,17,True,True
c_509ba93dffc8,1204,2019,screen,7,True,True
c_509ba93dffc8,1304,2017,screen,7,True,True
c_509ba93dffc8,1312,2016,screen,10,True,True
c_509ba93dffc8,1403,2017,screen,12,True,True
c_509ba93dffc8,1702,2008,screen,18,True,False
c_509ba93dffc8,1703,2015,screen,11,True,True
c_509ba93dffc8,2206,2010,screen,34,True,True
c_509ba93dffc8,2209,2014,screen,4,False,True
c_509ba93dffc8,2214,2012,screen,14,True,True
c_509ba93dffc8,2723,2011,screen,14,True,True
c_509ba93dffc8,2741,2017,screen,22,True,True
c_509ba93dffc8,2808,2018,screen,17,True,True
c_509ba93dffc8,3205,2019,screen,15,True,True
c_9d4eaaf7197d,1606,2013,screen,6,True,False
c_9d4eaaf7197d,2504,2016,screen,18,True,True
c_9d4eaaf7197d,2505,2015,screen,9,True,True
c_9d4eaaf7197d,3104,2013,screen,11,True,False
c_8904d963bc30,1702,2010,screen,15,True,True
c_8904d963bc30,1703,2015,screen,9,True,True
c_8904d963bc30,2208,2015,screen,9,True,True
c_4a952e8aa8a9,1606,2016,screen,6,True,True
c_4a952e8aa8a9,3107,2016,screen,11,True,True
c_3a8d31dc5fbf,1407,2019,screen,19,True,True
c_3a8d31dc5fbf,1702,2016,screen,17,True,True
c_3a8d31dc5fbf,1707,2013,screen,12,True,True
c_3a8d31dc5fbf,1803,2016,screen,16,True,True
c_3a8d31dc5fbf,1902,2016,screen,13,True,True
c_3a8d31dc5fbf,2202,2008,screen,22,True,True
c_3a8d31dc5fbf,2204,2011,screen,11,True,True
c_3a8d31dc5fbf,2206,2013,screen,14,True,True
c_3a8d31dc5fbf,2207,2013,screen,18,True,True
c_3a8d31dc5fbf,2208,2002,screen,13,True,False
c_3a8d31dc5fbf,2209,2000,screen,13,True,False
c_3a8d31dc5fbf,2213,2008,screen,14,True,True
c_3a8d31dc5fbf,2214,2001,screen,19,True,False
c_3a8d31dc5fbf,3107,2015,screen,21,True,True
c_3a8d31dc5fbf,3304,2013,screen,13,True,True
c_3a8d31dc5fbf,3313,2018,screen,15,True,True
c_3a8d31dc5fbf,3320,2018,screen,9,True,True
c_4010f34bf1ab,1402,2017,screen,3,False,True
c_4010f34bf1ab,1503,2016,screen,13,True,True
c_4010f34bf1ab,1607,2015,screen,7,True,True
c_4010f34bf1ab,2002,2007,screen,3,False,False
c_4010f34bf1ab,2208,2012,screen,12,True,True
c_4010f34bf1ab,2504,2010,screen,10,True,True
c_4010f34bf1ab,2505,2016,screen,10,True,True
c_4010f34bf1ab,2741,2011,screen,9,True,True
c_4010f34bf1ab,3104,2015,screen,11,True,True
c_4010f34bf1ab,3106,2019,screen,9,True,True
c_4010f34bf1ab,3109,2015,screen,13,True,True
c_70af732266c6,1702,2015,screen,14,True,True
c_70af732266c6,1703,2013,screen,12,True,True
c_70af732266c6,2200,2017,screen,8,True,True
c_70af732266c6,2204,2018,screen,14,True,True
c_70af732266c6,2208,2013,screen,5,True,True
c_70af732266c6,2214,2016,screen,11,True,True
c_70af732266c6,2504,2015,screen,21,True,True
c_70af732266c6,3109,2017,screen,11,True,True
c_a86b2f667874,1303,2012,heldout_concept,15,True,True
c_a86b2f667874,1305,2012,heldout_concept,22,True,True
c_a86b2f667874,1306,2013,heldout_concept,13,True,True
c_a86b2f667874,1308,2019,heldout_concept,3,False,True
c_a86b2f667874,1311,2013,heldout_concept,20,True,True
c_a86b2f667874,1312,2008,heldout_concept,10,True,True
c_a86b2f667874,1605,2016,heldout_concept,24,True,True
c_a86b2f667874,2105,2009,heldout_concept,12,True,True
c_a86b2f667874,2303,2019,heldout_concept,8,True,True
c_a86b2f667874,2403,2009,heldout_concept,13,True,True
c_a86b2f667874,2502,2017,heldout_concept,16,True,True
c_a86b2f667874,2505,2014,heldout_concept,16,True,True
c_a86b2f667874,2712,2019,heldout_concept,10,True,True
c_a86b2f667874,2720,2008,heldout_concept,18,True,True
c_a86b2f667874,2725,2011,heldout_concept,13,True,True
c_a86b2f667874,2728,2013,heldout_concept,12,True,True
c_a86b2f667874,2729,2011,heldout_concept,3,False,True
c_a86b2f667874,2730,2007,heldout_concept,16,True,True
c_a86b2f667874,2734,2013,heldout_concept,15,True,True
c_a86b2f667874,2735,2008,heldout_concept,8,True,True
c_a86b2f667874,2736,2009,heldout_concept,13,True,True
c_a86b2f667874,2739,2009,heldout_concept,25,True,True
c_a86b2f667874,2740,2007,heldout_concept,14,True,True
c_a86b2f667874,2743,2017,heldout_concept,18,True,True
c_9cf3e02c40c3,1910,2007,screen,10,True,True
c_9cf3e02c40c3,3103,2007,screen,29,True,True
c_9cf3e02c40c3,3106,2007,screen,33,True,True
c_9cf3e02c40c3,3107,2008,screen,14,True,True
c_77d5d74f1bf6,1211,2014,screen,24,True,True
c_77d5d74f1bf6,1702,2015,screen,13,True,True
c_77d5d74f1bf6,1910,2015,screen,20,True,True
c_77d5d74f1bf6,2204,2015,screen,12,True,True
c_77d5d74f1bf6,2206,2011,screen,13,True,True
c_77d5d74f1bf6,2207,2015,screen,13,True,True
c_77d5d74f1bf6,2208,2010,screen,21,True,True
c_77d5d74f1bf6,2212,2012,screen,15,True,True
c_77d5d74f1bf6,2214,2010,screen,13,True,True
c_24e2ee0faf24,1908,2012,screen,9,True,True
c_24e2ee0faf24,2214,2012,screen,7,True,True
c_24e2ee0faf24,3103,2018,screen,3,False,True
c_24e2ee0faf24,3107,2015,screen,13,True,True
c_e79d5454fc88,1502,2015,screen,5,True,True
c_e79d5454fc88,1606,2010,screen,14,True,True
c_e79d5454fc88,2105,2015,screen,11,True,True
c_e79d5454fc88,2204,2010,screen,14,True,True
c_e79d5454fc88,2205,2012,screen,7,True,True
c_e79d5454fc88,2208,2011,screen,6,True,True
c_e79d5454fc88,2304,2016,screen,15,True,True
c_e79d5454fc88,2500,2012,screen,2,False,True
c_e79d5454fc88,2504,2007,screen,7,True,True
c_e79d5454fc88,3107,2012,screen,22,True,True
c_e5a45e82b8e9,1705,2013,heldout_concept,3,False,True
c_e5a45e82b8e9,1707,2016,heldout_concept,8,True,True
c_e5a45e82b8e9,2204,2014,heldout_concept,3,False,True
c_e5a45e82b8e9,2208,2017,heldout_concept,12,True,True
c_e5a45e82b8e9,3105,2006,heldout_concept,12,True,False
c_e5a45e82b8e9,3106,2016,heldout_concept,18,True,True
c_4380b7a089e5,1312,2010,heldout_concept,9,True,True
c_4380b7a089e5,1604,2008,heldout_concept,13,True,True
c_4380b7a089e5,1605,2010,heldout_concept,11,True,True
c_4380b7a089e5,1607,2018,heldout_concept,15,True,True
c_4380b7a089e5,1702,2011,heldout_concept,6,True,True
c_4380b7a089e5,2105,2010,heldout_concept,12,True,True
c_4380b7a089e5,2204,2002,heldout_concept,20,True,False
c_4380b7a089e5,2208,2014,heldout_concept,20,True,True
c_4380b7a089e5,2210,2009,heldout_concept,6,True,True
c_4380b7a089e5,2211,2012,heldout_concept,19,True,True
c_4380b7a089e5,2304,2014,heldout_concept,12,True,True
c_4380b7a089e5,2505,2010,heldout_concept,3,False,True
c_4380b7a089e5,3103,2012,heldout_concept,2,False,True
c_4380b7a089e5,3104,2004,heldout_concept,13,True,False
c_4380b7a089e5,3107,2001,heldout_concept,11,True,False
c_4380b7a089e5,3302,2008,heldout_concept,7,True,True
c_833923f506ca,1702,2010,screen,11,True,True
c_833923f506ca,3103,2010,screen,8,True,True
c_833923f506ca,3107,2013,screen,9,True,True
c_4bd7704f481d,1110,2018,heldout_concept,17,True,True
c_4bd7704f481d,1203,2019,heldout_concept,9,True,True
c_4bd7704f481d,1211,2014,heldout_concept,4,False,False
c_4bd7704f481d,1304,2019,heldout_concept,17,True,True
c_4bd7704f481d,1312,2015,heldout_concept,11,True,True
c_4bd7704f481d,1703,2019,heldout_concept,14,True,True
c_4bd7704f481d,1707,2013,heldout_concept,11,True,False
c_4bd7704f481d,1710,2017,heldout_concept,16,True,True
c_4bd7704f481d,1711,2014,heldout_concept,12,True,False
c_4bd7704f481d,1803,2018,heldout_concept,7,True,True
c_4bd7704f481d,2202,2017,heldout_concept,16,True,True
c_4bd7704f481d,2203,2019,heldout_concept,20,True,True
c_4bd7704f481d,2206,2018,heldout_concept,21,True,True
c_4bd7704f481d,2207,2017,heldout_concept,19,True,True
c_4bd7704f481d,2208,2019,heldout_concept,17,True,True
c_4bd7704f481d,2214,2015,heldout_concept,13,True,True
c_4bd7704f481d,2305,2019,heldout_concept,15,True,True
c_4bd7704f481d,2505,2019,heldout_concept,8,True,True
c_4bd7704f481d,2705,2019,heldout_concept,6,True,True
c_4bd7704f481d,2728,2018,heldout_concept,10,True,True
c_4bd7704f481d,2740,2017,heldout_concept,19,True,True
c_4bd7704f481d,2741,2018,heldout_concept,7,True,True
c_4bd7704f481d,2805,2013,heldout_concept,14,True,False
c_4bd7704f481d,3109,2018,heldout_concept,18,True,True
c_4bd7704f481d,3205,2018,heldout_concept,6,True,True
c_4bd7704f481d,3313,2019,heldout_concept,14,True,True
c_02792d2208de,1606,2015,screen,9,True,True
c_02792d2208de,1702,2017,screen,8,True,True
c_02792d2208de,1705,2011,screen,20,True,True
c_02792d2208de,1710,2018,screen,7,True,True
c_02792d2208de,2207,2018,screen,9,True,True
c_02792d2208de,2208,2012,screen,8,True,True
c_02792d2208de,2607,2009,screen,12,True,False
c_02792d2208de,2608,2015,screen,12,True,True
c_02792d2208de,3304,2017,screen,9,True,True
c_02792d2208de,3322,2017,screen,10,True,True
c_8a0a8dab0e65,1704,2013,screen,10,True,True
c_8a0a8dab0e65,2204,2016,screen,4,False,True
c_8a0a8dab0e65,2206,2015,screen,2,False,True
c_92ba186c01f3,1211,2016,screen,8,True,True
c_92ba186c01f3,1711,2010,screen,2,False,True
c_92ba186c01f3,2206,2002,screen,12,True,False
c_92ba186c01f3,2602,2010,screen,30,True,True
c_92ba186c01f3,2604,2004,screen,13,True,False
c_92ba186c01f3,2608,2009,screen,14,True,True
c_92ba186c01f3,2610,2007,screen,5,True,True
c_9d2447253ac5,1211,2017,screen,9,True,True
c_9d2447253ac5,1702,2017,screen,14,True,True
c_9d2447253ac5,1705,2012,screen,11,True,True
c_9d2447253ac5,1707,2017,screen,10,True,True
c_9d2447253ac5,1708,2014,screen,17,True,True
c_9d2447253ac5,1710,2015,screen,14,True,True
c_9d2447253ac5,1711,2018,screen,24,True,True
c_9d2447253ac5,1802,2018,screen,5,True,True
c_9d2447253ac5,1803,2014,screen,13,True,True
c_9d2447253ac5,2202,2014,screen,9,True,True
c_9d2447253ac5,2204,2016,screen,24,True,True
c_9d2447253ac5,2206,2015,screen,18,True,True
c_9d2447253ac5,2207,2016,screen,7,True,True
c_9d2447253ac5,2209,2017,screen,22,True,True
c_9d2447253ac5,2214,2013,screen,16,True,True
c_9d2447253ac5,2215,2019,screen,8,True,True
c_9d2447253ac5,3107,2019,screen,9,True,True
c_9d2447253ac5,3312,2017,screen,16,True,True
c_9d2447253ac5,3313,2018,screen,15,True,True
c_9d2447253ac5,3322,2018,screen,7,True,True
c_007a7950eb4d,1306,2012,screen,3,False,True
c_007a7950eb4d,1311,2011,screen,13,True,True
c_007a7950eb4d,1312,2010,screen,14,True,True
c_007a7950eb4d,1406,2017,screen,16,True,True
c_007a7950eb4d,1602,2015,screen,14,True,True
c_007a7950eb4d,1702,2011,screen,13,True,True
c_007a7950eb4d,1703,2017,screen,20,True,True
c_007a7950eb4d,1705,2010,screen,8,True,True
c_007a7950eb4d,1707,2008,screen,10,True,True
c_007a7950eb4d,1711,2011,screen,11,True,True
c_007a7950eb4d,1803,2008,screen,8,True,True
c_007a7950eb4d,2202,2010,screen,15,True,True
c_007a7950eb4d,2204,2018,screen,13,True,True
c_007a7950eb4d,2206,2007,screen,2,False,True
c_007a7950eb4d,2207,2010,screen,20,True,True
c_007a7950eb4d,2208,2009,screen,8,True,True
c_007a7950eb4d,2212,2012,screen,15,True,True
c_007a7950eb4d,2215,2010,screen,4,False,True
c_007a7950eb4d,2604,2009,screen,7,True,True
c_007a7950eb4d,2605,2019,screen,8,True,True
c_007a7950eb4d,2610,2016,screen,13,True,True
c_007a7950eb4d,2716,2012,screen,14,True,True
c_007a7950eb4d,2741,2010,screen,12,True,True
c_007a7950eb4d,2805,2017,screen,6,True,True
c_007a7950eb4d,3107,2016,screen,3,False,True
c_007a7950eb4d,3109,2007,screen,6,True,True
c_007a7950eb4d,3312,2014,screen,9,True,True
c_bc7039a1fcd8,1604,2011,heldout_concept,13,True,True
c_bc7039a1fcd8,1607,2015,heldout_concept,4,False,True
c_bc7039a1fcd8,2204,2010,heldout_concept,19,True,True
c_bc7039a1fcd8,3103,2010,heldout_concept,13,True,True
c_bc7039a1fcd8,3107,2015,heldout_concept,15,True,True
c_f03a00abe2dc,2204,2017,screen,6,True,True
c_f03a00abe2dc,2208,2017,screen,13,True,True
c_f03a00abe2dc,2505,2016,screen,19,True,True
c_f03a00abe2dc,3104,2016,screen,9,True,True
c_934bf6901f0f,1110,2019,heldout_concept,12,True,True
c_934bf6901f0f,1304,2016,heldout_concept,2,False,True
c_934bf6901f0f,1306,2019,heldout_concept,7,True,True
c_934bf6901f0f,1312,2017,heldout_concept,22,True,True
c_934bf6901f0f,1702,2013,heldout_concept,18,True,False
c_934bf6901f0f,1703,2018,heldout_concept,8,True,True
c_934bf6901f0f,1705,2017,heldout_concept,14,True,True
c_934bf6901f0f,1709,2019,heldout_concept,8,True,True
c_934bf6901f0f,1710,2019,heldout_concept,69,True,True
c_934bf6901f0f,1711,2016,heldout_concept,11,True,True
c_934bf6901f0f,1804,2019,heldout_concept,13,True,True
c_934bf6901f0f,1907,2017,heldout_concept,5,True,True
c_934bf6901f0f,1908,2019,heldout_concept,16,True,True
c_934bf6901f0f,2000,2019,heldout_concept,18,True,True
c_934bf6901f0f,2003,2016,heldout_concept,3,False,True
c_934bf6901f0f,2202,2018,heldout_concept,27,True,True
c_934bf6901f0f,2203,2017,heldout_concept,14,True,True
c_934bf6901f0f,2205,2018,heldout_concept,9,True,True
c_934bf6901f0f,2206,2017,heldout_concept,21,True,True
c_934bf6901f0f,2207,2017,heldout_concept,17,True,True
c_934bf6901f0f,2208,2018,heldout_concept,35,True,True
c_934bf6901f0f,2209,2018,heldout_concept,21,True,True
c_934bf6901f0f,2210,2018,heldout_concept,21,True,True
c_934bf6901f0f,2212,2017,heldout_concept,11,True,True
c_934bf6901f0f,2214,2018,heldout_concept,15,True,True
c_934bf6901f0f,2215,2019,heldout_concept,15,True,True
c_934bf6901f0f,2302,2018,heldout_concept,14,True,True
c_934bf6901f0f,2505,2019,heldout_concept,22,True,True
c_934bf6901f0f,2604,2019,heldout_concept,15,True,True
c_934bf6901f0f,2605,2016,heldout_concept,10,True,True
c_934bf6901f0f,2613,2017,heldout_concept,14,True,True
c_934bf6901f0f,2705,2018,heldout_concept,19,True,True
c_934bf6901f0f,2727,2018,heldout_concept,16,True,True
c_934bf6901f0f,2730,2019,heldout_concept,14,True,True
c_934bf6901f0f,2731,2019,heldout_concept,15,True,True
c_934bf6901f0f,2738,2016,heldout_concept,12,True,True
c_934bf6901f0f,2741,2018,heldout_concept,13,True,True
c_934bf6901f0f,2805,2016,heldout_concept,13,True,True
c_934bf6901f0f,3103,2019,heldout_concept,30,True,True
c_934bf6901f0f,3106,2018,heldout_concept,11,True,True
c_934bf6901f0f,3107,2018,heldout_concept,9,True,True
c_934bf6901f0f,3109,2017,heldout_concept,10,True,True
c_934bf6901f0f,3304,2006,heldout_concept,1,False,False
c_934bf6901f0f,3311,2018,heldout_concept,14,True,True
c_934bf6901f0f,3312,2019,heldout_concept,12,True,True
c_81212986e10d,1702,2019,heldout_concept,12,True,True
c_81212986e10d,1908,2005,heldout_concept,9,True,False
c_81212986e10d,2002,2017,heldout_concept,6,True,True
c_81212986e10d,2202,2013,heldout_concept,11,True,True
c_81212986e10d,2206,2015,heldout_concept,10,True,True
c_81212986e10d,3105,2005,heldout_concept,11,True,False
c_81212986e10d,3107,2010,heldout_concept,20,True,True
c_81212986e10d,3317,2003,heldout_concept,8,True,False
c_eb3e469ad899,3104,2012,screen,11,True,True
c_7f7851d9c6b6,1607,2015,screen,16,True,True
c_7f7851d9c6b6,2002,2011,screen,11,True,True
c_7f7851d9c6b6,2604,2017,screen,4,False,True
c_7f7851d9c6b6,2608,2010,screen,18,True,True
c_7f7851d9c6b6,2610,2014,screen,12,True,True
c_7f7851d9c6b6,2705,2012,screen,3,False,True
c_7f7851d9c6b6,3109,2009,screen,17,True,False
c_bcd3d69b7a16,1603,2009,screen,20,True,False
c_bcd3d69b7a16,1702,2015,screen,7,True,True
c_bcd3d69b7a16,1707,2008,screen,4,False,False
c_bcd3d69b7a16,2206,2007,screen,16,True,False
c_bcd3d69b7a16,2208,2011,screen,19,True,False
c_bcd3d69b7a16,2210,2018,screen,4,False,True
c_bcd3d69b7a16,2604,2005,screen,15,True,False
c_bcd3d69b7a16,2605,2016,screen,15,True,True
c_bcd3d69b7a16,2610,2015,screen,17,True,True
c_bcd3d69b7a16,2612,2013,screen,14,True,True
c_bcd3d69b7a16,3108,2001,screen,11,True,False
c_4bc22ae42748,1312,2017,screen,7,True,True
c_4bc22ae42748,1702,2013,screen,12,True,True
c_4bc22ae42748,1703,2014,screen,12,True,True
c_4bc22ae42748,2204,2010,screen,11,True,True
c_4bc22ae42748,2205,2013,screen,18,True,True
c_4bc22ae42748,2208,2015,screen,18,True,True
c_4bc22ae42748,2504,2013,screen,19,True,True
c_4bc22ae42748,2508,2014,screen,14,True,True
c_4bc22ae42748,3102,2015,screen,20,True,True
c_4bc22ae42748,3104,2015,screen,11,True,True
c_4bc22ae42748,3107,2012,screen,8,True,True
c_8a7b58068a03,3104,2013,screen,19,True,True
c_8a7b58068a03,3107,2012,screen,9,True,False
c_8a7b58068a03,3109,2013,screen,11,True,True
c_667b35b905bc,1605,2018,screen,19,True,True
c_667b35b905bc,1703,2012,screen,15,True,True
c_667b35b905bc,1710,2016,screen,1,False,True
c_667b35b905bc,2105,2016,screen,17,True,True
c_667b35b905bc,2204,2014,screen,12,True,True
c_667b35b905bc,2208,2010,screen,17,True,True
c_667b35b905bc,2210,2016,screen,20,True,True
c_667b35b905bc,2504,2011,screen,15,True,True
c_667b35b905bc,3104,2011,screen,14,True,True
c_667b35b905bc,3107,2009,screen,24,True,True
c_667b35b905bc,3109,2015,screen,9,True,True
c_4561b92644a6,1203,2014,heldout_concept,2,False,True
c_4561b92644a6,1312,2012,heldout_concept,8,True,True
c_4561b92644a6,1408,2014,heldout_concept,1,False,True
c_4561b92644a6,1703,2016,heldout_concept,6,True,True
c_4561b92644a6,1705,2010,heldout_concept,1,False,True
c_4561b92644a6,2203,2015,heldout_concept,19,True,True
c_4561b92644a6,2214,2014,heldout_concept,21,True,True
c_4561b92644a6,3109,2015,heldout_concept,18,True,True
c_4561b92644a6,3312,2013,heldout_concept,11,True,True
c_4561b92644a6,3313,2017,heldout_concept,9,True,True
c_05d308510ee3,1702,2016,heldout_concept,8,True,True
c_05d308510ee3,2206,2015,heldout_concept,10,True,True
c_05d308510ee3,2504,2015,heldout_concept,4,False,True
c_05d308510ee3,2604,2018,heldout_concept,9,True,True
c_05d308510ee3,2607,2017,heldout_concept,6,True,True
c_05d308510ee3,2608,2008,heldout_concept,8,True,False
c_05d308510ee3,2610,2006,heldout_concept,14,True,False
c_05d308510ee3,2612,2016,heldout_concept,17,True,True
c_05d308510ee3,3109,2014,heldout_concept,14,True,True
c_6340f70f7803,1910,2009,screen,9,True,True
c_6340f70f7803,2212,2007,screen,13,True,True
c_6340f70f7803,2610,2017,screen,4,False,True
c_6340f70f7803,2731,2018,screen,8,True,True
c_6340f70f7803,2741,2010,screen,15,True,True
c_6340f70f7803,2746,2016,screen,10,True,True
c_6340f70f7803,3106,2005,screen,26,True,True
c_6340f70f7803,3109,2015,screen,9,True,True
c_e895570ed25f,1110,2018,screen,17,True,True
c_e895570ed25f,1312,2014,screen,13,True,True
c_e895570ed25f,1404,2015,screen,9,True,True
c_e895570ed25f,1702,2015,screen,38,True,True
c_e895570ed25f,1706,2017,screen,6,True,True
c_e895570ed25f,1709,2019,screen,14,True,True
c_e895570ed25f,1710,2017,screen,10,True,True
c_e895570ed25f,1711,2014,screen,4,False,True
c_e895570ed25f,1902,2016,screen,14,True,True
c_e895570ed25f,1907,2016,screen,18,True,True
c_e895570ed25f,1910,2017,screen,15,True,True
c_e895570ed25f,2202,2015,screen,54,True,True
c_e895570ed25f,2203,2017,screen,12,True,True
c_e895570ed25f,2204,2015,screen,9,True,True
c_e895570ed25f,2205,2019,screen,17,True,True
c_e895570ed25f,2206,2019,screen,22,True,True
c_e895570ed25f,2207,2017,screen,7,True,True
c_e895570ed25f,2209,2016,screen,24,True,True
c_e895570ed25f,2214,2015,screen,27,True,True
c_e895570ed25f,2215,2018,screen,6,True,True
c_e895570ed25f,2303,2019,screen,13,True,True
c_e895570ed25f,2305,2016,screen,6,True,True
c_e895570ed25f,2312,2016,screen,14,True,True
c_e895570ed25f,2604,2016,screen,19,True,True
c_e895570ed25f,3105,2019,screen,9,True,True
c_e895570ed25f,3205,2016,screen,20,True,True
c_2fc072066f34,1312,2005,screen,25,True,True
c_2fc072066f34,1703,2010,screen,13,True,True
c_2fc072066f34,1705,2016,screen,0,False,True
c_2fc072066f34,1707,2016,screen,9,True,True
c_2fc072066f34,1708,2012,screen,10,True,True
c_2fc072066f34,1710,2014,screen,2,False,True
c_2fc072066f34,2202,2019,screen,4,False,True
c_2fc072066f34,2208,2012,screen,21,True,True
c_2fc072066f34,2309,2002,screen,9,True,False
c_2fc072066f34,2505,2010,screen,15,True,True
c_2fc072066f34,3102,2019,screen,10,True,True
c_2fc072066f34,3104,2018,screen,18,True,True
c_2fc072066f34,3105,2016,screen,9,True,True
c_2fc072066f34,3107,2005,screen,19,True,True
c_74026fe51449,1705,2018,screen,15,True,True
c_74026fe51449,1711,2019,screen,15,True,True
c_74026fe51449,1902,2019,screen,25,True,True
c_74026fe51449,1910,2019,screen,11,True,True
c_74026fe51449,2002,2019,screen,10,True,True
c_74026fe51449,2212,2019,screen,16,True,True
c_74026fe51449,2306,2018,screen,29,True,True
c_74026fe51449,2504,2018,screen,8,True,True
c_74026fe51449,2705,2019,screen,13,True,True
c_74026fe51449,3103,2015,screen,13,True,False
c_74026fe51449,3106,2019,screen,14,True,True
c_74026fe51449,3107,2016,screen,10,True,True
c_74026fe51449,3109,2015,screen,16,True,False
c_7f09154f6349,1208,2017,screen,5,True,True
c_7f09154f6349,1211,2019,screen,9,True,True
c_7f09154f6349,1312,2014,screen,26,True,True
c_7f09154f6349,1602,2018,screen,20,True,True
c_7f09154f6349,1607,2013,screen,17,True,True
c_7f09154f6349,1702,2012,screen,10,True,True
c_7f09154f6349,1703,2017,screen,18,True,True
c_7f09154f6349,1704,2019,screen,6,True,True
c_7f09154f6349,1705,2018,screen,12,True,True
c_7f09154f6349,1707,2016,screen,10,True,True
c_7f09154f6349,1708,2016,screen,16,True,True
c_7f09154f6349,1710,2019,screen,9,True,True
c_7f09154f6349,1711,2018,screen,18,True,True
c_7f09154f6349,1804,2012,screen,13,True,True
c_7f09154f6349,2003,2019,screen,14,True,True
c_7f09154f6349,2202,2014,screen,1,False,True
c_7f09154f6349,2204,2019,screen,38,True,True
c_7f09154f6349,2206,2016,screen,16,True,True
c_7f09154f6349,2207,2012,screen,9,True,True
c_7f09154f6349,2208,2019,screen,17,True,True
c_7f09154f6349,2215,2019,screen,16,True,True
c_7f09154f6349,2604,2019,screen,16,True,True
c_7f09154f6349,2610,2010,screen,14,True,False
c_7f09154f6349,2611,2019,screen,18,True,True
c_7f09154f6349,2612,2012,screen,8,True,True
c_7f09154f6349,3107,2012,screen,13,True,True
c_7f09154f6349,3109,2017,screen,11,True,True
c_bf12df84c614,1702,2001,screen,18,True,False
c_bf12df84c614,1902,2011,screen,13,True,True
c_bf12df84c614,2604,2011,screen,8,True,True
c_bf12df84c614,3103,2011,screen,42,True,True
c_bf12df84c614,3107,2011,screen,21,True,True
c_bf12df84c614,3108,2012,screen,13,True,True
c_bf12df84c614,3109,2002,screen,14,True,False
c_0db0c80eb81a,1211,2014,heldout_concept,12,True,True
c_0db0c80eb81a,1605,2019,heldout_concept,12,True,True
c_0db0c80eb81a,1606,2017,heldout_concept,12,True,True
c_0db0c80eb81a,1702,2012,heldout_concept,13,True,False
c_0db0c80eb81a,1703,2019,heldout_concept,20,True,True
c_0db0c80eb81a,2204,2016,heldout_concept,16,True,True
c_0db0c80eb81a,2205,2017,heldout_concept,15,True,True
c_0db0c80eb81a,2208,2014,heldout_concept,16,True,True
c_0db0c80eb81a,2210,2016,heldout_concept,13,True,True
c_0db0c80eb81a,2504,2011,heldout_concept,20,True,False
c_0db0c80eb81a,2505,2012,heldout_concept,21,True,False
c_0db0c80eb81a,2746,2018,heldout_concept,9,True,True
c_0db0c80eb81a,3104,2012,heldout_concept,13,True,False
c_0db0c80eb81a,3109,2017,heldout_concept,14,True,True
c_0db0c80eb81a,3312,2018,heldout_concept,11,True,True
c_1c1c5f783c18,1211,2012,heldout_concept,11,True,True
c_1c1c5f783c18,1304,2015,heldout_concept,14,True,True
c_1c1c5f783c18,1312,2012,heldout_concept,2,False,True
c_1c1c5f783c18,1607,2014,heldout_concept,13,True,True
c_1c1c5f783c18,1702,2012,heldout_concept,21,True,True
c_1c1c5f783c18,1703,2009,heldout_concept,27,True,True
c_1c1c5f783c18,1705,2010,heldout_concept,13,True,True
c_1c1c5f783c18,1707,2009,heldout_concept,9,True,True
c_1c1c5f783c18,1711,2011,heldout_concept,12,True,True
c_1c1c5f783c18,1804,2016,heldout_concept,10,True,True
c_1c1c5f783c18,1908,2019,heldout_concept,18,True,True
c_1c1c5f783c18,1910,2013,heldout_concept,13,True,True
c_1c1c5f783c18,2202,2013,heldout_concept,14,True,True
c_1c1c5f783c18,2204,2012,heldout_concept,29,True,True
c_1c1c5f783c18,2205,2011,heldout_concept,14,True,True
c_1c1c5f783c18,2207,2011,heldout_concept,9,True,True
c_1c1c5f783c18,2208,2011,heldout_concept,24,True,True
c_1c1c5f783c18,2210,2015,heldout_concept,14,True,True
c_1c1c5f783c18,2211,2019,heldout_concept,5,True,True
c_1c1c5f783c18,2212,2011,heldout_concept,3,False,True
c_1c1c5f783c18,2214,2013,heldout_concept,26,True,True
c_1c1c5f783c18,2602,2019,heldout_concept,6,True,True
c_1c1c5f783c18,2604,2008,heldout_concept,14,True,True
c_1c1c5f783c18,2605,2015,heldout_concept,22,True,True
c_1c1c5f783c18,2607,2011,heldout_concept,8,True,True
c_1c1c5f783c18,2608,2011,heldout_concept,4,False,True
c_1c1c5f783c18,2610,2010,heldout_concept,14,True,True
c_1c1c5f783c18,2612,2012,heldout_concept,4,False,True
c_1c1c5f783c18,2613,2009,heldout_concept,13,True,True
c_1c1c5f783c18,2741,2012,heldout_concept,15,True,True
c_1c1c5f783c18,2808,2014,heldout_concept,6,True,True
c_1c1c5f783c18,3102,2018,heldout_concept,18,True,True
c_1c1c5f783c18,3107,2013,heldout_concept,21,True,True
c_1c1c5f783c18,3108,2013,heldout_concept,17,True,True
c_1c1c5f783c18,3304,2016,heldout_concept,3,False,True
c_baf08ae6e65e,1312,2017,heldout_concept,15,True,True
c_baf08ae6e65e,1503,2018,heldout_concept,9,True,True
c_baf08ae6e65e,1702,2019,heldout_concept,8,True,True
c_baf08ae6e65e,2105,2017,heldout_concept,14,True,True
c_baf08ae6e65e,2204,2017,heldout_concept,19,True,True
c_baf08ae6e65e,2208,2016,heldout_concept,20,True,True
c_baf08ae6e65e,2504,2017,heldout_concept,17,True,True
c_baf08ae6e65e,2507,2015,heldout_concept,20,True,True
c_baf08ae6e65e,3107,2015,heldout_concept,23,True,True
c_16e9bc1ff20f,1705,2006,screen,15,True,False
c_16e9bc1ff20f,2204,2010,screen,9,True,True
c_16e9bc1ff20f,3207,2010,screen,7,True,True
c_e6673f0a4a58,1705,2005,heldout_concept,17,True,True
c_e6673f0a4a58,2613,2012,heldout_concept,19,True,True
c_f254c2991eae,1710,2019,heldout_concept,12,True,True
c_b38eddee27ee,1109,2015,screen,13,True,True
c_b38eddee27ee,1312,2013,screen,8,True,True
c_b38eddee27ee,1602,2016,screen,17,True,True
c_b38eddee27ee,1702,2012,screen,10,True,True
c_b38eddee27ee,1703,2017,screen,9,True,True
c_b38eddee27ee,1705,2018,screen,4,False,True
c_b38eddee27ee,1707,2010,screen,14,True,False
c_b38eddee27ee,1709,2019,screen,8,True,True
c_b38eddee27ee,1710,2017,screen,14,True,True
c_b38eddee27ee,1711,2010,screen,12,True,False
c_b38eddee27ee,1908,2016,screen,17,True,True
c_b38eddee27ee,2102,2017,screen,17,True,True
c_b38eddee27ee,2105,2018,screen,18,True,True
c_b38eddee27ee,2202,2015,screen,17,True,True
c_b38eddee27ee,2204,2019,screen,13,True,True
c_b38eddee27ee,2205,2018,screen,13,True,True
c_b38eddee27ee,2207,2011,screen,8,True,False
c_b38eddee27ee,2208,2008,screen,2,False,False
c_b38eddee27ee,2210,2019,screen,17,True,True
c_b38eddee27ee,2212,2018,screen,14,True,True
c_b38eddee27ee,2214,2016,screen,13,True,True
c_b38eddee27ee,2215,2013,screen,13,True,True
c_b38eddee27ee,2605,2016,screen,17,True,True
c_b38eddee27ee,2613,2017,screen,14,True,True
c_b38eddee27ee,2705,2016,screen,14,True,True
c_b38eddee27ee,2730,2019,screen,13,True,True
c_b38eddee27ee,2805,2007,screen,12,True,False
c_b38eddee27ee,3109,2018,screen,11,True,True
c_e8febadc6f35,1211,2013,screen,7,True,True
c_e8febadc6f35,1702,2008,screen,13,True,True
c_e8febadc6f35,1705,2016,screen,5,True,True
c_e8febadc6f35,1706,2013,screen,5,True,True
c_e8febadc6f35,1707,2011,screen,10,True,True
c_e8febadc6f35,1802,2013,screen,14,True,True
c_e8febadc6f35,2307,2019,screen,15,True,True
c_e8febadc6f35,3109,2010,screen,8,True,True
c_e8febadc6f35,3207,2017,screen,8,True,True
c_e8febadc6f35,3312,2012,screen,9,True,True
c_e8febadc6f35,3315,2010,screen,6,True,True
c_e8febadc6f35,3322,2016,screen,3,False,True
c_e8febadc6f35,3600,2019,screen,12,True,True
c_92a2f061c4a9,2206,2004,screen,17,True,False
c_92a2f061c4a9,2207,2018,screen,16,True,True
c_92a2f061c4a9,2211,2012,screen,12,True,False
c_92a2f061c4a9,2305,2014,screen,17,True,True
c_92a2f061c4a9,2604,2013,screen,10,True,False
c_92a2f061c4a9,2610,2016,screen,12,True,True
c_8d4aa499810d,1803,2018,screen,3,False,True
c_8d4aa499810d,2602,2011,screen,13,True,True
c_8d4aa499810d,2607,2015,screen,14,True,True
c_8d4aa499810d,2610,2008,screen,4,False,False
c_05d3dfa90ab3,2204,2015,heldout_concept,16,True,True
c_05d3dfa90ab3,2208,2012,heldout_concept,19,True,True
c_05d3dfa90ab3,2505,2011,heldout_concept,15,True,True
c_05d3dfa90ab3,2507,2016,heldout_concept,11,True,True
c_05d3dfa90ab3,2740,2017,heldout_concept,14,True,True
c_05d3dfa90ab3,3104,2009,heldout_concept,6,True,False
c_05d3dfa90ab3,3312,2019,heldout_concept,2,False,True
c_6f6fc1488a11,1702,2018,screen,13,True,True
c_6f6fc1488a11,1707,2016,screen,3,False,True
c_6f6fc1488a11,2610,2019,screen,15,True,True
c_6f6fc1488a11,3105,2017,screen,14,True,True
c_6f6fc1488a11,3106,2016,screen,15,True,True
c_6ed72db6e3f6,2505,2016,screen,13,True,True
c_6ed72db6e3f6,3104,2015,screen,14,True,True
c_6d2c0bb6acb0,1312,2017,screen,3,False,True
c_6d2c0bb6acb0,2204,2012,screen,12,True,True
c_6d2c0bb6acb0,2208,2011,screen,8,True,True
c_6d2c0bb6acb0,2504,2015,screen,14,True,True
c_6d2c0bb6acb0,3104,2010,screen,12,True,True
c_6d2c0bb6acb0,3107,2008,screen,10,True,True
c_6d2c0bb6acb0,3109,2010,screen,17,True,True
c_444e89430419,1304,2016,heldout_concept,14,True,True
c_444e89430419,1312,2008,heldout_concept,10,True,True
c_444e89430419,1602,2014,heldout_concept,16,True,True
c_444e89430419,1703,2012,heldout_concept,21,True,True
c_444e89430419,1705,2013,heldout_concept,10,True,True
c_444e89430419,1707,2010,heldout_concept,30,True,True
c_444e89430419,1711,2002,heldout_concept,17,True,False
c_444e89430419,1803,2010,heldout_concept,15,True,True
c_444e89430419,1804,2017,heldout_concept,13,True,True
c_444e89430419,1908,2019,heldout_concept,7,True,True
c_444e89430419,2002,2015,heldout_concept,26,True,True
c_444e89430419,2202,2017,heldout_concept,9,True,True
c_444e89430419,2206,2016,heldout_concept,27,True,True
c_444e89430419,2207,2014,heldout_concept,15,True,True
c_444e89430419,2208,2006,heldout_concept,19,True,False
c_444e89430419,2212,2012,heldout_concept,16,True,True
c_444e89430419,2214,2013,heldout_concept,13,True,True
c_444e89430419,2305,2011,heldout_concept,13,True,True
c_444e89430419,2306,2018,heldout_concept,12,True,True
c_444e89430419,2605,2016,heldout_concept,16,True,True
c_444e89430419,2608,2011,heldout_concept,5,True,True
c_444e89430419,2610,2006,heldout_concept,11,True,False
c_444e89430419,2612,2010,heldout_concept,5,True,True
c_444e89430419,2613,2004,heldout_concept,12,True,False
c_444e89430419,2805,2004,heldout_concept,9,True,False
c_444e89430419,3107,2008,heldout_concept,12,True,True
c_444e89430419,3109,2010,heldout_concept,14,True,True
c_444e89430419,3205,2018,heldout_concept,11,True,True
c_91a8f1c2869f,1211,2013,screen,11,True,True
c_91a8f1c2869f,1307,2002,screen,10,True,False
c_91a8f1c2869f,1705,2019,screen,10,True,True
c_91a8f1c2869f,1711,2013,screen,20,True,True
c_91a8f1c2869f,1804,2014,screen,16,True,True
c_91a8f1c2869f,1908,2017,screen,12,True,True
c_91a8f1c2869f,2003,2017,screen,7,True,True
c_91a8f1c2869f,2205,2014,screen,8,True,True
c_91a8f1c2869f,2206,2014,screen,13,True,True
c_91a8f1c2869f,2207,2019,screen,12,True,True
c_91a8f1c2869f,2305,2009,screen,15,True,False
c_91a8f1c2869f,2604,2012,screen,12,True,True
c_91a8f1c2869f,2610,2013,screen,12,True,True
c_91a8f1c2869f,2613,2012,screen,15,True,True
c_91a8f1c2869f,2705,2011,screen,10,True,False
c_91a8f1c2869f,2737,2012,screen,17,True,True
c_91a8f1c2869f,2738,2000,screen,12,True,False
c_91a8f1c2869f,2746,2015,screen,11,True,True
c_91a8f1c2869f,3603,2009,screen,15,True,False
c_b6ceebb6f368,1702,2012,screen,5,True,True
c_b6ceebb6f368,1910,2014,screen,12,True,True
c_b6ceebb6f368,2212,2014,screen,7,True,True
c_b6ceebb6f368,3106,2007,screen,18,True,False
c_b6ceebb6f368,3109,2008,screen,10,True,True
c_380e2739f62c,1904,2005,screen,11,True,False
c_380e2739f62c,1908,2019,screen,11,True,True
c_380e2739f62c,1910,2015,screen,4,False,True
c_380e2739f62c,2204,2018,screen,18,True,True
c_380e2739f62c,2205,2006,screen,8,True,False
c_380e2739f62c,2211,2018,screen,12,True,True
c_380e2739f62c,2212,2012,screen,19,True,True
c_380e2739f62c,2304,2015,screen,16,True,True
c_380e2739f62c,2308,2015,screen,13,True,True
c_380e2739f62c,3103,2012,screen,15,True,True
c_f546e5e7ea86,1307,2019,screen,16,True,True
c_f546e5e7ea86,2105,2017,screen,9,True,True
c_f546e5e7ea86,2202,2016,screen,1,False,True
c_f546e5e7ea86,2207,2015,screen,9,True,True
c_f546e5e7ea86,3107,2017,screen,9,True,True
c_5af098ea73b2,1312,2012,screen,6,True,True
c_5af098ea73b2,1702,2013,screen,9,True,True
c_5af098ea73b2,1708,2017,screen,16,True,True
c_5af098ea73b2,1710,2010,screen,14,True,True
c_5af098ea73b2,1712,2009,screen,18,True,True
c_5af098ea73b2,1802,2016,screen,3,False,True
c_5af098ea73b2,1803,2016,screen,11,True,True
c_5af098ea73b2,2202,2017,screen,4,False,True
c_5af098ea73b2,2208,2013,screen,8,True,True
c_5af098ea73b2,2210,2016,screen,18,True,True
c_e470c5c98b3e,1208,2016,screen,4,False,True
c_e470c5c98b3e,1710,2005,screen,3,False,False
c_e470c5c98b3e,3107,2002,screen,4,False,False
c_e470c5c98b3e,3304,2013,screen,6,True,True
c_e470c5c98b3e,3312,2018,screen,1,False,True
c_3471cfc978c7,1211,2016,screen,13,True,True
c_3471cfc978c7,1312,2012,screen,17,True,True
c_3471cfc978c7,1403,2013,screen,15,True,True
c_3471cfc978c7,1702,2016,screen,21,True,True
c_3471cfc978c7,1703,2007,screen,2,False,False
c_3471cfc978c7,1705,2008,screen,21,True,True
c_3471cfc978c7,1706,2017,screen,12,True,True
c_3471cfc978c7,1707,2012,screen,18,True,True
c_3471cfc978c7,1803,2018,screen,11,True,True
c_3471cfc978c7,2205,2015,screen,1,False,True
c_3471cfc978c7,2208,2017,screen,9,True,True
c_3471cfc978c7,2602,2017,screen,17,True,True
c_3471cfc978c7,2605,2013,screen,29,True,True
c_3471cfc978c7,2607,2016,screen,14,True,True
c_3471cfc978c7,2610,2015,screen,9,True,True
c_3471cfc978c7,2805,2017,screen,15,True,True
c_3471cfc978c7,3109,2005,screen,7,True,False
c_3471cfc978c7,3312,2017,screen,2,False,True
c_3471cfc978c7,3322,2013,screen,6,True,True
c_9aabfd15c0ee,1103,2017,screen,10,True,True
c_9aabfd15c0ee,1106,2018,screen,12,True,True
c_9aabfd15c0ee,1110,2015,screen,11,True,True
c_9aabfd15c0ee,1304,2016,screen,14,True,True
c_9aabfd15c0ee,1306,2019,screen,5,True,True
c_9aabfd15c0ee,1312,2015,screen,11,True,True
c_9aabfd15c0ee,1602,2019,screen,16,True,True
c_9aabfd15c0ee,1702,2015,screen,14,True,True
c_9aabfd15c0ee,1703,2019,screen,12,True,True
c_9aabfd15c0ee,1704,2018,screen,12,True,True
c_9aabfd15c0ee,1705,2004,screen,11,True,False
c_9aabfd15c0ee,1709,2016,screen,13,True,True
c_9aabfd15c0ee,1710,2017,screen,14,True,True
c_9aabfd15c0ee,1711,2016,screen,18,True,True
c_9aabfd15c0ee,1902,2015,screen,8,True,True
c_9aabfd15c0ee,1907,2017,screen,17,True,True
c_9aabfd15c0ee,1910,2018,screen,15,True,True
c_9aabfd15c0ee,2002,2017,screen,15,True,True
c_9aabfd15c0ee,2202,2015,screen,19,True,True
c_9aabfd15c0ee,2203,2019,screen,8,True,True
c_9aabfd15c0ee,2204,2016,screen,11,True,True
c_9aabfd15c0ee,2205,2019,screen,14,True,True
c_9aabfd15c0ee,2206,2015,screen,11,True,True
c_9aabfd15c0ee,2207,2017,screen,21,True,True
c_9aabfd15c0ee,2208,2017,screen,6,True,True
c_9aabfd15c0ee,2209,2017,screen,15,True,True
c_9aabfd15c0ee,2210,2017,screen,8,True,True
c_9aabfd15c0ee,2212,2017,screen,15,True,True
c_9aabfd15c0ee,2213,2018,screen,15,True,True
c_9aabfd15c0ee,2214,2014,screen,14,True,True
c_9aabfd15c0ee,2215,2019,screen,6,True,True
c_9aabfd15c0ee,2303,2015,screen,12,True,True
c_9aabfd15c0ee,2306,2019,screen,11,True,True
c_9aabfd15c0ee,2312,2016,screen,14,True,True
c_9aabfd15c0ee,2505,2017,screen,8,True,True
c_9aabfd15c0ee,2705,2018,screen,14,True,True
c_9aabfd15c0ee,2707,2018,screen,8,True,True
c_9aabfd15c0ee,2715,2017,screen,11,True,True
c_9aabfd15c0ee,2728,2019,screen,13,True,True
c_9aabfd15c0ee,2730,2016,screen,13,True,True
c_9aabfd15c0ee,2731,2019,screen,6,True,True
c_9aabfd15c0ee,2739,2017,screen,14,True,True
c_9aabfd15c0ee,2740,2015,screen,19,True,True
c_9aabfd15c0ee,2741,2015,screen,11,True,True
c_9aabfd15c0ee,2746,2016,screen,9,True,True
c_9aabfd15c0ee,2805,2016,screen,19,True,True
c_9aabfd15c0ee,2808,2018,screen,14,True,True
c_9aabfd15c0ee,3103,2017,screen,12,True,True
c_9aabfd15c0ee,3204,2018,screen,3,False,True
c_9aabfd15c0ee,3205,2016,screen,18,True,True
c_9aabfd15c0ee,3313,2018,screen,18,True,True
c_9aabfd15c0ee,3315,2013,screen,6,True,False
c_9aabfd15c0ee,3322,2018,screen,7,True,True
c_9aabfd15c0ee,3614,2018,screen,14,True,True
c_1ca4df65e868,1106,2012,screen,5,True,True
c_1ca4df65e868,1203,2005,screen,10,True,False
c_1ca4df65e868,1705,2003,screen,15,True,False
c_1ca4df65e868,1910,2015,screen,5,True,True
c_1ca4df65e868,2309,2006,screen,6,True,False
c_1ca4df65e868,2507,2005,screen,10,True,False
c_1ca4df65e868,2604,2001,screen,12,True,False
c_1ca4df65e868,2608,2011,screen,6,True,True
c_1ca4df65e868,2610,2001,screen,10,True,False
c_1ca4df65e868,2737,2005,screen,11,True,False
c_1ca4df65e868,3103,2011,screen,11,True,True
c_1ca4df65e868,3106,2002,screen,9,True,False
c_1ca4df65e868,3107,2013,screen,11,True,True
c_1ca4df65e868,3320,2018,screen,14,True,True
