concept_id,t,age,d,role,n_w1,n_children,n_parents,eligible,rho,m,mom,mom_lo,mom_hi,t_max_used,within_host_share,within_host_share_refs,n_children_with_refs,lenient_share,n_traced,untraced_share,background_only_share,n_canonical_in_d,nan_share,rho_lo,rho_hi,log_ci_width,m_lo,m_hi,p_greater_main,p_less_main,rt_lo_main,rt_hi_main,p_greater_past,p_less_past,rt_lo_past,rt_hi_past,p_greater_eb,p_less_eb,rt_lo_eb,rt_hi_eb,p_greater_only3,p_less_only3,rt_lo_only3,rt_hi_only3,p_greater_refboot,p_less_refboot,rt_lo_refboot,rt_hi_refboot,n_parents_cw1,n_children_cw1,n_traced_cw1,rho_cw1,p_greater_cw1,p_less_cw1,m_lo_cw1,phrase,fold,F,F_band,origin_subfield,field_d,sense_check_fail,retrieval_route,out_of_time_2016_18,rho0,rho0_level,rho0_n_cells,rho0_eb,rho_tilde,rho_tilde_lo,rho_tilde_hi,growing_edge,state_main,state_nmin5,state_nmin10,state_nmin15,state_nmin20,state_nmin30,state_EB,state_refboot,state_pastL3,state_only3refs,state_canonW1,q_greater,q_less,tested_main,reason_code,n_min_main
c_007a7950eb4d,2010,3,2206,host,20,20,0,True,,0.2593599367361915,1.762118944700858,1.0041794729051503,2.520058416496566,2010,0.45,0.45,20,0.6,10,0.5,0.3,2,,,,,,,,,,,,,,,,,,,,,,,,,,,,,,,,,,dantzig selector,screen,2007,2005-07,2613.0,22,False,B_s2_index,False,0.10051291976709552,L2,3,0.20158599688842269,,,,True,UNDETERMINED,UNDETERMINED,UNDETERMINED,UNDETERMINED,UNDETERMINED,UNDETERMINED,UNDETERMINED,UNDETERMINED,UNDETERMINED,UNDETERMINED,UNDETERMINED,,,False,no_cohort_parents,30
c_007a7950eb4d,2011,4,2206,host,30,30,2,True,3.0737264300162495,0.239573291157461,1.3340300441315591,0.42410223736789787,2.2439578508952205,2011,0.43333333333333335,0.48148148148148145,27,0.6,15,0.5,0.23333333333333334,3,0.118,1.1570597633495827,7.814119526699166,1.9100501924027777,0.09090909090909091,0.3892560844162762,0.11888111888111888,1.0,4.522152646070468,30.54003121850611,0.11888111888111888,1.0,4.522152646070468,30.54003121850611,0.11888111888111888,1.0,5.739782431366065,38.763206012887196,0.11888111888111888,1.0,2.258414560219785,15.25203958636256,0.11988011988011989,0.999000999000999,3.416026650145587,41.37690892351118,1.0,30.0,15.0,2.186323723225848,0.4225774225774226,0.958041958041958,0.12581004888195674,dantzig selector,screen,2007,2005-07,2613.0,22,False,B_s2_index,False,0.25586481791034005,L2,5,0.20158599688842269,12.013087438591665,4.522152646070468,30.54003121850611,True,UNDETERMINED,UNDETERMINED,UNDETERMINED,UNDETERMINED,UNDETERMINED,UNDETERMINED,UNDETERMINED,UNDETERMINED,UNDETERMINED,UNDETERMINED,UNDETERMINED,0.11888111888111888,1.0,True,tested,30
c_007a7950eb4d,2012,5,2206,host,40,39,6,True,1.6857282572792542,0.20102660340285822,0.46314745937094653,0.21513090636311288,0.7111640123787801,2012,0.46153846153846156,0.5,36,0.6923076923076923,20,0.4871794871794872,0.3076923076923077,4,0.001,0.9151414273252773,3.8225956871299402,1.429550962380861,0.09368874579723034,0.31731460440134757,0.001998001998001998,1.0,4.940248898194541,20.635689269123834,0.001998001998001998,1.0,7.936249338974658,33.15014662140236,0.001998001998001998,1.0,4.940248898194541,20.635689269123834,0.001998001998001998,1.0,1.9848354140234792,8.290765849694315,0.001998001998001998,1.0,4.089119190598848,63.51647077784884,4.0,39.0,21.0,0.7831555015986091,0.04495504495504495,0.9660339660339661,0.14749630283653223,dantzig selector,screen,2007,2005-07,2613.0,22,False,B_s2_index,False,0.1852419678003924,L3,22,0.1852419678003924,9.100142247979743,4.940248898194541,20.635689269123834,True,SOURCE,SOURCE,SOURCE,SOURCE,SOURCE,SOURCE,SOURCE,SOURCE,SOURCE,SOURCE,SOURCE,0.001998001998001998,1.0,True,tested,30
c_007a7950eb4d,2013,6,2206,host,51,49,18,True,0.8808811001641594,0.21401341244226174,0.2669173231327516,0.010703070653168723,0.5231315756123345,2013,0.5102040816326531,0.5555555555555556,45,0.7346938775510204,27,0.44897959183673475,0.24489795918367346,4,0.0,0.5704325380049194,1.399372124478251,0.8973841055291356,0.11763882311374513,0.31636919267078173,0.000999000999000999,1.0,5.739406782324245,14.07978214271623,0.000999000999000999,1.0,5.739406782324245,14.07978214271623,0.000999000999000999,1.0,2.829723030417893,6.941812159962677,0.013986013986013986,0.987012987012987,1.2372018891687926,3.0350755272654313,0.000999000999000999,1.0,2.1949387918347356,41.93404027665241,17.0,49.0,26.0,0.7783611871304454,0.000999000999000999,1.0,0.12168500287930602,dantzig selector,screen,2007,2005-07,2613.0,22,False,B_s2_index,False,0.09938876257415502,L2,6,0.20158599688842269,8.862984882289128,5.739406782324245,14.07978214271623,True,SOURCE,SOURCE,SOURCE,SOURCE,SOURCE,SOURCE,SOURCE,SOURCE,SOURCE,SOURCE,SOURCE,0.000999000999000999,1.0,True,tested,30
c_007a7950eb4d,2014,7,2206,host,59,55,25,True,0.5279683189229949,0.22670541744488015,0.07558455544926741,-0.12277455829762766,0.2739436691961625,2014,0.41818181818181815,0.46,50,0.7272727272727273,31,0.4363636363636364,0.2,4,0.0,0.3235252504596332,0.8427097626523132,0.9573454146985567,0.1319008946936304,0.32605538847509347,0.003996003996003996,0.997002997002997,1.4672752896297467,3.821918719830392,0.003996003996003996,0.997002997002997,1.4672752896297467,3.821918719830392,0.003996003996003996,0.997002997002997,1.6048994248281223,4.180398319625102,0.2937062937062937,0.7072927072927073,0.7073730852057779,1.8425461502417517,0.017982017982017984,0.983016983016983,1.233452434603952,20.71424249239566,27.0,55.0,35.0,0.7707423063424195,0.000999000999000999,1.0,0.1234010360790997,dantzig selector,screen,2007,2005-07,2613.0,22,False,B_s2_index,False,0.22049389964256247,L2,4,0.20158599688842269,2.3944803905181598,1.4672752896297467,3.821918719830392,False,SOURCE,SOURCE,SOURCE,SOURCE,SOURCE,SOURCE,SOURCE,SOURCE,SOURCE,UNDETERMINED,SOURCE,0.003996003996003996,0.997002997002997,True,tested,30
c_007a7950eb4d,2015,8,2206,host,62,49,30,True,0.4350950567952102,0.20852142437235488,-0.11958753208703776,-0.18683714803279666,-0.05233791614127886,2015,0.3877551020408163,0.4318181818181818,44,0.6938775510204082,26,0.4693877551020408,0.1836734693877551,4,0.0,0.2669744930924191,0.6576662885607659,0.9015436762960591,0.11579959207245931,0.31639909871752697,0.006993006993006993,0.994005994005994,1.4417572958969633,3.5516320634785257,0.006993006993006993,0.994005994005994,1.4417572958969633,3.5516320634785257,0.011988011988011988,0.989010989010989,1.3243702301414755,3.2624601842993215,0.40559440559440557,0.5954045954045954,0.6605118179374683,1.6271080837040237,0.0919080919080919,0.9090909090909091,0.8013947446798881,5.69849751783221,32.0,49.0,29.0,0.5516422138905305,0.000999000999000999,1.0,0.07419177565826644,dantzig selector,screen,2007,2005-07,2613.0,22,False,B_s2_index,False,0.18517297873379288,L2,4,0.20158599688842269,2.3496681846907514,1.4417572958969633,3.5516320634785257,False,SOURCE,SOURCE,SOURCE,SOURCE,SOURCE,SOURCE,SOURCE,SOURCE,SOURCE,UNDETERMINED,SOURCE,0.006993006993006993,0.994005994005994,True,tested,30
c_02792d2208de,2016,6,2607,host,10,7,4,True,0.2956063809515891,0.5220400467696649,0.22396291082926548,-1.7178287325001502,2.1657545541586813,2016,0.42857142857142855,0.42857142857142855,7,1.0,5,0.2857142857142857,0.2857142857142857,2,0.006,0.0,1.5,3.716316298525017,0.16525500584620817,0.870066744616108,0.2677322677322677,0.7392607392607392,0.0,16.484525776070868,0.6153846153846154,0.3916083916083916,0.0,4.116887766737133,0.2677322677322677,0.7392607392607392,0.0,16.484525776070868,0.5584415584415584,0.4485514485514486,0.0,4.7372128849790105,0.45054945054945056,0.5564435564435565,0.0,9.040078808528932,4.0,7.0,5.0,0.2956063809515891,0.3036963036963037,0.7042957042957043,0.1525500584620811,rainbow connection number,screen,2010,2008-11,1703.0,26,False,B_s2_index,True,0.09099442837339111,L3,3,0.09099442837339111,3.248620670911663,0.0,16.484525776070868,False,UNDETERMINED,UNDETERMINED,UNDETERMINED,UNDETERMINED,UNDETERMINED,UNDETERMINED,UNDETERMINED,UNDETERMINED,UNDETERMINED,UNDETERMINED,UNDETERMINED,,,False,below_nmin,30
c_02792d2208de,2017,7,2607,host,10,9,3,True,0.5240750966526773,0.6017000389747207,0.8738497884589135,-0.8449396342168204,2.5926392111346472,2017,0.3333333333333333,0.375,8,0.8888888888888888,6,0.33333333333333337,0.2222222222222222,2,0.037,0.060808507935452116,2.5342503460677395,3.327793144635008,0.25,0.9035245578774593,0.4925074925074925,0.5454545454545454,0.1262894958019239,5.263230579189287,0.10789210789210789,0.9300699300699301,0.6682662776442468,27.850610101846776,0.4925074925074925,0.5454545454545454,0.1262894958019239,5.263230579189287,0.23876123876123875,0.7992007992007992,0.26488231532614215,11.039213459982568,0.32167832167832167,0.7162837162837162,0.18943424370288584,10.775313912487267,3.0,9.0,6.0,0.5240750966526773,0.5214785214785215,0.5094905094905094,0.26836670564138737,rainbow connection number,screen,2010,2008-11,1703.0,26,False,B_s2_index,True,0.4815009162030858,L3,3,0.4815009162030858,1.0884197288456137,0.1262894958019239,5.263230579189287,False,UNDETERMINED,UNDETERMINED,UNDETERMINED,UNDETERMINED,UNDETERMINED,UNDETERMINED,UNDETERMINED,UNDETERMINED,UNDETERMINED,UNDETERMINED,UNDETERMINED,,,False,below_nmin,30
c_03828aedf823,2009,3,3103,host,11,11,0,True,,0.4195367437441279,1.3664439527674863,-0.036155615305727196,2.7690435208407,2009,0.2727272727272727,0.3333333333333333,9,0.2727272727272727,4,0.6363636363636364,0.0,2,,,,,,,,,,,,,,,,,,,,,,,,,,,,,,,,,,emergent gravity,screen,2006,2005-07,3109.0,31,False,B_s2_index,False,0.22553364119114766,L4,20,0.22553364119114766,,,,False,UNDETERMINED,UNDETERMINED,UNDETERMINED,UNDETERMINED,UNDETERMINED,UNDETERMINED,UNDETERMINED,UNDETERMINED,UNDETERMINED,UNDETERMINED,UNDETERMINED,,,False,no_cohort_parents,30
c_03828aedf823,2010,4,3103,host,16,16,0,True,,0.41953674374412797,1.2320619081746544,-0.18826914210859202,2.652392958457901,2010,0.1875,0.25,12,0.1875,4,0.75,0.0,2,,,,,,,,,,,,,,,,,,,,,,,,,,,,,,,,,,emergent gravity,screen,2006,2005-07,3109.0,31,False,B_s2_index,False,0.1838166952738543,L4,16,0.1838166952738543,,,,False,UNDETERMINED,UNDETERMINED,UNDETERMINED,UNDETERMINED,UNDETERMINED,UNDETERMINED,UNDETERMINED,UNDETERMINED,UNDETERMINED,UNDETERMINED,UNDETERMINED,,,False,no_cohort_parents,30
c_03828aedf823,2011,5,3103,host,20,18,4,True,0.5,0.44635782916275196,0.5988058590188321,-0.7741204044729306,1.9717321225105948,2011,0.2222222222222222,0.26666666666666666,15,0.2777777777777778,6,0.6666666666666667,0.0,2,0.015,0.0,1.5,2.6026896854443837,0.1482021623061013,0.75,0.21678321678321677,0.7992007992007992,0.0,7.233954759271076,0.21678321678321677,0.7992007992007992,0.0,7.233954759271076,0.21678321678321677,0.7992007992007992,0.0,7.233954759271076,0.2917082917082917,0.7242757242757243,0.0,5.203854650847041,0.23276723276723277,0.7832167832167832,0.0,7.589818530431401,4.0,18.0,6.0,0.5,0.1998001998001998,0.8131868131868132,0.05555555555555555,emergent gravity,screen,2006,2005-07,3109.0,31,False,B_s2_index,False,0.20735545768759361,L4,32,0.20735545768759361,2.4113182530903585,0.0,7.233954759271076,False,UNDETERMINED,UNDETERMINED,UNDETERMINED,UNDETERMINED,UNDETERMINED,UNDETERMINED,UNDETERMINED,UNDETERMINED,UNDETERMINED,UNDETERMINED,UNDETERMINED,,,False,below_nmin,30
c_03828aedf823,2012,6,3103,host,27,27,9,True,0.4049017352913342,0.48017835765248884,0.9995170758224552,-0.16793269921791132,2.1669668508628215,2012,0.2222222222222222,0.2608695652173913,23,0.3333333333333333,10,0.6296296296296297,0.0,2,0.0,0.14691579046886308,0.7731634227943596,1.6606308413227142,0.260360634226403,0.71410034296101,0.03396603396603397,0.967032967032967,1.185783008465379,6.240337043354032,0.03396603396603397,0.967032967032967,1.185783008465379,6.240337043354032,0.03396603396603397,0.967032967032967,1.185783008465379,6.240337043354032,0.3076923076923077,0.6933066933066933,0.4639809170773165,2.441759819103943,0.13086913086913088,0.8701298701298701,0.688847502460215,7.329482503871437,9.0,27.0,9.0,0.4432143621405762,0.023976023976023976,0.977022977022977,0.14285714285714285,emergent gravity,screen,2006,2005-07,3109.0,31,False,B_s2_index,False,0.12389770254761795,L4,23,0.12389770254761795,3.2680326347110205,1.185783008465379,6.240337043354032,False,UNDETERMINED,UNDETERMINED,SOURCE,SOURCE,SOURCE,UNDETERMINED,UNDETERMINED,UNDETERMINED,UNDETERMINED,UNDETERMINED,UNDETERMINED,,,False,below_nmin,30
c_03828aedf823,2012,6,3106,host,12,12,4,True,0.0,0.8742936561576474,1.5162479742688544,0.40424745761757364,2.628248490920135,2012,0.08333333333333333,0.08333333333333333,12,0.4166666666666667,5,0.5833333333333333,0.0,0,0.01,0.0,0.0,1.6094379124341003,0.6857341403941187,1.0,1.0,0.01098901098901099,0.0,0.0,1.0,0.01098901098901099,0.0,0.0,1.0,0.01098901098901099,0.0,0.0,1.0,0.01098901098901099,0.0,0.0,1.0,0.01098901098901099,0.0,0.0,4.0,12.0,3.0,0.0,1.0,0.01098901098901099,0.2689414213699951,emergent gravity,screen,2006,2005-07,3109.0,31,False,B_s2_index,False,0.12389770254761795,L4,23,0.12389770254761795,0.0,0.0,0.0,True,UNDETERMINED,SINK,SINK,UNDETERMINED,UNDETERMINED,UNDETERMINED,UNDETERMINED,UNDETERMINED,UNDETERMINED,UNDETERMINED,UNDETERMINED,,,False,below_nmin,30
c_03828aedf823,2012,6,3107,host,10,9,6,True,0.3469078681449665,0.5837105582260402,-0.5355343836362998,-1.7810345823900524,0.7099658151174528,2012,0.4444444444444444,0.5714285714285714,7,0.4444444444444444,5,0.4444444444444444,0.0,0,0.0,0.1159932681183407,0.7209648059131993,1.8271060673914121,0.31682586559527537,0.82562466437455,0.07592407592407592,0.9250749250749251,0.9362019289563556,5.819032888330669,0.07592407592407592,0.9250749250749251,0.9362019289563556,5.819032888330669,0.07592407592407592,0.9250749250749251,0.9362019289563556,5.819032888330669,0.4385614385614386,0.5624375624375625,0.36632320286735237,2.276909178792266,0.20279720279720279,0.7982017982017982,0.45305926622357495,6.78879630251583,5.0,9.0,4.0,0.05,0.8111888111888111,0.19080919080919082,0.8333333333333334,emergent gravity,screen,2006,2005-07,3109.0,31,False,B_s2_index,False,0.12389770254761795,L4,23,0.12389770254761795,2.7999540024694034,0.9362019289563556,5.819032888330669,False,UNDETERMINED,UNDETERMINED,UNDETERMINED,UNDETERMINED,UNDETERMINED,UNDETERMINED,UNDETERMINED,UNDETERMINED,UNDETERMINED,UNDETERMINED,UNDETERMINED,,,False,below_nmin,30
c_03828aedf823,2013,7,3103,host,29,25,14,True,0.26029397268728627,0.5144309052693835,-0.0918800288899597,-0.39511652431333244,0.211356466533413,2013,0.28,0.3333333333333333,21,0.4,10,0.6,0.0,2,0.0,0.08329873726853704,0.5557636067468912,1.8979083821294482,0.29729185068549646,0.7260189835078491,0.7452547452547452,0.25574425574425574,0.23463916092934634,1.5654967966892925,0.15584415584415584,0.8451548451548452,0.5811299623272941,3.877260261587327,0.7452547452547452,0.25574425574425574,0.23463916092934634,1.5654967966892925,0.8131868131868132,0.1878121878121878,0.20898551639895707,1.3943373952634446,0.5134865134865135,0.4875124875124875,0.24291383149001342,3.9869640172402936,14.0,25.0,9.0,0.2849235185189419,0.6723276723276723,0.32867132867132864,0.18707734647999688,emergent gravity,screen,2006,2005-07,3109.0,31,False,B_s2_index,False,0.3550078211097066,L3,3,0.3550078211097066,0.7332063047896872,0.23463916092934634,1.5654967966892925,False,UNDETERMINED,UNDETERMINED,UNDETERMINED,UNDETERMINED,UNDETERMINED,UNDETERMINED,UNDETERMINED,UNDETERMINED,UNDETERMINED,UNDETERMINED,UNDETERMINED,,,False,below_nmin,30
c_03828aedf823,2013,7,3106,host,13,13,6,True,0.0,0.8952447134647062,0.8100478938795997,-0.4561425506279734,2.076238338387173,2013,0.07692307692307693,0.07692307692307693,13,0.46153846153846156,6,0.5384615384615384,0.0,0,0.0,0.0,0.0,0.9985288301111273,0.6857341403941188,1.0,1.0,0.000999000999000999,0.0,0.0,1.0,0.000999000999000999,0.0,0.0,1.0,0.000999000999000999,0.0,0.0,1.0,0.000999000999000999,0.0,0.0,1.0,0.000999000999000999,0.0,0.0,6.0,13.0,4.0,0.0,1.0,0.000999000999000999,0.5126276142466634,emergent gravity,screen,2006,2005-07,3109.0,31,False,B_s2_index,False,0.3550078211097066,L3,3,0.3550078211097066,0.0,0.0,0.0,False,UNDETERMINED,SINK,SINK,UNDETERMINED,UNDETERMINED,UNDETERMINED,UNDETERMINED,UNDETERMINED,UNDETERMINED,UNDETERMINED,UNDETERMINED,,,False,below_nmin,30
c_03828aedf823,2014,8,3103,host,34,29,14,True,0.2319480859354824,0.34355092905517864,-0.009960522038176685,-0.3503443726902385,0.33042332861388507,2014,0.3103448275862069,0.36,25,0.41379310344827586,13,0.5517241379310345,0.0,2,0.0,0.05263157894736842,0.5580051227578594,2.3610436037819253,0.15118107491011204,0.545676302169143,0.9020979020979021,0.0989010989010989,0.11222988135710982,1.189872125751707,0.2597402597402597,0.7412587412587412,0.37295101436506406,3.9540629545154697,0.9020979020979021,0.0989010989010989,0.11222988135710982,1.189872125751707,0.7122877122877123,0.2887112887112887,0.16567717892094116,1.7565255766771568,0.6673326673326674,0.3336663336663337,0.13320745404760534,3.2961688224564343,14.0,29.0,12.0,0.2319480859354824,0.9100899100899101,0.09090909090909091,0.10388396476145466,emergent gravity,screen,2006,2005-07,3109.0,31,False,B_s2_index,False,0.4689622613063039,L3,4,0.4689622613063039,0.49459861714541015,0.11222988135710982,1.189872125751707,False,UNDETERMINED,FADING,FADING,FADING,FADING,UNDETERMINED,UNDETERMINED,UNDETERMINED,UNDETERMINED,UNDETERMINED,UNDETERMINED,,,False,below_nmin,30
c_03828aedf823,2014,8,3106,host,18,14,7,True,0.08979024560168035,0.6981342405620711,0.022676896405560473,-0.39738237766486856,0.4427361704759895,2014,0.14285714285714285,0.16666666666666666,12,0.35714285714285715,5,0.6428571428571428,0.0,0,0.0,0.0,0.3142658596058812,1.887006473055533,0.39626848112414204,1.0,0.978021978021978,0.022977022977022976,0.0,0.6701303826250055,0.7242757242757243,0.27672327672327673,0.0,2.2269096512861224,0.978021978021978,0.022977022977022976,0.0,0.6701303826250055,0.957042957042957,0.04395604395604396,0.0,0.9892669399626723,0.8681318681318682,0.13286713286713286,0.0,1.9976530658473586,7.0,14.0,4.0,0.10443693980428641,0.968031968031968,0.03296703296703297,0.13447071068499755,emergent gravity,screen,2006,2005-07,3109.0,31,False,B_s2_index,False,0.4689622613063039,L3,4,0.4689622613063039,0.1914658236071444,0.0,0.6701303826250055,False,UNDETERMINED,FADING,FADING,UNDETERMINED,UNDETERMINED,UNDETERMINED,UNDETERMINED,UNDETERMINED,UNDETERMINED,UNDETERMINED,UNDETERMINED,,,False,below_nmin,30
c_05d308510ee3,2017,3,2608,host,11,10,2,True,0.5,0.75,0.06278798767910972,-0.28412199502673774,0.40969797038495714,2017,0.1,0.1111111111111111,9,0.4,4,0.6,0.2,4,0.116,0.0,2.0,2.890371757896165,0.3333333333333333,1.0,0.5764235764235764,0.5404595404595405,0.0,4.153678493015467,0.4435564435564436,0.6733266733266733,0.0,21.979367701427822,0.5764235764235764,0.5404595404595405,0.0,4.153678493015467,0.4515484515484515,0.6653346653346653,0.0,8.712014957094926,0.5034965034965035,0.6133866133866134,0.0,10.965178196842162,2.0,10.0,4.0,0.4087872380968218,0.6723276723276723,0.44655344655344653,0.45495034920423755,quantum spectral curve,heldout_concept,2014,2012-16,3106.0,26,False,B_s2_index,True,0.4815009162030858,L3,3,0.4815009162030858,1.0384196232538667,0.0,4.153678493015467,False,UNDETERMINED,UNDETERMINED,UNDETERMINED,UNDETERMINED,UNDETERMINED,UNDETERMINED,UNDETERMINED,UNDETERMINED,UNDETERMINED,UNDETERMINED,UNDETERMINED,,,False,below_nmin,30
c_05d308510ee3,2018,4,2608,host,15,14,1,True,1.0,0.7969398332779871,0.1630197070174931,-0.22451124090197858,0.5505506549369648,2018,0.35714285714285715,0.4166666666666667,12,0.5714285714285714,8,0.4285714285714286,0.14285714285714285,4,0.374,0.0,2.0,2.639057329615259,0.5913208843179825,0.9427302323657637,0.6043956043956044,0.7702297702297702,0.0,10.5,0.6043956043956044,0.7702297702297702,0.0,21.979367701427822,0.6043956043956044,0.7702297702297702,0.0,10.5,0.6083916083916084,0.7662337662337663,0.0,6.316283846638681,0.6323676323676324,0.7422577422577422,0.0,12.207137148511618,1.0,14.0,8.0,0.8175744761936437,0.5844155844155844,0.7662337662337663,0.6367245201675266,quantum spectral curve,heldout_concept,2014,2012-16,3106.0,26,False,B_s2_index,True,0.19047619047619047,L4,23,0.19047619047619047,5.25,0.0,10.5,False,UNDETERMINED,UNDETERMINED,UNDETERMINED,UNDETERMINED,UNDETERMINED,UNDETERMINED,UNDETERMINED,UNDETERMINED,UNDETERMINED,UNDETERMINED,UNDETERMINED,,,False,below_nmin,30
c_05d308510ee3,2019,5,2608,host,16,13,4,True,0.15612033344402587,0.7639465184693219,0.025372372351210835,-0.36047502401940357,0.4112197687218252,2019,0.38461538461538464,0.4166666666666667,12,0.6153846153846154,9,0.3076923076923077,0.07692307692307693,4,0.009,0.028658007916989376,0.5829664639552521,2.7912243116536697,0.5713628162805017,0.92058717780827,0.8291708291708292,0.18081918081918083,0.09167550621901485,1.8648799960768963,0.932067932067932,0.07792207792207792,0.05951807556873287,1.2107276317401037,0.8291708291708292,0.18081918081918083,0.09167550621901485,1.8648799960768963,0.9110889110889111,0.0989010989010989,0.06630900071662378,1.3488698791676998,0.8091908091908092,0.2007992007992008,0.09893168679500036,1.9628573585781925,4.0,13.0,9.0,0.18719037399035585,0.7682317682317682,0.24375624375624375,0.6096806552215766,quantum spectral curve,heldout_concept,2014,2012-16,3106.0,26,False,B_s2_index,False,0.3126026689018193,L4,28,0.3126026689018193,0.49942098700718185,0.09167550621901485,1.8648799960768963,False,UNDETERMINED,UNDETERMINED,UNDETERMINED,UNDETERMINED,UNDETERMINED,UNDETERMINED,UNDETERMINED,UNDETERMINED,UNDETERMINED,UNDETERMINED,UNDETERMINED,,,False,below_nmin,30
c_05d3dfa90ab3,2015,5,2505,host,10,10,4,True,0.0,1.0,0.5888398734832382,-0.3572811164641595,1.5349608634306358,2015,0.0,0.0,4,0.0,1,0.9,0.0,0,0.01,0.0,0.0,1.0986122886681098,1.0,1.0,1.0,0.01098901098901099,0.0,0.0,1.0,0.01098901098901099,0.0,0.0,1.0,0.01098901098901099,0.0,0.0,1.0,0.01098901098901099,0.0,0.0,1.0,0.01098901098901099,0.0,0.0,4.0,10.0,1.0,0.0,1.0,0.007992007992007992,1.0,topological insulator bi2se3,heldout_concept,2010,2008-11,3107.0,25,False,B_s2_index,False,0.21108218795089126,L4,30,0.21108218795089126,0.0,0.0,0.0,False,UNDETERMINED,SINK,SINK,UNDETERMINED,UNDETERMINED,UNDETERMINED,UNDETERMINED,UNDETERMINED,UNDETERMINED,UNDETERMINED,UNDETERMINED,,,False,below_nmin,30
c_05d3dfa90ab3,2016,6,2505,host,11,9,7,True,0.0,1.0,-0.19605939338647235,-0.35820642059518315,-0.03391236617776153,2016,0.0,0.0,5,0.0,1,0.8888888888888888,0.0,0,0.0,0.0,0.0,0.8472978603872034,1.0,1.0,1.0,0.000999000999000999,0.0,0.0,1.0,0.000999000999000999,0.0,0.0,1.0,0.000999000999000999,0.0,0.0,1.0,0.000999000999000999,0.0,0.0,1.0,0.000999000999000999,0.0,0.0,7.0,9.0,1.0,0.0,1.0,0.000999000999000999,1.0,topological insulator bi2se3,heldout_concept,2010,2008-11,3107.0,25,False,B_s2_index,True,0.297286800797052,L4,26,0.297286800797052,0.0,0.0,0.0,False,UNDETERMINED,SINK,UNDETERMINED,UNDETERMINED,UNDETERMINED,UNDETERMINED,UNDETERMINED,UNDETERMINED,UNDETERMINED,UNDETERMINED,UNDETERMINED,,,False,below_nmin,30
c_05d3dfa90ab3,2017,7,2505,host,11,9,7,True,0.0,1.0,-0.14135090750522175,-0.35262091668062234,0.06991910167017881,2017,0.0,0.0,4,0.0,1,0.8888888888888888,0.0,0,0.0,0.0,0.0,0.7472144018302211,1.0,1.0,1.0,0.000999000999000999,0.0,0.0,1.0,0.000999000999000999,0.0,0.0,1.0,0.000999000999000999,0.0,0.0,1.0,0.000999000999000999,0.0,0.0,1.0,0.000999000999000999,0.0,0.0,7.0,9.0,1.0,0.0,1.0,0.000999000999000999,1.0,topological insulator bi2se3,heldout_concept,2010,2008-11,3107.0,25,False,B_s2_index,True,0.17196228983335873,L4,33,0.17196228983335873,0.0,0.0,0.0,False,UNDETERMINED,SINK,UNDETERMINED,UNDETERMINED,UNDETERMINED,UNDETERMINED,UNDETERMINED,UNDETERMINED,UNDETERMINED,UNDETERMINED,UNDETERMINED,,,False,below_nmin,30
c_05d3dfa90ab3,2018,8,2505,host,10,7,6,True,0.0,,-0.18327051802165087,-0.3953874804413303,0.02884644439802861,2018,0.0,0.0,3,0.0,0,1.0,0.0,0,,,,,,,,,,,,,,,,,,,,,,,,,,,,,,,,,,topological insulator bi2se3,heldout_concept,2010,2008-11,3107.0,25,False,B_s2_index,True,0.19047619047619047,L4,23,0.19047619047619047,0.0,,,False,UNDETERMINED,UNDETERMINED,UNDETERMINED,UNDETERMINED,UNDETERMINED,UNDETERMINED,UNDETERMINED,UNDETERMINED,UNDETERMINED,UNDETERMINED,UNDETERMINED,,,False,below_nmin,30
c_0db0c80eb81a,2017,3,2505,host,24,22,2,True,0.0,0.6666666666666666,0.7171496316680536,-0.36270560061354995,1.797004863949657,2017,0.09090909090909091,0.13333333333333333,15,0.2727272727272727,6,0.7272727272727273,0.09090909090909091,2,0.142,0.0,0.0,1.0986122886681098,0.3333333333333333,1.0,1.0,0.14285714285714285,0.0,0.0,1.0,0.14285714285714285,0.0,0.0,1.0,0.14285714285714285,0.0,0.0,1.0,0.14285714285714285,0.0,0.0,1.0,0.14285714285714285,0.0,0.0,2.0,22.0,5.0,0.0,1.0,0.12987012987012986,0.16666666666666666,topological edge state,heldout_concept,2014,2012-16,3107.0,25,False,B_s2_index,True,0.17196228983335873,L4,33,0.17196228983335873,0.0,0.0,0.0,False,UNDETERMINED,UNDETERMINED,UNDETERMINED,UNDETERMINED,UNDETERMINED,UNDETERMINED,UNDETERMINED,UNDETERMINED,UNDETERMINED,UNDETERMINED,UNDETERMINED,,,False,below_nmin,30
c_0db0c80eb81a,2018,4,2505,host,26,26,4,True,0.25,0.6666666666666666,0.8926160840015374,-0.04017833946147753,1.8254105074645524,2018,0.07692307692307693,0.11764705882352941,17,0.23076923076923078,6,0.7692307692307692,0.07692307692307693,2,0.011,0.0,1.0,2.5649493574615367,0.3333333333333333,1.0,0.47052947052947053,0.5414585414585414,0.0,5.25,0.47052947052947053,0.5414585414585414,0.0,5.25,0.47052947052947053,0.5414585414585414,0.0,5.25,0.6413586413586414,0.3706293706293706,0.0,3.1581419233193406,0.48951048951048953,0.5224775224775224,0.0,6.103568574255809,4.0,26.0,5.0,0.25,0.4405594405594406,0.5774225774225774,0.2,topological edge state,heldout_concept,2014,2012-16,3107.0,25,False,B_s2_index,True,0.19047619047619047,L4,23,0.19047619047619047,1.3125,0.0,5.25,False,UNDETERMINED,UNDETERMINED,UNDETERMINED,UNDETERMINED,UNDETERMINED,UNDETERMINED,UNDETERMINED,UNDETERMINED,UNDETERMINED,UNDETERMINED,UNDETERMINED,,,False,below_nmin,30
c_0db0c80eb81a,2019,5,2505,host,31,29,12,True,0.25,0.625,0.0953916300691751,-0.17431395842779113,0.36509721856614136,2019,0.10344827586206896,0.15,20,0.27586206896551724,8,0.7241379310344828,0.06896551724137931,2,0.0,0.05588235294117664,0.5016666666666652,2.0826684677367115,0.3333333333333333,0.9269230769230735,0.6903096903096904,0.3106893106893107,0.17876479793820277,1.6048060895610143,0.6903096903096904,0.3106893106893107,0.17876479793820277,1.6048060895610143,0.6903096903096904,0.3106893106893107,0.17876479793820277,1.6048060895610143,0.8741258741258742,0.12687312687312688,0.1293007871292535,1.1607581188427827,0.6303696303696303,0.3706293706293706,0.14376065310136593,1.933977461115452,12.0,29.0,7.0,0.25,0.6843156843156843,0.3166833166833167,0.2222222222222222,topological edge state,heldout_concept,2014,2012-16,3107.0,25,False,B_s2_index,False,0.3126026689018193,L4,28,0.3126026689018193,0.7997372539340627,0.17876479793820277,1.6048060895610143,False,UNDETERMINED,UNDETERMINED,UNDETERMINED,UNDETERMINED,UNDETERMINED,UNDETERMINED,UNDETERMINED,UNDETERMINED,UNDETERMINED,UNDETERMINED,UNDETERMINED,,,False,below_nmin,30
c_0db0c80eb81a,2019,5,2208,host,11,10,4,True,0.0,0.6666666666666666,0.04002695514539915,-1.0311828456507859,1.111236755941584,2019,0.1,0.16666666666666666,6,0.6,3,0.7,0.3,1,0.008,0.0,0.0,1.0986122886681098,0.0,1.0,1.0,0.008991008991008992,0.0,0.0,1.0,0.008991008991008992,0.0,0.0,1.0,0.008991008991008992,0.0,0.0,1.0,0.008991008991008992,0.0,0.0,1.0,0.008991008991008992,0.0,0.0,4.0,10.0,3.0,0.0,1.0,0.003996003996003996,0.0,topological edge state,heldout_concept,2014,2012-16,3107.0,22,False,B_s2_index,False,0.4073592475216059,L1,3,0.20158599688842269,0.0,0.0,0.0,False,UNDETERMINED,FADING,FADING,UNDETERMINED,UNDETERMINED,UNDETERMINED,UNDETERMINED,UNDETERMINED,UNDETERMINED,UNDETERMINED,UNDETERMINED,,,False,below_nmin,30
c_0db0c80eb81a,2019,5,2204,host,11,11,1,True,0.0,0.6977206205376413,1.324553377332148,0.683015064825133,1.9660916898391632,2019,0.18181818181818182,0.2222222222222222,9,0.8181818181818182,6,0.4545454545454546,0.2727272727272727,0,0.348,0.0,0.0,0.8472978603872037,0.3954412410752825,1.0,1.0,0.34865134865134867,0.0,0.0,1.0,0.34865134865134867,0.0,0.0,1.0,0.34865134865134867,0.0,0.0,1.0,0.34865134865134867,0.0,0.0,1.0,0.34865134865134867,0.0,0.0,1.0,11.0,6.0,0.0,1.0,0.37662337662337664,0.36438728720430796,topological edge state,heldout_concept,2014,2012-16,3107.0,22,False,B_s2_index,False,0.4073592475216059,L2,5,0.4073592475216059,0.0,0.0,0.0,True,UNDETERMINED,UNDETERMINED,UNDETERMINED,UNDETERMINED,UNDETERMINED,UNDETERMINED,UNDETERMINED,UNDETERMINED,UNDETERMINED,UNDETERMINED,UNDETERMINED,,,False,below_nmin,30
c_10899378a764,2011,3,2204,host,13,13,0,True,,1.0,1.3882787347430035,0.5430526218053413,2.2335048476806656,2011,0.0,0.0,5,0.0,2,0.8461538461538461,0.0,1,,,,,,,,,,,,,,,,,,,,,,,,,,,,,,,,,,graphene quantum dot,heldout_concept,2008,2008-11,2505.0,22,False,A_openalex_native,False,0.25586481791034005,L2,5,0.25586481791034005,,,,True,UNDETERMINED,UNDETERMINED,UNDETERMINED,UNDETERMINED,UNDETERMINED,UNDETERMINED,UNDETERMINED,UNDETERMINED,UNDETERMINED,UNDETERMINED,UNDETERMINED,,,False,no_cohort_parents,30
c_10899378a764,2011,3,3107,host,12,12,0,True,,0.6175669690264493,1.492300107286943,0.5867323762067933,2.397867838367093,2011,0.3333333333333333,0.4,10,0.6666666666666666,7,0.41666666666666663,0.16666666666666666,1,,,,,,,,,,,,,,,,,,,,,,,,,,,,,,,,,,graphene quantum dot,heldout_concept,2008,2008-11,2505.0,31,False,A_openalex_native,False,0.20735545768759361,L4,32,0.20735545768759361,,,,True,UNDETERMINED,UNDETERMINED,UNDETERMINED,UNDETERMINED,UNDETERMINED,UNDETERMINED,UNDETERMINED,UNDETERMINED,UNDETERMINED,UNDETERMINED,UNDETERMINED,,,False,no_cohort_parents,30
c_10899378a764,2012,4,2204,host,23,23,5,True,0.0,1.0,1.0629520144114148,0.18041350654667854,1.9454905222761512,2012,0.0,0.0,8,0.043478260869565216,3,0.8695652173913043,0.0,1,0.0,0.0,0.0,1.2237754316221159,1.0,1.0,1.0,0.000999000999000999,0.0,0.0,1.0,0.000999000999000999,0.0,0.0,1.0,0.000999000999000999,0.0,0.0,1.0,0.000999000999000999,0.0,0.0,1.0,0.000999000999000999,0.0,0.0,5.0,23.0,3.0,0.0,1.0,0.005994005994005994,1.0,graphene quantum dot,heldout_concept,2008,2008-11,2505.0,22,False,A_openalex_native,False,0.1852419678003924,L3,22,0.1852419678003924,0.0,0.0,0.0,True,UNDETERMINED,SINK,SINK,SINK,SINK,UNDETERMINED,UNDETERMINED,UNDETERMINED,UNDETERMINED,UNDETERMINED,UNDETERMINED,,,False,below_nmin,30
c_10899378a764,2012,4,3107,host,15,15,4,True,0.47224319360798517,0.6923227185243379,0.9770876903586726,-0.04781878217016067,2.001994162887506,2012,0.4,0.46153846153846156,13,0.7333333333333333,10,0.33333333333333337,0.13333333333333333,1,0.008,0.09724319360798522,1.424827545708376,2.6845908049129323,0.4919947765441879,0.8791620401926172,0.07792207792207792,0.9310689310689311,0.7848668022767531,11.500032013594184,0.07792207792207792,0.9310689310689311,0.7848668022767531,11.500032013594184,0.07792207792207792,0.9310689310689311,0.7848668022767531,11.500032013594184,0.33666333666333664,0.6723276723276723,0.30710780649083746,4.499807605601826,0.17182817182817184,0.8371628371628371,0.43988593205686605,12.524341029055769,4.0,15.0,10.0,0.47224319360798517,0.07892107892107893,0.9340659340659341,0.4802700380010726,graphene quantum dot,heldout_concept,2008,2008-11,2505.0,31,False,A_openalex_native,False,0.12389770254761795,L4,23,0.12389770254761795,3.8115573081469094,0.7848668022767531,11.500032013594184,False,UNDETERMINED,UNDETERMINED,UNDETERMINED,UNDETERMINED,UNDETERMINED,UNDETERMINED,UNDETERMINED,UNDETERMINED,UNDETERMINED,UNDETERMINED,UNDETERMINED,,,False,below_nmin,30
c_10899378a764,2013,5,2204,host,43,42,7,True,0.0,0.8947532388452297,0.43850632405833406,0.15959518173092269,0.7174174663857454,2013,0.047619047619047616,0.14285714285714285,14,0.16666666666666666,7,0.8333333333333334,0.0,1,0.003,0.0,0.0,1.1895840668738362,0.7498735875504428,1.0,1.0,0.003996003996003996,0.0,0.0,1.0,0.003996003996003996,0.0,0.0,1.0,0.003996003996003996,0.0,0.0,1.0,0.003996003996003996,0.0,0.0,1.0,0.003996003996003996,0.0,0.0,7.0,42.0,7.0,0.0,1.0,0.000999000999000999,0.7332317151992053,graphene quantum dot,heldout_concept,2008,2008-11,2505.0,22,False,A_openalex_native,False,0.09938876257415502,L2,6,0.09938876257415502,0.0,0.0,0.0,True,SINK,SINK,SINK,SINK,SINK,SINK,SINK,SINK,SINK,SINK,SINK,1.0,0.003996003996003996,True,tested,30
c_10899378a764,2013,5,3107,host,17,16,8,True,0.38459660184457756,0.7202933804766709,0.04877446858317997,-0.2408242000167234,0.3383731371830833,2013,0.375,0.46153846153846156,13,0.6875,11,0.3125,0.125,1,0.0,0.11091565885840597,0.9348588405183388,2.1316544298894944,0.5122765315991743,0.8934664643442333,0.4515484515484515,0.5494505494505495,0.3124315923849187,2.633347168510531,0.08391608391608392,0.9170829170829171,0.7737981963171782,6.5220014202659655,0.4515484515484515,0.5494505494505495,0.3124315923849187,2.633347168510531,0.5284715284715285,0.4725274725274725,0.2782727206119343,2.3454372053206343,0.31868131868131866,0.6823176823176823,0.370165685703003,6.0502452560751045,8.0,16.0,11.0,0.38459660184457756,0.4645354645354645,0.5364635364635365,0.5188360484895778,graphene quantum dot,heldout_concept,2008,2008-11,2505.0,31,False,A_openalex_native,False,0.3550078211097066,L3,3,0.3550078211097066,1.0833468418875405,0.3124315923849187,2.633347168510531,False,UNDETERMINED,UNDETERMINED,UNDETERMINED,UNDETERMINED,UNDETERMINED,UNDETERMINED,UNDETERMINED,UNDETERMINED,UNDETERMINED,UNDETERMINED,UNDETERMINED,,,False,below_nmin,30
c_10899378a764,2013,5,1312,host,10,10,1,True,0.37754066879814546,0.5,1.211021894849491,0.648042941579347,1.774000848119635,2013,0.3,0.3,10,0.6,6,0.4,0.1,0,0.35,0.0,0.7550813375962909,1.6649803454351522,0.14285714285714285,0.8333333333333334,0.6083916083916084,0.7422577422577422,0.0,5.074324229524074,0.6083916083916084,0.7422577422577422,0.0,5.074324229524074,0.6083916083916084,0.7422577422577422,0.0,4.048487734083006,0.8901098901098901,0.46053946053946054,0.0,1.8943992242290508,0.6193806193806194,0.7312687312687313,0.0,5.710091502932014,1.0,10.0,6.0,0.37754066879814546,0.6363636363636364,0.7102897102897103,0.16666666666666666,graphene quantum dot,heldout_concept,2008,2008-11,2505.0,13,False,A_openalex_native,False,0.14880431431696486,L2,3,0.18650947889491853,2.537162114762037,0.0,5.074324229524074,True,UNDETERMINED,UNDETERMINED,UNDETERMINED,UNDETERMINED,UNDETERMINED,UNDETERMINED,UNDETERMINED,UNDETERMINED,UNDETERMINED,UNDETERMINED,UNDETERMINED,,,False,below_nmin,30
c_10899378a764,2014,6,2204,host,63,58,12,True,0.0035950679970733253,0.865435266785435,0.3574354983647441,0.09264390370451675,0.6222270930249714,2014,0.1206896551724138,0.3684210526315789,19,0.22413793103448276,13,0.7758620689655172,0.0,1,0.0,0.0,0.012942244789463972,2.9124582275454274,0.7738277816635332,0.9438281715778267,1.0,0.000999000999000999,0.0,0.05869661160895764,1.0,0.000999000999000999,0.0,0.05869661160895764,1.0,0.000999000999000999,0.0,0.05869661160895764,1.0,0.000999000999000999,0.0,0.028297623178422722,0.989010989010989,0.011988011988011988,0.0,0.1512715112434453,12.0,58.0,13.0,0.0035950679970733253,1.0,0.000999000999000999,0.770636239399778,graphene quantum dot,heldout_concept,2008,2008-11,2505.0,22,False,A_openalex_native,False,0.22049389964256247,L2,4,0.22049389964256247,0.016304614335821564,0.0,0.05869661160895764,True,SINK,SINK,SINK,SINK,SINK,SINK,SINK,SINK,SINK,SINK,SINK,1.0,0.000999000999000999,True,tested,30
c_10899378a764,2014,6,1312,host,23,23,2,True,1.1728017773353108,0.6917211702096687,1.0706787206639063,0.4897046719693108,1.651652769358502,2014,0.4782608695652174,0.4782608695652174,23,0.8260869565217391,19,0.17391304347826086,0.043478260869565216,0,0.132,0.13297741825909806,4.048478570411054,3.4159815027021105,0.5554375848281632,0.8267937172357145,0.18081918081918083,0.952047952047952,0.8770302316954318,26.701060564308776,0.18081918081918083,0.952047952047952,0.8770302316954318,26.701060564308776,0.1958041958041958,0.9370629370629371,0.7129794101994086,21.70655665545026,0.24875124875124874,0.8841158841158842,0.418595146829791,12.744069660884177,0.17782217782217782,0.955044955044955,0.9630589392805775,27.41905158915206,2.0,23.0,19.0,1.1849082096686128,0.16983016983016982,0.955044955044955,0.547662248805347,graphene quantum dot,heldout_concept,2008,2008-11,2505.0,13,False,A_openalex_native,False,0.15162238820665583,L1,3,0.18650947889491853,7.735017177917184,0.8770302316954318,26.701060564308776,True,UNDETERMINED,UNDETERMINED,UNDETERMINED,UNDETERMINED,UNDETERMINED,UNDETERMINED,UNDETERMINED,UNDETERMINED,UNDETERMINED,UNDETERMINED,UNDETERMINED,,,False,below_nmin,30
c_10899378a764,2014,6,2208,host,17,16,3,True,0.0,0.8947099495576504,0.3558898734321099,0.08764179836005004,0.6241379485041698,2014,0.1875,0.23076923076923078,13,0.8125,12,0.25,0.0625,0,0.052,0.0,0.0,1.466337068793427,0.7866674256638496,0.9847457236789249,1.0,0.052947052947052944,0.0,0.0,1.0,0.052947052947052944,0.0,0.0,1.0,0.052947052947052944,0.0,0.0,1.0,0.052947052947052944,0.0,0.0,1.0,0.052947052947052944,0.0,0.0,3.0,16.0,12.0,0.0,1.0,0.03296703296703297,0.7869505696539171,graphene quantum dot,heldout_concept,2008,2008-11,2505.0,22,False,A_openalex_native,False,0.22049389964256247,L2,4,0.20158599688842269,0.0,0.0,0.0,True,UNDETERMINED,SINK,SINK,SINK,UNDETERMINED,UNDETERMINED,UNDETERMINED,UNDETERMINED,UNDETERMINED,UNDETERMINED,UNDETERMINED,,,False,below_nmin,30
c_10899378a764,2014,6,3107,host,17,13,11,True,0.23425207406878368,0.7136919094714866,-0.27004744430007127,-0.3895562273285786,-0.15053866127156396,2014,0.38461538461538464,0.5,10,0.7692307692307693,9,0.3076923076923077,0.07692307692307693,1,0.0,0.05243389225060188,0.43997415979417653,2.1271628165287644,0.4890324550347685,0.9222247266153999,0.9690309690309691,0.03196803196803197,0.11180834062115405,0.9381867073239957,0.23176823176823177,0.7692307692307693,0.37155019273743844,3.117687374603444,0.9690309690309691,0.03196803196803197,0.11180834062115405,0.9381867073239957,0.7572427572427572,0.24375624375624375,0.16505488761056206,1.3849798742634005,0.6823176823176823,0.31868131868131866,0.14921264479112858,2.877786181811667,11.0,13.0,9.0,0.23425207406878368,0.957042957042957,0.04395604395604396,0.4788058442382915,graphene quantum dot,heldout_concept,2008,2008-11,2505.0,31,False,A_openalex_native,False,0.4689622613063039,L3,4,0.4689622613063039,0.49951156712753336,0.11180834062115405,0.9381867073239957,False,UNDETERMINED,FADING,FADING,UNDETERMINED,UNDETERMINED,UNDETERMINED,UNDETERMINED,UNDETERMINED,UNDETERMINED,UNDETERMINED,UNDETERMINED,,,False,below_nmin,30
c_10899378a764,2014,6,2105,host,15,15,0,True,,0.775949954603811,1.8417514747567612,0.9463278664455353,2.737175083067987,2014,0.5333333333333333,0.5714285714285714,14,0.8666666666666667,13,0.1333333333333333,0.0,0,,,,,,,,,,,,,,,,,,,,,,,,,,,,,,,,,,graphene quantum dot,heldout_concept,2008,2008-11,2505.0,21,False,A_openalex_native,False,0.14112196218844403,L4,32,0.14112196218844403,,,,True,UNDETERMINED,UNDETERMINED,UNDETERMINED,UNDETERMINED,UNDETERMINED,UNDETERMINED,UNDETERMINED,UNDETERMINED,UNDETERMINED,UNDETERMINED,UNDETERMINED,,,False,no_cohort_parents,30
c_10899378a764,2014,6,2504,host,12,12,1,True,0.0,0.8697328227462078,1.6960532729272824,0.7931575380753008,2.598949007779264,2014,0.25,0.3,10,0.8333333333333334,10,0.16666666666666663,0.0,0,0.359,0.0,0.0,0.8472978603872037,0.7550313721121618,0.9764103768873729,1.0,0.3596403596403596,0.0,0.0,1.0,0.3596403596403596,0.0,0.0,1.0,0.3596403596403596,0.0,0.0,1.0,0.3596403596403596,0.0,0.0,1.0,0.3596403596403596,0.0,0.0,1.0,12.0,10.0,0.0,1.0,0.32867132867132864,0.7213963775588274,graphene quantum dot,heldout_concept,2008,2008-11,2505.0,25,False,A_openalex_native,False,0.14112196218844403,L4,32,0.14112196218844403,0.0,0.0,0.0,True,UNDETERMINED,UNDETERMINED,UNDETERMINED,UNDETERMINED,UNDETERMINED,UNDETERMINED,UNDETERMINED,UNDETERMINED,UNDETERMINED,UNDETERMINED,UNDETERMINED,,,False,below_nmin,30
c_10899378a764,2015,7,2204,host,92,90,17,True,0.015749864845156492,0.8568275470273029,0.4941167309518376,0.35717049823324293,0.6310629636704324,2015,0.15555555555555556,0.4827586206896552,29,0.2777777777777778,25,0.7222222222222222,0.0,1,0.0,0.002782852368199467,0.03414100580702558,2.288983374470952,0.7923939129347443,0.9134649887945037,1.0,0.000999000999000999,0.015028393382385086,0.1843735843127908,1.0,0.000999000999000999,0.015028393382385086,0.1843735843127908,1.0,0.000999000999000999,0.015028393382385086,0.1843735843127908,1.0,0.000999000999000999,0.006884953148444476,0.08446701237487045,0.981018981018981,0.01998001998001998,0.012586064137813838,0.25375910020133946,17.0,90.0,25.0,0.016178850118459265,1.0,0.000999000999000999,0.7936866206744584,graphene quantum dot,heldout_concept,2008,2008-11,2505.0,22,False,A_openalex_native,False,0.18517297873379288,L2,4,0.18517297873379288,0.0850548765422125,0.015028393382385086,0.1843735843127908,True,SINK,SINK,SINK,SINK,SINK,SINK,SINK,SINK,SINK,SINK,SINK,1.0,0.002997002997002997,True,tested,30
c_10899378a764,2015,7,1312,host,39,38,6,True,0.5576005924451036,0.7158798827648587,0.5816954508902725,0.399492768671374,0.763898133109171,2015,0.6052631578947368,0.6216216216216216,37,0.8421052631578947,33,0.13157894736842102,0.0,0,0.003,0.21758346302731413,0.932130951735107,1.4548901327203256,0.6249014572680244,0.801386647812479,0.03196803196803197,0.972027972027972,1.3351027246998877,5.719600911409406,0.03196803196803197,0.972027972027972,1.3351027246998877,5.719600911409406,0.03896103896103896,0.965034965034965,1.1666080690188567,4.997767176542698,0.12687312687312688,0.8771228771228772,0.6866149956244775,2.9414693582053006,0.04995004995004995,0.954045954045954,1.0206206007893308,6.837186947264117,6.0,38.0,33.0,0.5616360698895376,0.025974025974025976,0.975024975024975,0.6217877911651188,graphene quantum dot,heldout_concept,2008,2008-11,2505.0,13,False,A_openalex_native,False,0.16297132722594349,L1,5,0.18650947889491853,3.421464388469059,1.3351027246998877,5.719600911409406,True,SOURCE,UNDETERMINED,UNDETERMINED,UNDETERMINED,UNDETERMINED,SOURCE,UNDETERMINED,UNDETERMINED,SOURCE,UNDETERMINED,SOURCE,0.0959040959040959,0.972027972027972,True,tested,30
c_10899378a764,2015,7,2208,host,35,34,4,True,0.22117480174137794,0.9085298978293809,0.5769784026987573,0.331081692130463,0.8228751132670516,2015,0.17647058823529413,0.2608695652173913,23,0.6764705882352942,23,0.32352941176470584,0.0,0,0.021,0.0366126739010224,0.8762694560095348,2.939413930210953,0.8452784467783999,0.9638814946522155,0.42157842157842157,0.6003996003996004,0.1977214718442115,4.732166982469248,0.42157842157842157,0.6003996003996004,0.1977214718442115,4.732166982469248,0.42157842157842157,0.6003996003996004,0.1977214718442115,4.732166982469248,0.7862137862137862,0.23576423576423577,0.09058207590469886,2.1679461760100605,0.44155844155844154,0.5804195804195804,0.16241242075913592,6.17852268782698,4.0,34.0,23.0,0.2243032326226938,0.4305694305694306,0.5874125874125874,0.8431950844776462,graphene quantum dot,heldout_concept,2008,2008-11,2505.0,22,False,A_openalex_native,False,0.18517297873379288,L2,4,0.18517297873379288,1.1944226595789753,0.1977214718442115,4.732166982469248,True,UNDETERMINED,UNDETERMINED,UNDETERMINED,UNDETERMINED,UNDETERMINED,UNDETERMINED,UNDETERMINED,UNDETERMINED,UNDETERMINED,UNDETERMINED,UNDETERMINED,0.6323676323676324,0.9005994005994006,True,tested,30
c_10899378a764,2015,7,2105,host,27,27,1,True,1.3529851643470214,0.6977942302454059,1.798335701926654,0.8752973141401384,2.7213740897131693,2015,0.5185185185185185,0.56,25,0.8148148148148148,22,0.18518518518518523,0.0,0,0.34,0.2111177699782809,2.4779244667727394,2.455594343040612,0.5773507991776365,0.8095249809903469,0.3726273726273726,0.968031968031968,1.000168569540306,11.739145262930636,0.3726273726273726,0.968031968031968,1.000168569540306,11.739145262930636,0.3726273726273726,0.968031968031968,1.000168569540306,11.739145262930636,0.4175824175824176,0.9230769230769231,0.6662115984967562,7.819436611767545,0.37662337662337664,0.964035964035964,0.9707162697992113,13.60248006476395,1.0,27.0,22.0,1.3529851643470214,0.41858141858141856,0.965034965034965,0.5808238453733389,graphene quantum dot,heldout_concept,2008,2008-11,2505.0,21,False,A_openalex_native,False,0.21108218795089126,L4,30,0.21108218795089126,6.409755259225361,1.000168569540306,11.739145262930636,True,UNDETERMINED,UNDETERMINED,UNDETERMINED,UNDETERMINED,UNDETERMINED,UNDETERMINED,UNDETERMINED,UNDETERMINED,UNDETERMINED,UNDETERMINED,UNDETERMINED,,,False,below_nmin,30
c_10899378a764,2015,7,2504,host,20,20,2,True,0.27231246452402624,0.7883566645827138,1.2886086209319463,0.30197738329002133,2.275239858573871,2015,0.4,0.5333333333333333,15,0.75,15,0.25,0.0,0,0.126,0.04658093080646189,0.8819644343027793,2.6532484111017807,0.6772058939770023,0.8990367337124722,0.5214785214785215,0.6053946053946054,0.22067674804137924,4.178298713238514,0.5214785214785215,0.6053946053946054,0.22067674804137924,4.178298713238514,0.5214785214785215,0.6053946053946054,0.22067674804137924,4.178298713238514,0.6593406593406593,0.4675324675324675,0.14699263058354736,2.783161908420071,0.5054945054945055,0.6213786213786214,0.1933505587233478,4.682773496222926,2.0,20.0,15.0,0.3041438625515382,0.4725274725274725,0.6483516483516484,0.6642511452124341,graphene quantum dot,heldout_concept,2008,2008-11,2505.0,25,False,A_openalex_native,False,0.21108218795089126,L4,30,0.21108218795089126,1.290077894148891,0.22067674804137924,4.178298713238514,True,UNDETERMINED,UNDETERMINED,UNDETERMINED,UNDETERMINED,UNDETERMINED,UNDETERMINED,UNDETERMINED,UNDETERMINED,UNDETERMINED,UNDETERMINED,UNDETERMINED,,,False,below_nmin,30
c_10899378a764,2015,7,3107,host,16,12,10,True,0.13697842313502234,0.7418274211032692,-0.15767092064455496,-0.3885468930945678,0.07320505180545789,2015,0.25,0.3,10,0.75,10,0.16666666666666663,0.0,1,0.0,0.01707273093860726,0.3234167519704457,2.654463466211833,0.5300087940524233,0.9343457085595618,0.999000999000999,0.001998001998001998,0.030425128856157224,0.5763574901007237,0.9690309690309691,0.03196803196803197,0.048091140316965986,0.9110130333452614,0.987012987012987,0.013986013986013986,0.04208895299173891,0.7973107828720588,0.9440559440559441,0.056943056943056944,0.053875386096038674,1.0205867148607424,0.8971028971028971,0.1038961038961039,0.03341581993160956,1.44944526521252,10.0,12.0,10.0,0.13697842313502234,1.0,0.000999000999000999,0.5234792151677571,graphene quantum dot,heldout_concept,2008,2008-11,2505.0,31,False,A_openalex_native,False,0.5611391497903944,L3,4,0.40563448898237603,0.2441077639765265,0.030425128856157224,0.5763574901007237,False,UNDETERMINED,SINK,SINK,UNDETERMINED,UNDETERMINED,UNDETERMINED,UNDETERMINED,UNDETERMINED,UNDETERMINED,UNDETERMINED,UNDETERMINED,,,False,below_nmin,30
c_10899378a764,2015,7,2507,host,11,11,1,True,0.0,1.0,1.7198940536754188,0.8595882383170115,2.580199869033826,2015,0.0,0.0,7,0.6363636363636364,7,0.36363636363636365,0.0,0,0.349,0.0,0.0,0.8472978603872037,1.0,1.0,1.0,0.34965034965034963,0.0,0.0,1.0,0.34965034965034963,0.0,0.0,1.0,0.34965034965034963,0.0,0.0,1.0,0.34965034965034963,0.0,0.0,1.0,0.34965034965034963,0.0,0.0,1.0,11.0,7.0,0.0,1.0,0.35764235764235763,1.0,graphene quantum dot,heldout_concept,2008,2008-11,2505.0,25,False,A_openalex_native,False,0.21108218795089126,L4,30,0.21108218795089126,0.0,0.0,0.0,True,UNDETERMINED,UNDETERMINED,UNDETERMINED,UNDETERMINED,UNDETERMINED,UNDETERMINED,UNDETERMINED,UNDETERMINED,UNDETERMINED,UNDETERMINED,UNDETERMINED,,,False,below_nmin,30
c_10899378a764,2016,8,2204,host,133,128,35,True,0.10479940010118613,0.8488391839329988,0.37061480612478326,0.264549915464224,0.4766796967853425,2016,0.2109375,0.6136363636363636,44,0.328125,40,0.6875,0.0,1,0.0,0.061721234258709345,0.17075993092132502,1.017625043444156,0.8054740391263888,0.8858723858240001,0.9690309690309691,0.03196803196803197,0.3347886448329615,0.9262369191337682,0.9200799200799201,0.08091908091908091,0.38926330311591545,1.0769482423449916,0.9690309690309691,0.03196803196803197,0.3347886448329615,0.9262369191337682,1.0,0.000999000999000999,0.15061286231925738,0.4166903380074634,0.9340659340659341,0.06693306693306693,0.18442374245197146,1.0507275028625815,35.0,128.0,40.0,0.10605203564251071,0.973026973026973,0.027972027972027972,0.8048808341482916,graphene quantum dot,heldout_concept,2008,2008-11,2505.0,22,False,A_openalex_native,True,0.18435880431220825,L3,19,0.18435880431220825,0.5684534595034055,0.3347886448329615,0.9262369191337682,True,UNDETERMINED,UNDETERMINED,UNDETERMINED,UNDETERMINED,UNDETERMINED,UNDETERMINED,UNDETERMINED,UNDETERMINED,UNDETERMINED,SINK,UNDETERMINED,0.9690309690309691,0.15984015984015984,True,tested,30
c_10899378a764,2016,8,1312,host,69,68,9,True,0.5452607470776726,0.7361298301767314,0.6125108702949387,0.4416874749027793,0.7833342656870981,2016,0.5588235294117647,0.59375,64,0.8676470588235294,60,0.11764705882352944,0.0,0,0.0,0.29282061081156485,0.98567033771238,1.2137617945643855,0.6741533496974537,0.7973523572976944,0.004995004995004995,0.996003996003996,1.7177963964487155,5.782314808769749,0.004995004995004995,0.996003996003996,1.7177963964487155,5.782314808769749,0.005994005994005994,0.995004995004995,1.5700039083619075,5.284827042317335,0.07892107892107893,0.922077922077922,0.9247690470159794,3.1128868161017995,0.017982017982017984,0.983016983016983,1.3343045792749912,7.605366745006014,9.0,68.0,60.0,0.5578502866990849,0.004995004995004995,0.996003996003996,0.6674155949033106,graphene quantum dot,heldout_concept,2008,2008-11,2505.0,13,False,A_openalex_native,True,0.17046293228750928,L1,5,0.18650947889491853,3.1987056643963805,1.7177963964487155,5.782314808769749,True,SOURCE,SOURCE,SOURCE,SOURCE,SOURCE,SOURCE,SOURCE,SOURCE,SOURCE,UNDETERMINED,SOURCE,0.02247752247752248,0.996003996003996,True,tested,30
c_10899378a764,2016,8,2208,host,65,64,5,True,0.4524601940428313,0.8439305174690531,0.6986918223795592,0.5185871780904271,0.8787964666686913,2016,0.296875,0.41304347826086957,46,0.703125,45,0.296875,0.0,0,0.005,0.15425396295511395,1.3378376413619646,2.160178203957054,0.7929368073259063,0.8947400927641144,0.07692307692307693,0.929070929070929,0.8367051605188743,7.256705999765333,0.057942057942057944,0.948051948051948,0.9728484509389868,8.437470597663541,0.07692307692307693,0.929070929070929,0.8367051605188743,7.256705999765333,0.46253746253746253,0.5434565434565435,0.37641228604368204,3.264606725772614,0.17682317682317683,0.8291708291708292,0.5440080490674002,7.184137035844668,5.0,64.0,45.0,0.46334086493425763,0.07092907092907093,0.936063936063936,0.7848036263470166,graphene quantum dot,heldout_concept,2008,2008-11,2505.0,22,False,A_openalex_native,True,0.18435880431220825,L3,19,0.18435880431220825,2.454236974094268,0.8367051605188743,7.256705999765333,True,SOURCE,UNDETERMINED,UNDETERMINED,UNDETERMINED,SOURCE,SOURCE,SOURCE,UNDETERMINED,SOURCE,UNDETERMINED,SOURCE,0.09990009990009989,0.996003996003996,True,tested,30
c_10899378a764,2016,8,2105,host,54,54,9,True,0.7296920866352337,0.7491973221368232,1.4139408830463003,0.4143563540375206,2.4135254120550798,2016,0.5185185185185185,0.56,50,0.8703703703703703,47,0.12962962962962965,0.0,0,0.0,0.39967532388200705,1.5447346206656203,1.3519551025707734,0.6705168023412574,0.8172804876675757,0.008991008991008992,0.9920079920079921,1.3444099193453678,5.196108998193163,0.008991008991008992,0.9920079920079921,1.3444099193453678,5.196108998193163,0.008991008991008992,0.9920079920079921,1.3444099193453678,5.196108998193163,0.012987012987012988,0.988011988011988,1.262231396068002,4.878491165926894,0.01098901098901099,0.99000999000999,1.36669001186452,6.469157800461635,9.0,54.0,47.0,0.7432122313049617,0.013986013986013986,0.987012987012987,0.673648244668899,graphene quantum dot,heldout_concept,2008,2008-11,2505.0,21,False,A_openalex_native,True,0.297286800797052,L4,26,0.297286800797052,2.4545054966411732,1.3444099193453678,5.196108998193163,True,SOURCE,SOURCE,SOURCE,SOURCE,SOURCE,SOURCE,SOURCE,SOURCE,SOURCE,SOURCE,SOURCE,0.02247752247752248,0.996003996003996,True,tested,30
c_10899378a764,2016,8,2504,host,32,31,8,True,0.5503828618986093,0.7536081114615899,0.48182576224879536,0.23937512676613143,0.7242763977314592,2016,0.41935483870967744,0.5416666666666666,24,0.7419354838709677,23,0.25806451612903225,0.0,0,0.0,0.26579297055947737,1.2221977152077583,1.5256880470835497,0.6503155875908408,0.8446638425167046,0.07992007992007992,0.9210789210789211,0.8940624671087418,4.111173829214546,0.07992007992007992,0.9210789210789211,0.8940624671087418,4.111173829214546,0.07992007992007992,0.9210789210789211,0.8940624671087418,4.111173829214546,0.10589410589410589,0.8951048951048951,0.8394119232474687,3.8598738429827333,0.07792207792207792,0.9230769230769231,0.909061843894271,5.048437607982935,8.0,31.0,23.0,0.573877559100004,0.07192807192807193,0.929070929070929,0.6414624029001392,graphene quantum dot,heldout_concept,2008,2008-11,2505.0,25,False,A_openalex_native,True,0.297286800797052,L4,26,0.297286800797052,1.8513531728384327,0.8940624671087418,4.111173829214546,True,SOURCE,UNDETERMINED,UNDETERMINED,UNDETERMINED,SOURCE,SOURCE,SOURCE,UNDETERMINED,SOURCE,UNDETERMINED,SOURCE,0.09990009990009989,0.996003996003996,True,tested,30
c_10899378a764,2016,8,3107,host,20,17,8,True,0.07884278454392334,0.8969516125706848,0.11228647880046161,-0.24804486776844736,0.4726178253693706,2016,0.17647058823529413,0.25,12,0.5294117647058824,10,0.4117647058823529,0.0,1,0.0,0.015157242957563797,0.20172763062877372,2.3002218199180726,0.8398748035137215,0.9570223486606549,0.998001998001998,0.002997002997002997,0.028102191575335313,0.37401185280462423,0.997002997002997,0.003996003996003996,0.032320815997737194,0.43015749298644484,0.997002997002997,0.003996003996003996,0.03736675102649456,0.49731380370257017,0.993006993006993,0.007992007992007992,0.04786872442621906,0.637084487380609,0.989010989010989,0.011988011988011988,0.02598512597700088,0.6301049460251161,8.0,17.0,10.0,0.07884278454392334,0.998001998001998,0.002997002997002997,0.8405362704700251,graphene quantum dot,heldout_concept,2008,2008-11,2505.0,31,False,A_openalex_native,True,0.5393615980778874,L3,5,0.40563448898237603,0.14617797192995174,0.028102191575335313,0.37401185280462423,False,UNDETERMINED,SINK,SINK,SINK,UNDETERMINED,UNDETERMINED,UNDETERMINED,UNDETERMINED,UNDETERMINED,UNDETERMINED,UNDETERMINED,,,False,below_nmin,30
c_10899378a764,2016,8,2507,host,18,18,2,True,0.0,1.0,1.3161668448607293,0.3617063620219567,2.270627327699502,2016,0.0,0.0,9,0.5,9,0.5,0.0,0,0.12,0.0,0.0,1.1086458234412169,1.0,1.0,1.0,0.12087912087912088,0.0,0.0,1.0,0.12087912087912088,0.0,0.0,1.0,0.12087912087912088,0.0,0.0,1.0,0.12087912087912088,0.0,0.0,1.0,0.12087912087912088,0.0,0.0,2.0,18.0,9.0,0.0,1.0,0.12487512487512488,1.0,graphene quantum dot,heldout_concept,2008,2008-11,2505.0,25,False,A_openalex_native,True,0.297286800797052,L4,26,0.297286800797052,0.0,0.0,0.0,True,UNDETERMINED,UNDETERMINED,UNDETERMINED,UNDETERMINED,UNDETERMINED,UNDETERMINED,UNDETERMINED,UNDETERMINED,UNDETERMINED,UNDETERMINED,UNDETERMINED,,,False,below_nmin,30
c_15655b81c9fd,2010,4,2505,host,11,10,3,True,0.12413782370231452,0.8137932644465282,0.5259417191879546,-0.5655755417692915,1.6174589801452006,2010,0.2,0.2857142857142857,7,0.7,2,0.8,0.5,1,0.031,0.0,0.5378828427399902,3.034633607759363,0.7310585786300049,0.8965279502630514,0.6953046953046953,0.33666333666333664,0.0,2.926191453603494,0.6953046953046953,0.33666333666333664,0.0,2.926191453603494,0.6953046953046953,0.33666333666333664,0.0,2.926191453603494,0.8591408591408591,0.17282717282717283,0.0,1.698710355491347,0.6673326673326674,0.3646353646353646,0.0,3.616284663564137,3.0,10.0,2.0,0.12413782370231452,0.6793206793206793,0.34665334665334663,0.7310585786300049,quantum spin hall,heldout_concept,2006,2005-07,3107.0,25,False,B_s2_index,False,0.1838166952738543,L4,16,0.1838166952738543,0.6753348683446363,0.0,2.926191453603494,False,UNDETERMINED,UNDETERMINED,UNDETERMINED,UNDETERMINED,UNDETERMINED,UNDETERMINED,UNDETERMINED,UNDETERMINED,UNDETERMINED,UNDETERMINED,UNDETERMINED,,,False,below_nmin,30
c_15655b81c9fd,2011,5,2505,host,16,16,5,True,0.1896137259198301,0.7877723389544224,0.8201173880660052,-0.12500218990209666,1.7652369660341072,2011,0.375,0.5,12,0.75,7,0.5625,0.3125,1,0.002,0.051451589231262154,0.5547549600367685,2.3778812923664905,0.667646813197548,0.8986712935553697,0.5694305694305695,0.43356643356643354,0.24813231252769952,2.6753815222581445,0.5694305694305695,0.43356643356643354,0.24813231252769952,2.6753815222581445,0.5694305694305695,0.43356643356643354,0.24813231252769952,2.6753815222581445,0.7402597402597403,0.2627372627372627,0.17849772794305002,1.9245761192452013,0.5454545454545454,0.45754245754245754,0.23697925410110754,3.00694670479614,5.0,16.0,7.0,0.18899882713706062,0.5344655344655345,0.46853146853146854,0.6797086933862114,quantum spin hall,heldout_concept,2006,2005-07,3107.0,25,False,B_s2_index,False,0.20735545768759361,L4,32,0.20735545768759361,0.9144380766939176,0.24813231252769952,2.6753815222581445,False,UNDETERMINED,UNDETERMINED,UNDETERMINED,UNDETERMINED,UNDETERMINED,UNDETERMINED,UNDETERMINED,UNDETERMINED,UNDETERMINED,UNDETERMINED,UNDETERMINED,,,False,below_nmin,30
c_15655b81c9fd,2012,6,2505,host,31,28,8,True,0.253100987470067,0.6910117091313325,0.25054138530753717,-0.03975985846869584,0.5408426290837702,2012,0.42857142857142855,0.5454545454545454,22,0.7857142857142857,17,0.3928571428571429,0.17857142857142858,1,0.0,0.07657018329819215,0.6655621420359779,2.1624302700818925,0.564769817117643,0.8065757426462987,0.15284715284715283,0.8481518481518482,0.6180113248570022,5.371868310311731,0.15284715284715283,0.8481518481518482,0.6180113248570022,5.371868310311731,0.15284715284715283,0.8481518481518482,0.6180113248570022,5.371868310311731,0.6583416583416584,0.34265734265734266,0.24181950595026702,2.101939703338043,0.23176823176823177,0.7692307692307693,0.4577435599064251,6.566670960306708,8.0,28.0,17.0,0.2524460883570155,0.13286713286713286,0.8681318681318682,0.5754799373437304,quantum spin hall,heldout_concept,2006,2005-07,3107.0,25,False,B_s2_index,False,0.12389770254761795,L4,23,0.12389770254761795,2.0428222821387023,0.6180113248570022,5.371868310311731,False,UNDETERMINED,UNDETERMINED,UNDETERMINED,UNDETERMINED,UNDETERMINED,UNDETERMINED,UNDETERMINED,UNDETERMINED,UNDETERMINED,UNDETERMINED,UNDETERMINED,,,False,below_nmin,30
c_15655b81c9fd,2013,7,2505,host,48,46,7,True,0.35858863023371895,0.6104175022734549,0.41835048100686284,0.19048108697279428,0.6462198750409314,2013,0.43478260869565216,0.5405405405405406,37,0.7391304347826086,29,0.3695652173913043,0.10869565217391304,1,0.0,0.0846339448953447,0.9618134291359913,2.430494369817683,0.5070251416463236,0.7040544655894477,0.13686313686313686,0.8641358641358642,0.5904449793768854,6.710048917521853,0.13686313686313686,0.8641358641358642,0.5904449793768854,6.710048917521853,0.13686313686313686,0.8641358641358642,0.5904449793768854,6.710048917521853,0.5944055944055944,0.4065934065934066,0.21233537576703684,2.413062703693096,0.13286713286713286,0.8681318681318682,0.6070806790312213,10.009178406556785,7.0,46.0,29.0,0.35858863023371895,0.10789210789210789,0.8931068931068931,0.5033461554626034,quantum spin hall,heldout_concept,2006,2005-07,3107.0,25,False,B_s2_index,False,0.14333925742693499,L4,28,0.14333925742693499,2.5016777446088283,0.5904449793768854,6.710048917521853,True,UNDETERMINED,UNDETERMINED,UNDETERMINED,UNDETERMINED,UNDETERMINED,UNDETERMINED,UNDETERMINED,UNDETERMINED,UNDETERMINED,UNDETERMINED,UNDETERMINED,0.13686313686313686,0.8641358641358642,True,tested,30
c_15655b81c9fd,2014,8,2505,host,65,62,11,True,0.8265228173018829,0.6100942829206819,0.419726885215625,0.1925539659308455,0.6468998045004045,2014,0.5,0.6326530612244898,49,0.7419354838709677,43,0.30645161290322576,0.04838709677419355,1,0.0,0.4354936981981632,1.6708629531131194,1.3446151609373724,0.5302942850649935,0.687065275732273,0.000999000999000999,1.0,3.0859385133593626,11.839850631342344,0.000999000999000999,1.0,3.0859385133593626,11.839850631342344,0.000999000999000999,1.0,3.0859385133593626,11.839850631342344,0.005994005994005994,0.995004995004995,1.3708759797510695,5.259653348270595,0.000999000999000999,1.0,2.531652575622028,17.694510558057104,11.0,62.0,43.0,0.8265228173018829,0.000999000999000999,1.0,0.5312053751695459,quantum spin hall,heldout_concept,2006,2005-07,3107.0,25,False,B_s2_index,False,0.14112196218844403,L4,32,0.14112196218844403,5.856797939063548,3.0859385133593626,11.839850631342344,True,SOURCE,SOURCE,SOURCE,SOURCE,SOURCE,SOURCE,SOURCE,SOURCE,SOURCE,SOURCE,SOURCE,0.000999000999000999,1.0,True,tested,30
c_15655b81c9fd,2014,8,3104,host,14,14,2,True,0.0,1.0,1.2741577192473383,0.19185741594162753,2.356458022553049,2014,0.0,0.0,10,0.6428571428571429,7,0.5,0.14285714285714285,0,0.132,0.0,0.0,1.0986122886681098,1.0,1.0,1.0,0.13286713286713286,0.0,0.0,1.0,0.13286713286713286,0.0,0.0,1.0,0.13286713286713286,0.0,0.0,1.0,0.13286713286713286,0.0,0.0,1.0,0.13286713286713286,0.0,0.0,2.0,14.0,7.0,0.0,1.0,0.12487512487512488,1.0,quantum spin hall,heldout_concept,2006,2005-07,3107.0,31,False,B_s2_index,False,0.4689622613063039,L3,4,0.4689622613063039,0.0,0.0,0.0,True,UNDETERMINED,UNDETERMINED,UNDETERMINED,UNDETERMINED,UNDETERMINED,UNDETERMINED,UNDETERMINED,UNDETERMINED,UNDETERMINED,UNDETERMINED,UNDETERMINED,,,False,below_nmin,30
c_16e9bc1ff20f,2012,3,1705,host,17,16,2,True,1.0,0.2,0.2847765115163432,-0.043888951968377776,0.6134419750010642,2012,0.25,0.2857142857142857,14,0.1875,5,0.6875,0.1875,1,0.136,0.0,4.0,3.3322045101752042,0.0,0.5,0.2677322677322677,0.8691308691308691,0.0,33.91873409081795,0.2677322677322677,0.8691308691308691,0.0,33.91873409081795,0.2707292707292707,0.8661338661338661,0.0,21.11257536545971,0.2957042957042957,0.8411588411588412,0.0,12.632567693277363,0.2827172827172827,0.8541458541458542,0.0,25.439050568113466,2.0,16.0,5.0,1.0,0.24275724275724275,0.8741258741258742,0.0,cognitive interference channel,screen,2009,2008-11,2208.0,17,False,B_s2_index,False,0.1179289294609267,L2,7,0.18946054333778825,8.479683522704487,0.0,33.91873409081795,False,UNDETERMINED,UNDETERMINED,UNDETERMINED,UNDETERMINED,UNDETERMINED,UNDETERMINED,UNDETERMINED,UNDETERMINED,UNDETERMINED,UNDETERMINED,UNDETERMINED,,,False,below_nmin,30
c_16e9bc1ff20f,2013,4,1705,host,19,18,8,True,0.375,0.3333333333333333,0.20774930580418333,-0.1456587920594603,0.561157403667827,2013,0.2222222222222222,0.26666666666666666,15,0.2222222222222222,6,0.6666666666666667,0.16666666666666666,1,0.0,0.08333333333333333,1.0,2.4849066497880004,0.0,0.6666666666666666,0.12987012987012986,0.8711288711288712,0.7002368345047076,8.40284201405649,0.12987012987012986,0.8711288711288712,0.7002368345047076,8.40284201405649,0.22277722277722278,0.7782217782217782,0.43984532011374394,5.278143841364927,0.5524475524475524,0.4485514485514486,0.2090723133505545,2.508867760206654,0.17082917082917082,0.8301698301698301,0.38610283045500154,8.719475151224147,8.0,18.0,6.0,0.375,0.13286713286713286,0.8681318681318682,0.0,cognitive interference channel,screen,2009,2008-11,2208.0,17,False,B_s2_index,False,0.11900735469346849,L2,7,0.18946054333778825,3.1510657552711843,0.7002368345047076,8.40284201405649,False,UNDETERMINED,UNDETERMINED,UNDETERMINED,UNDETERMINED,UNDETERMINED,UNDETERMINED,UNDETERMINED,UNDETERMINED,UNDETERMINED,UNDETERMINED,UNDETERMINED,,,False,below_nmin,30
c_16e9bc1ff20f,2014,5,1705,host,20,19,11,True,0.22029292675926193,0.44709722570601484,0.0045256351849640025,-0.3589324595044662,0.3679837298743942,2014,0.21052631578947367,0.23529411764705882,17,0.3157894736842105,8,0.5789473684210527,0.15789473684210525,1,0.0,0.0385626937358408,0.45193518286265677,2.3426251473879085,0.19233984207000054,0.7180782452791177,0.6853146853146853,0.3156843156843157,0.13654411642690387,1.600227687643596,0.6853146853146853,0.3156843156843157,0.13654411642690387,1.600227687643596,0.4125874125874126,0.5884115884115884,0.20353944444827,2.3853789021226643,0.7662337662337663,0.23476523476523475,0.12139020788518073,1.4226315768842885,0.5634365634365635,0.43756243756243757,0.12245946833012614,3.8659289639919483,11.0,19.0,8.0,0.22029292675926193,0.7082917082917083,0.29270729270729273,0.16914384540362276,cognitive interference channel,screen,2009,2008-11,2208.0,17,False,B_s2_index,False,0.28241929967363005,L2,7,0.18946054333778825,0.7800207953699951,0.13654411642690387,1.600227687643596,False,UNDETERMINED,UNDETERMINED,UNDETERMINED,UNDETERMINED,UNDETERMINED,UNDETERMINED,UNDETERMINED,UNDETERMINED,UNDETERMINED,UNDETERMINED,UNDETERMINED,,,False,below_nmin,30
c_16e9bc1ff20f,2015,6,1705,host,22,15,14,True,0.17308729959656294,0.5085308672942355,-0.18167608897001478,-0.330080547772727,-0.03327163016730253,2015,0.26666666666666666,0.3076923076923077,13,0.6,9,0.4,0.2,1,0.0,0.02241178511416626,0.35714285714285715,2.538579793155794,0.2436861928766683,0.7691438454036228,0.983016983016983,0.017982017982017984,0.05309249664892496,0.8460551379309447,0.983016983016983,0.017982017982017984,0.05309249664892496,0.8460551379309447,0.6033966033966034,0.39760239760239763,0.1182926255743308,1.8850513719160455,0.9080919080919081,0.09290709290709291,0.07072351696217026,1.1270141484220833,0.8651348651348651,0.13586413586413587,0.0589232702431037,1.4957560934824818,14.0,15.0,9.0,0.17308729959656294,0.987012987012987,0.013986013986013986,0.23071490337726425,cognitive interference channel,screen,2009,2008-11,2208.0,17,False,B_s2_index,False,0.4221271653952266,L1,3,0.18946054333778825,0.41003591757594143,0.05309249664892496,0.8460551379309447,False,UNDETERMINED,FADING,FADING,FADING,UNDETERMINED,UNDETERMINED,UNDETERMINED,UNDETERMINED,UNDETERMINED,UNDETERMINED,UNDETERMINED,,,False,below_nmin,30
c_16e9bc1ff20f,2016,7,1705,host,15,11,10,True,0.026894142136999512,0.7627963009413531,-0.8808155124360755,-1.855258942161491,0.09362791728933995,2016,0.09090909090909091,0.1111111111111111,9,0.6363636363636364,6,0.4545454545454546,0.18181818181818182,1,0.0,0.0,0.10085303301374816,1.5040773967762737,0.488850359435227,0.9691438454036228,1.0,0.000999000999000999,0.0,0.2965459975576915,1.0,0.000999000999000999,0.0,0.2965459975576915,0.997002997002997,0.003996003996003996,0.0,0.5323168150844886,1.0,0.000999000999000999,0.0,0.31850819165462757,0.995004995004995,0.005994005994005994,0.0,0.43284837913798596,10.0,11.0,6.0,0.026894142136999512,0.999000999000999,0.001998001998001998,0.48061158256550174,cognitive interference channel,screen,2009,2008-11,2208.0,17,False,B_s2_index,True,0.34009237637452083,L2,6,0.18946054333778825,0.07907893268205107,0.0,0.2965459975576915,False,UNDETERMINED,FADING,FADING,UNDETERMINED,UNDETERMINED,UNDETERMINED,UNDETERMINED,UNDETERMINED,UNDETERMINED,UNDETERMINED,UNDETERMINED,,,False,below_nmin,30
c_16e9bc1ff20f,2017,8,1705,host,11,8,8,True,0.0,0.9153555611296238,-1.316984211344412,-2.248108507726203,-0.3858599149626206,2017,0.0,0.0,7,0.75,5,0.375,0.125,1,0.0,0.0,0.0,0.4795730802618863,0.8266910941988369,1.0,1.0,0.000999000999000999,0.0,0.0,1.0,0.000999000999000999,0.0,0.0,1.0,0.000999000999000999,0.0,0.0,1.0,0.000999000999000999,0.0,0.0,1.0,0.000999000999000999,0.0,0.0,8.0,8.0,5.0,0.0,1.0,0.000999000999000999,0.8207057190866699,cognitive interference channel,screen,2009,2008-11,2208.0,17,False,B_s2_index,True,0.1157765219173888,L2,8,0.18946054333778825,0.0,0.0,0.0,False,UNDETERMINED,SINK,UNDETERMINED,UNDETERMINED,UNDETERMINED,UNDETERMINED,UNDETERMINED,UNDETERMINED,UNDETERMINED,UNDETERMINED,UNDETERMINED,,,False,below_nmin,30
c_1b82dec9c84d,2016,3,1702,host,15,14,2,True,0.0,1.0,0.32130458647858084,0.07374163728234676,0.568867535674815,2016,0.0,0.0,12,0.2857142857142857,4,0.7142857142857143,0.0,2,0.125,0.0,0.0,1.0986122886681098,1.0,1.0,1.0,0.1258741258741259,0.0,0.0,1.0,0.1258741258741259,0.0,0.0,1.0,0.1258741258741259,0.0,0.0,1.0,0.1258741258741259,0.0,0.0,1.0,0.1258741258741259,0.0,0.0,2.0,14.0,4.0,0.0,1.0,0.12487512487512488,1.0,entanglement negativity,screen,2013,2012-16,3107.0,17,True,B_s2_index,True,0.34009237637452083,L2,6,0.18946054333778825,0.0,0.0,0.0,True,UNDETERMINED,UNDETERMINED,UNDETERMINED,UNDETERMINED,UNDETERMINED,UNDETERMINED,UNDETERMINED,UNDETERMINED,UNDETERMINED,UNDETERMINED,UNDETERMINED,,,False,below_nmin,30
c_1b82dec9c84d,2017,4,1702,host,16,15,2,True,0.0,1.0,0.2043455094871844,-0.1255286482906495,0.5342196672650183,2017,0.0,0.0,13,0.26666666666666666,4,0.7333333333333334,0.0,2,0.11,0.0,0.0,1.0986122886681098,1.0,1.0,1.0,0.1108891108891109,0.0,0.0,1.0,0.1108891108891109,0.0,0.0,1.0,0.1108891108891109,0.0,0.0,1.0,0.1108891108891109,0.0,0.0,1.0,0.1108891108891109,0.0,0.0,2.0,15.0,4.0,0.0,1.0,0.12387612387612387,1.0,entanglement negativity,screen,2013,2012-16,3107.0,17,True,B_s2_index,True,0.1157765219173888,L2,8,0.18946054333778825,0.0,0.0,0.0,False,UNDETERMINED,UNDETERMINED,UNDETERMINED,UNDETERMINED,UNDETERMINED,UNDETERMINED,UNDETERMINED,UNDETERMINED,UNDETERMINED,UNDETERMINED,UNDETERMINED,,,False,below_nmin,30
c_1b82dec9c84d,2018,5,1702,host,20,18,4,True,0.0,0.8,0.16825167758325463,-0.15707323916268637,0.49357659432919565,2018,0.05555555555555555,0.06666666666666667,15,0.2777777777777778,5,0.7222222222222222,0.0,2,0.007,0.0,0.0,1.6094379124341003,0.5,1.0,1.0,0.007992007992007992,0.0,0.0,1.0,0.007992007992007992,0.0,0.0,1.0,0.007992007992007992,0.0,0.0,1.0,0.007992007992007992,0.0,0.0,1.0,0.007992007992007992,0.0,0.0,4.0,18.0,5.0,0.0,1.0,0.014985014985014986,0.5,entanglement negativity,screen,2013,2012-16,3107.0,17,True,B_s2_index,True,0.1287725893153206,L2,7,0.1287725893153206,0.0,0.0,0.0,False,UNDETERMINED,FADING,FADING,FADING,UNDETERMINED,UNDETERMINED,UNDETERMINED,UNDETERMINED,UNDETERMINED,UNDETERMINED,UNDETERMINED,,,False,below_nmin,30
c_1b82dec9c84d,2018,5,3106,host,12,12,2,True,0.7347585830014189,0.2727589463660255,1.1785523914880043,-0.3337294120227856,2.690834194998794,2018,0.5833333333333334,0.6363636363636364,11,0.9166666666666666,7,0.41666666666666663,0.3333333333333333,1,0.097,0.13885230353581626,2.218258965901234,2.7710664411655554,0.187710174514204,0.368584328267576,0.35764235764235763,0.7402597402597403,0.3374835235888247,5.391526341165429,0.4695304695304695,0.6283716283716284,0.2574382455678001,4.112749171995931,0.35764235764235763,0.7402597402597403,0.3374835235888247,5.391526341165429,0.2757242757242757,0.8221778221778222,0.4385152809459237,7.0055766369916945,0.3306693306693307,0.7672327672327672,0.3958986243214016,7.541985988503687,2.0,12.0,7.0,0.7347585830014189,0.3986013986013986,0.7302697302697303,0.18865218830098632,entanglement negativity,screen,2013,2012-16,3107.0,31,True,B_s2_index,True,0.4114343185090953,L3,6,0.4114343185090953,1.7858466101319552,0.3374835235888247,5.391526341165429,False,UNDETERMINED,UNDETERMINED,UNDETERMINED,UNDETERMINED,UNDETERMINED,UNDETERMINED,UNDETERMINED,UNDETERMINED,UNDETERMINED,UNDETERMINED,UNDETERMINED,,,False,below_nmin,30
c_1b82dec9c84d,2019,6,1702,host,24,23,11,True,0.09667990100593683,0.8189948962235774,0.1984664236933875,-0.12046279430832144,0.5173956416950964,2019,0.13043478260869565,0.15,20,0.34782608695652173,8,0.6521739130434783,0.0,2,0.0,0.0,0.3063478911065305,4.058920263470652,0.6,0.9909882617326933,0.903096903096903,0.0979020979020979,0.0,1.2374889397623736,0.903096903096903,0.0979020979020979,0.0,1.2374889397623736,0.8291708291708292,0.17182817182817184,0.0,1.6169482347590673,0.987012987012987,0.013986013986013986,0.0,0.7088288407819356,0.8501498501498501,0.15084915084915085,0.0,1.904017619417215,11.0,23.0,8.0,0.09644302357072117,0.8891108891108891,0.11188811188811189,0.5903382924144288,entanglement negativity,screen,2013,2012-16,3107.0,17,True,B_s2_index,False,0.24755606394781707,L2,6,0.18946054333778825,0.3905373977278788,0.0,1.2374889397623736,False,UNDETERMINED,UNDETERMINED,UNDETERMINED,UNDETERMINED,SINK,UNDETERMINED,UNDETERMINED,UNDETERMINED,UNDETERMINED,UNDETERMINED,UNDETERMINED,,,False,below_nmin,30
c_1b82dec9c84d,2019,6,3106,host,20,17,4,True,0.49809805496538717,0.20851033231624952,0.7656910036216149,-0.6449775708229253,2.176359578066155,2019,0.8235294117647058,0.875,16,0.9411764705882353,14,0.17647058823529416,0.11764705882352941,2,0.014,0.1068736082614801,1.9648851368560318,2.911543468296228,0.1161339951580989,0.30924955379927255,0.44955044955044954,0.5654345654345654,0.25975861383842613,4.775695775637139,0.4675324675324675,0.5474525474525475,0.24910422117248174,4.579813385848983,0.44955044955044954,0.5654345654345654,0.25975861383842613,4.775695775637139,0.4725274725274725,0.5424575424575424,0.24728453517515578,4.546358222988355,0.34865134865134867,0.6663336663336663,0.3129291052376697,6.18926925967526,4.0,17.0,14.0,0.5104507091532223,0.4145854145854146,0.5944055944055944,0.07235186106685546,entanglement negativity,screen,2013,2012-16,3107.0,31,True,B_s2_index,False,0.4114343185090953,L3,4,0.4114343185090953,1.2106380837902224,0.25975861383842613,4.775695775637139,False,UNDETERMINED,UNDETERMINED,UNDETERMINED,UNDETERMINED,UNDETERMINED,UNDETERMINED,UNDETERMINED,UNDETERMINED,UNDETERMINED,UNDETERMINED,UNDETERMINED,,,False,below_nmin,30
c_1bd834da7f00,2012,6,2208,host,15,15,2,True,0.5,0.0,1.2587070104898073,0.49365740694785587,2.0237566140317584,2012,0.06666666666666667,0.07692307692307693,13,0.2,1,0.9333333333333333,0.13333333333333333,1,0.118,0.0,2.0,2.890371757896165,0.0,0.0,0.43656343656343655,0.6823176823176823,0.0,10.79668945298131,0.43456543456543456,0.6843156843156843,0.0,17.344312260390772,0.43656343656343655,0.6823176823176823,0.0,10.79668945298131,0.5654345654345654,0.5534465534465535,0.0,4.337767594730449,0.45054945054945056,0.6683316683316683,0.0,17.532296024093807,3.0,15.0,3.0,1.0,0.0939060939060939,0.9410589410589411,0.0,conductivity of graphene,screen,2006,2005-07,2505.0,22,False,B_s2_index,False,0.1852419678003924,L3,22,0.1852419678003924,2.6991723632453275,0.0,10.79668945298131,True,UNDETERMINED,UNDETERMINED,UNDETERMINED,UNDETERMINED,UNDETERMINED,UNDETERMINED,UNDETERMINED,UNDETERMINED,UNDETERMINED,UNDETERMINED,UNDETERMINED,,,False,below_nmin,30
c_1bd834da7f00,2013,7,2208,host,28,28,3,True,0.3333333333333333,0.0,1.0093454447361625,0.22295411116126485,1.7957367783110603,2013,0.03571428571428571,0.04,25,0.10714285714285714,1,0.9642857142857143,0.07142857142857142,1,0.046,0.0,2.0,3.091042453358316,0.0,0.0,0.37462537462537465,0.6723276723276723,0.0,20.122999302942105,0.37462537462537465,0.6723276723276723,0.0,20.122999302942105,0.37462537462537465,0.6723276723276723,0.0,20.122999302942105,0.6553446553446554,0.3916083916083916,0.0,4.337767594730449,0.41858141858141856,0.6283716283716284,0.0,17.532296024093807,4.0,28.0,3.0,0.75,0.06593406593406594,0.9440559440559441,0.0,conductivity of graphene,screen,2006,2005-07,2505.0,22,False,B_s2_index,False,0.09938876257415502,L2,6,0.09938876257415502,3.3538332171570175,0.0,20.122999302942105,True,UNDETERMINED,UNDETERMINED,UNDETERMINED,UNDETERMINED,UNDETERMINED,UNDETERMINED,UNDETERMINED,UNDETERMINED,UNDETERMINED,UNDETERMINED,UNDETERMINED,,,False,below_nmin,30
c_1bd834da7f00,2013,7,2204,host,17,17,1,True,0.6224593312018546,0.8962567781330243,1.4886451851485918,0.8081217638581889,2.1691686064389946,2013,0.058823529411764705,0.06666666666666667,15,0.4117647058823529,6,0.6470588235294117,0.058823529411764705,1,0.342,0.0,1.2449186624037092,1.828508108813939,0.6887703343990728,1.0,0.5854145854145855,0.7572427572427572,0.0,12.52574868788473,0.5854145854145855,0.7572427572427572,0.0,12.52574868788473,0.5854145854145855,0.7572427572427572,0.0,12.52574868788473,0.6993006993006993,0.6433566433566433,0.0,2.700083915924993,0.5994005994005994,0.7432567432567433,0.0,21.82628251518073,1.0,17.0,6.0,0.6224593312018546,0.6033966033966034,0.7592407592407593,0.7332317151992053,conductivity of graphene,screen,2006,2005-07,2505.0,22,False,B_s2_index,False,0.09938876257415502,L2,6,0.09938876257415502,6.262874343942365,0.0,12.52574868788473,True,UNDETERMINED,UNDETERMINED,UNDETERMINED,UNDETERMINED,UNDETERMINED,UNDETERMINED,UNDETERMINED,UNDETERMINED,UNDETERMINED,UNDETERMINED,UNDETERMINED,,,False,below_nmin,30
c_1bd834da7f00,2013,7,3107,host,13,13,2,True,0.3112296656009273,0.7925135562660485,1.0028485545569097,0.07012668671727307,1.9355704223965464,2013,0.07692307692307693,0.1111111111111111,9,0.15384615384615385,3,0.7692307692307692,0.0,1,0.106,0.0,1.2449186624037092,2.416294773716058,0.3775406687981455,1.0,0.7052947052947053,0.4015984015984016,0.0,3.506735875599195,0.4565434565434565,0.6503496503496503,0.0,8.685120076321644,0.7052947052947053,0.4015984015984016,0.0,3.506735875599195,0.7052947052947053,0.4015984015984016,0.0,3.1233362961842577,0.6023976023976024,0.5044955044955045,0.0,6.754632643765785,2.0,13.0,3.0,0.3112296656009273,0.6583416583416584,0.44555444555444557,0.3775406687981455,conductivity of graphene,screen,2006,2005-07,2505.0,31,False,B_s2_index,False,0.3550078211097066,L3,3,0.3550078211097066,0.8766839688997987,0.0,3.506735875599195,True,UNDETERMINED,UNDETERMINED,UNDETERMINED,UNDETERMINED,UNDETERMINED,UNDETERMINED,UNDETERMINED,UNDETERMINED,UNDETERMINED,UNDETERMINED,UNDETERMINED,,,False,below_nmin,30
c_1bd834da7f00,2013,7,2504,host,12,12,1,True,0.0,,1.6784854379732266,0.722679024999783,2.63429185094667,2013,0.0,0.0,10,0.0,0,1.0,0.0,0,,,,,,,,,,,,,,,,,,,,,,,,,,,,,,,,,,conductivity of graphene,screen,2006,2005-07,2505.0,25,False,B_s2_index,False,0.14333925742693499,L4,28,0.14333925742693499,0.0,,,True,UNDETERMINED,UNDETERMINED,UNDETERMINED,UNDETERMINED,UNDETERMINED,UNDETERMINED,UNDETERMINED,UNDETERMINED,UNDETERMINED,UNDETERMINED,UNDETERMINED,,,False,below_nmin,30
c_1bd834da7f00,2014,8,2208,host,56,53,8,True,0.19351715476529924,0.6359803945539438,0.492760079199873,0.17913383820888756,0.8063863201908585,2014,0.05660377358490566,0.06521739130434782,46,0.20754716981132076,7,0.8679245283018868,0.07547169811320754,1,0.001,0.0,0.5068767483031992,2.2243272769135065,0.3333333333333333,0.9216946802682295,0.5694305694305695,0.4325674325674326,0.0,2.298824362600894,0.5694305694305695,0.4325674325674326,0.0,2.298824362600894,0.5454545454545454,0.4565434565434565,0.0,2.5144442378294465,0.938061938061938,0.06393606393606394,0.0,1.1082627051734362,0.4905094905094905,0.5114885114885115,0.0,8.250754139838982,9.0,53.0,11.0,0.4896912468207565,0.08391608391608392,0.9170829170829171,0.2564981052333207,conductivity of graphene,screen,2006,2005-07,2505.0,22,False,B_s2_index,False,0.22049389964256247,L2,4,0.20158599688842269,0.8776531009656294,0.0,2.298824362600894,True,UNDETERMINED,UNDETERMINED,UNDETERMINED,UNDETERMINED,UNDETERMINED,UNDETERMINED,UNDETERMINED,UNDETERMINED,UNDETERMINED,FADING,SOURCE,0.5694305694305695,0.4325674325674326,True,tested,30
c_1bd834da7f00,2014,8,2204,host,27,27,3,True,0.5408197770672848,0.8197267409775717,1.13992585959653,0.3559948002052826,1.9238569189877774,2014,0.07407407407407407,0.08333333333333333,24,0.37037037037037035,9,0.6666666666666667,0.037037037037037035,1,0.039,0.0,2.244918662403709,3.005893867318954,0.5983511998919273,1.0,0.2897102897102897,0.7502497502497503,0.0,10.18131869427179,0.2897102897102897,0.7502497502497503,0.0,10.18131869427179,0.2897102897102897,0.7502497502497503,0.0,10.18131869427179,0.5054945054945055,0.5344655344655345,0.0,4.908411439306425,0.26873126873126874,0.7712287712287712,0.0,25.07316831678841,4.0,27.0,9.0,0.4056148328004636,0.3206793206793207,0.6963036963036963,0.5975045187553495,conductivity of graphene,screen,2006,2005-07,2505.0,22,False,B_s2_index,False,0.22049389964256247,L2,4,0.22049389964256247,2.452765259918733,0.0,10.18131869427179,True,UNDETERMINED,UNDETERMINED,UNDETERMINED,UNDETERMINED,UNDETERMINED,UNDETERMINED,UNDETERMINED,UNDETERMINED,UNDETERMINED,UNDETERMINED,UNDETERMINED,,,False,below_nmin,30
c_1bd834da7f00,2014,8,2504,host,24,24,2,True,0.0,1.0,1.3247350988155884,0.323818091573844,2.3256521060573325,2014,0.0,0.0,22,0.041666666666666664,1,0.9583333333333334,0.0,0,0.119,0.0,0.0,1.2992829841302609,1.0,1.0,1.0,0.11988011988011989,0.0,0.0,1.0,0.11988011988011989,0.0,0.0,1.0,0.11988011988011989,0.0,0.0,1.0,0.11988011988011989,0.0,0.0,1.0,0.11988011988011989,0.0,0.0,2.0,24.0,1.0,0.0,1.0,0.1088911088911089,1.0,conductivity of graphene,screen,2006,2005-07,2505.0,25,False,B_s2_index,False,0.14112196218844403,L4,32,0.14112196218844403,0.0,0.0,0.0,True,UNDETERMINED,UNDETERMINED,UNDETERMINED,UNDETERMINED,UNDETERMINED,UNDETERMINED,UNDETERMINED,UNDETERMINED,UNDETERMINED,UNDETERMINED,UNDETERMINED,,,False,below_nmin,30
c_1bd834da7f00,2014,8,3107,host,13,12,6,True,0.10374322186697577,0.7925135562660485,-0.6538275947059684,-1.8895190578778904,0.5818638684659536,2014,0.08333333333333333,0.1111111111111111,9,0.16666666666666666,3,0.75,0.0,1,0.0,0.0,0.41497288746790306,1.953671251767945,0.3775406687981455,1.0,0.974025974025974,0.026973026973026972,0.0,0.8848748006118609,0.6573426573426573,0.3436563436563437,0.0,2.9405266269879267,0.974025974025974,0.026973026973026972,0.0,0.8848748006118609,0.9230769230769231,0.07792207792207792,0.0,1.306279209162828,0.8401598401598401,0.16083916083916083,0.0,2.2127373255769354,7.0,12.0,3.0,0.08892276160026494,0.981018981018981,0.01998001998001998,0.3775406687981455,conductivity of graphene,screen,2006,2005-07,2505.0,31,False,B_s2_index,False,0.4689622613063039,L3,4,0.4689622613063039,0.22121870015296521,0.0,0.8848748006118609,False,UNDETERMINED,UNDETERMINED,UNDETERMINED,UNDETERMINED,UNDETERMINED,UNDETERMINED,UNDETERMINED,UNDETERMINED,UNDETERMINED,UNDETERMINED,UNDETERMINED,,,False,below_nmin,30
c_1c1c5f783c18,2013,5,2604,host,11,9,1,True,0.0,1.0,0.2510811154630644,-1.3682194161986914,1.87038164712482,2013,0.0,0.0,9,0.4444444444444444,7,0.2222222222222222,0.2222222222222222,2,0.338,0.0,0.0,0.8472978603872037,1.0,1.0,1.0,0.3386613386613387,0.0,0.0,1.0,0.3386613386613387,0.0,0.0,1.0,0.3386613386613387,0.0,0.0,1.0,0.3386613386613387,0.0,0.0,1.0,0.3386613386613387,0.0,0.0,1.0,9.0,7.0,0.0,1.0,0.3516483516483517,1.0,restricted isometry,heldout_concept,2008,2008-11,2206.0,26,False,B_s2_index,False,0.36435290078088167,L3,4,0.36435290078088167,0.0,0.0,0.0,False,UNDETERMINED,UNDETERMINED,UNDETERMINED,UNDETERMINED,UNDETERMINED,UNDETERMINED,UNDETERMINED,UNDETERMINED,UNDETERMINED,UNDETERMINED,UNDETERMINED,,,False,below_nmin,30
c_1c1c5f783c18,2013,5,1707,host,10,10,1,True,0.0,1.0,1.0620722337068824,-0.5175700652883188,2.6417145327020837,2013,0.0,0.0,7,0.2,2,0.8,0.0,0,0.335,0.0,0.0,0.8472978603872037,1.0,1.0,1.0,0.3356643356643357,0.0,0.0,1.0,0.3356643356643357,0.0,0.0,1.0,0.3356643356643357,0.0,0.0,1.0,0.3356643356643357,0.0,0.0,1.0,0.3356643356643357,0.0,0.0,1.0,10.0,2.0,0.0,1.0,0.34565434565434566,1.0,restricted isometry,heldout_concept,2008,2008-11,2206.0,17,False,B_s2_index,False,0.11900735469346849,L2,7,0.18946054333778825,0.0,0.0,0.0,False,UNDETERMINED,UNDETERMINED,UNDETERMINED,UNDETERMINED,UNDETERMINED,UNDETERMINED,UNDETERMINED,UNDETERMINED,UNDETERMINED,UNDETERMINED,UNDETERMINED,,,False,below_nmin,30
c_1c1c5f783c18,2014,6,2604,host,10,9,3,True,0.0,1.0,0.5547051974315673,-0.9337972826493441,2.043207677512479,2014,0.0,0.0,9,0.5555555555555556,8,0.11111111111111116,0.1111111111111111,2,0.025,0.0,0.0,1.2992829841302609,1.0,1.0,1.0,0.025974025974025976,0.0,0.0,1.0,0.025974025974025976,0.0,0.0,1.0,0.025974025974025976,0.0,0.0,1.0,0.025974025974025976,0.0,0.0,1.0,0.025974025974025976,0.0,0.0,3.0,9.0,8.0,0.0,1.0,0.025974025974025976,1.0,restricted isometry,heldout_concept,2008,2008-11,2206.0,26,False,B_s2_index,False,0.36435290078088167,L3,4,0.36435290078088167,0.0,0.0,0.0,False,UNDETERMINED,SINK,UNDETERMINED,UNDETERMINED,UNDETERMINED,UNDETERMINED,UNDETERMINED,UNDETERMINED,UNDETERMINED,UNDETERMINED,UNDETERMINED,,,False,below_nmin,30
c_1c1c5f783c18,2014,6,1707,host,10,9,1,True,0.0,1.0,0.005415378271779759,-1.9379988583515717,1.9488296148951314,2014,0.0,0.0,6,0.2222222222222222,2,0.7777777777777778,0.0,0,0.334,0.0,0.0,0.8472978603872037,1.0,1.0,1.0,0.33466533466533466,0.0,0.0,1.0,0.33466533466533466,0.0,0.0,1.0,0.33466533466533466,0.0,0.0,1.0,0.33466533466533466,0.0,0.0,1.0,0.33466533466533466,0.0,0.0,1.0,9.0,2.0,0.0,1.0,0.34865134865134867,1.0,restricted isometry,heldout_concept,2008,2008-11,2206.0,17,False,B_s2_index,False,0.28241929967363005,L2,7,0.18946054333778825,0.0,0.0,0.0,False,UNDETERMINED,UNDETERMINED,UNDETERMINED,UNDETERMINED,UNDETERMINED,UNDETERMINED,UNDETERMINED,UNDETERMINED,UNDETERMINED,UNDETERMINED,UNDETERMINED,,,False,below_nmin,30
c_1c1c5f783c18,2015,7,2208,host,13,13,3,True,0.0,1.0,0.8137250884352821,0.08684135149578698,1.5406088253747772,2015,0.0,0.0,11,0.3076923076923077,5,0.6153846153846154,0.0,0,0.037,0.0,0.0,1.466337068793427,1.0,1.0,1.0,0.03796203796203796,0.0,0.0,1.0,0.03796203796203796,0.0,0.0,1.0,0.03796203796203796,0.0,0.0,1.0,0.03796203796203796,0.0,0.0,1.0,0.03796203796203796,0.0,0.0,3.0,13.0,5.0,0.0,1.0,0.04295704295704296,1.0,restricted isometry,heldout_concept,2008,2008-11,2206.0,22,False,B_s2_index,False,0.18517297873379288,L2,4,0.18517297873379288,0.0,0.0,0.0,True,UNDETERMINED,SINK,SINK,UNDETERMINED,UNDETERMINED,UNDETERMINED,UNDETERMINED,UNDETERMINED,UNDETERMINED,UNDETERMINED,UNDETERMINED,,,False,below_nmin,30
c_1c1c5f783c18,2015,7,1707,host,12,12,4,True,0.0,1.0,0.8803275197880317,-0.9019795845386308,2.6626346241146943,2015,0.0,0.0,9,0.3333333333333333,4,0.6666666666666667,0.08333333333333333,0,0.006,0.0,0.0,1.6094379124341003,1.0,1.0,1.0,0.006993006993006993,0.0,0.0,1.0,0.006993006993006993,0.0,0.0,1.0,0.006993006993006993,0.0,0.0,1.0,0.006993006993006993,0.0,0.0,1.0,0.006993006993006993,0.0,0.0,4.0,12.0,4.0,0.0,1.0,0.006993006993006993,1.0,restricted isometry,heldout_concept,2008,2008-11,2206.0,17,False,B_s2_index,False,0.4087628132085307,L2,7,0.18946054333778825,0.0,0.0,0.0,False,UNDETERMINED,SINK,SINK,UNDETERMINED,UNDETERMINED,UNDETERMINED,UNDETERMINED,UNDETERMINED,UNDETERMINED,UNDETERMINED,UNDETERMINED,,,False,below_nmin,30
c_1c1c5f783c18,2015,7,2604,host,11,11,6,True,0.0,1.0,0.8659268580503771,-0.45757368557332156,2.1894274016740756,2015,0.0,0.0,10,0.5454545454545454,9,0.18181818181818177,0.09090909090909091,2,0.0,0.0,0.0,0.9985288301111273,1.0,1.0,1.0,0.000999000999000999,0.0,0.0,1.0,0.000999000999000999,0.0,0.0,1.0,0.000999000999000999,0.0,0.0,1.0,0.000999000999000999,0.0,0.0,1.0,0.000999000999000999,0.0,0.0,6.0,11.0,9.0,0.0,1.0,0.000999000999000999,1.0,restricted isometry,heldout_concept,2008,2008-11,2206.0,26,False,B_s2_index,False,0.09099442837339111,L3,3,0.09099442837339111,0.0,0.0,0.0,False,UNDETERMINED,SINK,SINK,UNDETERMINED,UNDETERMINED,UNDETERMINED,UNDETERMINED,UNDETERMINED,UNDETERMINED,UNDETERMINED,UNDETERMINED,,,False,below_nmin,30
c_1c1c5f783c18,2015,7,1711,host,11,11,1,True,0.0,1.0,1.2246342974051854,-0.391972782294713,2.8412413771050837,2015,0.0,0.0,8,0.45454545454545453,5,0.5454545454545454,0.0,0,0.358,0.0,0.0,0.8472978603872037,1.0,1.0,1.0,0.35864135864135865,0.0,0.0,1.0,0.35864135864135865,0.0,0.0,1.0,0.35864135864135865,0.0,0.0,1.0,0.35864135864135865,0.0,0.0,1.0,0.35864135864135865,0.0,0.0,1.0,11.0,5.0,0.0,1.0,0.37662337662337664,1.0,restricted isometry,heldout_concept,2008,2008-11,2206.0,17,False,B_s2_index,False,0.4087628132085307,L2,7,0.4087628132085307,0.0,0.0,0.0,False,UNDETERMINED,UNDETERMINED,UNDETERMINED,UNDETERMINED,UNDETERMINED,UNDETERMINED,UNDETERMINED,UNDETERMINED,UNDETERMINED,UNDETERMINED,UNDETERMINED,,,False,below_nmin,30
c_1c1c5f783c18,2016,8,2208,host,18,16,5,True,0.0,0.8382187051252261,0.2402078496139927,0.051604079796631785,0.4288116194313536,2016,0.0625,0.07142857142857142,14,0.5,6,0.625,0.125,0,0.002,0.0,0.0,1.2237754316221159,0.5839909560362956,1.0,1.0,0.002997002997002997,0.0,0.0,1.0,0.002997002997002997,0.0,0.0,1.0,0.002997002997002997,0.0,0.0,1.0,0.002997002997002997,0.0,0.0,1.0,0.002997002997002997,0.0,0.0,5.0,16.0,6.0,0.0,1.0,0.007992007992007992,0.5146561153756782,restricted isometry,heldout_concept,2008,2008-11,2206.0,22,False,B_s2_index,True,0.18435880431220825,L3,19,0.18435880431220825,0.0,0.0,0.0,True,UNDETERMINED,SINK,SINK,SINK,UNDETERMINED,UNDETERMINED,UNDETERMINED,UNDETERMINED,UNDETERMINED,UNDETERMINED,UNDETERMINED,,,False,below_nmin,30
c_1c1c5f783c18,2016,8,1707,host,14,14,9,True,0.0,1.0,0.5929980013267465,-1.1490576584241046,2.335053661077598,2016,0.0,0.0,11,0.35714285714285715,5,0.6428571428571428,0.07142857142857142,0,0.0,0.0,0.0,0.6539264674066638,0.9999999999999999,1.0,1.0,0.000999000999000999,0.0,0.0,1.0,0.000999000999000999,0.0,0.0,1.0,0.000999000999000999,0.0,0.0,1.0,0.000999000999000999,0.0,0.0,1.0,0.000999000999000999,0.0,0.0,9.0,14.0,5.0,0.0,1.0,0.000999000999000999,1.0,restricted isometry,heldout_concept,2008,2008-11,2206.0,17,False,B_s2_index,True,0.34009237637452083,L2,6,0.18946054333778825,0.0,0.0,0.0,False,UNDETERMINED,SINK,SINK,UNDETERMINED,UNDETERMINED,UNDETERMINED,UNDETERMINED,UNDETERMINED,UNDETERMINED,UNDETERMINED,UNDETERMINED,,,False,below_nmin,30
c_1c1c5f783c18,2016,8,2604,host,12,10,8,True,0.0,1.0,-0.2331918137077558,-0.4737570732873777,0.007373445871866141,2016,0.0,0.0,8,0.5,7,0.30000000000000004,0.1,2,0.0,0.0,0.0,0.737598943130779,1.0,1.0,1.0,0.000999000999000999,0.0,0.0,1.0,0.000999000999000999,0.0,0.0,1.0,0.000999000999000999,0.0,0.0,1.0,0.000999000999000999,0.0,0.0,1.0,0.000999000999000999,0.0,0.0,8.0,10.0,7.0,0.0,1.0,0.000999000999000999,1.0,restricted isometry,heldout_concept,2008,2008-11,2206.0,26,False,B_s2_index,True,0.09099442837339111,L3,3,0.09099442837339111,0.0,0.0,0.0,False,UNDETERMINED,SINK,SINK,UNDETERMINED,UNDETERMINED,UNDETERMINED,UNDETERMINED,UNDETERMINED,UNDETERMINED,UNDETERMINED,UNDETERMINED,,,False,below_nmin,30
c_1c1c5f783c18,2016,8,1711,host,11,10,8,True,0.0,1.0,-0.3585092474402828,-2.4009015146970185,1.6838830198164532,2016,0.0,0.0,8,0.5,5,0.5,0.0,0,0.0,0.0,0.0,0.6466271649250523,1.0,1.0,1.0,0.000999000999000999,0.0,0.0,1.0,0.000999000999000999,0.0,0.0,1.0,0.000999000999000999,0.0,0.0,1.0,0.000999000999000999,0.0,0.0,1.0,0.000999000999000999,0.0,0.0,8.0,10.0,5.0,0.0,1.0,0.000999000999000999,1.0,restricted isometry,heldout_concept,2008,2008-11,2206.0,17,False,B_s2_index,True,0.34009237637452083,L2,6,0.18946054333778825,0.0,0.0,0.0,False,UNDETERMINED,SINK,SINK,UNDETERMINED,UNDETERMINED,UNDETERMINED,UNDETERMINED,UNDETERMINED,UNDETERMINED,UNDETERMINED,UNDETERMINED,,,False,below_nmin,30
c_1c1c5f783c18,2016,8,2204,host,10,10,6,True,0.0,1.0,0.45512688302610715,-1.0413929022144948,1.9516466682667089,2016,0.0,0.0,7,0.5,5,0.5,0.0,0,0.0,0.0,0.0,0.9985288301111273,1.0,1.0,1.0,0.000999000999000999,0.0,0.0,1.0,0.000999000999000999,0.0,0.0,1.0,0.000999000999000999,0.0,0.0,1.0,0.000999000999000999,0.0,0.0,1.0,0.000999000999000999,0.0,0.0,6.0,10.0,5.0,0.0,1.0,0.001998001998001998,1.0,restricted isometry,heldout_concept,2008,2008-11,2206.0,22,False,B_s2_index,True,0.18435880431220825,L3,19,0.18435880431220825,0.0,0.0,0.0,False,UNDETERMINED,SINK,SINK,UNDETERMINED,UNDETERMINED,UNDETERMINED,UNDETERMINED,UNDETERMINED,UNDETERMINED,UNDETERMINED,UNDETERMINED,,,False,below_nmin,30
c_1d198d662026,2010,4,3107,host,14,14,2,True,0.0,1.0,1.0770615063526856,0.19428735160665078,1.9598356610987204,2010,0.0,0.0,12,0.07142857142857142,1,0.9285714285714286,0.07142857142857142,1,0.121,0.0,0.0,1.0986122886681098,1.0,1.0,1.0,0.12187812187812187,0.0,0.0,1.0,0.12187812187812187,0.0,0.0,1.0,0.12187812187812187,0.0,0.0,1.0,0.12187812187812187,0.0,0.0,1.0,0.12187812187812187,0.0,0.0,2.0,14.0,1.0,0.0,1.0,0.11288711288711288,1.0,electrons in graphene,heldout_concept,2006,2005-07,2505.0,31,False,B_s2_index,False,0.1838166952738543,L4,16,0.1838166952738543,0.0,0.0,0.0,True,UNDETERMINED,UNDETERMINED,UNDETERMINED,UNDETERMINED,UNDETERMINED,UNDETERMINED,UNDETERMINED,UNDETERMINED,UNDETERMINED,UNDETERMINED,UNDETERMINED,,,False,below_nmin,30
c_1d198d662026,2011,5,3107,host,17,16,5,True,0.0,0.5,0.22957855627699575,0.04043362250650162,0.4187234900474899,2011,0.0625,0.06666666666666667,15,0.125,2,0.875,0.0625,1,0.004,0.0,0.0,1.2237754316221159,0.0,1.0,1.0,0.004995004995004995,0.0,0.0,1.0,0.004995004995004995,0.0,0.0,1.0,0.004995004995004995,0.0,0.0,1.0,0.004995004995004995,0.0,0.0,1.0,0.004995004995004995,0.0,0.0,5.0,16.0,2.0,0.0,1.0,0.001998001998001998,0.0,electrons in graphene,heldout_concept,2006,2005-07,2505.0,31,False,B_s2_index,False,0.20735545768759361,L4,32,0.20735545768759361,0.0,0.0,0.0,True,UNDETERMINED,FADING,FADING,FADING,UNDETERMINED,UNDETERMINED,UNDETERMINED,UNDETERMINED,UNDETERMINED,UNDETERMINED,UNDETERMINED,,,False,below_nmin,30
c_1d198d662026,2012,6,3107,host,22,20,8,True,0.0,0.5,0.15867400287054548,0.01637677423770076,0.3009712315033902,2012,0.05,0.05555555555555555,18,0.1,2,0.9,0.0,1,0.0,0.0,0.0,1.021651247531981,0.0,1.0,1.0,0.000999000999000999,0.0,0.0,1.0,0.000999000999000999,0.0,0.0,1.0,0.000999000999000999,0.0,0.0,1.0,0.000999000999000999,0.0,0.0,1.0,0.000999000999000999,0.0,0.0,8.0,20.0,2.0,0.0,1.0,0.000999000999000999,0.0,electrons in graphene,heldout_concept,2006,2005-07,2505.0,31,False,B_s2_index,False,0.12389770254761795,L4,23,0.12389770254761795,0.0,0.0,0.0,True,UNDETERMINED,FADING,FADING,FADING,FADING,UNDETERMINED,UNDETERMINED,UNDETERMINED,UNDETERMINED,UNDETERMINED,UNDETERMINED,,,False,below_nmin,30
c_1d198d662026,2013,7,3107,host,26,23,11,True,0.09090909090909091,0.5,0.1265919689323877,-0.006823185458630865,0.26000712332340625,2013,0.043478260869565216,0.05555555555555555,18,0.08695652173913043,2,0.9130434782608696,0.0,1,0.0,0.0,0.2857142857142857,2.114532861491106,0.0,1.0,0.971028971028971,0.029970029970029972,0.0,0.8048112428091905,0.7792207792207793,0.2217782217782218,0.0,1.9932730979852065,0.971028971028971,0.029970029970029972,0.0,0.8048112428091905,0.981018981018981,0.01998001998001998,0.0,0.716819360059044,0.8801198801198801,0.12087912087912088,0.0,1.8998582565492343,11.0,23.0,2.0,0.09090909090909091,0.97002997002997,0.030969030969030968,0.0,electrons in graphene,heldout_concept,2006,2005-07,2505.0,31,False,B_s2_index,False,0.3550078211097066,L3,3,0.3550078211097066,0.256076304530197,0.0,0.8048112428091905,False,UNDETERMINED,FADING,FADING,FADING,FADING,UNDETERMINED,UNDETERMINED,UNDETERMINED,UNDETERMINED,UNDETERMINED,UNDETERMINED,,,False,below_nmin,30
c_1d198d662026,2014,8,3107,host,31,28,11,True,0.09090909090909091,0.7704098885336425,0.16197347424388667,0.027257874500759227,0.2966890739870141,2014,0.07142857142857142,0.08695652173913043,23,0.21428571428571427,6,0.7857142857142857,0.0,1,0.0,0.0,0.2727272727272727,2.068012845856213,0.5,1.0,0.998001998001998,0.002997002997002997,0.0,0.581554839759569,0.7362637362637363,0.2647352647352647,0.0,1.932564347164423,0.998001998001998,0.002997002997002997,0.0,0.581554839759569,0.977022977022977,0.023976023976023976,0.0,0.858509018044877,0.8931068931068931,0.10789210789210789,0.0,1.5309454780707548,11.0,28.0,4.0,0.09090909090909091,0.999000999000999,0.001998001998001998,0.25,electrons in graphene,heldout_concept,2006,2005-07,2505.0,31,False,B_s2_index,False,0.4689622613063039,L3,4,0.4689622613063039,0.1938516132531897,0.0,0.581554839759569,True,UNDETERMINED,FADING,FADING,FADING,FADING,UNDETERMINED,UNDETERMINED,UNDETERMINED,UNDETERMINED,UNDETERMINED,UNDETERMINED,,,False,below_nmin,30
c_1e0ff7706e23,2015,4,3106,host,11,11,1,True,0.0,1.0,1.1091634033602118,0.1924891494372214,2.025837657283202,2015,0.0,0.0,3,0.2727272727272727,3,0.7272727272727273,0.0,1,0.344,0.0,0.0,0.8472978603872037,0.9999999999999999,1.0,1.0,0.34465534465534464,0.0,0.0,1.0,0.34465534465534464,0.0,0.0,1.0,0.34465534465534464,0.0,0.0,1.0,0.34465534465534464,0.0,0.0,1.0,0.34465534465534464,0.0,0.0,1.0,11.0,3.0,0.0,1.0,0.34465534465534464,1.0,proton radius puzzle,heldout_concept,2011,2008-11,3107.0,31,False,A_openalex_native,False,0.5611391497903944,L3,4,0.5611391497903944,0.0,0.0,0.0,True,UNDETERMINED,UNDETERMINED,UNDETERMINED,UNDETERMINED,UNDETERMINED,UNDETERMINED,UNDETERMINED,UNDETERMINED,UNDETERMINED,UNDETERMINED,UNDETERMINED,,,False,below_nmin,30
c_1e0ff7706e23,2016,5,3106,host,21,20,3,True,0.0,0.9532044139960415,0.4245286842056278,0.312680555058928,0.5363768133523276,2016,0.05,0.1,10,0.5,7,0.65,0.1,1,0.047,0.0,0.0,1.466337068793427,0.8635128741551211,1.0,1.0,0.04795204795204795,0.0,0.0,1.0,0.04795204795204795,0.0,0.0,1.0,0.04795204795204795,0.0,0.0,1.0,0.04795204795204795,0.0,0.0,1.0,0.04795204795204795,0.0,0.0,3.0,20.0,7.0,0.0,1.0,0.04395604395604396,0.9013025833375046,proton radius puzzle,heldout_concept,2011,2008-11,3107.0,31,False,A_openalex_native,True,0.5393615980778874,L3,5,0.5393615980778874,0.0,0.0,0.0,True,UNDETERMINED,SINK,SINK,SINK,SINK,UNDETERMINED,UNDETERMINED,UNDETERMINED,UNDETERMINED,UNDETERMINED,UNDETERMINED,,,False,below_nmin,30
c_1e0ff7706e23,2017,6,3106,host,23,22,6,True,0.0,0.8524923219969212,0.2856931742080924,0.015171264226956027,0.5562150841892288,2017,0.09090909090909091,0.15384615384615385,13,0.5454545454545454,9,0.5909090909090908,0.09090909090909091,1,0.001,0.0,0.0,1.0085371759668251,0.6674777763575295,1.0,1.0,0.001998001998001998,0.0,0.0,1.0,0.001998001998001998,0.0,0.0,1.0,0.001998001998001998,0.0,0.0,1.0,0.001998001998001998,0.0,0.0,1.0,0.001998001998001998,0.0,0.0,6.0,22.0,7.0,0.0,1.0,0.002997002997002997,0.5706171257443083,proton radius puzzle,heldout_concept,2011,2008-11,3107.0,31,False,A_openalex_native,True,0.42903170310983996,L3,7,0.42903170310983996,0.0,0.0,0.0,True,UNDETERMINED,SINK,SINK,SINK,SINK,UNDETERMINED,UNDETERMINED,UNDETERMINED,UNDETERMINED,UNDETERMINED,UNDETERMINED,,,False,below_nmin,30
c_1e0ff7706e23,2018,7,3106,host,23,21,9,True,0.0,0.8524923219969212,-0.0705083096969719,-0.46483736923065483,0.323820749836711,2018,0.09523809523809523,0.15384615384615385,13,0.5714285714285714,9,0.5714285714285714,0.09523809523809523,1,0.0,0.0,0.0,0.8979415932059585,0.6672430897972291,1.0,1.0,0.000999000999000999,0.0,0.0,1.0,0.000999000999000999,0.0,0.0,1.0,0.000999000999000999,0.0,0.0,1.0,0.000999000999000999,0.0,0.0,1.0,0.000999000999000999,0.0,0.0,9.0,21.0,7.0,0.0,1.0,0.000999000999000999,0.5555555555555556,proton radius puzzle,heldout_concept,2011,2008-11,3107.0,31,False,A_openalex_native,True,0.4114343185090953,L3,6,0.4114343185090953,0.0,0.0,0.0,False,UNDETERMINED,SINK,SINK,SINK,SINK,UNDETERMINED,UNDETERMINED,UNDETERMINED,UNDETERMINED,UNDETERMINED,UNDETERMINED,,,False,below_nmin,30
c_1e0ff7706e23,2019,8,3106,host,23,20,17,True,0.07809230011927701,0.8340538622465363,-0.2051067502197967,-0.5381167175929533,0.12790321715335992,2019,0.1,0.14285714285714285,14,0.55,8,0.6,0.1,1,0.0,0.0,0.22126151700461819,2.5520852845817323,0.5938735328827313,1.0,0.998001998001998,0.002997002997002997,0.0,0.5377808973407913,1.0,0.000999000999000999,0.0,0.5157229999573509,0.998001998001998,0.002997002997002997,0.0,0.5377808973407913,1.0,0.000999000999000999,0.0,0.5119556855493324,0.97002997002997,0.030969030969030968,0.0,0.8057313815277829,17.0,20.0,6.0,0.07333785539154344,0.998001998001998,0.002997002997002997,0.5,proton radius puzzle,heldout_concept,2011,2008-11,3107.0,31,False,A_openalex_native,False,0.4114343185090953,L3,4,0.4114343185090953,0.1898050225908675,0.0,0.5377808973407913,False,UNDETERMINED,SINK,SINK,SINK,SINK,UNDETERMINED,UNDETERMINED,UNDETERMINED,UNDETERMINED,UNDETERMINED,UNDETERMINED,,,False,below_nmin,30
c_1e0ff7706e23,2019,8,3103,host,10,9,5,True,0.0,,0.06140655268077419,-0.2062840722742101,0.3290971776357585,2019,0.0,0.0,3,0.2222222222222222,0,1.0,0.2222222222222222,0,,,,,,,,,,,,,,,,,,,,,,,,,,,,,,,,,,proton radius puzzle,heldout_concept,2011,2008-11,3107.0,31,False,A_openalex_native,False,0.4114343185090953,L3,4,0.4114343185090953,0.0,,,False,UNDETERMINED,UNDETERMINED,UNDETERMINED,UNDETERMINED,UNDETERMINED,UNDETERMINED,UNDETERMINED,UNDETERMINED,UNDETERMINED,UNDETERMINED,UNDETERMINED,,,False,below_nmin,30
c_1f1d4e62775b,2013,6,1503,host,17,17,3,True,0.3828451010069456,0.46134210922678254,2.065331639007917,0.7572953815095902,3.3733678965062435,2013,0.11764705882352941,0.16666666666666666,12,0.23529411764705882,4,0.7647058823529411,0.058823529411764705,2,0.033,0.0,1.6485353030208367,3.793114177871661,0.0,0.9226842184535651,0.3146853146853147,0.7192807192807192,0.0,11.500933747066135,0.3146853146853147,0.7192807192807192,0.0,11.500933747066135,0.3146853146853147,0.7192807192807192,0.0,11.500933747066135,0.5824175824175825,0.4515484515484515,0.0,4.135957073311484,0.32367632367632365,0.7102897102897103,0.0,15.892701604094448,1.0,17.0,2.0,0.0,1.0,0.34465534465534464,1.0,poly ionic liquid,screen,2007,2005-07,2507.0,15,False,B_s2_index,False,0.14333925742693499,L4,28,0.14333925742693499,2.670901941864008,0.0,11.500933747066135,True,UNDETERMINED,UNDETERMINED,UNDETERMINED,UNDETERMINED,UNDETERMINED,UNDETERMINED,UNDETERMINED,UNDETERMINED,UNDETERMINED,UNDETERMINED,UNDETERMINED,,,False,below_nmin,30
c_1f1d4e62775b,2014,7,1503,host,25,25,5,True,0.472714628784372,0.48677573396168916,1.440533567663243,0.03866162788288552,2.8424055074436003,2014,0.2,0.29411764705882354,17,0.32,8,0.6799999999999999,0.04,2,0.002,0.05950262549041917,1.4839943404683993,3.200066857936708,0.2230702871246248,0.7618515940436331,0.11988011988011989,0.8831168831168831,0.4216397261466906,10.515686697204371,0.11988011988011989,0.8831168831168831,0.4216397261466906,10.515686697204371,0.11988011988011989,0.8831168831168831,0.4216397261466906,10.515686697204371,0.34465534465534464,0.6583416583416584,0.1873063154631967,4.671415921405495,0.13286713286713286,0.8701298701298701,0.43002493891503285,14.064508865794886,4.0,25.0,5.0,0.31987139620969285,0.3076923076923077,0.7112887112887113,0.12119667421773841,poly ionic liquid,screen,2007,2005-07,2507.0,15,False,B_s2_index,False,0.14112196218844403,L4,32,0.14112196218844403,3.349688605896389,0.4216397261466906,10.515686697204371,True,UNDETERMINED,UNDETERMINED,UNDETERMINED,UNDETERMINED,UNDETERMINED,UNDETERMINED,UNDETERMINED,UNDETERMINED,UNDETERMINED,UNDETERMINED,UNDETERMINED,,,False,below_nmin,30
c_1f1d4e62775b,2015,8,1503,host,39,36,7,True,0.418205362277979,0.5582538706692151,0.3557391877304922,0.08988085746335428,0.6215975179976301,2015,0.25,0.36,25,0.4444444444444444,15,0.5833333333333333,0.05555555555555555,3,0.001,0.11112060928304489,0.986139936825801,2.183119369690538,0.35396817663517827,0.7251615943844694,0.17582417582417584,0.8261738261738262,0.5264329044613529,4.671829235800932,0.17582417582417584,0.8261738261738262,0.5264329044613529,4.671829235800932,0.17582417582417584,0.8261738261738262,0.5264329044613529,4.671829235800932,0.34265734265734266,0.6593406593406593,0.3506565967611668,3.1119022511548637,0.1978021978021978,0.8041958041958042,0.5067286507758377,5.714786528900875,6.0,36.0,11.0,0.21324759747312858,0.5444555444555444,0.46053946053946054,0.43119178731425206,poly ionic liquid,screen,2007,2005-07,2507.0,15,False,B_s2_index,False,0.21108218795089126,L4,30,0.21108218795089126,1.9812442079446106,0.5264329044613529,4.671829235800932,True,UNDETERMINED,UNDETERMINED,UNDETERMINED,UNDETERMINED,UNDETERMINED,UNDETERMINED,UNDETERMINED,UNDETERMINED,UNDETERMINED,UNDETERMINED,UNDETERMINED,0.17582417582417584,0.8261738261738262,True,tested,30
c_1f1d4e62775b,2015,8,2505,host,11,11,2,True,0.25,0.875,0.8701488254921731,0.1836040297472239,1.5566936212371223,2015,0.09090909090909091,0.125,8,0.36363636363636365,4,0.6363636363636364,0.09090909090909091,0,0.099,0.0,1.0,2.1972245773362196,0.6666666666666666,1.0,0.5314685314685315,0.5684315684315684,0.0,4.737491162601803,0.5314685314685315,0.5684315684315684,0.0,4.737491162601803,0.5314685314685315,0.5684315684315684,0.0,4.737491162601803,0.6693306693306693,0.4305694305694306,0.0,3.155639615581833,0.5564435564435565,0.5434565434565435,0.0,5.417769935553227,2.0,11.0,3.0,0.25,0.5544455544455544,0.5544455544455544,0.5,poly ionic liquid,screen,2007,2005-07,2507.0,25,False,B_s2_index,False,0.21108218795089126,L4,30,0.21108218795089126,1.1843727906504506,0.0,4.737491162601803,True,UNDETERMINED,UNDETERMINED,UNDETERMINED,UNDETERMINED,UNDETERMINED,UNDETERMINED,UNDETERMINED,UNDETERMINED,UNDETERMINED,UNDETERMINED,UNDETERMINED,,,False,below_nmin,30
c_21571c2d1a59,2015,3,2608,host,10,8,0,True,,0.4621246355353224,0.8693269376061478,-1.0430249622000325,2.781678837412328,2015,0.375,0.375,8,1.0,3,0.625,0.625,3,,,,,,,,,,,,,,,,,,,,,,,,,,,,,,,,,,mathieu moonshine,screen,2012,2012-16,2610.0,26,False,B_s2_index,False,0.09099442837339111,L3,3,0.09099442837339111,,,,False,UNDETERMINED,UNDETERMINED,UNDETERMINED,UNDETERMINED,UNDETERMINED,UNDETERMINED,UNDETERMINED,UNDETERMINED,UNDETERMINED,UNDETERMINED,UNDETERMINED,,,False,no_cohort_parents,30
c_21571c2d1a59,2016,4,2608,host,10,10,1,True,0.06349314965555675,0.6106081146545268,1.6463898112215192,0.4793282833171437,2.8134513391258946,2016,0.4,0.4,10,1.0,5,0.5,0.5,4,0.33,0.0,0.1269862993111135,2.351358150234783,0.43456837447650193,0.8112296656009272,0.8901098901098901,0.4405594405594406,0.0,1.395539282801267,1.0,0.3306693306693307,0.0,0.3485255614514287,0.8901098901098901,0.4405594405594406,0.0,1.395539282801267,0.998001998001998,0.33266733266733267,0.0,0.4010407555416054,0.951048951048951,0.37962037962037964,0.0,1.395539282801267,1.0,10.0,5.0,0.05747637831576752,0.8971028971028971,0.45754245754245754,0.4520493330922806,mathieu moonshine,screen,2012,2012-16,2610.0,26,False,B_s2_index,True,0.09099442837339111,L3,3,0.09099442837339111,0.6977696414006335,0.0,1.395539282801267,True,UNDETERMINED,UNDETERMINED,UNDETERMINED,UNDETERMINED,UNDETERMINED,UNDETERMINED,UNDETERMINED,UNDETERMINED,UNDETERMINED,UNDETERMINED,UNDETERMINED,,,False,below_nmin,30
c_21571c2d1a59,2017,5,2608,host,11,11,3,True,0.5712973269569949,0.508840095545439,0.9081169541738711,-0.4162967840604087,2.232530692408151,2017,0.45454545454545453,0.45454545454545453,11,1.0,6,0.4545454545454546,0.45454545454545453,4,0.024,0.09095272080576085,2.0914326496691302,3.135264768518384,0.2882590932695111,0.7192964758264068,0.48451548451548454,0.5404595404595405,0.1888941801460646,4.3435694082605085,0.07592407592407592,0.949050949050949,0.9995416470175611,22.984183614924646,0.48451548451548454,0.5404595404595405,0.1888941801460646,4.3435694082605085,0.1978021978021978,0.8271728271728271,0.3961907320241337,9.110296262837068,0.3036963036963037,0.7212787212787213,0.27941904221089725,11.090842038505649,2.0,11.0,6.0,0.8231288003683392,0.4155844155844156,0.6943056943056943,0.31085262112057027,mathieu moonshine,screen,2012,2012-16,2610.0,26,False,B_s2_index,True,0.4815009162030858,L3,3,0.4815009162030858,1.1864927100492473,0.1888941801460646,4.3435694082605085,False,UNDETERMINED,UNDETERMINED,UNDETERMINED,UNDETERMINED,UNDETERMINED,UNDETERMINED,UNDETERMINED,UNDETERMINED,UNDETERMINED,UNDETERMINED,UNDETERMINED,,,False,below_nmin,30
c_21571c2d1a59,2018,6,2608,host,11,9,7,True,0.42099420381819513,0.508840095545439,-1.0824381511509429,-2.248550278346369,0.08367397604448312,2018,0.5555555555555556,0.5555555555555556,9,1.0,6,0.33333333333333337,0.3333333333333333,4,0.0,0.17394245729525032,0.9327522149999306,1.6794176853996547,0.2995006355675863,0.7178377684310456,0.06593406593406594,0.936063936063936,0.9131979008000642,4.896949128749636,0.012987012987012988,0.988011988011988,1.9115726138911064,10.250651953902368,0.06593406593406594,0.936063936063936,0.9131979008000642,4.896949128749636,0.2997002997002997,0.7012987012987013,0.5493349666293141,2.9457638742602557,0.25874125874125875,0.7432567432567433,0.4131215074050547,4.591575781481133,6.0,9.0,6.0,0.4682685041710913,0.061938061938061936,0.939060939060939,0.29986251813332954,mathieu moonshine,screen,2012,2012-16,2610.0,26,False,B_s2_index,True,0.19047619047619047,L4,23,0.19047619047619047,2.2102195700455245,0.9131979008000642,4.896949128749636,False,UNDETERMINED,SOURCE,UNDETERMINED,UNDETERMINED,UNDETERMINED,UNDETERMINED,UNDETERMINED,UNDETERMINED,UNDETERMINED,UNDETERMINED,UNDETERMINED,,,False,below_nmin,30
c_21571c2d1a59,2019,7,2608,host,11,9,7,True,0.42276063672757896,0.5681689133216272,-0.6888257914891892,-2.1505863052574696,0.7729347222790911,2019,0.6666666666666666,0.6666666666666666,9,1.0,7,0.2222222222222222,0.2222222222222222,4,0.0,0.172234773241272,0.8336425270197723,1.5769461520536607,0.36863245787935417,0.7833423227990639,0.2997002997002997,0.7012987012987013,0.5509702583357234,2.6667799412857813,0.6643356643356644,0.33666333666333664,0.3577039366808337,1.7313415176725464,0.2997002997002997,0.7012987012987013,0.5509702583357234,2.6667799412857813,0.5654345654345654,0.4355644355644356,0.39851743133591916,1.9288850460813636,0.2987012987012987,0.7022977022977023,0.5492803262471246,2.921860273684108,7.0,9.0,7.0,0.41220988643539874,0.3046953046953047,0.6963036963036963,0.36689998313752736,mathieu moonshine,screen,2012,2012-16,2610.0,26,False,B_s2_index,False,0.3126026689018193,L4,28,0.3126026689018193,1.3523897227517194,0.5509702583357234,2.6667799412857813,False,UNDETERMINED,UNDETERMINED,UNDETERMINED,UNDETERMINED,UNDETERMINED,UNDETERMINED,UNDETERMINED,UNDETERMINED,UNDETERMINED,UNDETERMINED,UNDETERMINED,,,False,below_nmin,30
c_21960ecc2d0a,2010,3,3107,host,14,13,1,True,0.0,0.3333333333333333,0.7955239329094692,-0.37328597168296795,1.9643338375019064,2010,0.15384615384615385,0.25,8,0.3076923076923077,3,0.7692307692307692,0.07692307692307693,2,0.346,0.0,0.0,0.8472978603872037,0.0,1.0,1.0,0.34665334665334663,0.0,0.0,1.0,0.34665334665334663,0.0,0.0,1.0,0.34665334665334663,0.0,0.0,1.0,0.34665334665334663,0.0,0.0,1.0,0.34665334665334663,0.0,0.0,1.0,13.0,3.0,0.0,1.0,0.36863136863136864,0.0,klein tunneling,screen,2007,2005-07,2505.0,31,False,B_s2_index,False,0.1838166952738543,L4,16,0.1838166952738543,0.0,0.0,0.0,False,UNDETERMINED,UNDETERMINED,UNDETERMINED,UNDETERMINED,UNDETERMINED,UNDETERMINED,UNDETERMINED,UNDETERMINED,UNDETERMINED,UNDETERMINED,UNDETERMINED,,,False,below_nmin,30
c_21960ecc2d0a,2011,4,3107,host,24,24,2,True,0.0,0.2729915991853034,1.1816825234742665,0.26341245221850773,2.0999525947300253,2011,0.375,0.5294117647058824,17,0.4583333333333333,11,0.5416666666666667,0.08333333333333333,2,0.096,0.0,0.0,1.2992829841302609,0.0771467377721798,0.5,1.0,0.0969030969030969,0.0,0.0,1.0,0.0969030969030969,0.0,0.0,1.0,0.0969030969030969,0.0,0.0,1.0,0.0969030969030969,0.0,0.0,1.0,0.0969030969030969,0.0,0.0,2.0,24.0,12.0,0.0,1.0,0.11488511488511488,0.11175724245296384,klein tunneling,screen,2007,2005-07,2505.0,31,False,B_s2_index,False,0.20735545768759361,L4,32,0.20735545768759361,0.0,0.0,0.0,True,UNDETERMINED,FADING,FADING,FADING,FADING,UNDETERMINED,UNDETERMINED,UNDETERMINED,UNDETERMINED,UNDETERMINED,UNDETERMINED,,,False,below_nmin,30
c_21960ecc2d0a,2012,5,3107,host,33,31,5,True,0.3024032198146601,0.34386694690280456,0.3676754949602872,0.2334497427515915,0.5019012471689829,2012,0.3548387096774194,0.4782608695652174,23,0.45161290322580644,14,0.5483870967741935,0.06451612903225806,2,0.001,0.0446499389644896,1.1342488417145613,3.2293342076309113,0.16666666666666666,0.5084109025029114,0.22377622377622378,0.7782217782217782,0.3603774569373404,9.154720534697827,0.22377622377622378,0.7782217782217782,0.3603774569373404,9.154720534697827,0.22377622377622378,0.7782217782217782,0.3603774569373404,9.154720534697827,0.5774225774225774,0.4245754245754246,0.14101084411740436,3.582118818495159,0.34765234765234765,0.6543456543456544,0.19787645058305622,8.689729650715867,5.0,31.0,14.0,0.3024032198146601,0.24175824175824176,0.7692307692307693,0.17570185410005795,klein tunneling,screen,2007,2005-07,2505.0,31,False,B_s2_index,False,0.12389770254761795,L4,23,0.12389770254761795,2.440749211620261,0.3603774569373404,9.154720534697827,True,UNDETERMINED,UNDETERMINED,UNDETERMINED,UNDETERMINED,UNDETERMINED,UNDETERMINED,UNDETERMINED,UNDETERMINED,UNDETERMINED,UNDETERMINED,UNDETERMINED,0.22377622377622378,0.7782217782217782,True,tested,30
c_21960ecc2d0a,2013,6,3107,host,38,36,11,True,0.5014752675213324,0.37379016916459756,0.2729907257848477,0.06442361134244562,0.48155784022724973,2013,0.3333333333333333,0.4,30,0.4722222222222222,16,0.5555555555555556,0.08333333333333333,2,0.0,0.22953158670521723,0.9914779727737176,1.463156467876033,0.20096660068364935,0.5503793802111063,0.21578421578421578,0.7852147852147852,0.6465536054606698,2.7928341682008333,0.003996003996003996,0.997002997002997,1.6013169792107893,6.9170022963116615,0.21578421578421578,0.7852147852147852,0.6465536054606698,2.7928341682008333,0.3046953046953047,0.6963036963036963,0.5758643978337978,2.4874871208470313,0.14885114885114886,0.8521478521478522,0.6830349382170311,7.439759387268824,11.0,36.0,16.0,0.4994417557345564,0.22577422577422576,0.7752247752247752,0.20547594882716474,klein tunneling,screen,2007,2005-07,2505.0,31,False,B_s2_index,False,0.3550078211097066,L3,3,0.3550078211097066,1.412575266521702,0.6465536054606698,2.7928341682008333,True,UNDETERMINED,UNDETERMINED,UNDETERMINED,UNDETERMINED,UNDETERMINED,UNDETERMINED,UNDETERMINED,UNDETERMINED,SOURCE,UNDETERMINED,UNDETERMINED,0.21578421578421578,0.7852147852147852,True,tested,30
c_21960ecc2d0a,2014,7,3107,host,45,42,20,True,0.5421995747104725,0.45366557757425274,0.15087082994649198,-0.04126119790104138,0.34300285779402534,2014,0.3333333333333333,0.3783783783783784,37,0.5476190476190477,22,0.47619047619047616,0.09523809523809523,2,0.0,0.3332000687440762,0.777767148067954,0.847684065703431,0.3072344561022269,0.6003585215213074,0.2987012987012987,0.7022977022977023,0.7105050794832416,1.6584855802713587,0.000999000999000999,1.0,2.361078768867634,5.511311889423563,0.2987012987012987,0.7022977022977023,0.7105050794832416,1.6584855802713587,0.03496503496503497,0.9660339660339661,1.0488693007098622,2.448307072036407,0.23076923076923078,0.7702297702297702,0.7018064797249499,6.504906150780531,20.0,42.0,22.0,0.5390359846536169,0.3026973026973027,0.6983016983016983,0.3011713190665206,klein tunneling,screen,2007,2005-07,2505.0,31,False,B_s2_index,False,0.4689622613063039,L3,4,0.4689622613063039,1.156168884891003,0.7105050794832416,1.6584855802713587,False,UNDETERMINED,UNDETERMINED,UNDETERMINED,UNDETERMINED,UNDETERMINED,UNDETERMINED,UNDETERMINED,UNDETERMINED,SOURCE,SOURCE,UNDETERMINED,0.2987012987012987,0.7022977022977023,True,tested,30
c_21960ecc2d0a,2015,8,3107,host,51,45,26,True,0.33465032050236854,0.4752687003158838,0.022241324674571735,-0.09006813477787955,0.134550784127023,2015,0.28888888888888886,0.35135135135135137,37,0.5111111111111111,21,0.5333333333333333,0.1111111111111111,2,0.0,0.19828203257394794,0.49455479881291836,0.9139680278919224,0.3147785728817496,0.6359632379501672,0.984015984015984,0.016983016983016984,0.3533562622533349,0.8813407494338121,0.5934065934065934,0.4075924075924076,0.558528631719,1.393081417944559,0.7892107892107892,0.21178821178821178,0.488819461755785,1.2192128930003427,0.4275724275724276,0.5734265734265734,0.6257066370484377,1.5606367152101484,0.6813186813186813,0.3196803196803197,0.37873240576837935,2.6599042686941603,26.0,45.0,23.0,0.33465032050236854,0.984015984015984,0.016983016983016984,0.364556811589564,klein tunneling,screen,2007,2005-07,2505.0,31,False,B_s2_index,False,0.5611391497903944,L3,4,0.40563448898237603,0.596376710887794,0.3533562622533349,0.8813407494338121,False,FADING,FADING,FADING,FADING,FADING,FADING,UNDETERMINED,UNDETERMINED,UNDETERMINED,UNDETERMINED,FADING,0.984015984015984,0.016983016983016984,True,tested,30
c_2425e0543e8f,2017,3,3104,host,17,17,0,True,,0.3810171547652992,2.110249682978469,0.9150188087149387,3.3054805572419994,2017,0.35294117647058826,0.5,12,0.35294117647058826,8,0.5294117647058824,0.0,0,,,,,,,,,,,,,,,,,,,,,,,,,,,,,,,,,,symmetry fractionalization,screen,2014,2012-16,3107.0,31,True,B_s2_index,True,0.42903170310983996,L3,7,0.42903170310983996,,,,True,UNDETERMINED,UNDETERMINED,UNDETERMINED,UNDETERMINED,UNDETERMINED,UNDETERMINED,UNDETERMINED,UNDETERMINED,UNDETERMINED,UNDETERMINED,UNDETERMINED,,,False,no_cohort_parents,30
c_2425e0543e8f,2018,4,3104,host,21,21,6,True,0.43650689908503565,0.26905677776092524,1.8448661816744003,0.49356131147889504,3.1961710518699054,2018,0.47619047619047616,0.625,16,0.47619047619047616,12,0.4285714285714286,0.0,0,0.0,0.12965320910020428,1.214896681606398,2.237548274578993,0.10176553364328102,0.460879974615339,0.48451548451548454,0.5164835164835165,0.3151249258205429,2.952832631970979,0.6673326673326674,0.3336663336663337,0.24038272202219613,2.252471599639095,0.48451548451548454,0.5164835164835165,0.3151249258205429,2.952832631970979,0.3276723276723277,0.6733266733266733,0.4094632351522438,3.836816142682714,0.41358641358641357,0.5874125874125874,0.3026813224854486,4.488147069862825,5.0,21.0,11.0,0.10669363972431652,0.954045954045954,0.04995004995004995,0.128643744582186,symmetry fractionalization,screen,2014,2012-16,3107.0,31,True,B_s2_index,True,0.4114343185090953,L3,6,0.4114343185090953,1.0609394487722736,0.3151249258205429,2.952832631970979,True,UNDETERMINED,UNDETERMINED,UNDETERMINED,UNDETERMINED,UNDETERMINED,UNDETERMINED,UNDETERMINED,UNDETERMINED,UNDETERMINED,UNDETERMINED,UNDETERMINED,,,False,below_nmin,30
c_2425e0543e8f,2019,5,3104,host,21,21,9,True,0.39141854647393626,0.26905677776092524,-0.0027158037510489463,-2.388734190136291,2.383302582634193,2019,0.47619047619047616,0.625,16,0.47619047619047616,12,0.4285714285714286,0.0,0,0.0,0.14090612041843747,0.8359494384825046,1.7804741757793665,0.1082980336000706,0.4578687135230213,0.5474525474525475,0.45354645354645357,0.34247536989387667,2.031793170564173,0.5784215784215784,0.4225774225774226,0.3284282242945644,1.9484560987524184,0.5474525474525475,0.45354645354645357,0.34247536989387667,2.031793170564173,0.5874125874125874,0.41358641358641357,0.3260290829309115,1.9342227860344892,0.4125874125874126,0.5884115884115884,0.37316900286310156,3.313615126297937,8.0,21.0,11.0,0.20097378646263042,0.913086913086913,0.08791208791208792,0.12696267251630136,symmetry fractionalization,screen,2014,2012-16,3107.0,31,True,B_s2_index,False,0.4114343185090953,L3,4,0.4114343185090953,0.9513512336362954,0.34247536989387667,2.031793170564173,False,UNDETERMINED,UNDETERMINED,UNDETERMINED,UNDETERMINED,UNDETERMINED,UNDETERMINED,UNDETERMINED,UNDETERMINED,UNDETERMINED,UNDETERMINED,UNDETERMINED,,,False,below_nmin,30
c_2c781d19e525,2017,6,2208,host,10,10,2,True,0.0,1.0,0.814480533603269,0.20357440433509866,1.4253866628714393,2017,0.0,0.0,4,0.1,1,0.9,0.1,0,0.116,0.0,0.0,1.0986122886681098,1.0,1.0,1.0,0.11688311688311688,0.0,0.0,1.0,0.11688311688311688,0.0,0.0,1.0,0.11688311688311688,0.0,0.0,1.0,0.11688311688311688,0.0,0.0,1.0,0.11688311688311688,0.0,0.0,2.0,10.0,1.0,0.0,1.0,0.11388611388611389,1.0,monolayer mos,screen,2011,2008-11,2505.0,22,False,B_s2_index,True,0.3028199819579982,L2,5,0.20158599688842269,0.0,0.0,0.0,True,UNDETERMINED,UNDETERMINED,UNDETERMINED,UNDETERMINED,UNDETERMINED,UNDETERMINED,UNDETERMINED,UNDETERMINED,UNDETERMINED,UNDETERMINED,UNDETERMINED,,,False,below_nmin,30
c_2c781d19e525,2018,7,2208,host,11,10,4,True,0.0,1.0,0.09748418142612217,-0.19978378585578357,0.3947521487080279,2018,0.0,0.0,3,0.1,1,0.9,0.1,0,0.005,0.0,0.0,1.0986122886681098,1.0,1.0,1.0,0.005994005994005994,0.0,0.0,1.0,0.005994005994005994,0.0,0.0,1.0,0.005994005994005994,0.0,0.0,1.0,0.005994005994005994,0.0,0.0,1.0,0.005994005994005994,0.0,0.0,4.0,10.0,1.0,0.0,1.0,0.005994005994005994,1.0,monolayer mos,screen,2011,2008-11,2505.0,22,False,B_s2_index,True,0.15884236625636072,L2,4,0.20158599688842269,0.0,0.0,0.0,False,UNDETERMINED,SINK,SINK,UNDETERMINED,UNDETERMINED,UNDETERMINED,UNDETERMINED,UNDETERMINED,UNDETERMINED,UNDETERMINED,UNDETERMINED,,,False,below_nmin,30
c_2c781d19e525,2018,7,3107,host,10,10,3,True,0.0,1.0,0.855401745953603,-0.14214830686825608,1.852951798775462,2018,0.0,0.0,2,0.2,2,0.8,0.0,0,0.026,0.0,0.0,1.466337068793427,1.0,1.0,1.0,0.026973026973026972,0.0,0.0,1.0,0.026973026973026972,0.0,0.0,1.0,0.026973026973026972,0.0,0.0,1.0,0.026973026973026972,0.0,0.0,1.0,0.026973026973026972,0.0,0.0,3.0,10.0,2.0,0.0,1.0,0.03396603396603397,1.0,monolayer mos,screen,2011,2008-11,2505.0,31,False,B_s2_index,True,0.4114343185090953,L3,6,0.4114343185090953,0.0,0.0,0.0,False,UNDETERMINED,SINK,SINK,UNDETERMINED,UNDETERMINED,UNDETERMINED,UNDETERMINED,UNDETERMINED,UNDETERMINED,UNDETERMINED,UNDETERMINED,,,False,below_nmin,30
c_2c781d19e525,2019,8,3107,host,12,10,6,True,0.0,1.0,0.05872909078055653,-0.21355140949459897,0.33100959105571204,2019,0.0,0.0,3,0.2,2,0.8,0.0,0,0.0,0.0,0.0,0.9985288301111273,1.0,1.0,1.0,0.000999000999000999,0.0,0.0,1.0,0.000999000999000999,0.0,0.0,1.0,0.000999000999000999,0.0,0.0,1.0,0.000999000999000999,0.0,0.0,1.0,0.000999000999000999,0.0,0.0,6.0,10.0,2.0,0.0,1.0,0.000999000999000999,1.0,monolayer mos,screen,2011,2008-11,2505.0,31,False,B_s2_index,False,0.4114343185090953,L3,4,0.4114343185090953,0.0,0.0,0.0,False,UNDETERMINED,SINK,SINK,UNDETERMINED,UNDETERMINED,UNDETERMINED,UNDETERMINED,UNDETERMINED,UNDETERMINED,UNDETERMINED,UNDETERMINED,,,False,below_nmin,30
c_2c781d19e525,2019,8,2208,host,10,9,5,True,0.0,1.0,-0.5950115806206184,-1.444531855817432,0.25450869457619507,2019,0.0,0.0,3,0.1111111111111111,1,0.8888888888888888,0.1111111111111111,0,0.002,0.0,0.0,0.9377740304940771,1.0,1.0,1.0,0.002997002997002997,0.0,0.0,1.0,0.002997002997002997,0.0,0.0,1.0,0.002997002997002997,0.0,0.0,1.0,0.002997002997002997,0.0,0.0,1.0,0.002997002997002997,0.0,0.0,5.0,9.0,1.0,0.0,1.0,0.000999000999000999,1.0,monolayer mos,screen,2011,2008-11,2505.0,22,False,B_s2_index,False,0.4073592475216059,L1,3,0.20158599688842269,0.0,0.0,0.0,False,UNDETERMINED,SINK,UNDETERMINED,UNDETERMINED,UNDETERMINED,UNDETERMINED,UNDETERMINED,UNDETERMINED,UNDETERMINED,UNDETERMINED,UNDETERMINED,,,False,below_nmin,30
c_2cfdd88c29c0,2011,4,1705,host,12,11,2,True,0.0,1.0,0.6856304503822634,-0.4085013988727957,1.7797622996373226,2011,0.0,0.0,10,0.18181818181818182,2,0.8181818181818181,0.0,0,0.13,0.0,0.0,1.0986122886681098,1.0,1.0,1.0,0.13086913086913088,0.0,0.0,1.0,0.13086913086913088,0.0,0.0,1.0,0.13086913086913088,0.0,0.0,1.0,0.13086913086913088,0.0,0.0,1.0,0.13086913086913088,0.0,0.0,2.0,11.0,2.0,0.0,1.0,0.10789210789210789,1.0,body area sensor network,heldout_concept,2007,2005-07,2204.0,17,False,A_openalex_native,False,0.09730449519278775,L2,10,0.18946054333778825,0.0,0.0,0.0,False,UNDETERMINED,UNDETERMINED,UNDETERMINED,UNDETERMINED,UNDETERMINED,UNDETERMINED,UNDETERMINED,UNDETERMINED,UNDETERMINED,UNDETERMINED,UNDETERMINED,,,False,below_nmin,30
c_2cfdd88c29c0,2012,5,1705,host,17,17,3,True,0.0,1.0,1.0340783798434525,0.18488912014067604,1.8832676395462289,2012,0.0,0.0,15,0.11764705882352941,2,0.8823529411764706,0.0,0,0.037,0.0,0.0,1.466337068793427,1.0,1.0,1.0,0.03796203796203796,0.0,0.0,1.0,0.03796203796203796,0.0,0.0,1.0,0.03796203796203796,0.0,0.0,1.0,0.03796203796203796,0.0,0.0,1.0,0.03796203796203796,0.0,0.0,3.0,17.0,2.0,0.0,1.0,0.03596403596403597,1.0,body area sensor network,heldout_concept,2007,2005-07,2204.0,17,False,A_openalex_native,False,0.1179289294609267,L2,7,0.18946054333778825,0.0,0.0,0.0,True,UNDETERMINED,SINK,SINK,SINK,UNDETERMINED,UNDETERMINED,UNDETERMINED,UNDETERMINED,UNDETERMINED,UNDETERMINED,UNDETERMINED,,,False,below_nmin,30
c_2cfdd88c29c0,2012,5,1707,host,10,10,2,True,0.0,0.5,0.9354934570786239,-0.009455942119979466,1.8804428562772273,2012,0.0,0.0,10,0.2,2,0.8,0.0,0,0.097,0.0,0.0,1.0986122886681098,0.0,1.0,1.0,0.0979020979020979,0.0,0.0,1.0,0.0979020979020979,0.0,0.0,1.0,0.0979020979020979,0.0,0.0,1.0,0.0979020979020979,0.0,0.0,1.0,0.0979020979020979,0.0,0.0,2.0,10.0,2.0,0.0,1.0,0.11188811188811189,0.0,body area sensor network,heldout_concept,2007,2005-07,2204.0,17,False,A_openalex_native,False,0.1179289294609267,L2,7,0.18946054333778825,0.0,0.0,0.0,False,UNDETERMINED,FADING,FADING,UNDETERMINED,UNDETERMINED,UNDETERMINED,UNDETERMINED,UNDETERMINED,UNDETERMINED,UNDETERMINED,UNDETERMINED,,,False,below_nmin,30
c_2cfdd88c29c0,2013,6,1705,host,28,27,8,True,0.0,0.7,0.3946817389615741,0.21233037600491939,0.5770331019182289,2013,0.07407407407407407,0.08,25,0.14814814814814814,5,0.8148148148148149,0.037037037037037035,0,0.001,0.0,0.0,1.021651247531981,0.35119047619047616,1.0,1.0,0.001998001998001998,0.0,0.0,1.0,0.001998001998001998,0.0,0.0,1.0,0.001998001998001998,0.0,0.0,1.0,0.001998001998001998,0.0,0.0,1.0,0.001998001998001998,0.0,0.0,8.0,27.0,5.0,0.0,1.0,0.000999000999000999,0.3333333333333333,body area sensor network,heldout_concept,2007,2005-07,2204.0,17,False,A_openalex_native,False,0.11900735469346849,L2,7,0.18946054333778825,0.0,0.0,0.0,True,UNDETERMINED,FADING,FADING,FADING,FADING,UNDETERMINED,UNDETERMINED,UNDETERMINED,UNDETERMINED,UNDETERMINED,UNDETERMINED,,,False,below_nmin,30
c_2cfdd88c29c0,2013,6,1707,host,13,12,5,True,0.0,1.0,0.15768243657414627,-0.03624487394494255,0.3516097470932351,2013,0.0,0.0,12,0.08333333333333333,1,0.9166666666666666,0.0,0,0.005,0.0,0.0,1.2237754316221159,1.0,1.0,1.0,0.005994005994005994,0.0,0.0,1.0,0.005994005994005994,0.0,0.0,1.0,0.005994005994005994,0.0,0.0,1.0,0.005994005994005994,0.0,0.0,1.0,0.005994005994005994,0.0,0.0,5.0,12.0,1.0,0.0,1.0,0.000999000999000999,1.0,body area sensor network,heldout_concept,2007,2005-07,2204.0,17,False,A_openalex_native,False,0.11900735469346849,L2,7,0.18946054333778825,0.0,0.0,0.0,False,UNDETERMINED,SINK,SINK,UNDETERMINED,UNDETERMINED,UNDETERMINED,UNDETERMINED,UNDETERMINED,UNDETERMINED,UNDETERMINED,UNDETERMINED,,,False,below_nmin,30
c_2cfdd88c29c0,2014,7,1705,host,30,28,10,True,0.0,0.7,0.1317446435195397,-0.17841266784973894,0.44190195488881834,2014,0.07142857142857142,0.07692307692307693,26,0.14285714285714285,5,0.8214285714285714,0.07142857142857142,0,0.0,0.0,0.0,0.8023464725249374,0.3535714285714286,1.0,1.0,0.000999000999000999,0.0,0.0,1.0,0.000999000999000999,0.0,0.0,1.0,0.000999000999000999,0.0,0.0,1.0,0.000999000999000999,0.0,0.0,1.0,0.000999000999000999,0.0,0.0,10.0,28.0,5.0,0.0,1.0,0.000999000999000999,0.375,body area sensor network,heldout_concept,2007,2005-07,2204.0,17,False,A_openalex_native,False,0.28241929967363005,L2,7,0.18946054333778825,0.0,0.0,0.0,False,UNDETERMINED,FADING,FADING,FADING,FADING,UNDETERMINED,UNDETERMINED,UNDETERMINED,UNDETERMINED,UNDETERMINED,UNDETERMINED,,,False,below_nmin,30
c_2cfdd88c29c0,2014,7,1707,host,12,11,7,True,0.0,1.0,-0.7775972299149373,-1.9134284605886145,0.3582340007587398,2014,0.0,0.0,11,0.09090909090909091,1,0.9090909090909091,0.0,0,0.0,0.0,0.0,0.8472978603872034,1.0,1.0,1.0,0.000999000999000999,0.0,0.0,1.0,0.000999000999000999,0.0,0.0,1.0,0.000999000999000999,0.0,0.0,1.0,0.000999000999000999,0.0,0.0,1.0,0.000999000999000999,0.0,0.0,7.0,11.0,1.0,0.0,1.0,0.000999000999000999,1.0,body area sensor network,heldout_concept,2007,2005-07,2204.0,17,False,A_openalex_native,False,0.28241929967363005,L2,7,0.18946054333778825,0.0,0.0,0.0,False,UNDETERMINED,SINK,SINK,UNDETERMINED,UNDETERMINED,UNDETERMINED,UNDETERMINED,UNDETERMINED,UNDETERMINED,UNDETERMINED,UNDETERMINED,,,False,below_nmin,30
c_2cfdd88c29c0,2015,8,1705,host,32,27,14,True,0.0,0.625,-0.016167821022755807,-0.2998469255492821,0.26751128350377046,2015,0.07407407407407407,0.08,25,0.14814814814814814,4,0.8518518518518519,0.07407407407407407,0,0.0,0.0,0.0,0.7191226669632056,0.18937500000000007,1.0,1.0,0.000999000999000999,0.0,0.0,1.0,0.000999000999000999,0.0,0.0,1.0,0.000999000999000999,0.0,0.0,1.0,0.000999000999000999,0.0,0.0,1.0,0.000999000999000999,0.0,0.0,14.0,27.0,4.0,0.0,1.0,0.000999000999000999,0.16666666666666666,body area sensor network,heldout_concept,2007,2005-07,2204.0,17,False,A_openalex_native,False,0.4221271653952266,L1,3,0.18946054333778825,0.0,0.0,0.0,False,UNDETERMINED,FADING,FADING,FADING,FADING,UNDETERMINED,UNDETERMINED,UNDETERMINED,UNDETERMINED,UNDETERMINED,UNDETERMINED,,,False,below_nmin,30
c_2cfdd88c29c0,2015,8,1707,host,12,9,8,True,0.0,1.0,-0.7084448937266623,-1.891814417457468,0.4749246300041434,2015,0.0,0.0,9,0.2222222222222222,2,0.7777777777777778,0.0,0,0.0,0.0,0.0,0.737598943130779,1.0,1.0,1.0,0.000999000999000999,0.0,0.0,1.0,0.000999000999000999,0.0,0.0,1.0,0.000999000999000999,0.0,0.0,1.0,0.000999000999000999,0.0,0.0,1.0,0.000999000999000999,0.0,0.0,8.0,9.0,2.0,0.0,1.0,0.000999000999000999,0.9999999999999999,body area sensor network,heldout_concept,2007,2005-07,2204.0,17,False,A_openalex_native,False,0.4087628132085307,L2,7,0.18946054333778825,0.0,0.0,0.0,False,UNDETERMINED,SINK,UNDETERMINED,UNDETERMINED,UNDETERMINED,UNDETERMINED,UNDETERMINED,UNDETERMINED,UNDETERMINED,UNDETERMINED,UNDETERMINED,,,False,below_nmin,30
c_2cfdd88c29c0,2015,8,2208,host,11,10,6,True,0.0,1.0,0.10179462210317458,-1.3248396085598015,1.5284288527661505,2015,0.0,0.0,8,0.0,2,0.8,0.0,1,0.0,0.0,0.0,0.9985288301111273,1.0,1.0,1.0,0.000999000999000999,0.0,0.0,1.0,0.000999000999000999,0.0,0.0,1.0,0.000999000999000999,0.0,0.0,1.0,0.000999000999000999,0.0,0.0,1.0,0.000999000999000999,0.0,0.0,6.0,10.0,2.0,0.0,1.0,0.000999000999000999,1.0,body area sensor network,heldout_concept,2007,2005-07,2204.0,22,False,A_openalex_native,False,0.18517297873379288,L2,4,0.18517297873379288,0.0,0.0,0.0,False,UNDETERMINED,SINK,SINK,UNDETERMINED,UNDETERMINED,UNDETERMINED,UNDETERMINED,UNDETERMINED,UNDETERMINED,UNDETERMINED,UNDETERMINED,,,False,below_nmin,30
c_3471cfc978c7,2014,6,2605,host,10,10,0,True,,0.2,2.616096467726737,0.7159429122399545,4.516250023213519,2014,0.8,0.8,10,0.6,10,0.0,0.0,0,,,,,,,,,,,,,,,,,,,,,,,,,,,,,,,,,,signless laplacian,screen,2008,2008-11,2608.0,26,False,B_s2_index,False,0.36435290078088167,L3,4,0.36435290078088167,,,,True,UNDETERMINED,UNDETERMINED,UNDETERMINED,UNDETERMINED,UNDETERMINED,UNDETERMINED,UNDETERMINED,UNDETERMINED,UNDETERMINED,UNDETERMINED,UNDETERMINED,,,False,no_cohort_parents,30
c_3471cfc978c7,2015,7,2605,host,21,21,0,True,,0.09523809523809523,3.023324898086322,1.333372934695762,4.713276861476881,2015,0.9047619047619048,0.9047619047619048,21,0.8095238095238095,21,0.0,0.0,0,,,,,,,,,,,,,,,,,,,,,,,,,,,,,,,,,,signless laplacian,screen,2008,2008-11,2608.0,26,False,B_s2_index,False,0.09099442837339111,L3,3,0.09099442837339111,,,,True,UNDETERMINED,UNDETERMINED,UNDETERMINED,UNDETERMINED,UNDETERMINED,UNDETERMINED,UNDETERMINED,UNDETERMINED,UNDETERMINED,UNDETERMINED,UNDETERMINED,,,False,no_cohort_parents,30
c_3471cfc978c7,2016,8,2605,host,29,29,5,True,1.4288971956825072,0.07353497204745031,2.6756638385231417,0.7819494095488477,4.569378267497436,2016,0.9310344827586207,0.9310344827586207,29,0.8620689655172413,29,0.0,0.0,0,0.004,0.8786411332132287,3.3616214130007642,1.3418030182681273,0.004569454806070999,0.14706994409490062,0.004995004995004995,1.0,9.65598827224639,36.943156554668576,0.004995004995004995,1.0,2.4115112884517287,9.226278714389627,0.004995004995004995,1.0,9.65598827224639,36.943156554668576,0.004995004995004995,1.0,2.7748733983535114,10.616477514725712,0.004995004995004995,1.0,2.016326372519772,25.769722791874788,5.0,29.0,27.0,1.4288971956825072,0.003996003996003996,1.0,0.0,signless laplacian,screen,2008,2008-11,2608.0,26,False,B_s2_index,True,0.09099442837339111,L3,3,0.09099442837339111,15.703128435722444,9.65598827224639,36.943156554668576,True,UNDETERMINED,SOURCE,SOURCE,SOURCE,SOURCE,UNDETERMINED,UNDETERMINED,UNDETERMINED,UNDETERMINED,UNDETERMINED,UNDETERMINED,,,False,below_nmin,30
c_35914ea8d7b8,2012,3,2505,host,13,13,0,True,,0.288691963251534,1.4473788964948193,0.580074303410879,2.31468348957876,2012,0.5384615384615384,0.7777777777777778,9,0.5384615384615384,7,0.46153846153846156,0.07692307692307693,0,,,,,,,,,,,,,,,,,,,,,,,,,,,,,,,,,,quantum anomalous hall,screen,2009,2008-11,3107.0,25,True,B_s2_index,False,0.12389770254761795,L4,23,0.12389770254761795,,,,True,UNDETERMINED,UNDETERMINED,UNDETERMINED,UNDETERMINED,UNDETERMINED,UNDETERMINED,UNDETERMINED,UNDETERMINED,UNDETERMINED,UNDETERMINED,UNDETERMINED,,,False,no_cohort_parents,30
c_35914ea8d7b8,2013,4,2505,host,22,22,3,True,1.5047397091888215,0.33912320835606224,1.3771526858424754,0.4769616007553743,2.2773437709295763,2013,0.5454545454545454,0.8,15,0.5909090909090909,13,0.40909090909090906,0.045454545454545456,0,0.035,0.586478555152542,4.3876095961882475,2.0123846948934396,0.2147336357628469,0.4733279009804435,0.03696303696303696,0.999000999000999,4.091541742857783,30.609964603903187,0.03696303696303696,0.999000999000999,4.091541742857783,30.609964603903187,0.03696303696303696,0.999000999000999,4.091541742857783,30.609964603903187,0.054945054945054944,0.981018981018981,1.4713971390747926,11.00793226025003,0.03696303696303696,0.999000999000999,3.735508990771823,42.14256117040446,2.0,22.0,13.0,1.7389541167407985,0.12287712287712288,0.985014985014985,0.1702443603720388,quantum anomalous hall,screen,2009,2008-11,3107.0,25,True,B_s2_index,False,0.14333925742693499,L4,28,0.14333925742693499,10.497750136286562,4.091541742857783,30.609964603903187,True,UNDETERMINED,SOURCE,SOURCE,SOURCE,SOURCE,UNDETERMINED,UNDETERMINED,UNDETERMINED,UNDETERMINED,UNDETERMINED,UNDETERMINED,,,False,below_nmin,30
c_35914ea8d7b8,2014,5,2505,host,33,33,10,True,0.7514624869183217,0.36740226032746287,0.983902981864768,0.04002111470352809,1.9277848490260079,2014,0.48484848484848486,0.8,20,0.5454545454545454,18,0.4545454545454546,0.030303030303030304,0,0.0,0.4518114999222134,1.2587818797252088,1.0246316911145363,0.25023493016097953,0.49540487817724993,0.000999000999000999,1.0,3.2015675867580207,8.919815599249695,0.000999000999000999,1.0,3.2015675867580207,8.919815599249695,0.000999000999000999,1.0,3.2015675867580207,8.919815599249695,0.004995004995004995,0.996003996003996,1.4222422395118757,3.9624771834837698,0.000999000999000999,1.0,2.5057902072211187,15.234157167347922,9.0,33.0,18.0,0.8428470122919323,0.000999000999000999,1.0,0.21176156319810766,quantum anomalous hall,screen,2009,2008-11,3107.0,25,True,B_s2_index,False,0.14112196218844403,L4,32,0.14112196218844403,5.324915238316154,3.2015675867580207,8.919815599249695,True,SOURCE,SOURCE,SOURCE,SOURCE,SOURCE,SOURCE,SOURCE,SOURCE,SOURCE,SOURCE,SOURCE,0.000999000999000999,1.0,True,tested,30
c_35914ea8d7b8,2015,6,2505,host,42,39,13,True,0.8311932954486301,0.4693698638725254,0.18027829306868431,-0.021126963521024028,0.3816835496583927,2015,0.5897435897435898,0.8518518518518519,27,0.6666666666666666,26,0.33333333333333337,0.0,0,0.0,0.5285260714859208,1.3699209913355297,0.9524164150122951,0.3581399953280189,0.5787079867511492,0.000999000999000999,1.0,2.5038875928691984,6.4899885899147725,0.000999000999000999,1.0,2.5038875928691984,6.4899885899147725,0.000999000999000999,1.0,2.5038875928691984,6.4899885899147725,0.001998001998001998,0.999000999000999,1.6678378090488075,4.322976950475534,0.001998001998001998,0.999000999000999,1.9508498786716748,8.038888788389512,11.0,39.0,26.0,0.8097136982188847,0.000999000999000999,1.0,0.39841396604468604,quantum anomalous hall,screen,2009,2008-11,3107.0,25,True,B_s2_index,False,0.21108218795089126,L4,30,0.21108218795089126,3.9377708916017538,2.5038875928691984,6.4899885899147725,False,SOURCE,SOURCE,SOURCE,SOURCE,SOURCE,SOURCE,SOURCE,SOURCE,SOURCE,SOURCE,SOURCE,0.000999000999000999,1.0,True,tested,30
c_35914ea8d7b8,2015,6,3104,host,11,11,2,True,0.041839657450567364,0.7290801712747164,1.2351194403019492,0.18221253822667194,2.2880263423772265,2015,0.2727272727272727,0.42857142857142855,7,0.2727272727272727,4,0.6363636363636364,0.09090909090909091,0,0.102,0.0,0.13961296988220995,3.07385022653248,0.3240847800266468,0.9861271700399703,1.0,0.1028971028971029,0.0,0.24880276119454578,0.999000999000999,0.1038961038961039,0.0,0.3932673073111421,1.0,0.1028971028971029,0.0,0.24880276119454578,0.997002997002997,0.10589410589410589,0.0,0.440568218609335,0.989010989010989,0.11388611388611389,0.0,0.4965798401360913,2.0,11.0,4.0,0.04666735493856928,1.0,0.11188811188811189,0.31625521873618406,quantum anomalous hall,screen,2009,2008-11,3107.0,31,True,B_s2_index,False,0.5611391497903944,L3,4,0.5611391497903944,0.07456200029207725,0.0,0.24880276119454578,True,UNDETERMINED,UNDETERMINED,UNDETERMINED,UNDETERMINED,UNDETERMINED,UNDETERMINED,UNDETERMINED,UNDETERMINED,UNDETERMINED,UNDETERMINED,UNDETERMINED,,,False,below_nmin,30
c_35914ea8d7b8,2016,7,2505,host,51,44,19,True,0.4524466479266774,0.5647841669129984,0.1482970380583009,-0.04904436605930601,0.34563844217590783,2016,0.5,0.7586206896551724,29,0.6590909090909091,29,0.34090909090909094,0.0,0,0.0,0.2708987455319898,0.7170425926888149,0.9733902039093985,0.46113130981582734,0.6709269956963906,0.0939060939060939,0.9070929070929071,0.9112370438434753,2.411955696540717,0.0939060939060939,0.9070929070929071,0.9112370438434753,2.411955696540717,0.0939060939060939,0.9070929070929071,0.9112370438434753,2.411955696540717,0.13486513486513488,0.8661338661338661,0.8555366852391948,2.2645222727761403,0.0939060939060939,0.9070929070929071,0.8861414085053393,3.1637186009815994,19.0,44.0,29.0,0.5081865964070424,0.04495504495504495,0.9560439560439561,0.46098362473771415,quantum anomalous hall,screen,2009,2008-11,3107.0,25,True,B_s2_index,True,0.297286800797052,L4,26,0.297286800797052,1.5219197310934365,0.9112370438434753,2.411955696540717,False,SOURCE,UNDETERMINED,UNDETERMINED,SOURCE,SOURCE,SOURCE,SOURCE,SOURCE,SOURCE,UNDETERMINED,SOURCE,0.0939060939060939,0.9070929070929071,True,tested,30
c_35914ea8d7b8,2016,7,3104,host,14,13,4,True,0.2774739874664438,0.7954348739586922,0.28313354298451904,0.1379962931602116,0.42827079280882646,2016,0.3076923076923077,0.5,8,0.38461538461538464,6,0.5384615384615384,0.0,0,0.004,0.010792458976939994,1.3112684956635643,4.7639750774658305,0.5,0.9832641370197731,0.7712287712287712,0.23376623376623376,0.020009691115201515,2.4311491591846854,0.7252747252747253,0.27972027972027974,0.023013491420135555,2.7961066462171162,0.7712287712287712,0.23376623376623376,0.020009691115201515,2.4311491591846854,0.5834165834165834,0.42157842157842157,0.03408411715077835,4.141172008882988,0.6743256743256744,0.3306693306693307,0.021706842241256248,3.767917122863586,4.0,13.0,6.0,0.27846364373438676,0.7682317682317682,0.24175824175824176,0.49976333833727454,quantum anomalous hall,screen,2009,2008-11,3107.0,31,True,B_s2_index,True,0.5393615980778874,L3,5,0.5393615980778874,0.5144489122979324,0.020009691115201515,2.4311491591846854,True,UNDETERMINED,UNDETERMINED,UNDETERMINED,UNDETERMINED,UNDETERMINED,UNDETERMINED,UNDETERMINED,UNDETERMINED,UNDETERMINED,UNDETERMINED,UNDETERMINED,,,False,below_nmin,30
c_35914ea8d7b8,2016,7,2208,host,12,12,2,True,0.0,,0.8720167146166707,0.2637114470286678,1.4803219822046736,2016,0.0,0.0,1,0.0,0,1.0,0.0,0,,,,,,,,,,,,,,,,,,,,,,,,,,,,,,,,,,quantum anomalous hall,screen,2009,2008-11,3107.0,22,True,B_s2_index,True,0.18435880431220825,L3,19,0.18435880431220825,0.0,,,True,UNDETERMINED,UNDETERMINED,UNDETERMINED,UNDETERMINED,UNDETERMINED,UNDETERMINED,UNDETERMINED,UNDETERMINED,UNDETERMINED,UNDETERMINED,UNDETERMINED,,,False,below_nmin,30
c_35914ea8d7b8,2017,8,2505,host,57,54,23,True,0.31867021198256906,0.6158717406851792,0.19909639550237618,0.030796004203522992,0.36739678680122934,2017,0.4444444444444444,0.6486486486486487,37,0.6296296296296297,35,0.35185185185185186,0.0,0,0.0,0.19363569108559597,0.48395264494541634,0.916009769605354,0.5208753699750177,0.7071547669085623,0.026973026973026972,0.974025974025974,1.1260357795493419,2.814295188871898,0.026973026973026972,0.974025974025974,1.1260357795493419,2.814295188871898,0.026973026973026972,0.974025974025974,1.1260357795493419,2.814295188871898,0.13886113886113885,0.8621378621378621,0.8434785184825623,2.1081013406450584,0.0919080919080919,0.9090909090909091,0.8723877226970886,3.023154832728011,23.0,54.0,35.0,0.3393428146868153,0.014985014985014986,0.986013986013986,0.5454360622522344,quantum anomalous hall,screen,2009,2008-11,3107.0,25,True,B_s2_index,True,0.17196228983335873,L4,33,0.17196228983335873,1.853140082580772,1.1260357795493419,2.814295188871898,True,SOURCE,SOURCE,SOURCE,SOURCE,SOURCE,SOURCE,SOURCE,SOURCE,SOURCE,UNDETERMINED,SOURCE,0.026973026973026972,0.974025974025974,True,tested,30
c_35914ea8d7b8,2017,8,3104,host,22,21,6,True,0.2070717737767331,0.8036850111464466,0.3598583450067582,0.19103210395833342,0.528684586055183,2017,0.23809523809523808,0.3125,16,0.5714285714285714,12,0.4285714285714286,0.047619047619047616,0,0.002,0.014604629982595539,0.5089974872038096,3.111106427618248,0.644014019994258,0.9529285250677372,0.9020979020979021,0.1008991008991009,0.03404091090875978,1.1863866551453819,0.972027972027972,0.030969030969030968,0.02602675287947899,0.9070789079570342,0.9020979020979021,0.1008991008991009,0.03404091090875978,1.1863866551453819,0.6113886113886113,0.3916083916083916,0.06361787742560467,2.217196860821661,0.8221778221778222,0.18081918081918083,0.038449445928166605,1.7208734747356584,6.0,21.0,12.0,0.21259609773628488,0.8901098901098901,0.11388611388611389,0.6284170144940976,quantum anomalous hall,screen,2009,2008-11,3107.0,31,True,B_s2_index,True,0.42903170310983996,L3,7,0.42903170310983996,0.48264911957734496,0.03404091090875978,1.1863866551453819,True,UNDETERMINED,UNDETERMINED,UNDETERMINED,UNDETERMINED,UNDETERMINED,UNDETERMINED,UNDETERMINED,UNDETERMINED,UNDETERMINED,UNDETERMINED,UNDETERMINED,,,False,below_nmin,30
c_35914ea8d7b8,2017,8,2208,host,17,16,4,True,0.0,1.0,0.3431299014049209,0.22217054324047297,0.4640892595693688,2017,0.0,0.0,3,0.0,1,0.9375,0.0,0,0.007,0.0,0.0,1.0986122886681098,1.0,1.0,1.0,0.007992007992007992,0.0,0.0,1.0,0.007992007992007992,0.0,0.0,1.0,0.007992007992007992,0.0,0.0,1.0,0.007992007992007992,0.0,0.0,1.0,0.007992007992007992,0.0,0.0,4.0,16.0,1.0,0.0,1.0,0.013986013986013986,1.0,quantum anomalous hall,screen,2009,2008-11,3107.0,22,True,B_s2_index,True,0.3028199819579982,L2,5,0.20158599688842269,0.0,0.0,0.0,True,UNDETERMINED,SINK,SINK,SINK,UNDETERMINED,UNDETERMINED,UNDETERMINED,UNDETERMINED,UNDETERMINED,UNDETERMINED,UNDETERMINED,,,False,below_nmin,30
c_38c04a07c4e7,2012,4,3107,host,11,11,2,True,0.0,0.9761594155955764,0.8359686469845112,-0.7204856083659449,2.3924229023349675,2012,0.0,0.0,9,0.45454545454545453,5,0.5454545454545454,0.18181818181818182,4,0.108,0.0,0.0,1.0986122886681098,0.9403985389889412,1.0,1.0,0.1088911088911089,0.0,0.0,1.0,0.1088911088911089,0.0,0.0,1.0,0.1088911088911089,0.0,0.0,1.0,0.1088911088911089,0.0,0.0,1.0,0.1088911088911089,0.0,0.0,3.0,11.0,6.0,0.3333333333333333,0.3196803196803197,0.7102897102897103,0.14679951299631375,diagrammatic monte carlo,screen,2008,2008-11,3104.0,31,False,B_s2_index,False,0.12389770254761795,L4,23,0.12389770254761795,0.0,0.0,0.0,False,UNDETERMINED,UNDETERMINED,UNDETERMINED,UNDETERMINED,UNDETERMINED,UNDETERMINED,UNDETERMINED,UNDETERMINED,UNDETERMINED,UNDETERMINED,UNDETERMINED,,,False,below_nmin,30
c_38c04a07c4e7,2013,5,3107,host,16,15,2,True,0.36552928931500245,0.789611309735146,0.4237164587432115,-0.9762998960127923,1.8237328134992152,2013,0.13333333333333333,0.15384615384615385,13,0.5333333333333333,7,0.5333333333333333,0.2,4,0.108,0.0,1.4621171572600098,2.577110070377942,0.5830847023076272,0.9761594155955764,0.5634365634365635,0.5454545454545454,0.0,4.118549142634742,0.4175824175824176,0.6913086913086913,0.0,10.20039578484144,0.5634365634365635,0.5454545454545454,0.0,4.118549142634742,0.6963036963036963,0.4125874125874126,0.0,3.668258597494641,0.5344655344655345,0.5744255744255744,0.0,9.07477516787447,3.0,15.0,6.0,0.7533737009849757,0.20279720279720279,0.8321678321678322,0.21961200761232388,diagrammatic monte carlo,screen,2008,2008-11,3104.0,31,False,B_s2_index,False,0.3550078211097066,L3,3,0.3550078211097066,1.0296372856586855,0.0,4.118549142634742,False,UNDETERMINED,UNDETERMINED,UNDETERMINED,UNDETERMINED,UNDETERMINED,UNDETERMINED,UNDETERMINED,UNDETERMINED,UNDETERMINED,UNDETERMINED,UNDETERMINED,,,False,below_nmin,30
c_38c04a07c4e7,2014,6,3107,host,17,14,4,True,0.21256537516303062,0.6909098960182529,0.5366473606692052,-0.8281219738564479,1.9014166951948583,2014,0.21428571428571427,0.25,12,0.6428571428571429,8,0.4285714285714286,0.14285714285714285,4,0.014,0.0,0.8949625964104165,3.6249671294380033,0.4516838119501727,0.9110772383997351,0.7992007992007992,0.21578421578421578,0.0,1.908389374269648,0.3826173826173826,0.6323676323676324,0.0,6.34176695485107,0.7992007992007992,0.21578421578421578,0.0,1.908389374269648,0.6803196803196803,0.33466533466533466,0.0,2.8172226860477343,0.6643356643356644,0.35064935064935066,0.0,4.428689155004153,5.0,14.0,7.0,0.2758648049954089,0.7612387612387612,0.24575424575424576,0.293382225403366,diagrammatic monte carlo,screen,2008,2008-11,3104.0,31,False,B_s2_index,False,0.4689622613063039,L3,4,0.4689622613063039,0.4532675498683528,0.0,1.908389374269648,False,UNDETERMINED,UNDETERMINED,UNDETERMINED,UNDETERMINED,UNDETERMINED,UNDETERMINED,UNDETERMINED,UNDETERMINED,UNDETERMINED,UNDETERMINED,UNDETERMINED,,,False,below_nmin,30
c_38c04a07c4e7,2015,7,3107,host,18,18,6,True,0.0,0.536292526273806,0.9263246002188303,-0.1897293520521437,2.0423785524898044,2015,0.2777777777777778,0.3333333333333333,15,0.6666666666666666,11,0.38888888888888884,0.1111111111111111,4,0.0,0.0,0.0,0.9985288301111273,0.3151020576288517,0.7624950240158151,1.0,0.000999000999000999,0.0,0.0,1.0,0.000999000999000999,0.0,0.0,1.0,0.000999000999000999,0.0,0.0,1.0,0.000999000999000999,0.0,0.0,1.0,0.000999000999000999,0.0,0.0,6.0,18.0,10.0,0.0,1.0,0.001998001998001998,0.23237495919242432,diagrammatic monte carlo,screen,2008,2008-11,3104.0,31,False,B_s2_index,False,0.5611391497903944,L3,4,0.40563448898237603,0.0,0.0,0.0,False,UNDETERMINED,FADING,FADING,FADING,UNDETERMINED,UNDETERMINED,UNDETERMINED,UNDETERMINED,UNDETERMINED,UNDETERMINED,UNDETERMINED,,,False,below_nmin,30
c_38c04a07c4e7,2016,8,3107,host,20,18,11,True,0.2239372316013041,0.4071503772961746,-0.053156262448444395,-0.3156217747169683,0.20930924982007948,2016,0.3333333333333333,0.4,15,0.6111111111111112,10,0.4444444444444444,0.1111111111111111,4,0.0,0.06291407699842018,0.49721716558070983,2.067256916266222,0.20359003534006742,0.6388621546734005,0.968031968031968,0.03296703296703297,0.11664545125686714,0.921862378323991,0.9330669330669331,0.06793206793206794,0.13415594854727061,1.0602498465349883,0.8871128871128872,0.11388611388611389,0.1551004135675299,1.2257763555265955,0.7702297702297702,0.23076923076923078,0.19869158413565177,1.570282375614454,0.8341658341658341,0.16683316683316685,0.14082671902521052,1.55644073643131,11.0,18.0,10.0,0.21954065539819867,0.97002997002997,0.030969030969030968,0.13728033857894872,diagrammatic monte carlo,screen,2008,2008-11,3104.0,31,False,B_s2_index,True,0.5393615980778874,L3,5,0.40563448898237603,0.41518942468159564,0.11664545125686714,0.921862378323991,False,UNDETERMINED,FADING,FADING,FADING,UNDETERMINED,UNDETERMINED,UNDETERMINED,UNDETERMINED,UNDETERMINED,UNDETERMINED,UNDETERMINED,,,False,below_nmin,30
c_3a8d31dc5fbf,2009,3,2208,host,31,29,3,True,0.587198051985255,0.20640097400737253,0.33069190717639385,0.060751657577963525,0.6006321567748242,2009,0.1724137931034483,0.21739130434782608,23,0.2413793103448276,6,0.7931034482758621,0.06896551724137931,5,0.044,0.0,2.6423912339336475,3.168908854961357,0.019867153670352924,0.5156453835154028,0.16883116883116883,0.8761238761238761,0.0,25.11893486318531,0.16883116883116883,0.8761238761238761,0.0,25.11893486318531,0.21678321678321677,0.8281718281718282,0.0,13.10800985544747,0.5114885114885115,0.5334665334665335,0.0,5.157568369015937,0.24375624375624375,0.8011988011988012,0.0,19.851931398523334,2.0,29.0,3.0,0.0,1.0,0.13286713286713286,0.0,wireless backhaul,screen,2006,2005-07,1705.0,22,False,B_s2_index,False,0.10519519431559879,L2,3,0.20158599688842269,5.581985525152291,0.0,25.11893486318531,True,UNDETERMINED,UNDETERMINED,UNDETERMINED,UNDETERMINED,UNDETERMINED,UNDETERMINED,UNDETERMINED,UNDETERMINED,UNDETERMINED,UNDETERMINED,UNDETERMINED,,,False,below_nmin,30
c_3a8d31dc5fbf,2010,4,2208,host,40,39,7,True,0.14285714285714285,0.26583788217801285,0.350083307510922,0.09083322940829308,0.6093333856135509,2010,0.10256410256410256,0.13333333333333333,30,0.20512820512820512,7,0.8205128205128205,0.07692307692307693,5,0.0,0.0,0.5035714285714253,2.3580518267946977,0.034057977720605016,0.5299509902313714,0.4075924075924076,0.5934065934065934,0.0,5.010016918603904,0.4075924075924076,0.5934065934065934,0.0,5.010016918603904,0.7122877122877123,0.2887112887112887,0.0,2.4980476637479474,0.9500499500499501,0.05094905094905095,0.0,0.9828991400617738,0.5634365634365635,0.43756243756243757,0.0,5.211765473626266,7.0,39.0,4.0,0.14285714285714285,0.3806193806193806,0.6203796203796204,0.0,wireless backhaul,screen,2006,2005-07,1705.0,22,False,B_s2_index,False,0.10051291976709552,L2,3,0.20158599688842269,1.4212813953486343,0.0,5.010016918603904,True,UNDETERMINED,UNDETERMINED,UNDETERMINED,UNDETERMINED,UNDETERMINED,UNDETERMINED,UNDETERMINED,UNDETERMINED,UNDETERMINED,FADING,UNDETERMINED,0.4075924075924076,0.5934065934065934,True,tested,30
c_3a8d31dc5fbf,2011,5,2208,host,63,58,15,True,0.1585027112532097,0.37447299291110164,0.22328092733354177,0.11006531105314564,0.3364965436139379,2011,0.1206896551724138,0.16279069767441862,43,0.15517241379310345,11,0.8103448275862069,0.05172413793103448,5,0.0,0.019870561515691866,0.35861469923876804,2.470999910473232,0.15612087374506717,0.6014792867054868,0.8231768231768232,0.17782217782217782,0.07766038988078029,1.4015787796368062,0.8231768231768232,0.17782217782217782,0.07766038988078029,1.4015787796368062,0.6953046953046953,0.30569430569430567,0.09857113997203967,1.7789663209456972,0.993006993006993,0.007992007992007992,0.03878448362673125,0.6999644131821541,0.7202797202797203,0.2807192807192807,0.052460631305585786,2.1743738245770365,15.0,58.0,10.0,0.1585027112532097,0.8131868131868132,0.1878121878121878,0.16224593312018545,wireless backhaul,screen,2006,2005-07,1705.0,22,False,B_s2_index,False,0.25586481791034005,L2,5,0.20158599688842269,0.619478334488144,0.07766038988078029,1.4015787796368062,True,UNDETERMINED,UNDETERMINED,UNDETERMINED,UNDETERMINED,UNDETERMINED,UNDETERMINED,UNDETERMINED,UNDETERMINED,UNDETERMINED,FADING,UNDETERMINED,0.8231768231768232,0.17782217782217782,True,tested,30
c_3a8d31dc5fbf,2012,6,2208,host,78,72,23,True,0.14684959429557154,0.3656573515730083,0.20622024559351426,0.08855979581941686,0.32388069536761166,2012,0.125,0.17307692307692307,52,0.1111111111111111,14,0.8055555555555556,0.013888888888888888,5,0.0,0.04,0.2797251335715574,1.9449279756962108,0.17898674628632272,0.5630989360809259,0.7072927072927073,0.2937062937062937,0.2159337890596262,1.5100526996829111,0.3546453546453546,0.6463536463536463,0.34688624520781547,2.425820031872305,0.7072927072927073,0.2937062937062937,0.2159337890596262,1.5100526996829111,0.998001998001998,0.002997002997002997,0.08675535189460899,0.6066913099191742,0.5794205794205795,0.42157842157842157,0.1880274289505874,4.784283288079514,23.0,72.0,13.0,0.14684959429557154,0.7152847152847153,0.2857142857142857,0.18027325902242827,wireless backhaul,screen,2006,2005-07,1705.0,22,False,B_s2_index,False,0.1852419678003924,L3,22,0.1852419678003924,0.7927447329527908,0.2159337890596262,1.5100526996829111,True,UNDETERMINED,UNDETERMINED,UNDETERMINED,UNDETERMINED,UNDETERMINED,UNDETERMINED,UNDETERMINED,UNDETERMINED,UNDETERMINED,FADING,UNDETERMINED,0.7072927072927073,0.2937062937062937,True,tested,30
c_3a8d31dc5fbf,2013,7,2208,host,104,95,28,True,0.11811413877566067,0.3942010529926899,0.2287790969019593,0.10895042268033,0.3486077711235886,2013,0.1368421052631579,0.18571428571428572,70,0.1368421052631579,20,0.7894736842105263,0.010526315789473684,6,0.0,0.032054113655890275,0.2227615827788578,1.9386765642988557,0.2449834148054694,0.5607447331734422,0.3786213786213786,0.6223776223776224,0.32251245337695345,2.2413155874906177,0.3786213786213786,0.6223776223776224,0.32251245337695345,2.2413155874906177,0.3786213786213786,0.6223776223776224,0.32251245337695345,2.2413155874906177,1.0,0.000999000999000999,0.0695216477471638,0.48314398756449695,0.7172827172827173,0.2837162837162837,0.18337476194266777,6.58246024650373,28.0,95.0,20.0,0.11811413877566067,0.37462537462537465,0.6263736263736264,0.24500997275491046,wireless backhaul,screen,2006,2005-07,1705.0,22,False,B_s2_index,False,0.09938876257415502,L2,6,0.09938876257415502,1.1884053661251135,0.32251245337695345,2.2413155874906177,True,UNDETERMINED,UNDETERMINED,UNDETERMINED,UNDETERMINED,UNDETERMINED,UNDETERMINED,UNDETERMINED,UNDETERMINED,UNDETERMINED,FADING,UNDETERMINED,0.3786213786213786,0.6223776223776224,True,tested,30
c_3a8d31dc5fbf,2013,7,2202,host,13,10,4,True,0.0,1.0,0.2884047314839407,-0.49782879113997963,1.074638254107861,2013,0.0,0.0,3,0.1,1,0.9,0.0,0,0.017,0.0,0.0,1.0986122886681098,1.0,1.0,1.0,0.017982017982017984,0.0,0.0,1.0,0.017982017982017984,0.0,0.0,1.0,0.017982017982017984,0.0,0.0,1.0,0.017982017982017984,0.0,0.0,1.0,0.017982017982017984,0.0,0.0,4.0,10.0,1.0,0.0,1.0,0.002997002997002997,1.0,wireless backhaul,screen,2006,2005-07,1705.0,22,False,B_s2_index,False,0.09938876257415502,L2,6,0.20158599688842269,0.0,0.0,0.0,False,UNDETERMINED,SINK,SINK,UNDETERMINED,UNDETERMINED,UNDETERMINED,UNDETERMINED,UNDETERMINED,UNDETERMINED,UNDETERMINED,UNDETERMINED,,,False,below_nmin,30
c_3a8d31dc5fbf,2014,8,2208,host,140,132,43,True,0.15970646496757124,0.34860735299793677,0.2834656312542137,0.18586101207856234,0.3810702504298651,2014,0.13636363636363635,0.17475728155339806,103,0.17424242424242425,29,0.7803030303030303,0.015151515151515152,7,0.0,0.0720552691453873,0.2774089103078248,1.3480645605678296,0.23001769380471496,0.4801297116081871,0.8391608391608392,0.16183816183816183,0.326790306952684,1.2581251034950443,0.8391608391608392,0.16183816183816183,0.326790306952684,1.2581251034950443,0.7702297702297702,0.23076923076923078,0.3574418375164705,1.3761318473989534,0.999000999000999,0.001998001998001998,0.15754553305589641,0.6065418277838659,0.6293706293706294,0.37162837162837165,0.30195915077767527,5.901927613525683,43.0,132.0,27.0,0.15970646496757124,0.8401598401598401,0.16083916083916083,0.21482284937066937,wireless backhaul,screen,2006,2005-07,1705.0,22,False,B_s2_index,False,0.22049389964256247,L2,4,0.20158599688842269,0.7243123969709261,0.326790306952684,1.2581251034950443,True,UNDETERMINED,UNDETERMINED,UNDETERMINED,UNDETERMINED,UNDETERMINED,UNDETERMINED,UNDETERMINED,UNDETERMINED,UNDETERMINED,FADING,UNDETERMINED,0.8391608391608392,0.16183816183816183,True,tested,30
c_3a8d31dc5fbf,2014,8,2202,host,13,13,4,True,0.0,1.0,0.5931491888374184,0.05830859627012719,1.1279897814047097,2014,0.0,0.0,6,0.23076923076923078,2,0.8461538461538461,0.07692307692307693,0,0.008,0.0,0.0,1.0986122886681098,1.0,1.0,1.0,0.008991008991008992,0.0,0.0,1.0,0.008991008991008992,0.0,0.0,1.0,0.008991008991008992,0.0,0.0,1.0,0.008991008991008992,0.0,0.0,1.0,0.008991008991008992,0.0,0.0,4.0,13.0,1.0,0.0,1.0,0.011988011988011988,1.0,wireless backhaul,screen,2006,2005-07,1705.0,22,False,B_s2_index,False,0.22049389964256247,L2,4,0.20158599688842269,0.0,0.0,0.0,True,UNDETERMINED,SINK,SINK,UNDETERMINED,UNDETERMINED,UNDETERMINED,UNDETERMINED,UNDETERMINED,UNDETERMINED,UNDETERMINED,UNDETERMINED,,,False,below_nmin,30
c_3b21300dbb0b,2016,3,1710,host,19,19,0,True,,0.6721925835997682,1.3406594157812837,0.23228503826982938,2.449033793292738,2016,0.15789473684210525,0.16666666666666666,18,0.631578947368421,8,0.5789473684210527,0.2631578947368421,1,,,,,,,,,,,,,,,,,,,,,,,,,,,,,,,,,,fog computing,screen,2013,2012-16,1705.0,17,True,B_s2_index,True,0.34009237637452083,L2,6,0.34009237637452083,,,,True,UNDETERMINED,UNDETERMINED,UNDETERMINED,UNDETERMINED,UNDETERMINED,UNDETERMINED,UNDETERMINED,UNDETERMINED,UNDETERMINED,UNDETERMINED,UNDETERMINED,,,False,no_cohort_parents,30
c_3b21300dbb0b,2016,3,1707,host,18,17,1,True,0.0,0.9126984126984128,0.8777121075521116,-0.2498362659460095,2.005260481050233,2016,0.11764705882352941,0.125,16,0.6470588235294118,7,0.5882352941176471,0.35294117647058826,1,0.385,0.0,0.0,0.8472978603872037,0.7857142857142857,1.0,1.0,0.3856143856143856,0.0,0.0,1.0,0.3856143856143856,0.0,0.0,1.0,0.3856143856143856,0.0,0.0,1.0,0.3856143856143856,0.0,0.0,1.0,0.3856143856143856,0.0,0.0,1.0,17.0,7.0,0.0,1.0,0.34465534465534464,0.7857142857142857,fog computing,screen,2013,2012-16,1705.0,17,True,B_s2_index,True,0.34009237637452083,L2,6,0.18946054333778825,0.0,0.0,0.0,False,UNDETERMINED,UNDETERMINED,UNDETERMINED,UNDETERMINED,UNDETERMINED,UNDETERMINED,UNDETERMINED,UNDETERMINED,UNDETERMINED,UNDETERMINED,UNDETERMINED,,,False,below_nmin,30
c_3b21300dbb0b,2016,3,2208,host,18,18,0,True,,0.760776544183418,1.2090324479125107,0.2063794299503272,2.2116854658746945,2016,0.2777777777777778,0.2777777777777778,18,0.7777777777777778,10,0.4444444444444444,0.2777777777777778,1,,,,,,,,,,,,,,,,,,,,,,,,,,,,,,,,,,fog computing,screen,2013,2012-16,1705.0,22,True,B_s2_index,True,0.18435880431220825,L3,19,0.18435880431220825,,,,True,UNDETERMINED,UNDETERMINED,UNDETERMINED,UNDETERMINED,UNDETERMINED,UNDETERMINED,UNDETERMINED,UNDETERMINED,UNDETERMINED,UNDETERMINED,UNDETERMINED,,,False,no_cohort_parents,30
c_3b21300dbb0b,2017,4,2208,host,66,66,0,True,,0.6512917849419582,1.4507177493988421,0.46193262224436715,2.439502876553317,2017,0.3939393939393939,0.4,65,0.7727272727272727,48,0.2727272727272727,0.12121212121212122,1,,,,,,,,,,,,,,,,,,,,,,,,,,,,,,,,,,fog computing,screen,2013,2012-16,1705.0,22,True,B_s2_index,True,0.3028199819579982,L2,5,0.20158599688842269,,,,True,UNDETERMINED,UNDETERMINED,UNDETERMINED,UNDETERMINED,UNDETERMINED,UNDETERMINED,UNDETERMINED,UNDETERMINED,UNDETERMINED,UNDETERMINED,UNDETERMINED,,,False,no_cohort_parents,30
c_3b21300dbb0b,2017,4,1710,host,45,45,0,True,,0.8261839643468659,1.4379023026514575,0.3449359857762282,2.5308686195266867,2017,0.13333333333333333,0.16216216216216217,37,0.5777777777777777,22,0.5111111111111111,0.13333333333333333,1,,,,,,,,,,,,,,,,,,,,,,,,,,,,,,,,,,fog computing,screen,2013,2012-16,1705.0,17,True,B_s2_index,True,0.1157765219173888,L2,8,0.18946054333778825,,,,True,UNDETERMINED,UNDETERMINED,UNDETERMINED,UNDETERMINED,UNDETERMINED,UNDETERMINED,UNDETERMINED,UNDETERMINED,UNDETERMINED,UNDETERMINED,UNDETERMINED,,,False,no_cohort_parents,30
c_3b21300dbb0b,2017,4,1702,host,38,38,0,True,,0.8378577872914897,1.3380784454904606,0.28188473980863504,2.394272151172286,2017,0.21052631578947367,0.22857142857142856,35,0.7368421052631579,28,0.26315789473684215,0.05263157894736842,1,,,,,,,,,,,,,,,,,,,,,,,,,,,,,,,,,,fog computing,screen,2013,2012-16,1705.0,17,True,B_s2_index,True,0.1157765219173888,L2,8,0.18946054333778825,,,,True,UNDETERMINED,UNDETERMINED,UNDETERMINED,UNDETERMINED,UNDETERMINED,UNDETERMINED,UNDETERMINED,UNDETERMINED,UNDETERMINED,UNDETERMINED,UNDETERMINED,,,False,no_cohort_parents,30
c_3b21300dbb0b,2017,4,1707,host,38,38,1,True,0.0,0.8884090761312283,1.3843067330184267,0.6636276060783135,2.10498585995854,2017,0.13157894736842105,0.14705882352941177,34,0.5789473684210527,17,0.5526315789473684,0.18421052631578946,1,0.364,0.0,0.0,0.8472978603872037,0.7659695449491778,0.9769768515037548,1.0,0.3646353646353646,0.0,0.0,1.0,0.3646353646353646,0.0,0.0,1.0,0.3646353646353646,0.0,0.0,1.0,0.3646353646353646,0.0,0.0,1.0,0.3646353646353646,0.0,0.0,1.0,38.0,17.0,0.0,1.0,0.3276723276723277,0.7758584517507584,fog computing,screen,2013,2012-16,1705.0,17,True,B_s2_index,True,0.1157765219173888,L2,8,0.18946054333778825,0.0,0.0,0.0,True,UNDETERMINED,UNDETERMINED,UNDETERMINED,UNDETERMINED,UNDETERMINED,UNDETERMINED,UNDETERMINED,UNDETERMINED,UNDETERMINED,UNDETERMINED,UNDETERMINED,1.0,0.3646353646353646,True,tested,30
c_3b21300dbb0b,2017,4,2207,host,18,18,2,True,1.2667089711896833,0.7466582057620633,1.4648142995557571,0.09563043860299802,2.833998160508516,2017,0.2777777777777778,0.3333333333333333,15,0.5555555555555556,10,0.4444444444444444,0.05555555555555555,0,0.123,0.230860925755599,3.764476521009372,2.7341027424801028,0.5403351538473327,0.9181613161253962,0.1878121878121878,0.936063936063936,0.7623701852925278,12.431400651531355,0.1878121878121878,0.936063936063936,0.7623701852925278,12.431400651531355,0.1878121878121878,0.936063936063936,0.7623701852925278,12.431400651531355,0.2627372627372627,0.8611388611388612,0.4927075632871833,8.034213878540497,0.18281718281718282,0.9410589410589411,0.8089572235002522,22.13786836146155,1.0,18.0,9.0,0.0,1.0,0.3826173826173826,1.0,fog computing,screen,2013,2012-16,1705.0,22,True,B_s2_index,True,0.3028199819579982,L2,5,0.3028199819579982,4.183042885741202,0.7623701852925278,12.431400651531355,True,UNDETERMINED,UNDETERMINED,UNDETERMINED,UNDETERMINED,UNDETERMINED,UNDETERMINED,UNDETERMINED,UNDETERMINED,UNDETERMINED,UNDETERMINED,UNDETERMINED,,,False,below_nmin,30
c_3b21300dbb0b,2018,5,2208,host,183,182,2,True,2.285138894134513,0.6679676957638028,1.3746431844738556,0.3865597968366338,2.3627265721110775,2018,0.43956043956043955,0.4624277456647399,173,0.7802197802197802,141,0.22527472527472525,0.054945054945054944,1,0.125,0.7363823246764603,5.927758531396159,2.08565667507136,0.6149050287968519,0.7189625612650183,0.1258741258741259,1.0,4.635931471128989,37.31849802482268,0.1258741258741259,1.0,4.635931471128989,37.31849802482268,0.1258741258741259,1.0,3.652943835598094,29.405606653706,0.12687312687312688,0.999000999000999,1.703844043735267,13.715668787756178,0.1258741258741259,1.0,2.3164754147203066,35.94356123756633,2.0,182.0,133.0,2.850706759413365,0.13286713286713286,1.0,0.5766534682898289,fog computing,screen,2013,2012-16,1705.0,22,True,B_s2_index,True,0.15884236625636072,L2,4,0.20158599688842269,14.386205317833499,4.635931471128989,37.31849802482268,True,UNDETERMINED,UNDETERMINED,UNDETERMINED,UNDETERMINED,UNDETERMINED,UNDETERMINED,UNDETERMINED,UNDETERMINED,UNDETERMINED,UNDETERMINED,UNDETERMINED,0.2517482517482518,1.0,True,tested,30
c_3b21300dbb0b,2018,5,1710,host,102,101,5,True,0.5244918662403709,0.8474559292696828,1.2117049868528116,0.1253305859438616,2.298079387761762,2018,0.1188118811881188,0.14634146341463414,82,0.5148514851485149,50,0.504950495049505,0.04950495049504951,1,0.005,0.08892276160026494,1.5,2.4861286562683116,0.7675870668887098,0.9118323829077893,0.07692307692307693,0.929070929070929,0.6905410699052041,11.64844170623149,0.07692307692307693,0.929070929070929,0.6905410699052041,11.64844170623149,0.11188811188811189,0.8941058941058941,0.4693471264976,7.917215762047391,0.22777222777222778,0.7782217782217782,0.2808307013471279,4.7372128849790105,0.11588411588411589,0.8901098901098901,0.3409922315418427,14.357012261766144,5.0,101.0,46.0,0.6,0.07492507492507493,0.9340659340659341,0.740715983507221,fog computing,screen,2013,2012-16,1705.0,17,True,B_s2_index,True,0.1287725893153206,L2,7,0.18946054333778825,4.073008619529016,0.6905410699052041,11.64844170623149,True,UNDETERMINED,UNDETERMINED,UNDETERMINED,UNDETERMINED,UNDETERMINED,UNDETERMINED,UNDETERMINED,UNDETERMINED,UNDETERMINED,UNDETERMINED,UNDETERMINED,0.2517482517482518,1.0,True,tested,30
c_3b21300dbb0b,2018,5,1702,host,101,100,1,True,0.0,0.7807681836237561,1.255439272149502,0.20699986646145674,2.303878677837547,2018,0.29,0.31868131868131866,91,0.73,72,0.28,0.03,1,0.381,0.0,0.0,0.8472978603872037,0.7228067829130559,0.8422600810825263,1.0,0.38161838161838163,0.0,0.0,1.0,0.38161838161838163,0.0,0.0,1.0,0.38161838161838163,0.0,0.0,1.0,0.38161838161838163,0.0,0.0,1.0,0.38161838161838163,0.0,0.0,1.0,100.0,67.0,0.0,1.0,0.38461538461538464,0.6911703847176135,fog computing,screen,2013,2012-16,1705.0,17,True,B_s2_index,True,0.1287725893153206,L2,7,0.1287725893153206,0.0,0.0,0.0,True,UNDETERMINED,UNDETERMINED,UNDETERMINED,UNDETERMINED,UNDETERMINED,UNDETERMINED,UNDETERMINED,UNDETERMINED,UNDETERMINED,UNDETERMINED,UNDETERMINED,1.0,1.0,True,tested,30
c_3b21300dbb0b,2018,5,1707,host,70,69,6,True,0.1851851851851852,0.9276860677227938,0.740469529191005,0.5482912452619748,0.9326478131200351,2018,0.10144927536231885,0.1111111111111111,63,0.6086956521739131,35,0.49275362318840576,0.13043478260869565,1,0.001,0.0,0.75,3.7013019741124933,0.8677492795552263,0.9773163966483709,0.3996003996003996,0.6023976023976024,0.0,5.824220853115745,0.3996003996003996,0.6023976023976024,0.0,5.824220853115745,0.5444555444555444,0.45754245754245754,0.0,3.9586078810236955,0.7372627372627373,0.2647352647352647,0.0,2.3686064424895052,0.4965034965034965,0.5054945054945055,0.0,6.3980993949985,6.0,69.0,35.0,0.1875,0.4075924075924076,0.5954045954045954,0.8504650431000872,fog computing,screen,2013,2012-16,1705.0,17,True,B_s2_index,True,0.1287725893153206,L2,7,0.18946054333778825,1.4380792229915422,0.0,5.824220853115745,True,UNDETERMINED,UNDETERMINED,UNDETERMINED,UNDETERMINED,UNDETERMINED,UNDETERMINED,UNDETERMINED,UNDETERMINED,UNDETERMINED,UNDETERMINED,UNDETERMINED,0.5328005328005329,1.0,True,tested,30
c_3b21300dbb0b,2018,5,2207,host,27,27,2,True,1.2667089711896833,0.7892087871455506,1.3548236667099463,-0.03453377680334624,2.7441811102232387,2018,0.25925925925925924,0.30434782608695654,23,0.6666666666666666,16,0.40740740740740744,0.1111111111111111,0,0.134,0.25,3.801243138659206,2.721622386711601,0.6540118334385389,0.9139430581738293,0.15284715284715283,0.9820179820179821,1.5738874073212752,23.930914832408497,0.15284715284715283,0.9820179820179821,1.5738874073212752,23.930914832408497,0.15284715284715283,0.9820179820179821,1.5738874073212752,23.930914832408497,0.2597402597402597,0.8751248751248751,0.5784508897887639,8.795329903443404,0.17182817182817184,0.9630369630369631,1.129999958506499,22.97435960048395,1.0,27.0,15.0,0.0,1.0,0.34565434565434566,0.8560626450310204,fog computing,screen,2013,2012-16,1705.0,22,True,B_s2_index,True,0.15884236625636072,L2,4,0.15884236625636072,7.974629193985322,1.5738874073212752,23.930914832408497,False,UNDETERMINED,UNDETERMINED,UNDETERMINED,UNDETERMINED,UNDETERMINED,UNDETERMINED,UNDETERMINED,UNDETERMINED,UNDETERMINED,UNDETERMINED,UNDETERMINED,,,False,below_nmin,30
c_3b21300dbb0b,2018,5,2215,host,22,22,3,True,0.04205723740791609,0.9925781345750737,1.0864834140109834,-0.5539428154721247,2.7269096434940914,2018,0.09090909090909091,0.1,20,0.7727272727272727,17,0.2272727272727273,0.0,0,0.05,0.0,0.19809577775904053,3.180873177422752,0.9829671627146692,1.0,0.9310689310689311,0.11988011988011989,0.0,1.2471218002338713,0.9310689310689311,0.11988011988011989,0.0,1.2471218002338713,0.9310689310689311,0.11988011988011989,0.0,1.2471218002338713,0.999000999000999,0.05194805194805195,0.0,0.45835471563245683,0.9460539460539461,0.1048951048951049,0.0,1.1278373906209271,3.0,22.0,16.0,0.03613569223171064,0.957042957042957,0.07392607392607392,0.9841689272156185,fog computing,screen,2013,2012-16,1705.0,22,True,B_s2_index,True,0.15884236625636072,L2,4,0.15884236625636072,0.2647734253721616,0.0,1.2471218002338713,False,UNDETERMINED,UNDETERMINED,UNDETERMINED,UNDETERMINED,UNDETERMINED,UNDETERMINED,UNDETERMINED,UNDETERMINED,UNDETERMINED,UNDETERMINED,UNDETERMINED,,,False,below_nmin,30
c_3b21300dbb0b,2018,5,2209,host,17,17,0,True,,0.944626703942239,1.9175097536153034,0.9460360807541974,2.8889834264764094,2018,0.11764705882352941,0.13333333333333333,15,0.7058823529411765,13,0.23529411764705888,0.0,0,,,,,,,,,,,,,,,,,,,,,,,,,,,,,,,,,,fog computing,screen,2013,2012-16,1705.0,22,True,B_s2_index,True,0.15884236625636072,L2,4,0.15884236625636072,,,,True,UNDETERMINED,UNDETERMINED,UNDETERMINED,UNDETERMINED,UNDETERMINED,UNDETERMINED,UNDETERMINED,UNDETERMINED,UNDETERMINED,UNDETERMINED,UNDETERMINED,,,False,no_cohort_parents,30
c_3b21300dbb0b,2018,5,1708,host,13,13,0,True,,0.5387827562698164,2.1597294416241155,1.1541410382783657,3.1653178449698656,2018,0.23076923076923078,0.23076923076923078,13,0.5384615384615384,6,0.5384615384615384,0.23076923076923078,0,,,,,,,,,,,,,,,,,,,,,,,,,,,,,,,,,,fog computing,screen,2013,2012-16,1705.0,17,True,B_s2_index,True,0.1287725893153206,L2,7,0.1287725893153206,,,,True,UNDETERMINED,UNDETERMINED,UNDETERMINED,UNDETERMINED,UNDETERMINED,UNDETERMINED,UNDETERMINED,UNDETERMINED,UNDETERMINED,UNDETERMINED,UNDETERMINED,,,False,no_cohort_parents,30
c_3b21300dbb0b,2018,5,2203,host,12,12,0,True,,1.0,1.7572700123383644,0.5241995213758779,2.990340503300851,2018,0.0,0.0,10,0.5,7,0.41666666666666663,0.0,0,,,,,,,,,,,,,,,,,,,,,,,,,,,,,,,,,,fog computing,screen,2013,2012-16,1705.0,22,True,B_s2_index,True,0.15884236625636072,L2,4,0.15884236625636072,,,,True,UNDETERMINED,UNDETERMINED,UNDETERMINED,UNDETERMINED,UNDETERMINED,UNDETERMINED,UNDETERMINED,UNDETERMINED,UNDETERMINED,UNDETERMINED,UNDETERMINED,,,False,no_cohort_parents,30
c_3b21300dbb0b,2018,5,1706,host,11,11,0,True,,0.9420857223141964,1.9351061722375473,0.9434174218571161,2.9267949226179786,2018,0.18181818181818182,0.2,10,0.8181818181818182,8,0.2727272727272727,0.09090909090909091,0,,,,,,,,,,,,,,,,,,,,,,,,,,,,,,,,,,fog computing,screen,2013,2012-16,1705.0,17,True,B_s2_index,True,0.1287725893153206,L2,7,0.1287725893153206,,,,True,UNDETERMINED,UNDETERMINED,UNDETERMINED,UNDETERMINED,UNDETERMINED,UNDETERMINED,UNDETERMINED,UNDETERMINED,UNDETERMINED,UNDETERMINED,UNDETERMINED,,,False,no_cohort_parents,30
c_3b21300dbb0b,2018,5,2214,host,10,10,0,True,,0.8333333333333334,1.7066681861429154,0.5551087857272141,2.8582275865586166,2018,0.1,0.16666666666666666,6,0.6,6,0.4,0.0,0,,,,,,,,,,,,,,,,,,,,,,,,,,,,,,,,,,fog computing,screen,2013,2012-16,1705.0,22,True,B_s2_index,True,0.15884236625636072,L2,4,0.15884236625636072,,,,True,UNDETERMINED,UNDETERMINED,UNDETERMINED,UNDETERMINED,UNDETERMINED,UNDETERMINED,UNDETERMINED,UNDETERMINED,UNDETERMINED,UNDETERMINED,UNDETERMINED,,,False,no_cohort_parents,30
c_3b21300dbb0b,2019,6,2208,host,284,284,17,True,2.224683830886455,0.6638033562812367,1.568534633261963,0.7595723639704642,2.3774969025534616,2019,0.4823943661971831,0.5150375939849624,266,0.7922535211267606,221,0.221830985915493,0.045774647887323945,1,0.0,1.4828643227385576,3.674111527542248,0.9073357192307775,0.6245175966310734,0.7024196340032589,0.000999000999000999,1.0,3.6401881920206267,9.019339931266387,0.000999000999000999,1.0,3.6401881920206267,9.019339931266387,0.000999000999000999,1.0,7.3559887374484605,18.22602553874741,0.000999000999000999,1.0,3.5870925399783515,8.887784168382682,0.000999000999000999,1.0,3.3925456524362994,16.50408896656527,17.0,284.0,213.0,2.363343377408649,0.000999000999000999,1.0,0.5978759452142949,fog computing,screen,2013,2012-16,1705.0,22,True,B_s2_index,False,0.4073592475216059,L1,3,0.20158599688842269,5.461233160708988,3.6401881920206267,9.019339931266387,True,SOURCE,SOURCE,SOURCE,SOURCE,SOURCE,SOURCE,SOURCE,SOURCE,SOURCE,SOURCE,SOURCE,0.005994005994005994,1.0,True,tested,30
c_3b21300dbb0b,2019,6,1710,host,156,156,18,True,0.4073229822944918,0.8363290588170823,1.3640904842590955,0.3890046310127526,2.3391763375054384,2019,0.16025641025641027,0.1953125,128,0.5576923076923077,85,0.4551282051282052,0.03205128205128205,1,0.0,0.21626172891154263,0.7185126350223713,1.200694940307978,0.7740876038968563,0.8916078249256233,0.0959040959040959,0.9050949050949051,0.8735868775047618,2.9024238936592086,0.0959040959040959,0.9050949050949051,0.8735868775047618,2.9024238936592086,0.0959040959040959,0.9050949050949051,0.8735868775047618,2.9024238936592086,0.5594405594405595,0.44155844155844154,0.5003871580645531,1.6624970922126399,0.17482517482517482,0.8261738261738262,0.6504108455833059,5.040770511749297,18.0,156.0,80.0,0.4357836820031106,0.07992007992007992,0.9210789210789211,0.7586869570991237,fog computing,screen,2013,2012-16,1705.0,17,True,B_s2_index,False,0.24755606394781707,L2,6,0.24755606394781707,1.6453767110320205,0.8735868775047618,2.9024238936592086,True,UNDETERMINED,UNDETERMINED,UNDETERMINED,UNDETERMINED,UNDETERMINED,UNDETERMINED,UNDETERMINED,UNDETERMINED,UNDETERMINED,UNDETERMINED,UNDETERMINED,0.1918081918081918,1.0,True,tested,30
c_3b21300dbb0b,2019,6,1702,host,154,154,5,True,0.6134092302390083,0.7761307734448724,1.542668283407678,0.7810542745906565,2.3042822922246993,2019,0.33766233766233766,0.37142857142857144,140,0.7532467532467533,113,0.26623376623376627,0.032467532467532464,1,0.007,0.28608042157039937,1.8193037648912045,1.8499340940189422,0.7296178956147498,0.8207315768766059,0.03496503496503497,0.973026973026973,1.1556187192841414,7.349057566510267,0.03496503496503497,0.973026973026973,1.1556187192841414,7.349057566510267,0.01898101898101898,0.989010989010989,1.5099736152468854,9.602546962232536,0.2177822177822178,0.7902097902097902,0.6619338976341687,4.209511526389462,0.059940059940059943,0.948051948051948,0.9898760136922273,11.118487379606924,5.0,154.0,107.0,0.6399057777232862,0.03596403596403597,0.971028971028971,0.7056262981120699,fog computing,screen,2013,2012-16,1705.0,17,True,B_s2_index,False,0.24755606394781707,L2,6,0.18946054333778825,2.477859844985701,1.1556187192841414,7.349057566510267,True,UNDETERMINED,UNDETERMINED,UNDETERMINED,UNDETERMINED,UNDETERMINED,UNDETERMINED,SOURCE,UNDETERMINED,UNDETERMINED,UNDETERMINED,UNDETERMINED,0.10489510489510491,1.0,True,tested,30
c_3b21300dbb0b,2019,6,1707,host,102,101,16,True,0.21959963695798743,0.8679248951188929,0.6272577193651955,0.35187407764914674,0.9026413610812443,2019,0.13861386138613863,0.15730337078651685,89,0.594059405940594,53,0.4752475247524752,0.0891089108910891,1,0.0,0.07176069678312094,0.4479610543768814,1.8313780187620632,0.7946010501527001,0.9339344276634346,0.6143856143856143,0.3866133866133866,0.2898765460992607,1.8095337566495975,0.6143856143856143,0.3866133866133866,0.2898765460992607,1.8095337566495975,0.4045954045954046,0.5964035964035964,0.3787632797778857,2.364402880330676,0.942057942057942,0.058941058941058944,0.16604015562423197,1.0364938819800795,0.5684315684315684,0.4325674325674326,0.23042260940287504,2.6159608298642225,16.0,101.0,53.0,0.23937974953307642,0.5624375624375625,0.4385614385614386,0.7792630419828885,fog computing,screen,2013,2012-16,1705.0,17,True,B_s2_index,False,0.24755606394781707,L2,6,0.18946054333778825,0.8870703203791338,0.2898765460992607,1.8095337566495975,True,UNDETERMINED,UNDETERMINED,UNDETERMINED,UNDETERMINED,UNDETERMINED,UNDETERMINED,UNDETERMINED,UNDETERMINED,UNDETERMINED,UNDETERMINED,UNDETERMINED,0.7948051948051947,0.7732267732267732,True,tested,30
c_3b21300dbb0b,2019,6,2207,host,46,44,9,True,0.33989850641025626,0.8365702049065123,0.9407680319702347,-0.3934900513844184,2.275026115324888,2019,0.25,0.2972972972972973,37,0.6818181818181818,27,0.38636363636363635,0.09090909090909091,0,0.0,0.1234068418874138,0.7252002870747629,1.7709614371966476,0.7428675547342747,0.9174110190313179,0.6623376623376623,0.3386613386613387,0.3029435139578326,1.780247512452259,0.6623376623376623,0.3386613386613387,0.3029435139578326,1.780247512452259,0.17382617382617382,0.8271728271728271,0.6121796344600223,3.597473526279503,0.6673326673326674,0.3336663336663337,0.2985247909256476,1.7542808872438456,0.44655344655344653,0.5544455544455544,0.3269571594823577,3.395611438206826,8.0,44.0,26.0,0.06570857691411747,0.995004995004995,0.005994005994005994,0.8615508419969989,fog computing,screen,2013,2012-16,1705.0,22,True,B_s2_index,False,0.4073592475216059,L2,5,0.20158599688842269,0.8343949682699382,0.3029435139578326,1.780247512452259,False,UNDETERMINED,UNDETERMINED,UNDETERMINED,UNDETERMINED,UNDETERMINED,UNDETERMINED,UNDETERMINED,UNDETERMINED,UNDETERMINED,UNDETERMINED,SINK,0.7948051948051947,0.7732267732267732,True,tested,30
c_3b21300dbb0b,2019,6,2215,host,42,41,3,True,0.057622166872492685,0.973256076196108,0.7562071955348001,-0.7753997821691224,2.2878141732387225,2019,0.14634146341463414,0.17142857142857143,35,0.7317073170731707,30,0.2682926829268293,0.0,0,0.046,0.006670684056247112,0.22711414730593404,2.844922366587976,0.9508352204611482,0.9920869209436236,0.994005994005994,0.052947052947052944,0.01637543297919929,0.5575279036568039,0.994005994005994,0.052947052947052944,0.01637543297919929,0.5575279036568039,0.994005994005994,0.052947052947052944,0.01637543297919929,0.5575279036568039,0.994005994005994,0.052947052947052944,0.01613658151173641,0.549395822012973,0.9600399600399601,0.08691308691308691,0.015406537354743186,0.913247869986353,3.0,41.0,29.0,0.05170062169628723,0.999000999000999,0.04595404595404595,0.9512532150879442,fog computing,screen,2013,2012-16,1705.0,22,True,B_s2_index,False,0.4073592475216059,L2,5,0.4073592475216059,0.14145294901998381,0.01637543297919929,0.5575279036568039,False,UNDETERMINED,UNDETERMINED,UNDETERMINED,UNDETERMINED,UNDETERMINED,UNDETERMINED,UNDETERMINED,UNDETERMINED,UNDETERMINED,UNDETERMINED,UNDETERMINED,0.994005994005994,0.3176823176823177,True,tested,30
c_3b21300dbb0b,2019,6,2209,host,28,28,3,True,0.07250251799346506,0.8778079603106528,1.803468482147483,0.7613726860673864,2.845564278227579,2019,0.17857142857142858,0.2,25,0.7142857142857143,20,0.2857142857142857,0.03571428571428571,0,0.034,0.0,0.4350151079607904,2.302585092994046,0.7749032157184889,0.9595394489888089,0.945054945054945,0.0899100899100899,0.0,1.0678905919221036,0.945054945054945,0.0899100899100899,0.0,1.0678905919221036,0.945054945054945,0.0899100899100899,0.0,1.0678905919221036,0.945054945054945,0.0899100899100899,0.0,1.0523143787438387,0.9090909090909091,0.1258741258741259,0.0,1.232565507174136,3.0,28.0,19.0,0.07880850310660201,0.962037962037962,0.08791208791208792,0.8031323677140223,fog computing,screen,2013,2012-16,1705.0,22,True,B_s2_index,False,0.4073592475216059,L2,5,0.4073592475216059,0.17798176532035057,0.0,1.0678905919221036,True,UNDETERMINED,UNDETERMINED,UNDETERMINED,UNDETERMINED,UNDETERMINED,UNDETERMINED,UNDETERMINED,UNDETERMINED,UNDETERMINED,UNDETERMINED,UNDETERMINED,,,False,below_nmin,30
c_3b21300dbb0b,2019,6,1708,host,26,26,1,True,0.0,0.36573105718783333,2.1470375146371543,1.1332024065040052,3.1608726227703032,2019,0.5384615384615384,0.5384615384615384,26,0.7692307692307693,19,0.2692307692307693,0.11538461538461539,0,0.365,0.0,0.0,0.8472978603872037,0.21977414631645628,0.5182773806559668,1.0,0.36563436563436563,0.0,0.0,1.0,0.36563436563436563,0.0,0.0,1.0,0.36563436563436563,0.0,0.0,1.0,0.36563436563436563,0.0,0.0,1.0,0.36563436563436563,0.0,0.0,1.0,26.0,19.0,0.0,1.0,0.3596403596403596,0.22084135221632853,fog computing,screen,2013,2012-16,1705.0,17,True,B_s2_index,False,0.24755606394781707,L2,6,0.24755606394781707,0.0,0.0,0.0,True,UNDETERMINED,UNDETERMINED,UNDETERMINED,UNDETERMINED,UNDETERMINED,UNDETERMINED,UNDETERMINED,UNDETERMINED,UNDETERMINED,UNDETERMINED,UNDETERMINED,,,False,below_nmin,30
c_3b21300dbb0b,2019,6,2203,host,22,22,0,True,,0.9896469396176572,2.037922489406747,0.9578976563427335,3.117947322470761,2019,0.045454545454545456,0.05,20,0.7272727272727273,16,0.2727272727272727,0.045454545454545456,0,,,,,,,,,,,,,,,,,,,,,,,,,,,,,,,,,,fog computing,screen,2013,2012-16,1705.0,22,True,B_s2_index,False,0.4073592475216059,L2,5,0.4073592475216059,,,,True,UNDETERMINED,UNDETERMINED,UNDETERMINED,UNDETERMINED,UNDETERMINED,UNDETERMINED,UNDETERMINED,UNDETERMINED,UNDETERMINED,UNDETERMINED,UNDETERMINED,,,False,no_cohort_parents,30
c_3b21300dbb0b,2019,6,1706,host,21,21,2,True,0.23165711074321432,0.9445778872023507,1.8703995596980818,0.8411807915788014,2.899618327817362,2019,0.14285714285714285,0.16666666666666666,18,0.8095238095238095,16,0.23809523809523814,0.047619047619047616,0,0.126,0.0,0.746900231116606,2.3469454793165805,0.8936318954291956,0.9866179428654291,0.6703296703296703,0.4565434565434565,0.0,3.017095276139335,0.6703296703296703,0.4565434565434565,0.0,3.017095276139335,0.6703296703296703,0.4565434565434565,0.0,3.017095276139335,0.8301698301698301,0.2967032967032967,0.0,1.7281804130913363,0.6223776223776224,0.5044955044955045,0.0,4.076907281932689,2.0,21.0,16.0,0.2959440732895194,0.5444555444555444,0.5624375624375625,0.8774776318257216,fog computing,screen,2013,2012-16,1705.0,17,True,B_s2_index,False,0.24755606394781707,L2,6,0.24755606394781707,0.9357763532386986,0.0,3.017095276139335,True,UNDETERMINED,UNDETERMINED,UNDETERMINED,UNDETERMINED,UNDETERMINED,UNDETERMINED,UNDETERMINED,UNDETERMINED,UNDETERMINED,UNDETERMINED,UNDETERMINED,,,False,below_nmin,30
c_3b21300dbb0b,2019,6,2202,host,14,14,3,True,0.0,0.9999999999999999,0.7329422098210947,-0.10700638961288855,1.572890809255078,2019,0.0,0.0,12,0.5,8,0.4285714285714286,0.0,0,0.024,0.0,0.0,1.466337068793427,0.9999999999999998,1.0,1.0,0.024975024975024976,0.0,0.0,1.0,0.024975024975024976,0.0,0.0,1.0,0.024975024975024976,0.0,0.0,1.0,0.024975024975024976,0.0,0.0,1.0,0.024975024975024976,0.0,0.0,3.0,14.0,8.0,0.0,1.0,0.027972027972027972,0.9999999999999999,fog computing,screen,2013,2012-16,1705.0,22,True,B_s2_index,False,0.4073592475216059,L2,5,0.4073592475216059,0.0,0.0,0.0,False,UNDETERMINED,UNDETERMINED,UNDETERMINED,UNDETERMINED,UNDETERMINED,UNDETERMINED,UNDETERMINED,UNDETERMINED,UNDETERMINED,UNDETERMINED,UNDETERMINED,,,False,below_nmin,30
c_3b21300dbb0b,2019,6,1711,host,13,12,1,True,0.0,0.8405168018643752,1.095576830447853,-0.6990702333604737,2.89022389425618,2019,0.16666666666666666,0.2222222222222222,9,0.75,8,0.33333333333333337,0.08333333333333333,0,0.349,0.0,0.0,0.8472978603872037,0.6361231828159641,1.0,1.0,0.34965034965034963,0.0,0.0,1.0,0.34965034965034963,0.0,0.0,1.0,0.34965034965034963,0.0,0.0,1.0,0.34965034965034963,0.0,0.0,1.0,0.34965034965034963,0.0,0.0,1.0,12.0,7.0,0.0,1.0,0.34965034965034963,0.5,fog computing,screen,2013,2012-16,1705.0,17,True,B_s2_index,False,0.24755606394781707,L2,6,0.18946054333778825,0.0,0.0,0.0,False,UNDETERMINED,UNDETERMINED,UNDETERMINED,UNDETERMINED,UNDETERMINED,UNDETERMINED,UNDETERMINED,UNDETERMINED,UNDETERMINED,UNDETERMINED,UNDETERMINED,,,False,below_nmin,30
c_3b21300dbb0b,2019,6,2214,host,13,13,0,True,,0.8333333333333334,1.9066129412459447,0.883162565290939,2.9300633172009505,2019,0.07692307692307693,0.14285714285714285,7,0.46153846153846156,6,0.5384615384615384,0.0,0,,,,,,,,,,,,,,,,,,,,,,,,,,,,,,,,,,fog computing,screen,2013,2012-16,1705.0,22,True,B_s2_index,False,0.4073592475216059,L2,5,0.4073592475216059,,,,True,UNDETERMINED,UNDETERMINED,UNDETERMINED,UNDETERMINED,UNDETERMINED,UNDETERMINED,UNDETERMINED,UNDETERMINED,UNDETERMINED,UNDETERMINED,UNDETERMINED,,,False,no_cohort_parents,30
c_3b21300dbb0b,2019,6,2305,host,12,12,2,True,0.0,1.0,1.614350165759738,0.6205544867528573,2.608145844766619,2019,0.0,0.0,9,0.5833333333333334,6,0.5,0.08333333333333333,0,0.12,0.0,0.0,1.0986122886681098,1.0,1.0,1.0,0.12087912087912088,0.0,0.0,1.0,0.12087912087912088,0.0,0.0,1.0,0.12087912087912088,0.0,0.0,1.0,0.12087912087912088,0.0,0.0,1.0,0.12087912087912088,0.0,0.0,2.0,12.0,6.0,0.0,1.0,0.12087912087912088,1.0,fog computing,screen,2013,2012-16,1705.0,23,True,B_s2_index,False,0.3126026689018193,L4,28,0.3126026689018193,0.0,0.0,0.0,True,UNDETERMINED,UNDETERMINED,UNDETERMINED,UNDETERMINED,UNDETERMINED,UNDETERMINED,UNDETERMINED,UNDETERMINED,UNDETERMINED,UNDETERMINED,UNDETERMINED,,,False,below_nmin,30
c_3b21300dbb0b,2019,6,2204,host,12,12,0,True,,1.0,1.477026677206563,0.6883611364863765,2.2656922179267496,2019,0.0,0.0,12,0.75,9,0.25,0.0,0,,,,,,,,,,,,,,,,,,,,,,,,,,,,,,,,,,fog computing,screen,2013,2012-16,1705.0,22,True,B_s2_index,False,0.4073592475216059,L2,5,0.4073592475216059,,,,True,UNDETERMINED,UNDETERMINED,UNDETERMINED,UNDETERMINED,UNDETERMINED,UNDETERMINED,UNDETERMINED,UNDETERMINED,UNDETERMINED,UNDETERMINED,UNDETERMINED,,,False,no_cohort_parents,30
c_3b21300dbb0b,2019,6,2312,host,11,11,1,True,0.0,1.0,1.257407882624175,-0.007597985502365123,2.522413750750715,2019,0.0,0.0,9,0.7272727272727273,8,0.2727272727272727,0.0,0,0.353,0.0,0.0,0.8472978603872037,1.0,1.0,1.0,0.35364635364635366,0.0,0.0,1.0,0.35364635364635366,0.0,0.0,1.0,0.35364635364635366,0.0,0.0,1.0,0.35364635364635366,0.0,0.0,1.0,0.35364635364635366,0.0,0.0,1.0,11.0,7.0,0.0,1.0,0.34165834165834164,1.0,fog computing,screen,2013,2012-16,1705.0,23,True,B_s2_index,False,0.3126026689018193,L4,28,0.3126026689018193,0.0,0.0,0.0,False,UNDETERMINED,UNDETERMINED,UNDETERMINED,UNDETERMINED,UNDETERMINED,UNDETERMINED,UNDETERMINED,UNDETERMINED,UNDETERMINED,UNDETERMINED,UNDETERMINED,,,False,below_nmin,30
c_3b21300dbb0b,2019,6,1405,host,11,11,1,True,0.0,1.0,1.636174033458577,0.690269804387359,2.5820782625297953,2019,0.0,0.0,9,0.6363636363636364,6,0.4545454545454546,0.09090909090909091,0,0.33,0.0,0.0,0.8472978603872037,1.0,1.0,1.0,0.3306693306693307,0.0,0.0,1.0,0.3306693306693307,0.0,0.0,1.0,0.3306693306693307,0.0,0.0,1.0,0.3306693306693307,0.0,0.0,1.0,0.3306693306693307,0.0,0.0,1.0,11.0,3.0,0.0,1.0,0.3916083916083916,1.0,fog computing,screen,2013,2012-16,1705.0,14,True,B_s2_index,False,0.3126026689018193,L4,28,0.3126026689018193,0.0,0.0,0.0,True,UNDETERMINED,UNDETERMINED,UNDETERMINED,UNDETERMINED,UNDETERMINED,UNDETERMINED,UNDETERMINED,UNDETERMINED,UNDETERMINED,UNDETERMINED,UNDETERMINED,,,False,below_nmin,30
c_3b21300dbb0b,2019,6,1110,host,10,10,0,True,,0.9666666666666668,1.42546423136134,0.7721807936991548,2.078747669023525,2019,0.1,0.14285714285714285,7,0.5,5,0.5,0.0,0,,,,,,,,,,,,,,,,,,,,,,,,,,,,,,,,,,fog computing,screen,2013,2012-16,1705.0,11,True,B_s2_index,False,0.3126026689018193,L4,28,0.44955215950717486,,,,True,UNDETERMINED,UNDETERMINED,UNDETERMINED,UNDETERMINED,UNDETERMINED,UNDETERMINED,UNDETERMINED,UNDETERMINED,UNDETERMINED,UNDETERMINED,UNDETERMINED,,,False,no_cohort_parents,30
c_3b21300dbb0b,2019,6,1803,host,10,10,0,True,,0.8314511609824178,1.7348939111322614,0.9473009131709312,2.5224869090935917,2019,0.2,0.2,10,0.7,8,0.19999999999999996,0.0,0,,,,,,,,,,,,,,,,,,,,,,,,,,,,,,,,,,fog computing,screen,2013,2012-16,1705.0,18,True,B_s2_index,False,0.3126026689018193,L4,28,0.3126026689018193,,,,True,UNDETERMINED,UNDETERMINED,UNDETERMINED,UNDETERMINED,UNDETERMINED,UNDETERMINED,UNDETERMINED,UNDETERMINED,UNDETERMINED,UNDETERMINED,UNDETERMINED,,,False,no_cohort_parents,30
c_3ece93670063,2017,3,2206,host,24,24,1,True,4.274594080319258,0.24074845410077453,1.2350608009237853,0.35258218078883874,2.1175394210587317,2017,0.5416666666666666,0.5909090909090909,22,0.8333333333333334,15,0.375,0.20833333333333334,3,0.359,0.7694238947871427,7.1553911582971415,2.2299793134933283,0.09304394723723688,0.39448694615900576,0.36663336663336665,0.993006993006993,2.540862362556588,23.629190887705718,0.36663336663336665,0.993006993006993,2.540862362556588,23.629190887705718,0.36163836163836166,0.998001998001998,3.8168518977685575,35.49547720944938,0.37462537462537465,0.985014985014985,1.6421183926847913,15.271165228296487,0.36363636363636365,0.996003996003996,2.8508065855233666,41.34973351125517,1.0,24.0,15.0,4.274594080319258,0.3866133866133866,0.997002997002997,0.08978221945355391,convolutional sparse coding,heldout_concept,2014,2012-16,1707.0,22,False,A_openalex_native,True,0.3028199819579982,L2,5,0.20158599688842269,14.115957780197457,2.540862362556588,23.629190887705718,True,UNDETERMINED,UNDETERMINED,UNDETERMINED,UNDETERMINED,UNDETERMINED,UNDETERMINED,UNDETERMINED,UNDETERMINED,UNDETERMINED,UNDETERMINED,UNDETERMINED,,,False,below_nmin,30
c_3ece93670063,2018,4,2206,host,42,40,1,True,5.7600616545220555,0.2704508366514626,0.5981530080418885,0.23293072788615443,0.9633752881976226,2018,0.75,0.8108108108108109,37,0.925,32,0.19999999999999996,0.125,4,0.36,1.2015488939360401,8.754698876572094,1.9859811275531931,0.18316719823655914,0.3592987640964815,0.36063936063936064,1.0,7.564410693786962,55.115641266906145,0.36063936063936064,1.0,7.564410693786962,55.115641266906145,0.36063936063936064,1.0,7.564410693786962,55.115641266906145,0.3626373626373626,0.998001998001998,2.78014810728803,20.256653419943277,0.36163836163836166,0.999000999000999,5.440110149562393,53.48157228877049,1.0,40.0,32.0,5.634247862956171,0.3936063936063936,1.0,0.18631066207591943,convolutional sparse coding,heldout_concept,2014,2012-16,1707.0,22,False,A_openalex_native,True,0.15884236625636072,L2,4,0.15884236625636072,36.26275401378565,7.564410693786962,55.115641266906145,True,UNDETERMINED,UNDETERMINED,UNDETERMINED,UNDETERMINED,UNDETERMINED,UNDETERMINED,UNDETERMINED,UNDETERMINED,UNDETERMINED,UNDETERMINED,UNDETERMINED,0.36063936063936064,1.0,True,tested,30
c_3ece93670063,2019,5,2206,host,56,55,5,True,1.23109114750611,0.29666974273841595,0.6629782142872493,0.35796167594151806,0.9679947526329806,2019,0.6363636363636364,0.7,50,0.8363636363636363,41,0.2545454545454545,0.10909090909090909,4,0.009,0.5708605381982504,3.7402971118898396,1.8796893283313003,0.22046193678259451,0.3784866819486054,0.02197802197802198,0.988011988011988,1.401368795900411,9.18181466272337,0.02197802197802198,0.988011988011988,1.401368795900411,9.18181466272337,0.00999000999000999,1.0,2.831846194724628,18.554349853775232,0.022977022977022976,0.987012987012987,1.3809284818163394,9.047889049339627,0.016983016983016984,0.993006993006993,1.5272495539030793,13.930350273707027,5.0,55.0,41.0,1.1149591199048197,0.022977022977022976,0.9820179820179821,0.20809713731339455,convolutional sparse coding,heldout_concept,2014,2012-16,1707.0,22,False,A_openalex_native,False,0.4073592475216059,L2,5,0.20158599688842269,3.0221264277075583,1.401368795900411,9.18181466272337,True,SOURCE,SOURCE,SOURCE,SOURCE,SOURCE,SOURCE,SOURCE,SOURCE,SOURCE,SOURCE,SOURCE,0.02197802197802198,0.988011988011988,True,tested,30
c_3fd8640bd802,2016,4,1702,host,11,11,0,True,,0.8282759480548887,1.2179498150220098,0.1405453028335768,2.295354327210443,2016,0.18181818181818182,0.2,10,0.6363636363636364,7,0.36363636363636365,0.18181818181818182,1,,,,,,,,,,,,,,,,,,,,,,,,,,,,,,,,,,fine grained recognition,screen,2012,2012-16,1707.0,17,True,B_s2_index,True,0.34009237637452083,L2,6,0.18946054333778825,,,,True,UNDETERMINED,UNDETERMINED,UNDETERMINED,UNDETERMINED,UNDETERMINED,UNDETERMINED,UNDETERMINED,UNDETERMINED,UNDETERMINED,UNDETERMINED,UNDETERMINED,,,False,no_cohort_parents,30
c_3fd8640bd802,2017,5,1702,host,14,14,0,True,,0.7475446450238221,1.0794126289517418,-0.0344564533792322,2.193281711282716,2017,0.21428571428571427,0.2727272727272727,11,0.5714285714285714,8,0.4285714285714286,0.14285714285714285,1,,,,,,,,,,,,,,,,,,,,,,,,,,,,,,,,,,fine grained recognition,screen,2012,2012-16,1707.0,17,True,B_s2_index,True,0.1157765219173888,L2,8,0.18946054333778825,,,,False,UNDETERMINED,UNDETERMINED,UNDETERMINED,UNDETERMINED,UNDETERMINED,UNDETERMINED,UNDETERMINED,UNDETERMINED,UNDETERMINED,UNDETERMINED,UNDETERMINED,,,False,no_cohort_parents,30
c_3fd8640bd802,2018,6,1702,host,17,16,2,True,0.10103418180788953,0.6225446450238221,0.6188112102510955,-0.48184415694464666,1.7194665774468376,2018,0.25,0.3076923076923077,13,0.5625,8,0.5,0.125,1,0.124,0.0,0.40413672723155813,1.794331646062772,0.3295151830911925,0.8799636877694033,0.6843156843156843,0.4405594405594406,0.0,3.1383754056693207,0.6843156843156843,0.4405594405594406,0.0,3.1383754056693207,0.6843156843156843,0.4405594405594406,0.0,3.1383754056693207,0.9150849150849151,0.2097902097902098,0.0,1.2763211410230566,0.6873126873126874,0.43756243756243757,0.0,3.7210275122235377,2.0,16.0,8.0,0.19372780950013002,0.4925074925074925,0.6173826173826173,0.3333333333333333,fine grained recognition,screen,2012,2012-16,1707.0,17,True,B_s2_index,True,0.1287725893153206,L2,7,0.1287725893153206,0.7845938514173302,0.0,3.1383754056693207,False,UNDETERMINED,UNDETERMINED,UNDETERMINED,UNDETERMINED,UNDETERMINED,UNDETERMINED,UNDETERMINED,UNDETERMINED,UNDETERMINED,UNDETERMINED,UNDETERMINED,,,False,below_nmin,30
c_3fd8640bd802,2019,7,1702,host,27,27,10,True,0.3800879929813539,0.7466080046790974,0.9088753319833759,-0.056105277501049766,1.8738559414678015,2019,0.2222222222222222,0.2608695652173913,23,0.5925925925925926,15,0.4444444444444444,0.07407407407407407,1,0.0,0.1316962917491263,0.8013749308387043,1.8058306635962749,0.5806664005013634,0.892879203863915,0.2057942057942058,0.7952047952047953,0.5319857233506786,3.2371452270610828,0.2057942057942058,0.7952047952047953,0.5319857233506786,3.2371452270610828,0.10789210789210789,0.8931068931068931,0.6951119712262498,4.229772155830552,0.6033966033966034,0.39760239760239763,0.304719348576651,1.8542241671922304,0.23076923076923078,0.7702297702297702,0.45523234562346093,5.206285114574171,10.0,27.0,15.0,0.40575747305171267,0.1928071928071928,0.8081918081918081,0.5716733492847155,fine grained recognition,screen,2012,2012-16,1707.0,17,True,B_s2_index,False,0.24755606394781707,L2,6,0.18946054333778825,1.5353612709784945,0.5319857233506786,3.2371452270610828,False,UNDETERMINED,UNDETERMINED,UNDETERMINED,UNDETERMINED,UNDETERMINED,UNDETERMINED,UNDETERMINED,UNDETERMINED,UNDETERMINED,UNDETERMINED,UNDETERMINED,,,False,below_nmin,30
c_43521ace85c3,2012,3,2208,host,13,13,0,True,,0.9010257525081151,1.1918461768470754,0.3624954387873277,2.021196914906823,2012,0.07692307692307693,0.14285714285714285,7,0.15384615384615385,3,0.7692307692307692,0.15384615384615385,2,,,,,,,,,,,,,,,,,,,,,,,,,,,,,,,,,,polar code,screen,2009,2008-11,1705.0,22,False,B_s2_index,False,0.1852419678003924,L3,22,0.1852419678003924,,,,True,UNDETERMINED,UNDETERMINED,UNDETERMINED,UNDETERMINED,UNDETERMINED,UNDETERMINED,UNDETERMINED,UNDETERMINED,UNDETERMINED,UNDETERMINED,UNDETERMINED,,,False,no_cohort_parents,30
c_43521ace85c3,2013,4,1702,host,22,22,2,True,0.0,0.9293633589875215,1.502717238435389,0.8198117524022678,2.1856227244685105,2013,0.13636363636363635,0.17647058823529413,17,0.5454545454545454,13,0.40909090909090906,0.09090909090909091,0,0.137,0.0,0.0,1.0986122886681098,0.860927787982451,0.9852450153690393,1.0,0.13786213786213786,0.0,0.0,1.0,0.13786213786213786,0.0,0.0,1.0,0.13786213786213786,0.0,0.0,1.0,0.13786213786213786,0.0,0.0,1.0,0.13786213786213786,0.0,0.0,2.0,22.0,12.0,0.0,1.0,0.12087912087912088,0.8401302250156855,polar code,screen,2009,2008-11,1705.0,17,False,B_s2_index,False,0.11900735469346849,L2,7,0.18946054333778825,0.0,0.0,0.0,True,UNDETERMINED,UNDETERMINED,UNDETERMINED,UNDETERMINED,UNDETERMINED,UNDETERMINED,UNDETERMINED,UNDETERMINED,UNDETERMINED,UNDETERMINED,UNDETERMINED,,,False,below_nmin,30
c_43521ace85c3,2013,4,2208,host,16,16,4,True,0.09275275291037424,0.8751286624966426,0.7304313219631002,-0.17684232220579232,1.637704966131993,2013,0.1875,0.3333333333333333,9,0.25,5,0.6875,0.125,2,0.004,0.0,0.37101101164149697,3.2204124466582242,0.7793223798852477,0.9737610458815581,0.5774225774225774,0.4275724275724276,0.0,3.7329271643228448,0.5774225774225774,0.4275724275724276,0.0,3.7329271643228448,0.5774225774225774,0.4275724275724276,0.0,3.7329271643228448,0.967032967032967,0.03796203796203796,0.0,0.8046797717933236,0.7022977022977023,0.3026973026973027,0.0,5.8552061508330935,4.0,16.0,5.0,0.1018554006247939,0.5334665334665335,0.47652347652347654,0.7694289079035497,polar code,screen,2009,2008-11,1705.0,22,False,B_s2_index,False,0.09938876257415502,L2,6,0.09938876257415502,0.9332317910807112,0.0,3.7329271643228448,False,UNDETERMINED,UNDETERMINED,UNDETERMINED,UNDETERMINED,UNDETERMINED,UNDETERMINED,UNDETERMINED,UNDETERMINED,UNDETERMINED,UNDETERMINED,UNDETERMINED,,,False,below_nmin,30
c_43521ace85c3,2014,5,1702,host,36,36,3,True,0.0,0.8737140300568201,1.2055695432350109,0.43587580307512086,1.9752632833949009,2014,0.2222222222222222,0.26666666666666666,30,0.6666666666666666,25,0.3055555555555556,0.05555555555555555,0,0.052,0.0,0.0,1.466337068793427,0.7958401053942293,0.9350084096832676,1.0,0.052947052947052944,0.0,0.0,1.0,0.052947052947052944,0.0,0.0,1.0,0.052947052947052944,0.0,0.0,1.0,0.052947052947052944,0.0,0.0,1.0,0.052947052947052944,0.0,0.0,3.0,36.0,24.0,0.0,1.0,0.04795204795204795,0.7951160019310308,polar code,screen,2009,2008-11,1705.0,17,False,B_s2_index,False,0.28241929967363005,L2,7,0.18946054333778825,0.0,0.0,0.0,True,SINK,SINK,SINK,SINK,SINK,SINK,SINK,SINK,SINK,SINK,SINK,1.0,0.052947052947052944,True,tested,30
c_43521ace85c3,2014,5,2208,host,21,19,8,True,0.11359661061345797,0.8668930695891475,0.048410860172226,-0.09359695983097348,0.19041868017542546,2014,0.2631578947368421,0.35714285714285715,14,0.42105263157894735,9,0.5263157894736843,0.15789473684210525,2,0.0,0.035581372082547275,0.2637385530483687,1.9622540955879464,0.7819909230540013,0.9452154036715074,0.9140859140859141,0.08691308691308691,0.1613712313140065,1.196126303158088,0.9140859140859141,0.08691308691308691,0.1613712313140065,1.196126303158088,0.8901098901098901,0.1108891108891109,0.17650716136915737,1.308317825242332,0.991008991008991,0.00999000999000999,0.07779703411133475,0.576652220166691,0.7382617382617382,0.2627372627372627,0.161034458841736,4.320130485182018,8.0,19.0,9.0,0.11814793447066782,0.9020979020979021,0.0989010989010989,0.7739607607400066,polar code,screen,2009,2008-11,1705.0,22,False,B_s2_index,False,0.22049389964256247,L2,4,0.20158599688842269,0.5151916256985195,0.1613712313140065,1.196126303158088,False,UNDETERMINED,SINK,SINK,SINK,UNDETERMINED,UNDETERMINED,UNDETERMINED,UNDETERMINED,UNDETERMINED,UNDETERMINED,UNDETERMINED,,,False,below_nmin,30
c_43521ace85c3,2014,5,3312,host,16,15,1,True,0.0,,0.6243389851280039,-0.15777164074694527,1.406449611002953,2014,0.0,0.0,3,0.0,0,1.0,0.0,1,,,,,,,,,,,,,,,,,,,,,,,,,,,,,,,,,,polar code,screen,2009,2008-11,1705.0,33,False,B_s2_index,False,0.14112196218844403,L4,32,0.14112196218844403,0.0,,,False,UNDETERMINED,UNDETERMINED,UNDETERMINED,UNDETERMINED,UNDETERMINED,UNDETERMINED,UNDETERMINED,UNDETERMINED,UNDETERMINED,UNDETERMINED,UNDETERMINED,,,False,below_nmin,30
c_43521ace85c3,2015,6,1702,host,45,43,8,True,0.11478454164527749,0.8091207399398669,0.4454759048641925,0.08746997721106808,0.8034818325173169,2015,0.3023255813953488,0.35135135135135137,37,0.7209302325581395,31,0.2790697674418605,0.046511627906976744,0,0.001,0.016515151515151528,0.3180350722861063,2.4478124121385676,0.7295641394726687,0.8857216966307639,0.972027972027972,0.029970029970029972,0.04040277388620062,0.7780430655854704,0.972027972027972,0.029970029970029972,0.04040277388620062,0.7780430655854704,0.7712287712287712,0.23076923076923078,0.08716934525890567,1.6786348581249613,0.9470529470529471,0.054945054945054944,0.052115866378548495,1.0036040732504687,0.9270729270729271,0.07492507492507493,0.040359016660878384,1.227494542696157,8.0,43.0,30.0,0.11478454164527749,0.9630369630369631,0.03796203796203796,0.7222648272325559,polar code,screen,2009,2008-11,1705.0,17,False,B_s2_index,False,0.4087628132085307,L2,7,0.18946054333778825,0.28080964788428553,0.04040277388620062,0.7780430655854704,True,SINK,SINK,SINK,SINK,SINK,SINK,UNDETERMINED,SINK,SINK,SINK,SINK,0.972027972027972,0.029970029970029972,True,tested,30
c_43521ace85c3,2015,6,2208,host,29,25,11,True,0.09064141683090193,0.8944324351779357,0.11247907524774223,-0.08966618137695676,0.3146243318724412,2015,0.32,0.42105263157894735,19,0.64,16,0.36,0.08,2,0.0,0.030346985736098175,0.1983500372231302,1.8773374485981862,0.8363785329226038,0.9495986354620387,0.936063936063936,0.06493506493506493,0.1638845253967935,1.0711608063954128,0.936063936063936,0.06493506493506493,0.1638845253967935,1.0711608063954128,0.936063936063936,0.06493506493506493,0.1638845253967935,1.0711608063954128,1.0,0.000999000999000999,0.07508036623758572,0.49073056439463436,0.8431568431568431,0.15784215784215785,0.13159169063409157,1.691904077497241,11.0,25.0,16.0,0.09395147054523637,0.9330669330669331,0.06793206793206794,0.8341126839677828,polar code,screen,2009,2008-11,1705.0,22,False,B_s2_index,False,0.18517297873379288,L2,4,0.18517297873379288,0.48949591593063496,0.1638845253967935,1.0711608063954128,False,UNDETERMINED,SINK,SINK,SINK,SINK,UNDETERMINED,UNDETERMINED,UNDETERMINED,UNDETERMINED,UNDETERMINED,UNDETERMINED,,,False,below_nmin,30
c_43521ace85c3,2015,6,3312,host,26,26,3,True,0.0,,0.9600067490801967,0.4504971223547799,1.4695163758056133,2015,0.0,0.0,7,0.0,0,1.0,0.0,1,,,,,,,,,,,,,,,,,,,,,,,,,,,,,,,,,,polar code,screen,2009,2008-11,1705.0,33,False,B_s2_index,False,0.21108218795089126,L4,30,0.21108218795089126,0.0,,,True,UNDETERMINED,UNDETERMINED,UNDETERMINED,UNDETERMINED,UNDETERMINED,UNDETERMINED,UNDETERMINED,UNDETERMINED,UNDETERMINED,UNDETERMINED,UNDETERMINED,,,False,below_nmin,30
c_43521ace85c3,2015,6,2212,host,13,13,2,True,0.0,,1.026502656161867,0.11153382613738227,1.941471486186352,2015,0.0,0.0,2,0.0,0,1.0,0.0,0,,,,,,,,,,,,,,,,,,,,,,,,,,,,,,,,,,polar code,screen,2009,2008-11,1705.0,22,False,B_s2_index,False,0.18517297873379288,L2,4,0.18517297873379288,0.0,,,True,UNDETERMINED,UNDETERMINED,UNDETERMINED,UNDETERMINED,UNDETERMINED,UNDETERMINED,UNDETERMINED,UNDETERMINED,UNDETERMINED,UNDETERMINED,UNDETERMINED,,,False,below_nmin,30
c_43521ace85c3,2016,7,1702,host,50,49,20,True,0.10167464870625129,0.7614914331577165,0.29771390513267043,-0.14225951368394868,0.7376873239492896,2016,0.3469387755102041,0.4146341463414634,41,0.7142857142857143,35,0.2857142857142857,0.04081632653061224,0,0.0,0.04668562139607248,0.1795458354506098,1.3469943495317989,0.6782700322401438,0.839812784595717,1.0,0.000999000999000999,0.13727335465073978,0.527932549869592,1.0,0.000999000999000999,0.13727335465073978,0.527932549869592,0.961038961038961,0.03996003996003996,0.2464134250519746,0.9476687456263568,0.999000999000999,0.001998001998001998,0.14743981814715088,0.5670312300939666,0.9230769230769231,0.07792207792207792,0.1449270293917864,1.1350803883715246,20.0,49.0,34.0,0.10268590284060959,1.0,0.000999000999000999,0.6692575503942492,polar code,screen,2009,2008-11,1705.0,17,False,B_s2_index,True,0.34009237637452083,L2,6,0.18946054333778825,0.2989618579226364,0.13727335465073978,0.527932549869592,False,SINK,SINK,SINK,SINK,SINK,SINK,UNDETERMINED,UNDETERMINED,SINK,SINK,SINK,1.0,0.002997002997002997,True,tested,30
c_43521ace85c3,2016,7,2208,host,41,37,10,True,0.12509491277823764,0.8264676171117029,0.2876822775776295,0.08803571442648073,0.48732884072877825,2016,0.3783783783783784,0.4375,32,0.7567567567567568,28,0.2432432432432432,0.08108108108108109,2,0.0,0.057257676619588596,0.26411553102870783,1.5288244647561688,0.7471625584148084,0.8985137900158501,0.8211788211788211,0.1798201798201798,0.31057739191356315,1.43261685827292,0.7162837162837162,0.28471528471528473,0.3611125506055305,1.66572307322162,0.8211788211788211,0.1798201798201798,0.31057739191356315,1.43261685827292,0.991008991008991,0.00999000999000999,0.13972083787695452,0.6444977419678087,0.8141858141858141,0.18681318681318682,0.1912205647360883,1.518850899772117,10.0,37.0,28.0,0.12520252809752655,0.8211788211788211,0.18081918081918083,0.744685273654524,polar code,screen,2009,2008-11,1705.0,22,False,B_s2_index,True,0.18435880431220825,L3,19,0.18435880431220825,0.6785404865524713,0.31057739191356315,1.43261685827292,True,UNDETERMINED,UNDETERMINED,UNDETERMINED,UNDETERMINED,UNDETERMINED,UNDETERMINED,UNDETERMINED,UNDETERMINED,UNDETERMINED,SINK,UNDETERMINED,1.0,0.26973026973026976,True,tested,30
c_43521ace85c3,2016,7,3312,host,40,39,5,True,0.2,0.5,0.5047204303278164,0.3091429412591946,0.7002979193964383,2016,0.02564102564102564,0.08333333333333333,12,0.05128205128205128,2,0.9487179487179487,0.0,1,0.007,0.0,1.0,2.7581154582838123,0.0,1.0,0.6933066933066933,0.3146853146853147,0.0,3.3637551257536904,0.6933066933066933,0.3146853146853147,0.0,3.3637551257536904,0.6933066933066933,0.3146853146853147,0.0,3.3637551257536904,0.6933066933066933,0.3146853146853147,0.0,3.1581419233193406,0.6573426573426573,0.35064935064935066,0.0,3.4730278734923075,5.0,39.0,2.0,0.2,0.6853146853146853,0.31868131868131866,0.0,polar code,screen,2009,2008-11,1705.0,33,False,B_s2_index,True,0.297286800797052,L4,26,0.297286800797052,0.6727510251507381,0.0,3.3637551257536904,True,UNDETERMINED,UNDETERMINED,UNDETERMINED,UNDETERMINED,UNDETERMINED,UNDETERMINED,UNDETERMINED,UNDETERMINED,UNDETERMINED,UNDETERMINED,UNDETERMINED,1.0,0.3146853146853147,True,tested,30
c_43521ace85c3,2016,7,2212,host,17,16,3,True,0.0,0.0,0.17144048304833082,-0.035830921541546906,0.3787118876382085,2016,0.0625,0.3333333333333333,3,0.0625,1,0.9375,0.0,0,0.045,0.0,0.0,1.466337068793427,0.0,0.0,1.0,0.04595404595404595,0.0,0.0,1.0,0.04595404595404595,0.0,0.0,1.0,0.04595404595404595,0.0,0.0,1.0,0.04595404595404595,0.0,0.0,1.0,0.04595404595404595,0.0,0.0,3.0,16.0,1.0,0.0,1.0,0.03396603396603397,0.0,polar code,screen,2009,2008-11,1705.0,22,False,B_s2_index,True,0.18435880431220825,L3,19,0.18435880431220825,0.0,0.0,0.0,False,UNDETERMINED,FADING,FADING,FADING,UNDETERMINED,UNDETERMINED,UNDETERMINED,UNDETERMINED,UNDETERMINED,UNDETERMINED,UNDETERMINED,,,False,below_nmin,30
c_43521ace85c3,2017,8,2208,host,74,71,11,True,0.21341355381662283,0.7643753493047308,0.4989897766878862,0.3658671951544066,0.6321123582213658,2017,0.3380281690140845,0.36923076923076925,65,0.8450704225352113,60,0.15492957746478875,0.04225352112676056,2,0.0,0.07579636676519964,0.5057535420788686,1.8980151020022895,0.6942688333435323,0.8289584408177101,0.7562437562437563,0.24475524475524477,0.2503017346316095,1.6701458695318785,0.7562437562437563,0.24475524475524477,0.2503017346316095,1.6701458695318785,0.4775224775224775,0.5234765234765235,0.3760001584194994,2.5088723913635818,0.932067932067932,0.06893106893106893,0.1617659768653918,1.0793883569770697,0.5734265734265734,0.4275724275724276,0.26466510194106313,3.033522699234149,11.0,71.0,60.0,0.21385200690776654,0.7682317682317682,0.23276723276723277,0.693783096792671,polar code,screen,2009,2008-11,1705.0,22,False,B_s2_index,True,0.3028199819579982,L2,5,0.20158599688842269,0.7047538687398237,0.2503017346316095,1.6701458695318785,True,UNDETERMINED,UNDETERMINED,UNDETERMINED,UNDETERMINED,UNDETERMINED,UNDETERMINED,UNDETERMINED,UNDETERMINED,UNDETERMINED,UNDETERMINED,UNDETERMINED,0.8871128871128872,0.3671328671328672,True,tested,30
c_43521ace85c3,2017,8,1702,host,55,50,33,True,0.26930504519824167,0.7430231745919611,-0.07803501436304339,-0.32291904642444896,0.1668490176983622,2017,0.4,0.46511627906976744,43,0.78,39,0.21999999999999997,0.0,0,0.0,0.16505975569258124,0.40772925182575337,0.904295799375467,0.6617125252931543,0.8234147274168814,0.005994005994005994,0.995004995004995,1.4256755424934775,3.5216920069224793,0.005994005994005994,0.995004995004995,1.4256755424934775,3.5216920069224793,0.12687312687312688,0.8741258741258742,0.8712091329659972,2.1520536394684298,0.2837162837162837,0.7172827172827173,0.7190015302041011,1.7760716701755435,0.22877122877122877,0.7722277722277723,0.5915001347838956,3.7473272421676564,33.0,50.0,38.0,0.2704903883699883,0.003996003996003996,0.997002997002997,0.6469275101598932,polar code,screen,2009,2008-11,1705.0,17,False,B_s2_index,True,0.1157765219173888,L2,8,0.18946054333778825,2.3260764854415097,1.4256755424934775,3.5216920069224793,False,SOURCE,SOURCE,SOURCE,SOURCE,SOURCE,SOURCE,UNDETERMINED,UNDETERMINED,SOURCE,UNDETERMINED,SOURCE,0.017982017982017984,0.995004995004995,True,tested,30
c_43521ace85c3,2017,8,3312,host,51,49,14,True,0.07142857142857142,0.3333333333333333,0.3669479816721894,0.11286013761489294,0.6210358257294859,2017,0.04081632653061224,0.13333333333333333,15,0.061224489795918366,3,0.9387755102040817,0.0,1,0.0,0.0,0.23173076923076838,2.1485829792344706,0.0,1.0,0.8871128871128872,0.11388611388611389,0.0,1.3475673617473267,0.8871128871128872,0.11388611388611389,0.0,1.3475673617473267,0.8871128871128872,0.11388611388611389,0.0,1.3475673617473267,0.9460539460539461,0.054945054945054944,0.0,1.0094209637787832,0.8851148851148851,0.11588411588411589,0.0,1.4145463038725237,14.0,49.0,3.0,0.07142857142857142,0.8971028971028971,0.1038961038961039,0.0,polar code,screen,2009,2008-11,1705.0,33,False,B_s2_index,True,0.17196228983335873,L4,33,0.17196228983335873,0.4153734606452949,0.0,1.3475673617473267,True,UNDETERMINED,UNDETERMINED,UNDETERMINED,UNDETERMINED,UNDETERMINED,UNDETERMINED,UNDETERMINED,UNDETERMINED,UNDETERMINED,UNDETERMINED,UNDETERMINED,0.8871128871128872,0.3416583416583417,True,tested,30
c_43521ace85c3,2017,8,2212,host,20,19,4,True,0.09438516719953637,0.0,0.11076514309413987,-0.1230360471066996,0.3445663332949793,2017,0.05263157894736842,0.3333333333333333,3,0.05263157894736842,1,0.9473684210526316,0.0,0,0.01,0.0,0.37754066879814546,1.7917594692280554,0.0,0.0,0.8781218781218781,0.13286713286713286,0.0,1.2467495254342602,0.8781218781218781,0.13286713286713286,0.0,1.2467495254342602,0.8781218781218781,0.13286713286713286,0.0,1.2467495254342602,0.9660339660339661,0.04495504495504495,0.0,0.8057541238584258,0.8021978021978022,0.2087912087912088,0.0,2.9687274814294313,4.0,19.0,1.0,0.09438516719953637,0.8841158841158842,0.1258741258741259,0.0,polar code,screen,2009,2008-11,1705.0,22,False,B_s2_index,True,0.3028199819579982,L2,5,0.3028199819579982,0.31168738135856505,0.0,1.2467495254342602,False,UNDETERMINED,UNDETERMINED,UNDETERMINED,UNDETERMINED,UNDETERMINED,UNDETERMINED,UNDETERMINED,UNDETERMINED,UNDETERMINED,UNDETERMINED,UNDETERMINED,,,False,below_nmin,30
c_43521ace85c3,2017,8,2202,host,12,10,5,True,0.0,1.0,0.2844727658000157,-0.4598776326179643,1.0288231642179957,2017,0.0,0.0,2,0.1,1,0.9,0.0,0,0.005,0.0,0.0,1.2237754316221159,1.0,1.0,1.0,0.005994005994005994,0.0,0.0,1.0,0.005994005994005994,0.0,0.0,1.0,0.005994005994005994,0.0,0.0,1.0,0.005994005994005994,0.0,0.0,1.0,0.005994005994005994,0.0,0.0,5.0,10.0,1.0,0.0,1.0,0.002997002997002997,1.0,polar code,screen,2009,2008-11,1705.0,22,False,B_s2_index,True,0.3028199819579982,L2,5,0.20158599688842269,0.0,0.0,0.0,False,UNDETERMINED,SINK,SINK,UNDETERMINED,UNDETERMINED,UNDETERMINED,UNDETERMINED,UNDETERMINED,UNDETERMINED,UNDETERMINED,UNDETERMINED,,,False,below_nmin,30
c_43521ace85c3,2017,8,1312,host,10,9,4,True,0.0,1.0,0.1491875316440911,-0.05099399411322761,0.3493690574014098,2017,0.0,0.0,3,0.3333333333333333,3,0.6666666666666667,0.0,0,0.003,0.0,0.0,1.0986122886681098,0.9999999999999999,1.0,1.0,0.003996003996003996,0.0,0.0,1.0,0.003996003996003996,0.0,0.0,1.0,0.003996003996003996,0.0,0.0,1.0,0.003996003996003996,0.0,0.0,1.0,0.003996003996003996,0.0,0.0,4.0,9.0,3.0,0.0,1.0,0.006993006993006993,1.0,polar code,screen,2009,2008-11,1705.0,13,False,B_s2_index,True,0.24028302954763323,L1,3,0.18650947889491853,0.0,0.0,0.0,False,UNDETERMINED,SINK,UNDETERMINED,UNDETERMINED,UNDETERMINED,UNDETERMINED,UNDETERMINED,UNDETERMINED,UNDETERMINED,UNDETERMINED,UNDETERMINED,,,False,below_nmin,30
c_4380b7a089e5,2013,5,3104,host,10,10,4,True,0.0,1.0,1.1173913502241117,-0.68697619630847,2.9217588967566934,2013,0.0,0.0,3,0.1,2,0.8,0.0,0,0.01,0.0,0.0,1.0986122886681098,1.0,1.0,1.0,0.01098901098901099,0.0,0.0,1.0,0.01098901098901099,0.0,0.0,1.0,0.01098901098901099,0.0,0.0,1.0,0.01098901098901099,0.0,0.0,1.0,0.01098901098901099,0.0,0.0,4.0,10.0,2.0,0.0,1.0,0.006993006993006993,1.0,iron arsenide,heldout_concept,2008,2008-11,2504.0,31,False,B_s2_index,False,0.3550078211097066,L3,3,0.3550078211097066,0.0,0.0,0.0,False,UNDETERMINED,SINK,SINK,UNDETERMINED,UNDETERMINED,UNDETERMINED,UNDETERMINED,UNDETERMINED,UNDETERMINED,UNDETERMINED,UNDETERMINED,,,False,below_nmin,30
c_4380b7a089e5,2014,6,3104,host,12,8,7,True,0.0,1.0,0.47490761555054867,-1.1605443467429415,2.1103595778440387,2014,0.0,0.0,4,0.25,2,0.75,0.125,0,0.0,0.0,0.0,0.8472978603872034,1.0,1.0,1.0,0.000999000999000999,0.0,0.0,1.0,0.000999000999000999,0.0,0.0,1.0,0.000999000999000999,0.0,0.0,1.0,0.000999000999000999,0.0,0.0,1.0,0.000999000999000999,0.0,0.0,7.0,8.0,2.0,0.0,1.0,0.000999000999000999,1.0,iron arsenide,heldout_concept,2008,2008-11,2504.0,31,False,B_s2_index,False,0.4689622613063039,L3,4,0.4689622613063039,0.0,0.0,0.0,False,UNDETERMINED,SINK,UNDETERMINED,UNDETERMINED,UNDETERMINED,UNDETERMINED,UNDETERMINED,UNDETERMINED,UNDETERMINED,UNDETERMINED,UNDETERMINED,,,False,below_nmin,30
c_444e89430419,2012,4,2613,host,10,10,1,True,0.0,,1.151163685572795,0.04969989882910286,2.2526274723164867,2012,0.0,0.0,10,0.0,0,1.0,0.1,2,,,,,,,,,,,,,,,,,,,,,,,,,,,,,,,,,,high dimensional gaussian,heldout_concept,2008,2008-11,1702.0,26,True,B_s2_index,False,0.6377113731883722,L3,3,0.6377113731883722,0.0,,,True,UNDETERMINED,UNDETERMINED,UNDETERMINED,UNDETERMINED,UNDETERMINED,UNDETERMINED,UNDETERMINED,UNDETERMINED,UNDETERMINED,UNDETERMINED,UNDETERMINED,,,False,below_nmin,30
c_444e89430419,2013,5,2613,host,11,10,3,True,0.0,,0.03295581417838005,-0.259276531381388,0.32518815973814813,2013,0.0,0.0,10,0.0,0,1.0,0.1,2,,,,,,,,,,,,,,,,,,,,,,,,,,,,,,,,,,high dimensional gaussian,heldout_concept,2008,2008-11,1702.0,26,True,B_s2_index,False,0.36435290078088167,L3,4,0.36435290078088167,0.0,,,False,UNDETERMINED,UNDETERMINED,UNDETERMINED,UNDETERMINED,UNDETERMINED,UNDETERMINED,UNDETERMINED,UNDETERMINED,UNDETERMINED,UNDETERMINED,UNDETERMINED,,,False,below_nmin,30
c_444e89430419,2014,6,2613,host,12,11,5,True,0.0,0.0,-0.0407291710879626,-0.32107916172755735,0.23962081955163217,2014,0.09090909090909091,0.09090909090909091,11,0.09090909090909091,1,0.9090909090909091,0.09090909090909091,2,0.001,0.0,0.0,1.2237754316221159,0.0,0.0,1.0,0.001998001998001998,0.0,0.0,1.0,0.001998001998001998,0.0,0.0,1.0,0.001998001998001998,0.0,0.0,1.0,0.001998001998001998,0.0,0.0,1.0,0.001998001998001998,0.0,0.0,5.0,11.0,1.0,0.0,1.0,0.003996003996003996,0.0,high dimensional gaussian,heldout_concept,2008,2008-11,1702.0,26,True,B_s2_index,False,0.36435290078088167,L3,4,0.36435290078088167,0.0,0.0,0.0,False,UNDETERMINED,FADING,FADING,UNDETERMINED,UNDETERMINED,UNDETERMINED,UNDETERMINED,UNDETERMINED,UNDETERMINED,UNDETERMINED,UNDETERMINED,,,False,below_nmin,30
c_444e89430419,2014,6,1707,host,11,11,3,True,0.0,1.0,0.8069100122404478,-0.2721079623081162,1.8859279867890117,2014,0.0,0.0,11,0.2727272727272727,1,0.9090909090909091,0.2727272727272727,2,0.029,0.0,0.0,1.2992829841302609,1.0,1.0,1.0,0.029970029970029972,0.0,0.0,1.0,0.029970029970029972,0.0,0.0,1.0,0.029970029970029972,0.0,0.0,1.0,0.029970029970029972,0.0,0.0,1.0,0.029970029970029972,0.0,0.0,3.0,11.0,1.0,0.0,1.0,0.023976023976023976,1.0,high dimensional gaussian,heldout_concept,2008,2008-11,1702.0,17,True,B_s2_index,False,0.28241929967363005,L2,7,0.18946054333778825,0.0,0.0,0.0,False,UNDETERMINED,SINK,SINK,UNDETERMINED,UNDETERMINED,UNDETERMINED,UNDETERMINED,UNDETERMINED,UNDETERMINED,UNDETERMINED,UNDETERMINED,,,False,below_nmin,30
c_444e89430419,2015,7,2613,host,19,17,7,True,0.3241344887671422,0.0,0.0707633387041105,-0.3144071933127767,0.4559338707209977,2015,0.17647058823529413,0.17647058823529413,17,0.17647058823529413,3,0.8235294117647058,0.0,2,0.0,0.03361767767124939,1.0,3.019335412654987,0.0,0.0,0.1108891108891109,0.8901098901098901,0.36944764940223507,10.989683850713911,0.6013986013986014,0.3996003996003996,0.09226680396725244,2.744591844491422,0.1108891108891109,0.8901098901098901,0.36944764940223507,10.989683850713911,0.4965034965034965,0.5044955044955045,0.10608527544325538,3.155639615581833,0.3176823176823177,0.6833166833166833,0.16446807470315103,8.483264726866878,6.0,17.0,2.0,0.16666666666666666,0.3626373626373626,0.6403596403596403,0.0,high dimensional gaussian,heldout_concept,2008,2008-11,1702.0,26,True,B_s2_index,False,0.09099442837339111,L3,3,0.09099442837339111,3.562135556663672,0.36944764940223507,10.989683850713911,False,UNDETERMINED,UNDETERMINED,UNDETERMINED,UNDETERMINED,UNDETERMINED,UNDETERMINED,UNDETERMINED,UNDETERMINED,UNDETERMINED,UNDETERMINED,UNDETERMINED,,,False,below_nmin,30
c_444e89430419,2015,7,1707,host,11,8,5,True,0.0,1.0,-0.8635803694041005,-1.891549002854592,0.16438826404639106,2015,0.0,0.0,8,0.375,1,0.875,0.25,2,0.002,0.0,0.0,0.8873031950009027,1.0,1.0,1.0,0.002997002997002997,0.0,0.0,1.0,0.002997002997002997,0.0,0.0,1.0,0.002997002997002997,0.0,0.0,1.0,0.002997002997002997,0.0,0.0,1.0,0.002997002997002997,0.0,0.0,6.0,8.0,1.0,0.0,1.0,0.001998001998001998,1.0,high dimensional gaussian,heldout_concept,2008,2008-11,1702.0,17,True,B_s2_index,False,0.4087628132085307,L2,7,0.18946054333778825,0.0,0.0,0.0,False,UNDETERMINED,SINK,UNDETERMINED,UNDETERMINED,UNDETERMINED,UNDETERMINED,UNDETERMINED,UNDETERMINED,UNDETERMINED,UNDETERMINED,UNDETERMINED,,,False,below_nmin,30
c_444e89430419,2016,8,2613,host,23,20,6,True,0.5448235702283325,0.0,0.15620332677949278,-0.23270849067646288,0.5451151442354485,2016,0.2,0.2,20,0.2,4,0.8,0.0,2,0.001,0.11534854084612928,1.520835563506993,2.579049938881652,0.0,0.0,0.04195804195804196,0.9600399600399601,1.2676439965401207,16.71350203186419,0.3106893106893107,0.6913086913086913,0.31658466448027206,4.174072884413809,0.04195804195804196,0.9600399600399601,1.2676439965401207,16.71350203186419,0.23976023976023977,0.7622377622377622,0.3642870626398742,4.803014551586427,0.1938061938061938,0.8081918081918081,0.3912802247556909,12.467474448322852,6.0,20.0,3.0,0.3333333333333333,0.14085914085914086,0.8601398601398601,0.0,high dimensional gaussian,heldout_concept,2008,2008-11,1702.0,26,True,B_s2_index,True,0.09099442837339111,L3,3,0.09099442837339111,5.987438791226602,1.2676439965401207,16.71350203186419,False,UNDETERMINED,SOURCE,SOURCE,SOURCE,SOURCE,UNDETERMINED,UNDETERMINED,UNDETERMINED,UNDETERMINED,UNDETERMINED,UNDETERMINED,,,False,below_nmin,30
c_457b5eab7f19,2012,3,1705,host,97,97,0,True,,0.5719931332072422,2.1066553930038845,1.2608977796932919,2.952413006314477,2012,0.20618556701030927,0.24390243902439024,82,0.3711340206185567,38,0.6082474226804124,0.061855670103092786,3,,,,,,,,,,,,,,,,,,,,,,,,,,,,,,,,,,mobile cloud computing,heldout_concept,2009,2008-11,1710.0,17,True,B_s2_index,False,0.1179289294609267,L2,7,0.18946054333778825,,,,True,UNDETERMINED,UNDETERMINED,UNDETERMINED,UNDETERMINED,UNDETERMINED,UNDETERMINED,UNDETERMINED,UNDETERMINED,UNDETERMINED,UNDETERMINED,UNDETERMINED,,,False,no_cohort_parents,30
c_457b5eab7f19,2012,3,1707,host,14,14,0,True,,,1.5868061950949524,0.8107024536170739,2.362909936572831,2012,0.0,0.0,13,0.0,0,1.0,0.0,1,,,,,,,,,,,,,,,,,,,,,,,,,,,,,,,,,,mobile cloud computing,heldout_concept,2009,2008-11,1710.0,17,True,B_s2_index,False,0.1179289294609267,L2,7,0.18946054333778825,,,,True,UNDETERMINED,UNDETERMINED,UNDETERMINED,UNDETERMINED,UNDETERMINED,UNDETERMINED,UNDETERMINED,UNDETERMINED,UNDETERMINED,UNDETERMINED,UNDETERMINED,,,False,no_cohort_parents,30
c_457b5eab7f19,2012,3,2208,host,11,11,0,True,,0.5,1.2398158462537168,0.6399952205230961,1.8396364719843374,2012,0.09090909090909091,0.125,8,0.2727272727272727,2,0.8181818181818181,0.09090909090909091,1,,,,,,,,,,,,,,,,,,,,,,,,,,,,,,,,,,mobile cloud computing,heldout_concept,2009,2008-11,1710.0,22,True,B_s2_index,False,0.1852419678003924,L3,22,0.1852419678003924,,,,True,UNDETERMINED,UNDETERMINED,UNDETERMINED,UNDETERMINED,UNDETERMINED,UNDETERMINED,UNDETERMINED,UNDETERMINED,UNDETERMINED,UNDETERMINED,UNDETERMINED,,,False,no_cohort_parents,30
c_457b5eab7f19,2012,3,1708,host,11,11,0,True,,0.21938516719953638,1.9215122923072447,0.5699468924021747,3.273077692212315,2012,0.36363636363636365,0.5,8,0.36363636363636365,4,0.6363636363636364,0.0,0,,,,,,,,,,,,,,,,,,,,,,,,,,,,,,,,,,mobile cloud computing,heldout_concept,2009,2008-11,1710.0,17,True,B_s2_index,False,0.1179289294609267,L2,7,0.1179289294609267,,,,True,UNDETERMINED,UNDETERMINED,UNDETERMINED,UNDETERMINED,UNDETERMINED,UNDETERMINED,UNDETERMINED,UNDETERMINED,UNDETERMINED,UNDETERMINED,UNDETERMINED,,,False,no_cohort_parents,30
c_457b5eab7f19,2013,4,1705,host,247,247,2,True,0.25,0.46751426022953385,2.2293940254752,1.4788390901334116,2.979948960816988,2013,0.3603238866396761,0.4238095238095238,210,0.5506072874493927,130,0.4736842105263158,0.06882591093117409,3,0.122,0.0,1.0,2.1972245773362196,0.4088166459391077,0.5286028413290476,0.4695304695304695,0.6533466533466533,0.0,8.40284201405649,0.4695304695304695,0.6533466533466533,0.0,8.40284201405649,0.5834165834165834,0.5394605394605395,0.0,5.278143841364927,0.7472527472527473,0.3756243756243756,0.0,2.508867760206654,0.5164835164835165,0.6063936063936064,0.0,8.40284201405649,2.0,247.0,121.0,0.25,0.47652347652347654,0.6733266733266733,0.31360600322497517,mobile cloud computing,heldout_concept,2009,2008-11,1710.0,17,True,B_s2_index,False,0.11900735469346849,L2,7,0.18946054333778825,2.1007105035141227,0.0,8.40284201405649,True,UNDETERMINED,UNDETERMINED,UNDETERMINED,UNDETERMINED,UNDETERMINED,UNDETERMINED,UNDETERMINED,UNDETERMINED,UNDETERMINED,UNDETERMINED,UNDETERMINED,0.4695304695304695,0.6533466533466533,True,tested,30
c_457b5eab7f19,2013,4,2208,host,25,25,2,True,0.0,0.7622459331201854,1.0634991159062948,0.4427582456149649,1.6842399861976247,2013,0.16,0.18181818181818182,22,0.48,10,0.6,0.08,1,0.12,0.0,0.0,1.0986122886681098,0.5444067567441397,0.9528074164002318,1.0,0.12087912087912088,0.0,0.0,1.0,0.12087912087912088,0.0,0.0,1.0,0.12087912087912088,0.0,0.0,1.0,0.12087912087912088,0.0,0.0,1.0,0.12087912087912088,0.0,0.0,2.0,25.0,8.0,0.0,1.0,0.12287712287712288,0.5722814994671303,mobile cloud computing,heldout_concept,2009,2008-11,1710.0,22,True,B_s2_index,False,0.09938876257415502,L2,6,0.09938876257415502,0.0,0.0,0.0,True,UNDETERMINED,UNDETERMINED,UNDETERMINED,UNDETERMINED,UNDETERMINED,UNDETERMINED,UNDETERMINED,UNDETERMINED,UNDETERMINED,UNDETERMINED,UNDETERMINED,,,False,below_nmin,30
c_457b5eab7f19,2013,4,1702,host,23,23,0,True,,0.8772713343703691,1.6915639638637667,0.9078325774788465,2.475295350248687,2013,0.08695652173913043,0.1111111111111111,18,0.30434782608695654,5,0.782608695652174,0.08695652173913043,0,,,,,,,,,,,,,,,,,,,,,,,,,,,,,,,,,,mobile cloud computing,heldout_concept,2009,2008-11,1710.0,17,True,B_s2_index,False,0.11900735469346849,L2,7,0.18946054333778825,,,,True,UNDETERMINED,UNDETERMINED,UNDETERMINED,UNDETERMINED,UNDETERMINED,UNDETERMINED,UNDETERMINED,UNDETERMINED,UNDETERMINED,UNDETERMINED,UNDETERMINED,,,False,no_cohort_parents,30
c_457b5eab7f19,2013,4,1707,host,22,22,2,True,0.0,1.0,1.188560984099301,0.3066155842407753,2.070506383957827,2013,0.0,0.0,17,0.045454545454545456,1,0.9545454545454546,0.0,1,0.112,0.0,0.0,1.2992829841302609,1.0,1.0,1.0,0.11288711288711288,0.0,0.0,1.0,0.11288711288711288,0.0,0.0,1.0,0.11288711288711288,0.0,0.0,1.0,0.11288711288711288,0.0,0.0,1.0,0.11288711288711288,0.0,0.0,1.0,22.0,0.0,0.0,,,,mobile cloud computing,heldout_concept,2009,2008-11,1710.0,17,True,B_s2_index,False,0.11900735469346849,L2,7,0.18946054333778825,0.0,0.0,0.0,True,UNDETERMINED,UNDETERMINED,UNDETERMINED,UNDETERMINED,UNDETERMINED,UNDETERMINED,UNDETERMINED,UNDETERMINED,UNDETERMINED,UNDETERMINED,UNDETERMINED,,,False,below_nmin,30
c_457b5eab7f19,2013,4,1708,host,20,20,0,True,,0.2855938647866274,2.2364349732160322,1.0545092964372815,3.418360649994783,2013,0.4,0.5333333333333333,15,0.5,9,0.55,0.05,0,,,,,,,,,,,,,,,,,,,,,,,,,,,,,,,,,,mobile cloud computing,heldout_concept,2009,2008-11,1710.0,17,True,B_s2_index,False,0.11900735469346849,L2,7,0.11900735469346849,,,,True,UNDETERMINED,UNDETERMINED,UNDETERMINED,UNDETERMINED,UNDETERMINED,UNDETERMINED,UNDETERMINED,UNDETERMINED,UNDETERMINED,UNDETERMINED,UNDETERMINED,,,False,no_cohort_parents,30
c_457b5eab7f19,2013,4,3605,host,11,11,0,True,,,1.9844603268586962,0.6976698055536683,3.2712508481637244,2013,0.0,0.0,5,0.0,0,1.0,0.09090909090909091,0,,,,,,,,,,,,,,,,,,,,,,,,,,,,,,,,,,mobile cloud computing,heldout_concept,2009,2008-11,1710.0,36,True,B_s2_index,False,0.14333925742693499,L4,28,0.14333925742693499,,,,True,UNDETERMINED,UNDETERMINED,UNDETERMINED,UNDETERMINED,UNDETERMINED,UNDETERMINED,UNDETERMINED,UNDETERMINED,UNDETERMINED,UNDETERMINED,UNDETERMINED,,,False,no_cohort_parents,30
c_457b5eab7f19,2014,5,1705,host,459,459,22,True,1.3304768647413374,0.3700240072722827,1.8419161569040163,0.9043657996314309,2.779466514176602,2014,0.4989106753812636,0.571072319201995,401,0.664488017429194,289,0.37037037037037035,0.06100217864923747,3,0.0,0.8928914097118612,2.1381065126208156,0.8732114389746973,0.33416891714765845,0.40542515776305943,0.000999000999000999,1.0,3.161580709051067,7.570681306453414,0.000999000999000999,1.0,3.161580709051067,7.570681306453414,0.000999000999000999,1.0,4.712809295178308,11.285233721771801,0.000999000999000999,1.0,2.810702867032265,6.730473649626661,0.001998001998001998,0.999000999000999,2.0970647492413335,22.622672414039165,21.0,459.0,280.0,0.9584143284414204,0.000999000999000999,1.0,0.33035097112835077,mobile cloud computing,heldout_concept,2009,2008-11,1710.0,17,True,B_s2_index,False,0.28241929967363005,L2,7,0.18946054333778825,4.710998385304636,3.161580709051067,7.570681306453414,True,SOURCE,SOURCE,SOURCE,SOURCE,SOURCE,SOURCE,SOURCE,SOURCE,SOURCE,SOURCE,SOURCE,0.003996003996003996,1.0,True,tested,30
c_457b5eab7f19,2014,5,2208,host,54,53,5,True,0.23775406687981454,0.778706477400961,0.6101687258588484,0.5038908715320043,0.7164465801856925,2014,0.24528301886792453,0.28888888888888886,45,0.6037735849056604,31,0.41509433962264153,0.05660377358490566,1,0.004,0.0,1.0094385167199538,3.468248340688899,0.6795108432525054,0.872033176230948,0.5004995004995005,0.5044955044955045,0.0,4.5780791140087365,0.5004995004995005,0.5044955044955045,0.0,4.5780791140087365,0.4995004995004995,0.5054945054945055,0.0,5.0074833187876395,0.7842157842157842,0.22077922077922077,0.0,2.207090905217709,0.4405594405594406,0.5644355644355644,0.0,11.688197349395871,5.0,53.0,29.0,0.23775406687981454,0.5424575424575424,0.4645354645354645,0.6529494239816963,mobile cloud computing,heldout_concept,2009,2008-11,1710.0,22,True,B_s2_index,False,0.22049389964256247,L2,4,0.20158599688842269,1.0782795681206243,0.0,4.5780791140087365,True,UNDETERMINED,UNDETERMINED,UNDETERMINED,UNDETERMINED,UNDETERMINED,UNDETERMINED,UNDETERMINED,UNDETERMINED,UNDETERMINED,UNDETERMINED,UNDETERMINED,0.6673326673326674,1.0,True,tested,30
c_457b5eab7f19,2014,5,1707,host,33,32,7,True,0.0,1.0,0.4228222392941524,0.2897422832130925,0.5559021953752123,2014,0.0,0.0,26,0.1875,6,0.8125,0.0,1,0.001,0.0,0.0,0.9382696385929301,1.0,1.0,1.0,0.001998001998001998,0.0,0.0,1.0,0.001998001998001998,0.0,0.0,1.0,0.001998001998001998,0.0,0.0,1.0,0.001998001998001998,0.0,0.0,1.0,0.001998001998001998,0.0,0.0,7.0,32.0,5.0,0.0,1.0,0.001998001998001998,1.0,mobile cloud computing,heldout_concept,2009,2008-11,1710.0,17,True,B_s2_index,False,0.28241929967363005,L2,7,0.18946054333778825,0.0,0.0,0.0,True,SINK,SINK,SINK,SINK,SINK,SINK,SINK,SINK,SINK,SINK,SINK,1.0,0.007992007992007992,True,tested,30
c_457b5eab7f19,2014,5,1702,host,32,32,3,True,0.5942334781719624,0.7462052846984887,1.5607548984966306,0.6818620288254036,2.4396477681678577,2014,0.1875,0.2222222222222222,27,0.40625,10,0.6875,0.09375,0,0.048,0.10479797073613854,2.267304744542899,3.062191449092909,0.5676364725354333,0.8970918787284191,0.2647352647352647,0.7842157842157842,0.3710722704051932,8.028150863496391,0.2647352647352647,0.7842157842157842,0.3710722704051932,8.028150863496391,0.18281718281718282,0.8661338661338661,0.5531387638284916,11.967160573906582,0.2997002997002997,0.7492507492507493,0.3298900108158529,7.137172422768722,0.24875124875124874,0.8001998001998002,0.36579030021307807,15.002901453012313,3.0,32.0,10.0,0.5942334781719624,0.26873126873126874,0.7742257742257742,0.5747438212713332,mobile cloud computing,heldout_concept,2009,2008-11,1710.0,17,True,B_s2_index,False,0.28241929967363005,L2,7,0.18946054333778825,2.104082401091822,0.3710722704051932,8.028150863496391,True,UNDETERMINED,UNDETERMINED,UNDETERMINED,UNDETERMINED,UNDETERMINED,UNDETERMINED,UNDETERMINED,UNDETERMINED,UNDETERMINED,UNDETERMINED,UNDETERMINED,0.5294705294705294,1.0,True,tested,30
c_457b5eab7f19,2014,5,1708,host,29,29,4,True,2.5306148328004636,0.3046896522053098,2.0420780653456814,0.74205882586027,3.3420973048310927,2014,0.41379310344827586,0.5,24,0.5172413793103449,15,0.48275862068965514,0.034482758620689655,0,0.015,1.0469415359395422,9.220426796163332,2.1756016455201896,0.125,0.48365900690649044,0.015984015984015984,1.0,3.7070467108636374,32.64800531273415,0.015984015984015984,1.0,3.7070467108636374,32.64800531273415,0.015984015984015984,1.0,3.7070467108636374,32.64800531273415,0.015984015984015984,1.0,3.29563208322279,29.024671700672464,0.015984015984015984,1.0,3.5657529814546276,73.70793466903133,4.0,29.0,15.0,2.625,0.015984015984015984,1.0,0.11285360761876677,mobile cloud computing,heldout_concept,2009,2008-11,1710.0,17,True,B_s2_index,False,0.28241929967363005,L2,7,0.28241929967363005,8.960488308429692,3.7070467108636374,32.64800531273415,True,UNDETERMINED,SOURCE,SOURCE,SOURCE,SOURCE,UNDETERMINED,UNDETERMINED,UNDETERMINED,UNDETERMINED,UNDETERMINED,UNDETERMINED,,,False,below_nmin,30
c_457b5eab7f19,2014,5,3605,host,11,11,6,True,0.0,,0.6294863865681407,-1.7537951326824226,3.012767905818704,2014,0.0,0.0,5,0.0,0,1.0,0.09090909090909091,0,,,,,,,,,,,,,,,,,,,,,,,,,,,,,,,,,,mobile cloud computing,heldout_concept,2009,2008-11,1710.0,36,True,B_s2_index,False,0.14112196218844403,L4,32,0.14112196218844403,0.0,,,False,UNDETERMINED,UNDETERMINED,UNDETERMINED,UNDETERMINED,UNDETERMINED,UNDETERMINED,UNDETERMINED,UNDETERMINED,UNDETERMINED,UNDETERMINED,UNDETERMINED,,,False,below_nmin,30
c_457b5eab7f19,2014,5,3312,host,10,10,1,True,0.0,1.0,0.6667442302529372,-0.31443789282521595,1.6479263533310902,2014,0.0,0.0,7,0.1,1,0.9,0.0,0,0.342,0.0,0.0,0.8472978603872037,1.0,1.0,1.0,0.34265734265734266,0.0,0.0,1.0,0.34265734265734266,0.0,0.0,1.0,0.34265734265734266,0.0,0.0,1.0,0.34265734265734266,0.0,0.0,1.0,0.34265734265734266,0.0,0.0,1.0,10.0,1.0,0.0,1.0,0.3516483516483517,1.0,mobile cloud computing,heldout_concept,2009,2008-11,1710.0,33,True,B_s2_index,False,0.14112196218844403,L4,32,0.14112196218844403,0.0,0.0,0.0,False,UNDETERMINED,UNDETERMINED,UNDETERMINED,UNDETERMINED,UNDETERMINED,UNDETERMINED,UNDETERMINED,UNDETERMINED,UNDETERMINED,UNDETERMINED,UNDETERMINED,,,False,below_nmin,30
c_457b5eab7f19,2015,6,1705,host,700,698,94,True,1.2874424209616926,0.30803274165753697,0.9005800013787468,0.48603219304241474,1.315127809715079,2015,0.5816618911174785,0.6496,625,0.7335243553008596,481,0.3108882521489972,0.0673352435530086,3,0.0,1.0722588943100073,1.5840296794077215,0.3902044948716849,0.2801025402036672,0.33609578677912894,0.000999000999000999,1.0,2.5401324108247794,3.752494056914428,0.000999000999000999,1.0,2.5401324108247794,3.752494056914428,0.000999000999000999,1.0,5.659536679351131,8.360736496905126,0.000999000999000999,1.0,3.3836626450446325,4.998626808596397,0.000999000999000999,1.0,1.959306621353379,9.385495820384316,94.0,698.0,471.0,1.3351670038996097,0.000999000999000999,1.0,0.27477414332166983,mobile cloud computing,heldout_concept,2009,2008-11,1710.0,17,True,B_s2_index,False,0.4221271653952266,L1,3,0.18946054333778825,3.0498923701257037,2.5401324108247794,3.752494056914428,True,SOURCE,SOURCE,SOURCE,SOURCE,SOURCE,SOURCE,SOURCE,SOURCE,SOURCE,SOURCE,SOURCE,0.004995004995004995,1.0,True,tested,30
c_457b5eab7f19,2015,6,2208,host,82,80,10,True,0.2755081337596291,0.7810384066218481,0.5669856209345454,0.4305450333001326,0.7034262085689582,2015,0.2375,0.2676056338028169,71,0.6125,49,0.38749999999999996,0.05,1,0.0,0.06268143155046134,0.6532617930298471,2.3400581255759447,0.6930087657060178,0.8596219377135741,0.2827172827172827,0.7182817182817183,0.33850204267963413,3.527846219771541,0.2827172827172827,0.7182817182817183,0.33850204267963413,3.527846219771541,0.2827172827172827,0.7182817182817183,0.33850204267963413,3.527846219771541,0.7782217782217782,0.22277722277722278,0.15507783468282885,1.6162110825840792,0.3246753246753247,0.6763236763236763,0.26484426505315806,4.991679521550902,10.0,80.0,47.0,0.2755081337596291,0.2867132867132867,0.7142857142857143,0.6814269591502281,mobile cloud computing,heldout_concept,2009,2008-11,1710.0,22,True,B_s2_index,False,0.18517297873379288,L2,4,0.18517297873379288,1.48784199316523,0.33850204267963413,3.527846219771541,True,UNDETERMINED,UNDETERMINED,UNDETERMINED,UNDETERMINED,UNDETERMINED,UNDETERMINED,UNDETERMINED,UNDETERMINED,UNDETERMINED,UNDETERMINED,UNDETERMINED,0.47119547119547117,1.0,True,tested,30
c_457b5eab7f19,2015,6,1702,host,53,53,8,True,0.29649872177191855,0.7584546218700813,1.1761932142407492,0.23345929545044208,2.118927133031056,2015,0.2641509433962264,0.2916666666666667,48,0.49056603773584906,23,0.5660377358490566,0.05660377358490566,0,0.001,0.08540042677434931,0.929540366727841,2.387325318328579,0.6611425529800474,0.8610065479055273,0.7272727272727273,0.27472527472527475,0.20892415849673246,2.2740335879174878,0.7272727272727273,0.27472527472527475,0.20892415849673246,2.2740335879174878,0.27472527472527475,0.7272727272727273,0.4507557366289683,4.90624776194465,0.5704295704295704,0.43156843156843155,0.2694929699167321,2.93329440552884,0.6243756243756243,0.3776223776223776,0.2256806968147107,3.2256008962615508,8.0,53.0,22.0,0.29649872177191855,0.7202797202797203,0.2807192807192807,0.6504480802179932,mobile cloud computing,heldout_concept,2009,2008-11,1710.0,17,True,B_s2_index,False,0.4087628132085307,L2,7,0.18946054333778825,0.72535639786944,0.20892415849673246,2.2740335879174878,True,UNDETERMINED,UNDETERMINED,UNDETERMINED,UNDETERMINED,UNDETERMINED,UNDETERMINED,UNDETERMINED,UNDETERMINED,UNDETERMINED,UNDETERMINED,UNDETERMINED,0.9090909090909091,0.6868131868131868,True,tested,30
c_457b5eab7f19,2015,6,1707,host,47,45,13,True,0.0,0.9796928172602777,0.3272897836415513,0.2254995257770533,0.42908004150604934,2015,0.022222222222222223,0.02631578947368421,38,0.4222222222222222,18,0.6,0.022222222222222223,1,0.0,0.0,0.0,0.8303483020734301,0.9437647247207688,1.0,1.0,0.000999000999000999,0.0,0.0,1.0,0.000999000999000999,0.0,0.0,1.0,0.000999000999000999,0.0,0.0,1.0,0.000999000999000999,0.0,0.0,1.0,0.000999000999000999,0.0,0.0,13.0,45.0,17.0,0.0,1.0,0.000999000999000999,0.9390784517808329,mobile cloud computing,heldout_concept,2009,2008-11,1710.0,17,True,B_s2_index,False,0.4087628132085307,L2,7,0.18946054333778825,0.0,0.0,0.0,True,SINK,SINK,SINK,SINK,SINK,SINK,SINK,SINK,SINK,SINK,SINK,1.0,0.004995004995004995,True,tested,30
c_457b5eab7f19,2015,6,1708,host,31,31,11,True,1.0047376861929278,0.309242840742362,1.1317645720984428,-0.42617885894405494,2.6897080031409404,2015,0.41935483870967744,0.5,26,0.5161290322580645,16,0.4838709677419355,0.03225806451612903,0,0.0,0.5454048872218248,1.8645877925888867,1.2292669325734793,0.1553255396386111,0.48425927047045964,0.013986013986013986,0.987012987012987,1.3342820569726974,4.561539681051333,0.013986013986013986,0.987012987012987,1.3342820569726974,4.561539681051333,0.013986013986013986,0.987012987012987,1.3342820569726974,4.561539681051333,0.004995004995004995,0.996003996003996,1.721101268649132,5.883967105023773,0.014985014985014986,0.986013986013986,1.3833123087024823,8.119213446841137,11.0,31.0,16.0,1.073381444156227,0.007992007992007992,0.993006993006993,0.09957671260479421,mobile cloud computing,heldout_concept,2009,2008-11,1710.0,17,True,B_s2_index,False,0.4087628132085307,L2,7,0.4087628132085307,2.4579967984523092,1.3342820569726974,4.561539681051333,False,SOURCE,SOURCE,SOURCE,SOURCE,SOURCE,SOURCE,SOURCE,SOURCE,SOURCE,SOURCE,SOURCE,0.03496503496503496,1.0,True,tested,30
c_457b5eab7f19,2015,6,3605,host,14,14,8,True,0.029087067202362326,0.7673034623811015,0.3592232377511075,-1.922539378760989,2.640985854263204,2015,0.07142857142857142,0.16666666666666666,6,0.07142857142857142,1,0.9285714285714286,0.07142857142857142,0,0.0,0.0,0.09972708755095654,1.56568346904632,0.7673034623811015,0.7673034623811015,0.996003996003996,0.004995004995004995,0.0,0.4724561959446728,0.996003996003996,0.004995004995004995,0.0,0.4724561959446728,0.996003996003996,0.004995004995004995,0.0,0.4724561959446728,0.999000999000999,0.001998001998001998,0.0,0.31470274822239624,0.996003996003996,0.004995004995004995,0.0,0.5405973732627817,8.0,14.0,1.0,0.047192583599768176,0.9820179820179821,0.01898101898101898,0.6224593312018546,mobile cloud computing,heldout_concept,2009,2008-11,1710.0,36,True,B_s2_index,False,0.21108218795089126,L4,30,0.21108218795089126,0.13779972381719624,0.0,0.4724561959446728,False,UNDETERMINED,SINK,SINK,UNDETERMINED,UNDETERMINED,UNDETERMINED,UNDETERMINED,UNDETERMINED,UNDETERMINED,UNDETERMINED,UNDETERMINED,,,False,below_nmin,30
c_457b5eab7f19,2015,6,3312,host,12,11,6,True,0.0,1.0,0.31102344249967107,-0.607808174534907,1.2298550595342492,2015,0.0,0.0,8,0.18181818181818182,2,0.8181818181818181,0.0,0,0.0,0.0,0.0,0.9985288301111273,1.0,1.0,1.0,0.000999000999000999,0.0,0.0,1.0,0.000999000999000999,0.0,0.0,1.0,0.000999000999000999,0.0,0.0,1.0,0.000999000999000999,0.0,0.0,1.0,0.000999000999000999,0.0,0.0,6.0,11.0,2.0,0.0,1.0,0.000999000999000999,1.0,mobile cloud computing,heldout_concept,2009,2008-11,1710.0,33,True,B_s2_index,False,0.21108218795089126,L4,30,0.21108218795089126,0.0,0.0,0.0,False,UNDETERMINED,SINK,SINK,UNDETERMINED,UNDETERMINED,UNDETERMINED,UNDETERMINED,UNDETERMINED,UNDETERMINED,UNDETERMINED,UNDETERMINED,,,False,below_nmin,30
c_457b5eab7f19,2015,6,1711,host,12,12,1,True,1.0,0.75,1.7392843413327805,0.7356665316934827,2.7429021509720783,2015,0.08333333333333333,0.08333333333333333,12,0.4166666666666667,4,0.6666666666666667,0.08333333333333333,0,0.345,0.0,3.0,2.70805020110221,0.3333333333333333,1.0,0.6083916083916084,0.7372627372627373,0.0,7.339219476575888,0.6083916083916084,0.7372627372627373,0.0,7.339219476575888,0.6083916083916084,0.7372627372627373,0.0,7.339219476575888,0.5814185814185814,0.7642357642357642,0.0,9.466918846745498,0.6033966033966034,0.7422577422577422,0.0,8.669446273820887,1.0,12.0,4.0,1.0,0.5894105894105894,0.7482517482517482,0.3333333333333333,mobile cloud computing,heldout_concept,2009,2008-11,1710.0,17,True,B_s2_index,False,0.4087628132085307,L2,7,0.4087628132085307,2.4464064921919624,0.0,7.339219476575888,True,UNDETERMINED,UNDETERMINED,UNDETERMINED,UNDETERMINED,UNDETERMINED,UNDETERMINED,UNDETERMINED,UNDETERMINED,UNDETERMINED,UNDETERMINED,UNDETERMINED,,,False,below_nmin,30
c_457b5eab7f19,2016,7,1705,host,951,930,242,True,1.3054249431379894,0.26598802814784106,0.4637714089170644,0.21890615857088216,0.7086366592632467,2016,0.6344086021505376,0.7074340527577938,834,0.7731182795698924,675,0.27419354838709675,0.06344086021505377,4,0.0,1.1613395220554399,1.4688906642402928,0.23493336305639184,0.24451912015299218,0.2882513836818529,0.000999000999000999,1.0,3.414776698130201,4.3190931825613825,0.000999000999000999,1.0,3.414776698130201,4.3190931825613825,0.000999000999000999,1.0,6.129717046070608,7.753016213098339,0.000999000999000999,1.0,3.6676750318109304,4.638965187509662,0.000999000999000999,1.0,3.300977650424402,13.2992854626767,241.0,930.0,665.0,1.2791405875398019,0.000999000999000999,1.0,0.23888790736061763,mobile cloud computing,heldout_concept,2009,2008-11,1710.0,17,True,B_s2_index,True,0.34009237637452083,L2,6,0.18946054333778825,3.8384422404706093,3.414776698130201,4.3190931825613825,True,SOURCE,SOURCE,SOURCE,SOURCE,SOURCE,SOURCE,SOURCE,SOURCE,SOURCE,SOURCE,SOURCE,0.003996003996003996,1.0,True,tested,30
c_457b5eab7f19,2016,7,2208,host,111,108,22,True,0.35607648157090027,0.769158205220188,0.4767833812769615,0.27930995136211506,0.6742568111918079,2016,0.25,0.28125,96,0.6574074074074074,69,0.36111111111111116,0.05555555555555555,1,0.0,0.1999266504202766,0.593683498921941,1.0883977657583883,0.6961100440396791,0.832783889783146,0.03196803196803197,0.9690309690309691,1.0844431930774756,3.2202611702587793,0.015984015984015984,0.985014985014985,1.260896825188103,3.744241387446961,0.03196803196803197,0.9690309690309691,1.0844431930774756,3.2202611702587793,0.6773226773226774,0.32367632367632365,0.4878633007804839,1.4487132695621354,0.1798201798201798,0.8211788211788211,0.6320789832327932,3.701045632992251,22.0,108.0,68.0,0.3590472656891945,0.027972027972027972,0.973026973026973,0.692418875513013,mobile cloud computing,heldout_concept,2009,2008-11,1710.0,22,True,B_s2_index,True,0.18435880431220825,L3,19,0.18435880431220825,1.931431931875037,1.0844431930774756,3.2202611702587793,True,SOURCE,UNDETERMINED,UNDETERMINED,SOURCE,SOURCE,SOURCE,SOURCE,UNDETERMINED,SOURCE,UNDETERMINED,SOURCE,0.06393606393606394,1.0,True,tested,30
c_457b5eab7f19,2016,7,1702,host,78,75,23,True,0.3072606249673778,0.6493705703278999,0.3815005265101187,0.19178735763807783,0.5712136953821595,2016,0.36,0.38571428571428573,70,0.5866666666666667,43,0.42666666666666664,0.05333333333333334,0,0.0,0.14736286278451532,0.5507668451154848,1.318413752435251,0.5569523147210333,0.742524564816783,0.6323676323676324,0.36863136863136864,0.4333024584539188,1.619462485418851,0.6323676323676324,0.36863136863136864,0.4333024584539188,1.619462485418851,0.13086913086913088,0.8701298701298701,0.7778023866519944,2.907026631574287,0.5534465534465535,0.44755244755244755,0.4653928349001333,1.7393998635335426,0.48151848151848153,0.5194805194805194,0.4474841534638351,3.3169739114473384,23.0,75.0,41.0,0.3072606249673778,0.6283716283716284,0.3726273726273726,0.5282781423472789,mobile cloud computing,heldout_concept,2009,2008-11,1710.0,17,True,B_s2_index,True,0.34009237637452083,L2,6,0.18946054333778825,0.9034622541171355,0.4333024584539188,1.619462485418851,True,UNDETERMINED,UNDETERMINED,UNDETERMINED,UNDETERMINED,UNDETERMINED,UNDETERMINED,UNDETERMINED,UNDETERMINED,UNDETERMINED,UNDETERMINED,UNDETERMINED,0.8431568431568431,0.7372627372627373,True,tested,30
c_457b5eab7f19,2016,7,1707,host,61,56,19,True,0.0,0.9512310968101785,0.22541518290641024,0.1911661034160553,0.2596642623967652,2016,0.03571428571428571,0.0425531914893617,47,0.5357142857142857,28,0.5,0.03571428571428571,1,0.0,0.0,0.0,0.6359887667199966,0.8846153846153846,1.0,1.0,0.000999000999000999,0.0,0.0,1.0,0.000999000999000999,0.0,0.0,1.0,0.000999000999000999,0.0,0.0,1.0,0.000999000999000999,0.0,0.0,1.0,0.000999000999000999,0.0,0.0,19.0,56.0,27.0,0.0,1.0,0.000999000999000999,0.8754910738873702,mobile cloud computing,heldout_concept,2009,2008-11,1710.0,17,True,B_s2_index,True,0.34009237637452083,L2,6,0.18946054333778825,0.0,0.0,0.0,True,SINK,SINK,SINK,SINK,SINK,SINK,SINK,SINK,SINK,SINK,SINK,1.0,0.003996003996003996,True,tested,30
c_457b5eab7f19,2016,7,1708,host,33,29,20,True,0.5526057274061105,0.3498756148163407,-0.19515021937983182,-0.5269369936913144,0.1366365549316508,2016,0.4482758620689655,0.52,25,0.5862068965517241,17,0.4137931034482759,0.034482758620689655,0,0.0,0.32998358175811204,0.8307494855265265,0.9232853831870642,0.196514066846508,0.5252282191764642,0.06293706293706294,0.938061938061938,0.970276326908085,2.442717165208308,0.06293706293706294,0.938061938061938,0.970276326908085,2.442717165208308,0.06293706293706294,0.938061938061938,0.970276326908085,2.442717165208308,0.04195804195804196,0.9590409590409591,1.0421349835573688,2.6236247780172968,0.04795204795204795,0.9530469530469531,1.0142685759838788,5.691531235898439,20.0,29.0,17.0,0.590359794285925,0.04895104895104895,0.952047952047952,0.14169355619024798,mobile cloud computing,heldout_concept,2009,2008-11,1710.0,17,True,B_s2_index,True,0.34009237637452083,L2,6,0.34009237637452083,1.6248694936859243,0.970276326908085,2.442717165208308,False,UNDETERMINED,UNDETERMINED,UNDETERMINED,UNDETERMINED,UNDETERMINED,UNDETERMINED,UNDETERMINED,UNDETERMINED,UNDETERMINED,UNDETERMINED,UNDETERMINED,,,False,below_nmin,30
c_457b5eab7f19,2016,7,3605,host,16,10,11,True,0.021154230692627146,0.7673034623811015,-0.39936382777317364,-2.160006452739247,1.3612787971928997,2016,0.1,0.3333333333333333,3,0.1,1,0.9,0.1,0,0.0,0.0,0.06980896128566957,1.3609765531356004,0.7673034623811015,0.7673034623811015,1.0,0.000999000999000999,0.0,0.23482025134821197,1.0,0.000999000999000999,0.0,0.23482025134821197,1.0,0.000999000999000999,0.0,0.23482025134821197,1.0,0.000999000999000999,0.0,0.2204666072596499,1.0,0.000999000999000999,0.0,0.27908118028583667,11.0,10.0,1.0,0.03432187898164958,0.999000999000999,0.001998001998001998,0.6224593312018546,mobile cloud computing,heldout_concept,2009,2008-11,1710.0,36,True,B_s2_index,True,0.297286800797052,L4,26,0.297286800797052,0.0711576519237006,0.0,0.23482025134821197,False,UNDETERMINED,SINK,SINK,UNDETERMINED,UNDETERMINED,UNDETERMINED,UNDETERMINED,UNDETERMINED,UNDETERMINED,UNDETERMINED,UNDETERMINED,,,False,below_nmin,30
c_457b5eab7f19,2016,7,1711,host,16,16,4,True,0.25,0.8333333333333334,1.2279512771170853,0.11063342056901404,2.3452691336651563,2016,0.0625,0.0625,16,0.4375,6,0.625,0.0625,0,0.006,0.0,1.0,2.5649493574615367,0.5,1.0,0.6953046953046953,0.3116883116883117,0.0,2.9403775840560664,0.6953046953046953,0.3116883116883117,0.0,2.9403775840560664,0.44155844155844154,0.5654345654345654,0.0,5.278143841364927,0.6063936063936064,0.4005994005994006,0.0,3.1581419233193406,0.5814185814185814,0.4255744255744256,0.0,7.0029890248022255,4.0,16.0,6.0,0.25,0.7072927072927073,0.3046953046953047,0.5,mobile cloud computing,heldout_concept,2009,2008-11,1710.0,17,True,B_s2_index,True,0.34009237637452083,L2,6,0.18946054333778825,0.7350943960140166,0.0,2.9403775840560664,True,UNDETERMINED,UNDETERMINED,UNDETERMINED,UNDETERMINED,UNDETERMINED,UNDETERMINED,UNDETERMINED,UNDETERMINED,UNDETERMINED,UNDETERMINED,UNDETERMINED,,,False,below_nmin,30
c_457b5eab7f19,2016,7,3312,host,12,12,8,True,0.0,1.0,0.31554215020629495,-0.6012294655109783,1.2323137659235681,2016,0.0,0.0,9,0.16666666666666666,2,0.8333333333333334,0.0,0,0.0,0.0,0.0,0.5705448584676129,1.0,1.0,1.0,0.000999000999000999,0.0,0.0,1.0,0.000999000999000999,0.0,0.0,1.0,0.000999000999000999,0.0,0.0,1.0,0.000999000999000999,0.0,0.0,1.0,0.000999000999000999,0.0,0.0,8.0,12.0,2.0,0.0,1.0,0.000999000999000999,1.0,mobile cloud computing,heldout_concept,2009,2008-11,1710.0,33,True,B_s2_index,True,0.297286800797052,L4,26,0.297286800797052,0.0,0.0,0.0,False,UNDETERMINED,SINK,SINK,UNDETERMINED,UNDETERMINED,UNDETERMINED,UNDETERMINED,UNDETERMINED,UNDETERMINED,UNDETERMINED,UNDETERMINED,,,False,below_nmin,30
c_457b5eab7f19,2016,7,1802,host,11,9,6,True,0.0358521530893087,0.9641478469106913,-0.6144231491791785,-2.0023801413212725,0.7735338429629155,2016,0.1111111111111111,0.125,8,0.7777777777777778,6,0.33333333333333337,0.1111111111111111,0,0.0,0.0,0.1434086123572348,1.6739764335716716,0.9078087491989205,1.0,0.7582417582417582,0.24275724275724275,0.0,2.4303433045373684,0.8501498501498501,0.15084915084915085,0.0,1.6998668263452195,0.7582417582417582,0.24275724275724275,0.0,2.4303433045373684,0.997002997002997,0.003996003996003996,0.0,0.4529047508504352,0.8091908091908092,0.1918081918081918,0.0,2.4303433045373684,6.0,9.0,6.0,0.0358521530893087,0.7232767232767233,0.2777222777222777,0.9078087491989205,mobile cloud computing,heldout_concept,2009,2008-11,1710.0,18,True,B_s2_index,True,0.05900755341415996,L3,4,0.05900755341415996,0.6075858261343421,0.0,2.4303433045373684,False,UNDETERMINED,UNDETERMINED,UNDETERMINED,UNDETERMINED,UNDETERMINED,UNDETERMINED,UNDETERMINED,UNDETERMINED,UNDETERMINED,UNDETERMINED,UNDETERMINED,,,False,below_nmin,30
c_457b5eab7f19,2017,8,1705,host,1145,1071,434,True,0.9536476486486479,0.23932477705551375,0.20671029089716503,0.055638472412542966,0.3577821093817871,2017,0.6507936507936508,0.7260416666666667,960,0.8020541549953315,807,0.24649859943977592,0.05695611577964519,5,0.0,0.8770428318218301,1.037396502499838,0.1679136528646757,0.22155367881770363,0.2577491716241981,0.000999000999000999,1.0,7.575308165222267,8.96033569949581,0.000999000999000999,1.0,7.575308165222267,8.96033569949581,0.000999000999000999,1.0,4.629158221393648,5.475527960723035,0.000999000999000999,1.0,3.8204051344223364,4.5189069231082755,0.000999000999000999,1.0,2.652719738244488,11.124454284990765,432.0,1071.0,795.0,0.9042996170415099,0.000999000999000999,1.0,0.23161387754265683,mobile cloud computing,heldout_concept,2009,2008-11,1710.0,17,True,B_s2_index,True,0.1157765219173888,L2,8,0.18946054333778825,8.236969230506975,7.575308165222267,8.96033569949581,True,SOURCE,SOURCE,SOURCE,SOURCE,SOURCE,SOURCE,SOURCE,SOURCE,SOURCE,SOURCE,SOURCE,0.003996003996003996,1.0,True,tested,30
c_457b5eab7f19,2017,8,2208,host,125,120,48,True,0.2709678333757366,0.773785485249507,0.22070457667867893,-0.0750771688245826,0.5164863221819405,2017,0.25,0.2830188679245283,106,0.6666666666666666,78,0.35,0.05,1,0.0,0.1705427988018986,0.3807503754228617,0.8031576646656621,0.709524711256547,0.8374329864095913,0.6733266733266733,0.3276723276723277,0.5631821179672128,1.2573489139024934,0.6733266733266733,0.3276723276723277,0.5631821179672128,1.2573489139024934,0.13586413586413587,0.8651348651348651,0.8460051860461993,1.88877392924076,0.996003996003996,0.004995004995004995,0.36397552577960207,0.8126043377902753,0.43456543456543456,0.5664335664335665,0.5835447755616269,2.618645694270991,48.0,120.0,78.0,0.27363125988240306,0.6753246753246753,0.3256743256743257,0.7102640928158303,mobile cloud computing,heldout_concept,2009,2008-11,1710.0,22,True,B_s2_index,True,0.3028199819579982,L2,5,0.20158599688842269,0.894814904960005,0.5631821179672128,1.2573489139024934,False,UNDETERMINED,UNDETERMINED,UNDETERMINED,UNDETERMINED,UNDETERMINED,UNDETERMINED,UNDETERMINED,UNDETERMINED,UNDETERMINED,SINK,UNDETERMINED,0.8977688977688977,0.6553446553446554,True,tested,30
c_457b5eab7f19,2017,8,1702,host,105,100,29,True,0.3503229101266002,0.6045507811860156,0.29149419260981396,0.11057365602905764,0.47241472919057026,2017,0.34,0.3541666666666667,96,0.63,62,0.38,0.04,0,0.0,0.20262237302165198,0.5566806176935686,1.0106500134255478,0.516454847832158,0.6879555617044217,0.002997002997002997,0.998001998001998,1.750116255575817,4.808234074355616,0.002997002997002997,0.998001998001998,1.750116255575817,4.808234074355616,0.03596403596403597,0.965034965034965,1.0694700302869795,2.938240373886533,0.1028971028971029,0.8981018981018981,0.8826245722033497,2.424904933835606,0.13486513486513488,0.8661338661338661,0.7636267563076808,5.251073073181294,29.0,100.0,61.0,0.3723872692656921,0.001998001998001998,0.999000999000999,0.5048679065232564,mobile cloud computing,heldout_concept,2009,2008-11,1710.0,17,True,B_s2_index,True,0.1157765219173888,L2,8,0.18946054333778825,3.0258545024920482,1.750116255575817,4.808234074355616,True,SOURCE,SOURCE,SOURCE,SOURCE,SOURCE,SOURCE,SOURCE,UNDETERMINED,SOURCE,UNDETERMINED,SOURCE,0.005994005994005994,1.0,True,tested,30
c_457b5eab7f19,2017,8,1707,host,66,60,25,True,0.0,0.958620324566212,0.11500656287063182,-0.03373405987947806,0.26374718562074173,2017,0.03333333333333333,0.04,50,0.6166666666666667,33,0.44999999999999996,0.06666666666666667,1,0.0,0.0,0.0,0.4811357074370912,0.9,1.0,1.0,0.000999000999000999,0.0,0.0,1.0,0.000999000999000999,0.0,0.0,1.0,0.000999000999000999,0.0,0.0,1.0,0.000999000999000999,0.0,0.0,1.0,0.000999000999000999,0.0,0.0,25.0,60.0,33.0,0.0,1.0,0.000999000999000999,0.9,mobile cloud computing,heldout_concept,2009,2008-11,1710.0,17,True,B_s2_index,True,0.1157765219173888,L2,8,0.18946054333778825,0.0,0.0,0.0,False,SINK,SINK,SINK,SINK,SINK,SINK,SINK,SINK,SINK,SINK,SINK,1.0,0.003996003996003996,True,tested,30
c_457b5eab7f19,2017,8,1708,host,30,23,25,True,0.012287835428739935,0.4335960559342605,-0.4284715773014831,-0.6620000752801954,-0.19494307932277075,2017,0.043478260869565216,0.05,20,0.6086956521739131,14,0.3913043478260869,0.043478260869565216,0,0.0,0.0,0.0368635062862198,1.1755733298042386,0.22516937791987637,0.6428730251520508,1.0,0.000999000999000999,0.0,0.31840226045591,1.0,0.000999000999000999,0.0,0.31840226045591,1.0,0.000999000999000999,0.0,0.31840226045591,1.0,0.000999000999000999,0.0,0.16057770906825486,1.0,0.000999000999000999,0.0,0.3416508116544783,25.0,23.0,14.0,0.012287835428739935,1.0,0.000999000999000999,0.23613118983699702,mobile cloud computing,heldout_concept,2009,2008-11,1710.0,17,True,B_s2_index,True,0.1157765219173888,L2,8,0.1157765219173888,0.10613408681863667,0.0,0.31840226045591,False,UNDETERMINED,FADING,FADING,FADING,FADING,UNDETERMINED,UNDETERMINED,UNDETERMINED,UNDETERMINED,UNDETERMINED,UNDETERMINED,,,False,below_nmin,30
c_457b5eab7f19,2017,8,1711,host,23,22,5,True,0.2,0.8181818181818182,0.3575582344507907,0.02376123209966835,0.6913552368019131,2017,0.09090909090909091,0.09090909090909091,22,0.5909090909090909,11,0.5,0.09090909090909091,0,0.006,0.0,1.0,2.7518573011361114,0.6,1.0,0.37962037962037964,0.6273726273726273,0.0,8.637329774974068,0.37962037962037964,0.6273726273726273,0.0,8.637329774974068,0.4985014985014985,0.5084915084915085,0.0,5.278143841364927,0.5804195804195804,0.42657342657342656,0.0,4.356007478547463,0.4565434565434565,0.5504495504495505,0.0,7.501943268398442,5.0,22.0,10.0,0.2,0.4025974025974026,0.6023976023976024,0.5714285714285714,mobile cloud computing,heldout_concept,2009,2008-11,1710.0,17,True,B_s2_index,True,0.1157765219173888,L2,8,0.18946054333778825,1.7274659549948137,0.0,8.637329774974068,True,UNDETERMINED,UNDETERMINED,UNDETERMINED,UNDETERMINED,UNDETERMINED,UNDETERMINED,UNDETERMINED,UNDETERMINED,UNDETERMINED,UNDETERMINED,UNDETERMINED,,,False,below_nmin,30
c_457b5eab7f19,2017,8,3312,host,13,8,9,True,0.0,1.0,-0.3510214423880823,-0.5717391634447078,-0.1303037213314568,2017,0.0,0.0,4,0.125,1,0.875,0.0,0,0.0,0.0,0.0,0.6539264674066638,1.0,1.0,1.0,0.000999000999000999,0.0,0.0,1.0,0.000999000999000999,0.0,0.0,1.0,0.000999000999000999,0.0,0.0,1.0,0.000999000999000999,0.0,0.0,1.0,0.000999000999000999,0.0,0.0,9.0,8.0,1.0,0.0,1.0,0.000999000999000999,1.0,mobile cloud computing,heldout_concept,2009,2008-11,1710.0,33,True,B_s2_index,True,0.17196228983335873,L4,33,0.17196228983335873,0.0,0.0,0.0,False,UNDETERMINED,SINK,UNDETERMINED,UNDETERMINED,UNDETERMINED,UNDETERMINED,UNDETERMINED,UNDETERMINED,UNDETERMINED,UNDETERMINED,UNDETERMINED,,,False,below_nmin,30
c_457b5eab7f19,2017,8,1706,host,13,12,3,True,0.1111111111111111,0.9444444444444443,0.7546212088917472,-0.7140740200211515,2.223316437804646,2017,0.08333333333333333,0.1111111111111111,9,0.5833333333333334,6,0.5,0.08333333333333333,0,0.029,0.0,0.6666666666666666,2.3025850929940455,0.8568783068783068,1.0,0.6163836163836164,0.41358641358641357,0.0,5.758219849982711,0.6163836163836164,0.41358641358641357,0.0,5.758219849982711,0.6163836163836164,0.41358641358641357,0.0,5.758219849982711,0.8051948051948052,0.22477522477522477,0.0,2.9040049856983083,0.6273726273726273,0.4025974025974026,0.0,4.382130449194907,3.0,12.0,6.0,0.1111111111111111,0.6253746253746254,0.4065934065934066,0.849074074074074,mobile cloud computing,heldout_concept,2009,2008-11,1710.0,17,True,B_s2_index,True,0.1157765219173888,L2,8,0.1157765219173888,0.9597033083304519,0.0,5.758219849982711,False,UNDETERMINED,UNDETERMINED,UNDETERMINED,UNDETERMINED,UNDETERMINED,UNDETERMINED,UNDETERMINED,UNDETERMINED,UNDETERMINED,UNDETERMINED,UNDETERMINED,,,False,below_nmin,30
c_457b5eab7f19,2017,8,1802,host,12,10,7,True,0.030730416933693168,0.9186036910102435,-0.20932529014899584,-1.726485437924669,1.3078348576266772,2017,0.2,0.2222222222222222,9,0.8,7,0.30000000000000004,0.1,0,0.0,0.0,0.10755645926792609,1.5365921862326961,0.8226693778037784,1.0,0.7702297702297702,0.23076923076923078,0.0,1.9345832497812832,0.8181818181818182,0.18281718281718282,0.0,1.579200660017146,0.7702297702297702,0.23076923076923078,0.0,1.9345832497812832,0.998001998001998,0.002997002997002997,0.0,0.4685167409371716,0.8501498501498501,0.15084915084915085,0.0,1.934583249781283,7.0,10.0,7.0,0.030730416933693168,0.7912087912087912,0.2097902097902098,0.8226693778037784,mobile cloud computing,heldout_concept,2009,2008-11,1710.0,18,True,B_s2_index,True,0.05559670760102261,L3,3,0.05559670760102261,0.5527380713660809,0.0,1.9345832497812832,False,UNDETERMINED,UNDETERMINED,UNDETERMINED,UNDETERMINED,UNDETERMINED,UNDETERMINED,UNDETERMINED,UNDETERMINED,UNDETERMINED,UNDETERMINED,UNDETERMINED,,,False,below_nmin,30
c_457b5eab7f19,2017,8,3605,host,11,9,5,True,0.04653930752377972,0.7673034623811015,0.04507474501777765,-1.667962406372226,1.7581118964077815,2017,0.1111111111111111,0.3333333333333333,3,0.1111111111111111,1,0.8888888888888888,0.0,0,0.002,0.0,0.18324852337488132,1.9459101490553132,0.7673034623811015,0.7673034623811015,0.929070929070929,0.07392607392607392,0.0,1.0656320263731054,0.929070929070929,0.07392607392607392,0.0,1.0656320263731054,0.929070929070929,0.07392607392607392,0.0,1.0656320263731054,0.9500499500499501,0.052947052947052944,0.0,0.7982319382537626,0.9300699300699301,0.07292707292707293,0.0,1.1555148780117235,5.0,9.0,1.0,0.07550813375962909,0.8281718281718282,0.17582417582417584,0.6224593312018546,mobile cloud computing,heldout_concept,2009,2008-11,1710.0,36,True,B_s2_index,True,0.17196228983335873,L4,33,0.17196228983335873,0.2706367051106319,0.0,1.0656320263731054,False,UNDETERMINED,UNDETERMINED,UNDETERMINED,UNDETERMINED,UNDETERMINED,UNDETERMINED,UNDETERMINED,UNDETERMINED,UNDETERMINED,UNDETERMINED,UNDETERMINED,,,False,below_nmin,30
c_4b595245dc4e,2011,4,1702,host,11,8,2,True,0.75,0.611791186176666,-0.37393148689942834,-1.5613133769821472,0.8134504031832905,2011,0.25,0.2857142857142857,7,0.5,4,0.5,0.0,4,0.095,0.0,2.5,2.995732273553991,0.25,0.9735823723533319,0.1998001998001998,0.8961038961038961,0.0,25.69254375192834,0.1998001998001998,0.8961038961038961,0.0,25.69254375192834,0.25674325674325676,0.8391608391608392,0.0,13.195359603412319,0.34265734265734266,0.7532467532467533,0.0,8.673091084745067,0.26673326673326675,0.8291708291708292,0.0,23.56540328281155,3.0,8.0,3.0,0.6666666666666666,0.12287712287712288,0.9010989010989011,0.0,gaussian belief,screen,2007,2005-07,1705.0,17,True,A_openalex_native,False,0.09730449519278775,L2,10,0.18946054333778825,7.707763125578502,0.0,25.69254375192834,False,UNDETERMINED,UNDETERMINED,UNDETERMINED,UNDETERMINED,UNDETERMINED,UNDETERMINED,UNDETERMINED,UNDETERMINED,UNDETERMINED,UNDETERMINED,UNDETERMINED,,,False,below_nmin,30
c_4b595245dc4e,2012,5,1702,host,11,10,2,True,0.25,0.7411941241177772,0.08032604328478157,-1.1509043977418008,1.311556484311364,2012,0.1,0.1111111111111111,9,0.6,6,0.4,0.0,4,0.121,0.0,1.0,2.1972245773362196,0.48943294894133277,0.9894329489413327,0.47352647352647353,0.6483516483516484,0.0,8.479683522704487,0.47352647352647353,0.6483516483516484,0.0,8.479683522704487,0.5804195804195804,0.5414585414585414,0.0,5.278143841364927,0.7032967032967034,0.41858141858141856,0.0,3.1581419233193406,0.5514485514485514,0.5704295704295704,0.0,7.227881288270193,3.0,10.0,5.0,0.3333333333333333,0.37362637362637363,0.6543456543456544,0.2,gaussian belief,screen,2007,2005-07,1705.0,17,True,A_openalex_native,False,0.1179289294609267,L2,7,0.18946054333778825,2.119920880676122,0.0,8.479683522704487,False,UNDETERMINED,UNDETERMINED,UNDETERMINED,UNDETERMINED,UNDETERMINED,UNDETERMINED,UNDETERMINED,UNDETERMINED,UNDETERMINED,UNDETERMINED,UNDETERMINED,,,False,below_nmin,30
c_4b595245dc4e,2013,6,1702,host,11,10,2,True,0.25,0.6870765552003091,0.16301829266384796,-1.0558148362318642,1.38185142155956,2013,0.2,0.2222222222222222,9,0.6,6,0.4,0.0,4,0.113,0.0,1.0,2.1972245773362196,0.4244918662403709,0.9244918662403709,0.42357642357642356,0.6903096903096904,0.0,8.40284201405649,0.42357642357642356,0.6903096903096904,0.0,8.40284201405649,0.5524475524475524,0.5614385614385614,0.0,5.278143841364927,0.7082917082917083,0.40559440559440557,0.0,2.508867760206654,0.5234765234765235,0.5904095904095904,0.0,8.173936463724296,3.0,10.0,5.0,0.3333333333333333,0.37162837162837165,0.6593406593406593,0.15561483280046365,gaussian belief,screen,2007,2005-07,1705.0,17,True,A_openalex_native,False,0.11900735469346849,L2,7,0.18946054333778825,2.1007105035141227,0.0,8.40284201405649,False,UNDETERMINED,UNDETERMINED,UNDETERMINED,UNDETERMINED,UNDETERMINED,UNDETERMINED,UNDETERMINED,UNDETERMINED,UNDETERMINED,UNDETERMINED,UNDETERMINED,,,False,below_nmin,30
c_4b595245dc4e,2014,7,1702,host,18,16,5,True,0.07550813375962909,0.8746370473145506,0.5420451340789633,-0.6600228835342746,1.744113151692201,2014,0.0625,0.06666666666666667,15,0.5625,7,0.5625,0.125,4,0.003,0.0,0.30203253503851635,1.845826690498331,0.7477277997292023,1.0,0.9310689310689311,0.07292707292707293,0.0,1.0694472204539553,0.9310689310689311,0.07292707292707293,0.0,1.0694472204539553,0.8881118881118881,0.11588411588411589,0.0,1.5941711647053818,0.952047952047952,0.05194805194805195,0.0,0.9507580686029125,0.8681318681318682,0.13586413586413587,0.0,2.0052135383511667,6.0,16.0,6.0,0.0629234447996909,0.954045954045954,0.04695304695304695,0.4489837324807418,gaussian belief,screen,2007,2005-07,1705.0,17,True,A_openalex_native,False,0.28241929967363005,L2,7,0.18946054333778825,0.26736180511348884,0.0,1.0694472204539553,False,UNDETERMINED,SINK,SINK,SINK,UNDETERMINED,UNDETERMINED,UNDETERMINED,UNDETERMINED,UNDETERMINED,UNDETERMINED,UNDETERMINED,,,False,below_nmin,30
c_4b595245dc4e,2015,8,1702,host,18,18,7,True,0.053934381256877925,0.8746370473145506,0.7439453170420922,-0.32235979097067635,1.8102504250548608,2015,0.05555555555555555,0.0625,16,0.5,7,0.6111111111111112,0.1111111111111111,4,0.0,0.0,0.18877033439907273,1.6094379124341005,0.7317799044574078,1.0,0.995004995004995,0.005994005994005994,0.0,0.4618089716071393,0.995004995004995,0.005994005994005994,0.0,0.4618089716071393,0.9530469530469531,0.04795204795204795,0.0,0.9963569779408636,0.989010989010989,0.011988011988011988,0.0,0.5956911454763439,0.9790209790209791,0.02197802197802198,0.0,0.7405058496615211,7.0,18.0,6.0,0.053934381256877925,0.999000999000999,0.001998001998001998,0.5,gaussian belief,screen,2007,2005-07,1705.0,17,True,A_openalex_native,False,0.4087628132085307,L2,7,0.18946054333778825,0.13194542045918264,0.0,0.4618089716071393,False,UNDETERMINED,SINK,SINK,SINK,UNDETERMINED,UNDETERMINED,UNDETERMINED,UNDETERMINED,UNDETERMINED,UNDETERMINED,UNDETERMINED,,,False,below_nmin,30
c_4bc22ae42748,2013,3,2204,host,42,42,0,True,,0.5895845501126603,1.706062796916719,1.1493747708308326,2.262750823002605,2013,0.23809523809523808,0.29411764705882354,34,0.6428571428571429,21,0.5,0.21428571428571427,5,,,,,,,,,,,,,,,,,,,,,,,,,,,,,,,,,,graphene plasmon,screen,2010,2008-11,2505.0,22,False,B_s2_index,False,0.09938876257415502,L2,6,0.09938876257415502,,,,True,UNDETERMINED,UNDETERMINED,UNDETERMINED,UNDETERMINED,UNDETERMINED,UNDETERMINED,UNDETERMINED,UNDETERMINED,UNDETERMINED,UNDETERMINED,UNDETERMINED,,,False,no_cohort_parents,30
c_4bc22ae42748,2014,4,2204,host,88,88,0,True,,0.37639880896847555,1.493945009580261,0.8480237009095614,2.1398663182509607,2014,0.4659090909090909,0.5466666666666666,75,0.7386363636363636,57,0.3522727272727273,0.13636363636363635,6,,,,,,,,,,,,,,,,,,,,,,,,,,,,,,,,,,graphene plasmon,screen,2010,2008-11,2505.0,22,False,B_s2_index,False,0.22049389964256247,L2,4,0.22049389964256247,,,,True,UNDETERMINED,UNDETERMINED,UNDETERMINED,UNDETERMINED,UNDETERMINED,UNDETERMINED,UNDETERMINED,UNDETERMINED,UNDETERMINED,UNDETERMINED,UNDETERMINED,,,False,no_cohort_parents,30
c_4bc22ae42748,2015,5,2204,host,140,139,5,True,0.6775732292529946,0.261923173342598,0.822214677875966,0.5772760241732267,1.0671533315787054,2015,0.5611510791366906,0.639344262295082,122,0.7697841726618705,94,0.3237410071942446,0.1223021582733813,6,0.005,0.2743257466468379,2.0485173335595004,2.010552211136445,0.20431516030914634,0.32487290388288503,0.01898101898101898,0.987012987012987,1.4814566818694008,11.062722798797099,0.01898101898101898,0.987012987012987,1.4814566818694008,11.062722798797099,0.01898101898101898,0.987012987012987,1.4814566818694008,11.062722798797099,0.1968031968031968,0.8091908091908092,0.6786992851861375,5.068161727335525,0.058941058941058944,0.9470529470529471,0.9911794075782192,16.461317744475693,5.0,139.0,91.0,0.9092320699174173,0.01098901098901099,0.995004995004995,0.21787035218177717,graphene plasmon,screen,2010,2008-11,2505.0,22,False,B_s2_index,False,0.18517297873379288,L2,4,0.18517297873379288,3.659136629362553,1.4814566818694008,11.062722798797099,True,SOURCE,SOURCE,SOURCE,SOURCE,SOURCE,SOURCE,SOURCE,SOURCE,SOURCE,UNDETERMINED,SOURCE,0.01898101898101898,0.987012987012987,True,tested,30
c_4bc22ae42748,2016,6,2204,host,223,221,37,True,1.3954320156505382,0.19266204889489272,0.6726267429040961,0.3879075438421443,0.9573459419660478,2016,0.6380090497737556,0.7268041237113402,194,0.7737556561085973,158,0.2850678733031674,0.08144796380090498,6,0.0,1.0658586631458733,1.9071273538308273,0.5818168444026974,0.15296073070303992,0.23325086575394205,0.000999000999000999,1.0,5.781436189729574,10.344650264715007,0.000999000999000999,1.0,6.722154358284417,12.02786532270534,0.000999000999000999,1.0,5.781436189729574,10.344650264715007,0.000999000999000999,1.0,2.6009205099706,4.653793998412801,0.000999000999000999,1.0,2.622572457095132,12.16741314556097,36.0,221.0,153.0,0.9832229010323774,0.000999000999000999,1.0,0.16653039959195362,graphene plasmon,screen,2010,2008-11,2505.0,22,False,B_s2_index,True,0.18435880431220825,L3,19,0.18435880431220825,7.5691097089531985,5.781436189729574,10.344650264715007,True,SOURCE,SOURCE,SOURCE,SOURCE,SOURCE,SOURCE,SOURCE,SOURCE,SOURCE,SOURCE,SOURCE,0.000999000999000999,1.0,True,tested,30
c_4bc22ae42748,2016,6,2504,host,15,15,2,True,0.0,1.0,1.727077756879656,0.7851157032878886,2.6690398104714235,2016,0.0,0.0,14,0.6,9,0.4,0.13333333333333333,0,0.106,0.0,0.0,1.2992829841302609,1.0,1.0,1.0,0.1068931068931069,0.0,0.0,1.0,0.1068931068931069,0.0,0.0,1.0,0.1068931068931069,0.0,0.0,1.0,0.1068931068931069,0.0,0.0,1.0,0.1068931068931069,0.0,0.0,2.0,15.0,9.0,0.0,1.0,0.11488511488511488,1.0,graphene plasmon,screen,2010,2008-11,2505.0,25,False,B_s2_index,True,0.297286800797052,L4,26,0.297286800797052,0.0,0.0,0.0,True,UNDETERMINED,UNDETERMINED,UNDETERMINED,UNDETERMINED,UNDETERMINED,UNDETERMINED,UNDETERMINED,UNDETERMINED,UNDETERMINED,UNDETERMINED,UNDETERMINED,,,False,below_nmin,30
c_4bc22ae42748,2016,6,3107,host,11,11,2,True,0.0,1.0,0.9871252443360305,0.10747634684387186,1.8667741418281891,2016,0.0,0.0,7,0.5454545454545454,5,0.5454545454545454,0.09090909090909091,0,0.119,0.0,0.0,1.0986122886681098,1.0,1.0,1.0,0.11988011988011989,0.0,0.0,1.0,0.11988011988011989,0.0,0.0,1.0,0.11988011988011989,0.0,0.0,1.0,0.11988011988011989,0.0,0.0,1.0,0.11988011988011989,0.0,0.0,2.0,11.0,5.0,0.0,1.0,0.1258741258741259,1.0,graphene plasmon,screen,2010,2008-11,2505.0,31,False,B_s2_index,True,0.5393615980778874,L3,5,0.40563448898237603,0.0,0.0,0.0,True,UNDETERMINED,UNDETERMINED,UNDETERMINED,UNDETERMINED,UNDETERMINED,UNDETERMINED,UNDETERMINED,UNDETERMINED,UNDETERMINED,UNDETERMINED,UNDETERMINED,,,False,below_nmin,30
c_4bc22ae42748,2017,7,2204,host,281,274,82,True,1.4761992576190661,0.15833551187862427,0.35778660458316786,0.08998340801206633,0.6255898011542693,2017,0.6824817518248175,0.7695473251028807,243,0.7883211678832117,200,0.27007299270072993,0.07664233576642336,6,0.0,1.2492082548619607,1.8088249792422677,0.37016748386229614,0.12702249211241545,0.1888358423307527,0.000999000999000999,1.0,4.125250410440976,5.973268235294841,0.000999000999000999,1.0,4.125250410440976,5.973268235294841,0.000999000999000999,1.0,4.125250410440976,5.973268235294841,0.000999000999000999,1.0,2.6660828517289437,3.860426986587327,0.000999000999000999,1.0,3.7917133855037095,13.33980925171275,82.0,274.0,195.0,1.4064320741614091,0.000999000999000999,1.0,0.13537929303769408,graphene plasmon,screen,2010,2008-11,2505.0,22,False,B_s2_index,True,0.3028199819579982,L2,5,0.3028199819579982,4.874840980024291,4.125250410440976,5.973268235294841,True,SOURCE,SOURCE,SOURCE,SOURCE,SOURCE,SOURCE,SOURCE,SOURCE,SOURCE,SOURCE,SOURCE,0.000999000999000999,1.0,True,tested,30
c_4bc22ae42748,2017,7,2504,host,21,21,3,True,0.0,0.9774811824654746,1.227063018165134,0.16145236896237436,2.292673667367894,2017,0.047619047619047616,0.05,20,0.6666666666666666,14,0.33333333333333337,0.09523809523809523,0,0.038,0.0,0.0,1.466337068793427,0.9369473109033286,1.0,1.0,0.03896103896103896,0.0,0.0,1.0,0.03896103896103896,0.0,0.0,1.0,0.03896103896103896,0.0,0.0,1.0,0.03896103896103896,0.0,0.0,1.0,0.03896103896103896,0.0,0.0,3.0,21.0,14.0,0.0,1.0,0.03596403596403597,0.9369473109033287,graphene plasmon,screen,2010,2008-11,2505.0,25,False,B_s2_index,True,0.17196228983335873,L4,33,0.17196228983335873,0.0,0.0,0.0,True,UNDETERMINED,SINK,SINK,SINK,SINK,UNDETERMINED,UNDETERMINED,UNDETERMINED,UNDETERMINED,UNDETERMINED,UNDETERMINED,,,False,below_nmin,30
c_4bc22ae42748,2017,7,3107,host,16,15,5,True,0.0,0.9155362403496964,0.32920641411005663,0.03943008527299602,0.6189827429471173,2017,0.06666666666666667,0.125,8,0.4666666666666667,5,0.6666666666666667,0.13333333333333333,0,0.006,0.0,0.0,1.2237754316221159,0.7888406008742409,1.0,1.0,0.006993006993006993,0.0,0.0,1.0,0.006993006993006993,0.0,0.0,1.0,0.006993006993006993,0.0,0.0,1.0,0.006993006993006993,0.0,0.0,1.0,0.006993006993006993,0.0,0.0,5.0,15.0,5.0,0.0,1.0,0.003996003996003996,0.7888406008742409,graphene plasmon,screen,2010,2008-11,2505.0,31,False,B_s2_index,True,0.42903170310983996,L3,7,0.40563448898237603,0.0,0.0,0.0,True,UNDETERMINED,SINK,SINK,SINK,UNDETERMINED,UNDETERMINED,UNDETERMINED,UNDETERMINED,UNDETERMINED,UNDETERMINED,UNDETERMINED,,,False,below_nmin,30
c_4bc22ae42748,2017,7,2205,host,15,15,4,True,0.7957303351269027,0.6463420732769322,1.0155427172708655,0.16677871982606507,1.864306714715666,2017,0.26666666666666666,0.3333333333333333,12,0.6666666666666666,9,0.4,0.06666666666666667,0,0.012,0.16747940035871386,3.3038766963490507,2.9729899316736073,0.3959055911120345,0.8768343114188853,0.14185814185814186,0.8711288711288712,0.5530658818345205,10.910365541225431,0.14185814185814186,0.8711288711288712,0.5530658818345205,10.910365541225431,0.14185814185814186,0.8711288711288712,0.5530658818345205,10.910365541225431,0.24975024975024976,0.7632367632367633,0.3574375654150266,7.0511934019651665,0.11888111888111888,0.8941058941058941,0.641460442634921,16.307635622566224,4.0,15.0,8.0,0.7957303351269027,0.12087912087912088,0.8901098901098901,0.32405566086570503,graphene plasmon,screen,2010,2008-11,2505.0,22,False,B_s2_index,True,0.3028199819579982,L2,5,0.3028199819579982,2.627733909703727,0.5530658818345205,10.910365541225431,True,UNDETERMINED,UNDETERMINED,UNDETERMINED,UNDETERMINED,UNDETERMINED,UNDETERMINED,UNDETERMINED,UNDETERMINED,UNDETERMINED,UNDETERMINED,UNDETERMINED,,,False,below_nmin,30
c_4bc22ae42748,2018,8,2204,host,333,301,129,True,1.1233483073019352,0.14363655448263907,0.09395083980725784,-0.02821064718161964,0.21611232679613532,2018,0.7308970099667774,0.8118081180811808,271,0.8172757475083057,234,0.22259136212624586,0.04983388704318937,6,0.0,0.9779923266529573,1.2948689489539018,0.28066301184111514,0.11956232834426159,0.16932060201061713,0.000999000999000999,1.0,6.156999229503699,8.151911731559524,0.000999000999000999,1.0,6.156999229503699,8.151911731559524,0.000999000999000999,1.0,4.8514893978190035,6.423407225406675,0.000999000999000999,1.0,2.2628821262359464,2.996072382728904,0.000999000999000999,1.0,2.7841780564985297,8.2109663651997,129.0,301.0,231.0,1.0975331739038572,0.000999000999000999,1.0,0.12071084375904344,graphene plasmon,screen,2010,2008-11,2505.0,22,False,B_s2_index,True,0.15884236625636072,L2,4,0.20158599688842269,7.072095019592744,6.156999229503699,8.151911731559524,False,SOURCE,SOURCE,SOURCE,SOURCE,SOURCE,SOURCE,SOURCE,SOURCE,SOURCE,SOURCE,SOURCE,0.000999000999000999,1.0,True,tested,30
c_4bc22ae42748,2018,8,2504,host,30,28,7,True,0.0,0.9409258341628084,0.3577865852966566,0.09094866800971363,0.6246245025835995,2018,0.10714285714285714,0.1111111111111111,27,0.7142857142857143,19,0.3214285714285714,0.07142857142857142,0,0.001,0.0,0.0,1.1895840668738362,0.8689719747146007,0.9961956436603361,1.0,0.001998001998001998,0.0,0.0,1.0,0.001998001998001998,0.0,0.0,1.0,0.001998001998001998,0.0,0.0,1.0,0.001998001998001998,0.0,0.0,1.0,0.001998001998001998,0.0,0.0,7.0,28.0,19.0,0.0,1.0,0.001998001998001998,0.866436651265405,graphene plasmon,screen,2010,2008-11,2505.0,25,False,B_s2_index,True,0.19047619047619047,L4,23,0.19047619047619047,0.0,0.0,0.0,True,UNDETERMINED,SINK,SINK,SINK,SINK,UNDETERMINED,UNDETERMINED,UNDETERMINED,UNDETERMINED,UNDETERMINED,UNDETERMINED,,,False,below_nmin,30
c_4bc22ae42748,2018,8,2205,host,21,20,6,True,0.5633033069463832,0.670798260890006,0.3234066680473447,0.09455151941176368,0.5522618166829257,2018,0.3,0.375,16,0.7,14,0.30000000000000004,0.0,0,0.001,0.16204037278712818,1.4854200868680503,2.2156068922036916,0.4910056783505171,0.8466203936455834,0.05094905094905095,0.951048951048951,1.0201332088292243,9.351535877214797,0.05094905094905095,0.951048951048951,1.0201332088292243,9.351535877214797,0.05094905094905095,0.951048951048951,1.0201332088292243,9.351535877214797,0.3546453546453546,0.6473526473526473,0.3749295912816692,3.4369702838357066,0.09090909090909091,0.9110889110889111,0.715280781747248,9.156570169935941,6.0,20.0,13.0,0.56004009461975,0.04295704295704296,0.9590409590409591,0.4812822119285714,graphene plasmon,screen,2010,2008-11,2505.0,22,False,B_s2_index,True,0.15884236625636072,L2,4,0.15884236625636072,3.546303925221374,1.0201332088292243,9.351535877214797,True,UNDETERMINED,UNDETERMINED,UNDETERMINED,UNDETERMINED,SOURCE,UNDETERMINED,UNDETERMINED,UNDETERMINED,UNDETERMINED,UNDETERMINED,UNDETERMINED,,,False,below_nmin,30
c_4bc22ae42748,2018,8,3107,host,18,17,5,True,0.0,0.9155362403496964,0.23904520213219183,-0.08651746478621647,0.5646078690506001,2018,0.058823529411764705,0.1111111111111111,9,0.4117647058823529,5,0.7058823529411764,0.11764705882352941,0,0.002,0.0,0.0,1.2237754316221159,0.7888406008742409,1.0,1.0,0.002997002997002997,0.0,0.0,1.0,0.002997002997002997,0.0,0.0,1.0,0.002997002997002997,0.0,0.0,1.0,0.002997002997002997,0.0,0.0,1.0,0.002997002997002997,0.0,0.0,5.0,17.0,5.0,0.0,1.0,0.003996003996003996,0.7888406008742409,graphene plasmon,screen,2010,2008-11,2505.0,31,False,B_s2_index,True,0.4114343185090953,L3,6,0.4114343185090953,0.0,0.0,0.0,False,UNDETERMINED,SINK,SINK,SINK,UNDETERMINED,UNDETERMINED,UNDETERMINED,UNDETERMINED,UNDETERMINED,UNDETERMINED,UNDETERMINED,,,False,below_nmin,30
c_4bd7704f481d,2018,3,1707,host,30,29,1,True,0.0,0.0,0.9704725034130297,-0.2134614481978112,2.154406455023871,2018,0.13793103448275862,0.16,25,0.13793103448275862,4,0.8620689655172413,0.13793103448275862,3,0.354,0.0,0.0,0.8472978603872037,0.0,0.0,1.0,0.3546453546453546,0.0,0.0,1.0,0.3546453546453546,0.0,0.0,1.0,0.3546453546453546,0.0,0.0,1.0,0.3546453546453546,0.0,0.0,1.0,0.3546453546453546,0.0,0.0,1.0,29.0,2.0,0.0,1.0,0.34665334665334663,0.0,unsupervised representation learning,heldout_concept,2015,2012-16,1702.0,17,False,B_s2_index,True,0.1287725893153206,L2,7,0.18946054333778825,0.0,0.0,0.0,False,UNDETERMINED,UNDETERMINED,UNDETERMINED,UNDETERMINED,UNDETERMINED,UNDETERMINED,UNDETERMINED,UNDETERMINED,UNDETERMINED,UNDETERMINED,UNDETERMINED,,,False,below_nmin,30
c_4bd7704f481d,2019,4,1707,host,45,45,6,True,0.0,0.0,1.239431712400562,0.2503908865834462,2.228472538217678,2019,0.24444444444444444,0.28205128205128205,39,0.24444444444444444,11,0.7555555555555555,0.1111111111111111,3,0.001,0.0,0.0,1.0986122886681096,0.0,0.0,1.0,0.001998001998001998,0.0,0.0,1.0,0.001998001998001998,0.0,0.0,1.0,0.001998001998001998,0.0,0.0,1.0,0.001998001998001998,0.0,0.0,1.0,0.001998001998001998,0.0,0.0,6.0,45.0,6.0,0.0,1.0,0.002997002997002997,0.0,unsupervised representation learning,heldout_concept,2015,2012-16,1702.0,17,False,B_s2_index,False,0.24755606394781707,L2,6,0.18946054333778825,0.0,0.0,0.0,True,FADING,FADING,FADING,FADING,FADING,FADING,FADING,FADING,FADING,FADING,FADING,1.0,0.001998001998001998,True,tested,30
c_4bd7704f481d,2019,4,1711,host,11,10,3,True,0.0,0.0,0.7942915684126158,-0.5940204745234979,2.1826036113487297,2019,0.1,0.125,8,0.1,1,0.9,0.0,0,0.035,0.0,0.0,1.466337068793427,0.0,0.0,1.0,0.03596403596403597,0.0,0.0,1.0,0.03596403596403597,0.0,0.0,1.0,0.03596403596403597,0.0,0.0,1.0,0.03596403596403597,0.0,0.0,1.0,0.03596403596403597,0.0,0.0,3.0,10.0,0.0,0.0,,,,unsupervised representation learning,heldout_concept,2015,2012-16,1702.0,17,False,B_s2_index,False,0.24755606394781707,L2,6,0.18946054333778825,0.0,0.0,0.0,False,UNDETERMINED,FADING,FADING,UNDETERMINED,UNDETERMINED,UNDETERMINED,UNDETERMINED,UNDETERMINED,UNDETERMINED,UNDETERMINED,UNDETERMINED,,,False,below_nmin,30
c_4c081bfc5787,2014,7,3107,host,11,11,5,True,0.0,1.0,0.8185518441466454,-0.2507786662990775,1.8878823545923682,2014,0.0,0.0,5,0.2727272727272727,2,0.8181818181818181,0.09090909090909091,0,0.001,0.0,0.0,1.2237754316221159,1.0,1.0,1.0,0.001998001998001998,0.0,0.0,1.0,0.001998001998001998,0.0,0.0,1.0,0.001998001998001998,0.0,0.0,1.0,0.001998001998001998,0.0,0.0,1.0,0.001998001998001998,0.0,0.0,5.0,11.0,2.0,0.0,1.0,0.001998001998001998,1.0,graphene on sic,screen,2007,2005-07,2505.0,31,False,B_s2_index,False,0.4689622613063039,L3,4,0.4689622613063039,0.0,0.0,0.0,False,UNDETERMINED,SINK,SINK,UNDETERMINED,UNDETERMINED,UNDETERMINED,UNDETERMINED,UNDETERMINED,UNDETERMINED,UNDETERMINED,UNDETERMINED,,,False,below_nmin,30
c_4c081bfc5787,2015,8,3107,host,12,11,8,True,0.0,1.0,-0.10178103258675708,-0.43545586321529733,0.23189379804178317,2015,0.0,0.0,4,0.18181818181818182,1,0.9090909090909091,0.09090909090909091,0,0.0,0.0,0.0,0.737598943130779,1.0,1.0,1.0,0.000999000999000999,0.0,0.0,1.0,0.000999000999000999,0.0,0.0,1.0,0.000999000999000999,0.0,0.0,1.0,0.000999000999000999,0.0,0.0,1.0,0.000999000999000999,0.0,0.0,8.0,11.0,1.0,0.0,1.0,0.000999000999000999,1.0,graphene on sic,screen,2007,2005-07,2505.0,31,False,B_s2_index,False,0.5611391497903944,L3,4,0.40563448898237603,0.0,0.0,0.0,False,UNDETERMINED,SINK,SINK,UNDETERMINED,UNDETERMINED,UNDETERMINED,UNDETERMINED,UNDETERMINED,UNDETERMINED,UNDETERMINED,UNDETERMINED,,,False,below_nmin,30
c_4cdee4852bd9,2015,3,1705,host,40,40,0,True,,0.8157039219042187,1.7708644400301454,1.054045234922806,2.487683645137485,2015,0.15,0.15789473684210525,38,0.425,25,0.375,0.025,1,,,,,,,,,,,,,,,,,,,,,,,,,,,,,,,,,,cloud radio,screen,2012,2012-16,2208.0,17,False,B_s2_index,False,0.4221271653952266,L1,3,0.18946054333778825,,,,True,UNDETERMINED,UNDETERMINED,UNDETERMINED,UNDETERMINED,UNDETERMINED,UNDETERMINED,UNDETERMINED,UNDETERMINED,UNDETERMINED,UNDETERMINED,UNDETERMINED,,,False,no_cohort_parents,30
c_4cdee4852bd9,2016,4,1705,host,81,81,8,True,0.4092585773826496,0.7528556008620844,1.4664900931924651,0.6502941483110933,2.282686038073837,2016,0.24691358024691357,0.26666666666666666,75,0.5925925925925926,53,0.345679012345679,0.06172839506172839,1,0.0,0.1,1.1370343095305984,2.4310084827958263,0.6683013623923569,0.8379254721348737,0.42957042957042957,0.5714285714285714,0.29403775840560664,3.3433101960464384,0.42957042957042957,0.5714285714285714,0.29403775840560664,3.3433101960464384,0.16583416583416583,0.8351648351648352,0.5278143841364927,6.00143063826955,0.36863136863136864,0.6323676323676324,0.3158141923319341,3.5909157211810423,0.34665334665334663,0.6543456543456544,0.331628478599598,6.3410745885192,8.0,81.0,51.0,0.4092585773826496,0.4085914085914086,0.5924075924075924,0.6417302219910133,cloud radio,screen,2012,2012-16,2208.0,17,False,B_s2_index,True,0.34009237637452083,L2,6,0.18946054333778825,1.2033747470186178,0.29403775840560664,3.3433101960464384,True,UNDETERMINED,UNDETERMINED,UNDETERMINED,UNDETERMINED,UNDETERMINED,UNDETERMINED,UNDETERMINED,UNDETERMINED,UNDETERMINED,UNDETERMINED,UNDETERMINED,0.42957042957042957,0.5714285714285714,True,tested,30
c_4cdee4852bd9,2017,5,1705,host,136,135,18,True,0.28132203619640106,0.7366063944447289,0.7382736384689949,0.4757163438213367,1.000830933116653,2017,0.3037037037037037,0.33064516129032256,124,0.6888888888888889,92,0.31851851851851853,0.08148148148148149,1,0.0,0.11621795561449608,0.5289694654353266,1.5154625978823977,0.6741065484253623,0.7976712516424006,0.04995004995004995,0.951048951048951,1.0038128084157016,4.568883713856662,0.04995004995004995,0.951048951048951,1.0038128084157016,4.568883713856662,0.2177822177822178,0.7832167832167832,0.613415086682675,2.791976926257567,0.34665334665334663,0.6543456543456544,0.506246283798242,2.3041949473595364,0.17482517482517482,0.8261738261738262,0.5779295393966425,4.897518979115917,18.0,135.0,92.0,0.28132203619640106,0.06393606393606394,0.9370629370629371,0.665440482656266,cloud radio,screen,2012,2012-16,2208.0,17,False,B_s2_index,True,0.1157765219173888,L2,8,0.18946054333778825,2.429871199595507,1.0038128084157016,4.568883713856662,True,SOURCE,SOURCE,SOURCE,SOURCE,SOURCE,SOURCE,UNDETERMINED,UNDETERMINED,SOURCE,UNDETERMINED,SOURCE,0.04995004995004995,0.951048951048951,True,tested,30
c_4cdee4852bd9,2017,5,2214,host,13,13,1,True,0.0,1.0,1.4199671347936589,-0.045434671377760916,2.885368940965079,2017,0.0,0.0,5,0.23076923076923078,3,0.7692307692307692,0.0,0,0.354,0.0,0.0,0.8472978603872037,1.0,1.0,1.0,0.3546453546453546,0.0,0.0,1.0,0.3546453546453546,0.0,0.0,1.0,0.3546453546453546,0.0,0.0,1.0,0.3546453546453546,0.0,0.0,1.0,0.3546453546453546,0.0,0.0,1.0,13.0,3.0,0.0,1.0,0.34565434565434566,1.0,cloud radio,screen,2012,2012-16,2208.0,22,False,B_s2_index,True,0.3028199819579982,L2,5,0.3028199819579982,0.0,0.0,0.0,False,UNDETERMINED,UNDETERMINED,UNDETERMINED,UNDETERMINED,UNDETERMINED,UNDETERMINED,UNDETERMINED,UNDETERMINED,UNDETERMINED,UNDETERMINED,UNDETERMINED,,,False,below_nmin,30
c_4cdee4852bd9,2018,6,1705,host,219,211,39,True,0.35410942090314707,0.7304831374982057,0.5092102355651261,0.4352596122876614,0.5831608588425908,2018,0.36492890995260663,0.4031413612565445,191,0.7488151658767772,155,0.2654028436018957,0.052132701421800945,1,0.0,0.21949758798750188,0.5145099624357137,0.8518730421488436,0.6868194254153468,0.773000926476227,0.004995004995004995,0.996003996003996,1.3448246286272203,3.152315592629709,0.004995004995004995,0.996003996003996,1.3448246286272203,3.152315592629709,0.012987012987012988,0.988011988011988,1.1585398422306894,2.715657589550962,0.34065934065934067,0.6603396603396603,0.6932045346908053,1.6248954823336863,0.23376623376623376,0.7672327672327672,0.5424405245637168,5.309622648360156,39.0,211.0,155.0,0.364418035655662,0.001998001998001998,0.999000999000999,0.6788906851931599,cloud radio,screen,2012,2012-16,2208.0,17,False,B_s2_index,True,0.163216514120181,L1,3,0.18946054333778825,2.169568580801855,1.3448246286272203,3.152315592629709,True,SOURCE,SOURCE,SOURCE,SOURCE,SOURCE,SOURCE,SOURCE,UNDETERMINED,SOURCE,UNDETERMINED,SOURCE,0.004995004995004995,0.996003996003996,True,tested,30
c_4cdee4852bd9,2018,6,2214,host,16,15,4,True,0.0,1.0,0.8308779938077434,-0.6026864099588934,2.2644423975743804,2018,0.0,0.0,8,0.26666666666666666,4,0.7333333333333334,0.0,0,0.008,0.0,0.0,1.6094379124341003,1.0,1.0,1.0,0.008991008991008992,0.0,0.0,1.0,0.008991008991008992,0.0,0.0,1.0,0.008991008991008992,0.0,0.0,1.0,0.008991008991008992,0.0,0.0,1.0,0.008991008991008992,0.0,0.0,4.0,15.0,4.0,0.0,1.0,0.006993006993006993,0.9999999999999999,cloud radio,screen,2012,2012-16,2208.0,22,False,B_s2_index,True,0.15884236625636072,L2,4,0.15884236625636072,0.0,0.0,0.0,False,UNDETERMINED,SINK,SINK,SINK,UNDETERMINED,UNDETERMINED,UNDETERMINED,UNDETERMINED,UNDETERMINED,UNDETERMINED,UNDETERMINED,,,False,below_nmin,30
c_4cdee4852bd9,2019,7,1705,host,268,258,72,True,0.4081675530561776,0.7109230441708797,0.39106075641974775,0.20043110534202,0.5816904074974755,2019,0.40310077519379844,0.4444444444444444,234,0.7790697674418605,196,0.24031007751937983,0.04263565891472868,1,0.0,0.3032496734685594,0.5507962091880094,0.5968085788205802,0.6648740699862702,0.749462287657771,0.002997002997002997,0.998001998001998,1.2249737236591471,2.224935234485361,0.002997002997002997,0.998001998001998,1.2249737236591471,2.224935234485361,0.000999000999000999,1.0,1.6005953964140023,2.90718161937284,0.5884115884115884,0.4125874125874126,0.7016601737841612,1.2744342291883286,0.22977022977022976,0.7712287712287712,0.7242639165849556,4.224883985933247,72.0,258.0,197.0,0.4179016622717735,0.000999000999000999,1.0,0.6676519497947847,cloud radio,screen,2012,2012-16,2208.0,17,False,B_s2_index,False,0.24755606394781707,L2,6,0.18946054333778825,1.6487883453431227,1.2249737236591471,2.224935234485361,True,SOURCE,SOURCE,SOURCE,SOURCE,SOURCE,SOURCE,SOURCE,UNDETERMINED,SOURCE,UNDETERMINED,SOURCE,0.002997002997002997,0.998001998001998,True,tested,30
c_4cdee4852bd9,2019,7,2214,host,17,17,5,True,0.0,1.0,0.9994712540011417,-0.32130303268059524,2.320245540682879,2019,0.0,0.0,10,0.35294117647058826,6,0.6470588235294117,0.0,0,0.002,0.0,0.0,1.2237754316221159,1.0,1.0,1.0,0.002997002997002997,0.0,0.0,1.0,0.002997002997002997,0.0,0.0,1.0,0.002997002997002997,0.0,0.0,1.0,0.002997002997002997,0.0,0.0,1.0,0.002997002997002997,0.0,0.0,5.0,17.0,6.0,0.0,1.0,0.003996003996003996,0.9999999999999999,cloud radio,screen,2012,2012-16,2208.0,22,False,B_s2_index,False,0.4073592475216059,L2,5,0.4073592475216059,0.0,0.0,0.0,False,UNDETERMINED,SINK,SINK,SINK,UNDETERMINED,UNDETERMINED,UNDETERMINED,UNDETERMINED,UNDETERMINED,UNDETERMINED,UNDETERMINED,,,False,below_nmin,30
c_4cdee4852bd9,2019,7,2202,host,13,12,1,True,2.0,0.7142857142857143,0.7502112286294449,-0.09943684675811848,1.5998593040170084,2019,0.16666666666666666,0.2,10,0.6666666666666666,7,0.41666666666666663,0.08333333333333333,1,0.365,0.0,4.0,2.995732273553991,0.39999999999999997,1.0,0.46053946053946054,0.9050949050949051,0.0,9.819342568841142,0.46053946053946054,0.9050949050949051,0.0,9.819342568841142,0.46053946053946054,0.9050949050949051,0.0,9.819342568841142,0.46053946053946054,0.9050949050949051,0.0,9.676117996698983,0.45354645354645357,0.9120879120879121,0.0,15.940672360215123,1.0,12.0,8.0,2.0,0.46853146853146854,0.8971028971028971,0.3333333333333333,cloud radio,screen,2012,2012-16,2208.0,22,False,B_s2_index,False,0.4073592475216059,L2,5,0.4073592475216059,4.909671284420571,0.0,9.819342568841142,False,UNDETERMINED,UNDETERMINED,UNDETERMINED,UNDETERMINED,UNDETERMINED,UNDETERMINED,UNDETERMINED,UNDETERMINED,UNDETERMINED,UNDETERMINED,UNDETERMINED,,,False,below_nmin,30
c_4cdee4852bd9,2019,7,2204,host,11,11,2,True,0.0,1.0,1.2703641738105171,0.5017883288814909,2.0389400187395434,2019,0.0,0.0,11,0.8181818181818182,7,0.36363636363636365,0.18181818181818182,0,0.108,0.0,0.0,1.0986122886681098,0.9999999999999999,1.0,1.0,0.1088911088911089,0.0,0.0,1.0,0.1088911088911089,0.0,0.0,1.0,0.1088911088911089,0.0,0.0,1.0,0.1088911088911089,0.0,0.0,1.0,0.1088911088911089,0.0,0.0,2.0,11.0,7.0,0.0,1.0,0.10789210789210789,1.0,cloud radio,screen,2012,2012-16,2208.0,22,False,B_s2_index,False,0.4073592475216059,L2,5,0.4073592475216059,0.0,0.0,0.0,True,UNDETERMINED,UNDETERMINED,UNDETERMINED,UNDETERMINED,UNDETERMINED,UNDETERMINED,UNDETERMINED,UNDETERMINED,UNDETERMINED,UNDETERMINED,UNDETERMINED,,,False,below_nmin,30
c_509ba93dffc8,2012,3,1702,host,16,16,1,True,0.0,0.0,1.0308921607084374,0.2980872715497006,1.763697049867174,2012,0.3125,0.35714285714285715,14,0.3125,5,0.6875,0.0625,1,0.341,0.0,0.0,0.8472978603872037,0.0,0.0,1.0,0.34165834165834164,0.0,0.0,1.0,0.34165834165834164,0.0,0.0,1.0,0.34165834165834164,0.0,0.0,1.0,0.34165834165834164,0.0,0.0,1.0,0.34165834165834164,0.0,0.0,1.0,16.0,1.0,0.0,1.0,0.35064935064935066,0.0,multi label image,screen,2009,2008-11,1707.0,17,True,B_s2_index,False,0.1179289294609267,L2,7,0.18946054333778825,0.0,0.0,0.0,True,UNDETERMINED,UNDETERMINED,UNDETERMINED,UNDETERMINED,UNDETERMINED,UNDETERMINED,UNDETERMINED,UNDETERMINED,UNDETERMINED,UNDETERMINED,UNDETERMINED,,,False,below_nmin,30
c_509ba93dffc8,2013,4,1702,host,21,20,5,True,0.7127728784047986,0.14285714285714285,0.34219129796167713,0.1342162412408748,0.5501663546824794,2013,0.3,0.3333333333333333,18,0.35,7,0.65,0.05,1,0.004,0.19772062053764128,2.2898995687441754,2.4493901368573137,0.0,0.4,0.026973026973026972,0.978021978021978,1.661415137299013,19.2416643042134,0.026973026973026972,0.978021978021978,1.661415137299013,19.2416643042134,0.04595404595404595,0.9590409590409591,1.043597875601603,12.086419306111274,0.23576423576423577,0.7692307692307693,0.4960548903949419,5.745055202133384,0.061938061938061936,0.9430569430569431,0.9335328093770711,18.96570467710705,3.0,20.0,3.0,0.0,1.0,0.03996003996003996,0.0,multi label image,screen,2009,2008-11,1707.0,17,True,B_s2_index,False,0.11900735469346849,L2,7,0.18946054333778825,5.989317889139821,1.661415137299013,19.2416643042134,True,UNDETERMINED,SOURCE,SOURCE,SOURCE,SOURCE,UNDETERMINED,UNDETERMINED,UNDETERMINED,UNDETERMINED,UNDETERMINED,UNDETERMINED,,,False,below_nmin,30
c_509ba93dffc8,2014,5,1702,host,25,24,8,True,0.9631826458201789,0.11017650523791685,0.22750277892405565,-0.013886206237870263,0.46889176408598154,2014,0.4166666666666667,0.45454545454545453,22,0.4583333333333333,11,0.5416666666666667,0.08333333333333333,1,0.0,0.4551528564172413,2.1866445078175243,1.5694706443847606,0.0,0.27649269470213567,0.005994005994005994,0.995004995004995,1.611620937178252,7.7425463144496804,0.005994005994005994,0.995004995004995,1.611620937178252,7.7425463144496804,0.001998001998001998,0.999000999000999,2.4023622459783174,11.541424242191509,0.01098901098901099,0.99000999000999,1.432760383351318,6.883264773805369,0.013986013986013986,0.987012987012987,1.4371309018077718,18.84212665817927,5.0,24.0,5.0,0.24238831152341705,0.5954045954045954,0.4095904095904096,0.0,multi label image,screen,2009,2008-11,1707.0,17,True,B_s2_index,False,0.28241929967363005,L2,7,0.18946054333778825,3.41047034297321,1.611620937178252,7.7425463144496804,False,UNDETERMINED,SOURCE,SOURCE,SOURCE,SOURCE,UNDETERMINED,UNDETERMINED,UNDETERMINED,UNDETERMINED,UNDETERMINED,UNDETERMINED,,,False,below_nmin,30
c_509ba93dffc8,2015,6,1702,host,30,26,14,True,0.632116587572806,0.0865672541155061,0.048272850623316196,-0.022097883416721392,0.11864358466335378,2015,0.5,0.5652173913043478,23,0.5769230769230769,14,0.46153846153846156,0.11538461538461539,1,0.0,0.3509158893106059,1.0915182228466693,1.1347871538503795,0.0,0.22729003366799053,0.11188811188811189,0.8891108891108891,0.8584829098227824,2.670297266717925,0.11188811188811189,0.8891108891108891,0.8584829098227824,2.670297266717925,0.004995004995004995,0.996003996003996,1.852184540001871,5.761190185655739,0.03196803196803197,0.9690309690309691,1.1073640820456774,3.444438145144429,0.0999000999000999,0.9010989010989011,0.8660858786233694,4.41842024727279,10.0,26.0,9.0,0.24552651445958426,0.8261738261738262,0.17482517482517482,0.03361767767124939,multi label image,screen,2009,2008-11,1707.0,17,True,B_s2_index,False,0.4087628132085307,L2,7,0.18946054333778825,1.5464141236603417,0.8584829098227824,2.670297266717925,False,UNDETERMINED,UNDETERMINED,UNDETERMINED,UNDETERMINED,UNDETERMINED,UNDETERMINED,UNDETERMINED,UNDETERMINED,UNDETERMINED,UNDETERMINED,UNDETERMINED,,,False,below_nmin,30
c_509ba93dffc8,2016,7,1702,host,33,29,15,True,0.4441667025051724,0.0871479425889651,0.05062787326046146,-0.02020873142906804,0.12146447794999096,2016,0.4482758620689655,0.5,26,0.6206896551724138,16,0.4482758620689655,0.10344827586206896,2,0.0,0.21485729075832558,0.7860863085832117,1.29709162576418,0.010134751322575353,0.2103080092026807,0.23876123876123875,0.7622377622377622,0.6317615615167972,2.3113905608914553,0.23876123876123875,0.7622377622377622,0.6317615615167972,2.3113905608914553,0.03296703296703297,0.968031968031968,1.1340476859884097,4.149076608429769,0.1838161838161838,0.8171828171828172,0.678549817474681,2.4825721264839844,0.1938061938061938,0.8071928071928072,0.7159706948915086,5.086229424914077,13.0,29.0,13.0,0.3757240525095439,0.4355644355644356,0.5654345654345654,0.033595207640471976,multi label image,screen,2009,2008-11,1707.0,17,True,B_s2_index,True,0.34009237637452083,L2,6,0.18946054333778825,1.3060178156303084,0.6317615615167972,2.3113905608914553,False,UNDETERMINED,UNDETERMINED,UNDETERMINED,UNDETERMINED,UNDETERMINED,UNDETERMINED,UNDETERMINED,UNDETERMINED,UNDETERMINED,UNDETERMINED,UNDETERMINED,,,False,below_nmin,30
c_509ba93dffc8,2017,8,1702,host,42,36,16,True,0.6141305748270709,0.3157315312594815,0.11217655383316466,-0.017292029857533975,0.2416451375238633,2017,0.3888888888888889,0.4117647058823529,34,0.6944444444444444,21,0.41666666666666663,0.1388888888888889,2,0.0,0.33972932662547706,1.079499865618399,1.156103937652865,0.16242037180408253,0.46885217073460395,0.000999000999000999,1.0,2.934354228294123,9.323996331386303,0.000999000999000999,1.0,2.934354228294123,9.323996331386303,0.002997002997002997,0.998001998001998,1.7931402530593157,5.697755567468019,0.008991008991008992,0.9920079920079921,1.4798634874624716,4.702309487724727,0.01998001998001998,0.981018981018981,1.3088636285104833,9.76281680108921,15.0,36.0,21.0,0.5302359669531134,0.001998001998001998,0.999000999000999,0.1875,multi label image,screen,2009,2008-11,1707.0,17,True,B_s2_index,True,0.1157765219173888,L2,8,0.18946054333778825,5.3044482996758,2.934354228294123,9.323996331386303,False,SOURCE,SOURCE,SOURCE,SOURCE,SOURCE,SOURCE,SOURCE,SOURCE,SOURCE,SOURCE,SOURCE,0.000999000999000999,1.0,True,tested,30
c_5382c59edd3c,2014,3,1702,host,32,32,0,True,,0.7956063809515891,1.5346074893836934,0.5666519449564396,2.5025630338109472,2014,0.03125,0.04,25,0.1875,4,0.875,0.21875,5,,,,,,,,,,,,,,,,,,,,,,,,,,,,,,,,,,unsupervised feature learning,heldout_concept,2011,2008-11,1707.0,17,False,B_s2_index,False,0.28241929967363005,L2,7,0.18946054333778825,,,,True,UNDETERMINED,UNDETERMINED,UNDETERMINED,UNDETERMINED,UNDETERMINED,UNDETERMINED,UNDETERMINED,UNDETERMINED,UNDETERMINED,UNDETERMINED,UNDETERMINED,,,False,no_cohort_parents,30
c_5382c59edd3c,2014,3,1711,host,17,16,1,True,4.057628802172177,0.42033874254683196,0.90700285735695,-0.5309304421101482,2.344936156824048,2014,0.3125,0.3333333333333333,15,0.4375,7,0.5625,0.1875,3,0.341,0.976440720054304,6.115257604344353,1.8376523595619147,0.11779639972847794,0.75,0.34765234765234765,0.994005994005994,3.4574149896366873,21.653115107258177,0.34765234765234765,0.994005994005994,3.4574149896366873,21.653115107258177,0.34665334665334663,0.995004995004995,5.15379457301256,32.27720926273019,0.34865134865134867,0.993006993006993,3.073704933760462,19.250013936989504,0.34565434565434566,0.996003996003996,3.082192926197824,54.79705098721796,0.0,16.0,3.0,,,,,unsupervised feature learning,heldout_concept,2011,2008-11,1707.0,17,False,B_s2_index,False,0.28241929967363005,L2,7,0.18946054333778825,14.367392054513491,3.4574149896366873,21.653115107258177,False,UNDETERMINED,UNDETERMINED,UNDETERMINED,UNDETERMINED,UNDETERMINED,UNDETERMINED,UNDETERMINED,UNDETERMINED,UNDETERMINED,UNDETERMINED,UNDETERMINED,,,False,below_nmin,30
c_5382c59edd3c,2015,4,1702,host,47,47,9,True,0.0908416084659604,0.6970709206343928,1.0752483352198332,0.04180020658884476,2.108696463850822,2015,0.0425531914893617,0.05263157894736842,38,0.23404255319148937,6,0.8723404255319149,0.23404255319148937,5,0.0,0.0,0.2725248253978812,1.8354686492782875,0.363896653059867,1.0,0.991008991008991,0.00999000999000999,0.0,0.6667065021368576,0.991008991008991,0.00999000999000999,0.0,0.6667065021368576,0.8471528471528471,0.15384615384615385,0.0,1.438425228792879,0.9820179820179821,0.01898101898101898,0.0,0.859990135255076,0.957042957042957,0.04395604395604396,0.0,0.8989505360956086,9.0,47.0,2.0,0.1111111111111111,0.984015984015984,0.016983016983016984,0.0,unsupervised feature learning,heldout_concept,2011,2008-11,1707.0,17,False,B_s2_index,False,0.4087628132085307,L2,7,0.18946054333778825,0.22223550071228587,0.0,0.6667065021368576,True,FADING,FADING,FADING,FADING,FADING,FADING,UNDETERMINED,FADING,FADING,FADING,FADING,0.991008991008991,0.00999000999000999,True,tested,30
c_5382c59edd3c,2015,4,1711,host,21,21,1,True,0.0,0.5745374424205426,1.2443954779519157,0.04504126839669187,2.4437496875071396,2015,0.047619047619047616,0.05,20,0.47619047619047616,11,0.47619047619047616,0.14285714285714285,3,0.355,0.0,0.0,0.8472978603872037,0.3377540668798146,0.8069595161776482,1.0,0.35564435564435565,0.0,0.0,1.0,0.35564435564435565,0.0,0.0,1.0,0.35564435564435565,0.0,0.0,1.0,0.35564435564435565,0.0,0.0,1.0,0.35564435564435565,0.0,0.0,1.0,21.0,7.0,0.0,1.0,0.3546453546453546,0.7510162675192582,unsupervised feature learning,heldout_concept,2011,2008-11,1707.0,17,False,B_s2_index,False,0.4087628132085307,L2,7,0.4087628132085307,0.0,0.0,0.0,True,UNDETERMINED,UNDETERMINED,UNDETERMINED,UNDETERMINED,UNDETERMINED,UNDETERMINED,UNDETERMINED,UNDETERMINED,UNDETERMINED,UNDETERMINED,UNDETERMINED,,,False,below_nmin,30
c_5382c59edd3c,2015,4,2214,host,13,13,1,True,0.0,0.31947870350980795,1.2172400751106116,0.22117014931595058,2.2133100009052726,2015,0.38461538461538464,0.4166666666666667,12,0.46153846153846156,5,0.6153846153846154,0.15384615384615385,1,0.355,0.0,0.0,0.8472978603872037,0.1755081337596291,0.43877033439907276,1.0,0.35564435564435565,0.0,0.0,1.0,0.35564435564435565,0.0,0.0,1.0,0.35564435564435565,0.0,0.0,1.0,0.35564435564435565,0.0,0.0,1.0,0.35564435564435565,0.0,0.0,1.0,13.0,4.0,0.0,1.0,0.3646353646353646,0.42243448746036716,unsupervised feature learning,heldout_concept,2011,2008-11,1707.0,22,False,B_s2_index,False,0.18517297873379288,L2,4,0.20158599688842269,0.0,0.0,0.0,True,UNDETERMINED,UNDETERMINED,UNDETERMINED,UNDETERMINED,UNDETERMINED,UNDETERMINED,UNDETERMINED,UNDETERMINED,UNDETERMINED,UNDETERMINED,UNDETERMINED,,,False,below_nmin,30
c_5382c59edd3c,2015,4,2805,host,12,12,0,True,,1.0,1.2576472438412905,-0.020038625375729646,2.5353331130583108,2015,0.0,0.0,12,0.5,4,0.6666666666666667,0.25,1,,,,,,,,,,,,,,,,,,,,,,,,,,,,,,,,,,unsupervised feature learning,heldout_concept,2011,2008-11,1707.0,28,False,B_s2_index,False,0.28906348656172787,L3,6,0.28906348656172787,,,,False,UNDETERMINED,UNDETERMINED,UNDETERMINED,UNDETERMINED,UNDETERMINED,UNDETERMINED,UNDETERMINED,UNDETERMINED,UNDETERMINED,UNDETERMINED,UNDETERMINED,,,False,no_cohort_parents,30
c_5382c59edd3c,2016,5,1702,host,67,63,19,True,0.2009249724312444,0.5524942710620274,0.24114630706249457,0.11974398648783068,0.36254862763715845,2016,0.09523809523809523,0.11320754716981132,53,0.2857142857142857,13,0.7936507936507937,0.1746031746031746,5,0.0,0.05,0.42569853928651596,2.141708412873716,0.32383049989154367,0.7777777777777778,0.8701298701298701,0.13086913086913088,0.14701887920280332,1.2517144424834823,0.8701298701298701,0.13086913086913088,0.14701887920280332,1.2517144424834823,0.44755244755244755,0.5534465534465535,0.26390719206824637,2.24689812341317,0.8341658341658341,0.16683316683316685,0.15790709616596704,1.3444164036165516,0.7262737262737263,0.27472527472527475,0.17601286064259394,2.4797278863354846,19.0,63.0,9.0,0.1906557542737818,0.9140859140859141,0.08691308691308691,0.03432187898164958,unsupervised feature learning,heldout_concept,2011,2008-11,1707.0,17,False,B_s2_index,True,0.34009237637452083,L2,6,0.18946054333778825,0.5907952850139142,0.14701887920280332,1.2517144424834823,True,UNDETERMINED,UNDETERMINED,UNDETERMINED,UNDETERMINED,UNDETERMINED,UNDETERMINED,UNDETERMINED,UNDETERMINED,UNDETERMINED,UNDETERMINED,FADING,0.8701298701298701,0.13086913086913088,True,tested,30
c_5382c59edd3c,2016,5,1711,host,29,26,5,True,0.0,0.563070143586613,0.29401645962326745,-0.013216185827805094,0.60124910507434,2016,0.11538461538461539,0.13043478260869565,23,0.46153846153846156,13,0.5,0.07692307692307693,3,0.004,0.0,0.0,1.2237754316221159,0.348596669602328,0.7774964085940934,1.0,0.004995004995004995,0.0,0.0,1.0,0.004995004995004995,0.0,0.0,1.0,0.004995004995004995,0.0,0.0,1.0,0.004995004995004995,0.0,0.0,1.0,0.004995004995004995,0.0,0.0,5.0,26.0,10.0,0.0,1.0,0.005994005994005994,0.49963982549646513,unsupervised feature learning,heldout_concept,2011,2008-11,1707.0,17,False,B_s2_index,True,0.34009237637452083,L2,6,0.18946054333778825,0.0,0.0,0.0,False,UNDETERMINED,FADING,FADING,FADING,FADING,UNDETERMINED,UNDETERMINED,UNDETERMINED,UNDETERMINED,UNDETERMINED,UNDETERMINED,,,False,below_nmin,30
c_5382c59edd3c,2016,5,2214,host,19,18,4,True,0.5543923971432932,0.28951460536245666,0.3961015475441576,0.220685528125774,0.5715175669625412,2016,0.4444444444444444,0.47058823529411764,17,0.5,8,0.5555555555555556,0.16666666666666666,1,0.008,0.11631766317378979,2.0939095717239615,2.890497645140214,0.18082193328570834,0.39386672379251825,0.12387612387612387,0.8851148851148851,0.6309308828929481,11.357795357459382,0.10589410589410589,0.903096903096903,0.7335919043350106,13.205862878548748,0.12387612387612387,0.8851148851148851,0.6309308828929481,11.357795357459382,0.38161838161838163,0.6273726273726273,0.2838396930861716,5.109582104485137,0.1798201798201798,0.8291708291708292,0.485320690131611,12.2666066611104,3.0,18.0,7.0,0.0,1.0,0.03896103896103896,0.2870305462703949,unsupervised feature learning,heldout_concept,2011,2008-11,1707.0,22,False,B_s2_index,True,0.18435880431220825,L3,19,0.18435880431220825,3.007138168483887,0.6309308828929481,11.357795357459382,True,UNDETERMINED,UNDETERMINED,UNDETERMINED,UNDETERMINED,UNDETERMINED,UNDETERMINED,UNDETERMINED,UNDETERMINED,UNDETERMINED,UNDETERMINED,UNDETERMINED,,,False,below_nmin,30
c_5382c59edd3c,2016,5,2805,host,13,12,2,True,0.0,1.0,0.586781428164554,-0.7193690939539437,1.8929319502830517,2016,0.0,0.0,12,0.5,4,0.6666666666666667,0.3333333333333333,1,0.118,0.0,0.0,1.2892494493571525,1.0,1.0,1.0,0.11888111888111888,0.0,0.0,1.0,0.11888111888111888,0.0,0.0,1.0,0.11888111888111888,0.0,0.0,1.0,0.11888111888111888,0.0,0.0,1.0,0.11888111888111888,0.0,0.0,2.0,12.0,3.0,0.0,1.0,0.11788211788211789,1.0,unsupervised feature learning,heldout_concept,2011,2008-11,1707.0,28,False,B_s2_index,True,0.28043423928336925,L3,7,0.28043423928336925,0.0,0.0,0.0,False,UNDETERMINED,UNDETERMINED,UNDETERMINED,UNDETERMINED,UNDETERMINED,UNDETERMINED,UNDETERMINED,UNDETERMINED,UNDETERMINED,UNDETERMINED,UNDETERMINED,,,False,below_nmin,30
c_5382c59edd3c,2017,6,1702,host,79,70,27,True,0.1619607748438884,0.6186181602680509,0.12393161476907887,0.023421954228022707,0.22444127531013502,2017,0.1,0.12280701754385964,57,0.32857142857142857,16,0.7714285714285715,0.14285714285714285,5,0.0,0.056818009035695255,0.3191467613024271,1.7257981043667912,0.4308298530162865,0.8055836857911802,0.27172827172827174,0.7292707292707292,0.49075588119875624,2.756575823983995,0.27172827172827174,0.7292707292707292,0.49075588119875624,2.756575823983995,0.6403596403596403,0.36063936063936064,0.29989362447037166,1.6845025126599682,0.7842157842157842,0.21678321678321677,0.24749967227566583,1.3902056789875745,0.4745254745254745,0.5264735264735265,0.24273445632785895,2.915447830051651,28.0,70.0,16.0,0.24983572328524434,0.060939060939060936,0.9400599400599401,0.27072670856894415,unsupervised feature learning,heldout_concept,2011,2008-11,1707.0,17,False,B_s2_index,True,0.1157765219173888,L2,8,0.18946054333778825,1.3989086229369883,0.49075588119875624,2.756575823983995,True,UNDETERMINED,UNDETERMINED,UNDETERMINED,UNDETERMINED,UNDETERMINED,UNDETERMINED,UNDETERMINED,UNDETERMINED,UNDETERMINED,UNDETERMINED,SOURCE,0.27172827172827174,0.7292707292707292,True,tested,30
c_5382c59edd3c,2017,6,1711,host,29,28,13,True,0.07692307692307693,0.582494491664123,0.20234070507041022,-0.1811493807594375,0.5858307909002579,2017,0.10714285714285714,0.12,25,0.5357142857142857,16,0.4285714285714286,0.07142857142857142,3,0.0,0.0,0.25,2.11021320034659,0.37983016902827427,0.7769138648464837,0.7132867132867133,0.28771228771228774,0.0,2.159332443743517,0.7132867132867133,0.28771228771228774,0.0,2.159332443743517,0.8841158841158842,0.11688311688311688,0.0,1.3195359603412318,0.9280719280719281,0.07292707292707293,0.0,1.0890018696368657,0.7582417582417582,0.24275724275724275,0.0,2.2485762012065322,13.0,28.0,12.0,0.07692307692307693,0.7292707292707292,0.27172827172827174,0.575107883490102,unsupervised feature learning,heldout_concept,2011,2008-11,1707.0,17,False,B_s2_index,True,0.1157765219173888,L2,8,0.18946054333778825,0.6644099826903129,0.0,2.159332443743517,False,UNDETERMINED,UNDETERMINED,UNDETERMINED,UNDETERMINED,UNDETERMINED,UNDETERMINED,UNDETERMINED,UNDETERMINED,UNDETERMINED,UNDETERMINED,UNDETERMINED,,,False,below_nmin,30
c_5382c59edd3c,2017,6,2214,host,26,25,6,True,0.7831234213855157,0.2105560766272412,0.38710206939563613,0.20918617023214645,0.5650179685591258,2017,0.44,0.4583333333333333,24,0.52,11,0.56,0.16,1,0.0,0.31493873521015525,2.090551367027953,1.8928038908960976,0.11023750565411641,0.31017290848913287,0.04695304695304695,0.954045954045954,1.0400196617600947,6.903611028277245,0.04695304695304695,0.954045954045954,1.0400196617600947,6.903611028277245,0.04695304695304695,0.954045954045954,1.0400196617600947,6.903611028277245,0.16783216783216784,0.8331668331668332,0.672147944925148,4.461692538933482,0.03396603396603397,0.967032967032967,1.1195665646241555,11.620002877395407,5.0,25.0,10.0,0.5359481106037381,0.2177822177822178,0.7882117882117882,0.16318100149427514,unsupervised feature learning,heldout_concept,2011,2008-11,1707.0,22,False,B_s2_index,True,0.3028199819579982,L2,5,0.3028199819579982,2.5861021994715547,1.0400196617600947,6.903611028277245,True,UNDETERMINED,UNDETERMINED,UNDETERMINED,UNDETERMINED,UNDETERMINED,UNDETERMINED,UNDETERMINED,UNDETERMINED,UNDETERMINED,UNDETERMINED,UNDETERMINED,,,False,below_nmin,30
c_5382c59edd3c,2017,6,2805,host,18,18,5,True,0.0,0.8364851047612714,0.9506202517570277,-0.1808871748027674,2.082127678316823,2017,0.05555555555555555,0.058823529411764705,17,0.3888888888888889,5,0.7222222222222222,0.2777777777777778,1,0.004,0.0,0.0,1.2237754316221159,0.5912127619031782,1.0,1.0,0.004995004995004995,0.0,0.0,1.0,0.004995004995004995,0.0,0.0,1.0,0.004995004995004995,0.0,0.0,1.0,0.004995004995004995,0.0,0.0,1.0,0.004995004995004995,0.0,0.0,5.0,18.0,4.0,0.0,1.0,0.005994005994005994,0.45495034920423755,unsupervised feature learning,heldout_concept,2011,2008-11,1707.0,28,False,B_s2_index,True,0.29303769447377115,L3,8,0.29303769447377115,0.0,0.0,0.0,False,UNDETERMINED,SINK,SINK,SINK,UNDETERMINED,UNDETERMINED,UNDETERMINED,UNDETERMINED,UNDETERMINED,UNDETERMINED,UNDETERMINED,,,False,below_nmin,30
c_5382c59edd3c,2017,6,2207,host,14,14,0,True,,0.4816398938027976,1.7175953639886723,0.9841840228423863,2.4510067051349584,2017,0.35714285714285715,0.38461538461538464,13,0.7142857142857143,9,0.3571428571428571,0.07142857142857142,0,,,,,,,,,,,,,,,,,,,,,,,,,,,,,,,,,,unsupervised feature learning,heldout_concept,2011,2008-11,1707.0,22,False,B_s2_index,True,0.3028199819579982,L2,5,0.3028199819579982,,,,True,UNDETERMINED,UNDETERMINED,UNDETERMINED,UNDETERMINED,UNDETERMINED,UNDETERMINED,UNDETERMINED,UNDETERMINED,UNDETERMINED,UNDETERMINED,UNDETERMINED,,,False,no_cohort_parents,30
c_5382c59edd3c,2017,6,1710,host,10,10,1,True,0.0,1.0,0.9695347708260658,-0.08580755481675828,2.02487709646889,2017,0.0,0.0,7,0.4,1,0.9,0.3,0,0.324,0.0,0.0,0.8472978603872037,1.0,1.0,1.0,0.3246753246753247,0.0,0.0,1.0,0.3246753246753247,0.0,0.0,1.0,0.3246753246753247,0.0,0.0,1.0,0.3246753246753247,0.0,0.0,1.0,0.3246753246753247,0.0,0.0,1.0,10.0,0.0,0.0,,,,unsupervised feature learning,heldout_concept,2011,2008-11,1707.0,17,False,B_s2_index,True,0.1157765219173888,L2,8,0.18946054333778825,0.0,0.0,0.0,False,UNDETERMINED,UNDETERMINED,UNDETERMINED,UNDETERMINED,UNDETERMINED,UNDETERMINED,UNDETERMINED,UNDETERMINED,UNDETERMINED,UNDETERMINED,UNDETERMINED,,,False,below_nmin,30
c_5382c59edd3c,2018,7,1702,host,84,74,33,True,0.1355629611060431,0.6948945282144408,0.060245900917606274,-0.07818943135663504,0.1986812331918476,2018,0.08108108108108109,0.09836065573770492,61,0.3918918918918919,20,0.7297297297297297,0.13513513513513514,6,0.0,0.04208826294046632,0.25379406998885035,1.7967553272455752,0.5210110032794887,0.8571428571428571,0.5354645354645354,0.46553446553446554,0.3268417849190434,1.9708702864349055,0.5354645354645354,0.46553446553446554,0.3268417849190434,1.9708702864349055,0.5354645354645354,0.46553446553446554,0.3268417849190434,1.9708702864349055,0.99000999000999,0.01098901098901099,0.13292070767197442,0.8015176923216312,0.5294705294705294,0.47152847152847155,0.19946213857107567,2.511687884092838,34.0,74.0,21.0,0.23811873669709638,0.08291708291708291,0.9180819180819181,0.3590238182538789,unsupervised feature learning,heldout_concept,2011,2008-11,1707.0,17,False,B_s2_index,True,0.1287725893153206,L2,7,0.1287725893153206,1.05273149997858,0.3268417849190434,1.9708702864349055,False,UNDETERMINED,UNDETERMINED,UNDETERMINED,UNDETERMINED,UNDETERMINED,UNDETERMINED,UNDETERMINED,UNDETERMINED,UNDETERMINED,SINK,SOURCE,0.5354645354645354,0.46553446553446554,True,tested,30
c_5382c59edd3c,2018,7,1711,host,30,26,17,True,0.15426231360010909,0.6213274577750646,-0.17806937314628002,-0.43845488967632806,0.08231614338376803,2018,0.11538461538461539,0.125,24,0.5384615384615384,15,0.42307692307692313,0.07692307692307693,3,0.0,0.03112296656009273,0.35383475050901864,2.3795900483271133,0.40922398974045915,0.8088981998642389,0.42157842157842157,0.5794205794205795,0.24168937446682145,2.7477489766288445,0.42157842157842157,0.5794205794205795,0.24168937446682145,2.7477489766288445,0.42157842157842157,0.5794205794205795,0.24168937446682145,2.7477489766288445,0.922077922077922,0.07892107892107893,0.09829074547149477,1.1174603595097712,0.4645354645354645,0.5364635364635365,0.10679236877405898,3.4038645328248887,17.0,26.0,12.0,0.15426231360010909,0.43156843156843155,0.5694305694305695,0.5836551513810985,unsupervised feature learning,heldout_concept,2011,2008-11,1707.0,17,False,B_s2_index,True,0.1287725893153206,L2,7,0.1287725893153206,1.1979437116261813,0.24168937446682145,2.7477489766288445,False,UNDETERMINED,UNDETERMINED,UNDETERMINED,UNDETERMINED,UNDETERMINED,UNDETERMINED,UNDETERMINED,UNDETERMINED,UNDETERMINED,UNDETERMINED,UNDETERMINED,,,False,below_nmin,30
c_5382c59edd3c,2018,7,2214,host,29,26,11,True,0.8803530142818498,0.23686548877854663,0.15196637241624553,-0.08928111446069253,0.3932138592931836,2018,0.5,0.5,26,0.6153846153846154,14,0.46153846153846156,0.11538461538461539,1,0.0,0.5010563357833757,1.565100068760599,1.1389860973518053,0.11736387006073273,0.3767590185172276,0.000999000999000999,1.0,3.1544250289919824,9.853165157679873,0.000999000999000999,1.0,3.1544250289919824,9.853165157679873,0.000999000999000999,1.0,3.1544250289919824,9.853165157679873,0.022977022977022976,0.978021978021978,1.1593459330727653,3.621334109532096,0.004995004995004995,0.996003996003996,1.884225454319015,9.535412585825577,10.0,26.0,13.0,0.7800443261338075,0.000999000999000999,1.0,0.1702608379421822,unsupervised feature learning,heldout_concept,2011,2008-11,1707.0,22,False,B_s2_index,True,0.15884236625636072,L2,4,0.15884236625636072,5.542306092702121,3.1544250289919824,9.853165157679873,False,UNDETERMINED,SOURCE,SOURCE,SOURCE,SOURCE,UNDETERMINED,UNDETERMINED,UNDETERMINED,UNDETERMINED,UNDETERMINED,UNDETERMINED,,,False,below_nmin,30
c_5382c59edd3c,2018,7,2207,host,24,24,1,True,0.0,0.4343158746033224,1.690408372939975,0.9362612867615046,2.4445554591184457,2018,0.4166666666666667,0.43478260869565216,23,0.75,17,0.29166666666666663,0.041666666666666664,0,0.367,0.0,0.0,0.8472978603872037,0.2543414139346004,0.6111111111111112,1.0,0.3676323676323676,0.0,0.0,1.0,0.3676323676323676,0.0,0.0,1.0,0.3676323676323676,0.0,0.0,1.0,0.3676323676323676,0.0,0.0,1.0,0.3676323676323676,0.0,0.0,1.0,24.0,15.0,0.0,1.0,0.37462537462537465,0.15660095992937545,unsupervised feature learning,heldout_concept,2011,2008-11,1707.0,22,False,B_s2_index,True,0.15884236625636072,L2,4,0.15884236625636072,0.0,0.0,0.0,True,UNDETERMINED,UNDETERMINED,UNDETERMINED,UNDETERMINED,UNDETERMINED,UNDETERMINED,UNDETERMINED,UNDETERMINED,UNDETERMINED,UNDETERMINED,UNDETERMINED,,,False,below_nmin,30
c_5382c59edd3c,2018,7,2805,host,21,19,11,True,0.07432495238124033,0.8364851047612714,0.03502998105492575,-0.3428398699010312,0.41289983201088276,2018,0.05263157894736842,0.05555555555555555,18,0.3684210526315789,5,0.736842105263158,0.3157894736842105,1,0.0,0.0,0.23359270748389818,1.9131195835083536,0.5912127619031782,1.0,0.984015984015984,0.016983016983016984,0.0,0.7642711321448731,0.983016983016983,0.017982017982017984,0.0,0.8329678575655689,0.984015984015984,0.016983016983016984,0.0,0.7642711321448731,0.99000999000999,0.01098901098901099,0.0,0.7377189224865703,0.9560439560439561,0.04495504495504495,0.0,0.9735162992164601,11.0,19.0,5.0,0.07432495238124033,0.9690309690309691,0.03196803196803197,0.5328145850322036,unsupervised feature learning,heldout_concept,2011,2008-11,1707.0,28,False,B_s2_index,True,0.3056411496641731,L3,7,0.3056411496641731,0.24317717840973235,0.0,0.7642711321448731,False,UNDETERMINED,SINK,SINK,SINK,UNDETERMINED,UNDETERMINED,UNDETERMINED,UNDETERMINED,UNDETERMINED,UNDETERMINED,UNDETERMINED,,,False,below_nmin,30
c_5382c59edd3c,2018,7,1710,host,13,12,4,True,0.0,1.0,0.5923874319670248,-0.4291401061053939,1.6139149700394435,2018,0.0,0.0,7,0.3333333333333333,1,0.9166666666666666,0.25,0,0.007,0.0,0.0,1.6094379124341003,1.0,1.0,1.0,0.007992007992007992,0.0,0.0,1.0,0.007992007992007992,0.0,0.0,1.0,0.007992007992007992,0.0,0.0,1.0,0.007992007992007992,0.0,0.0,1.0,0.007992007992007992,0.0,0.0,4.0,12.0,0.0,0.0,,,,unsupervised feature learning,heldout_concept,2011,2008-11,1707.0,17,False,B_s2_index,True,0.1287725893153206,L2,7,0.18946054333778825,0.0,0.0,0.0,False,UNDETERMINED,SINK,SINK,UNDETERMINED,UNDETERMINED,UNDETERMINED,UNDETERMINED,UNDETERMINED,UNDETERMINED,UNDETERMINED,UNDETERMINED,,,False,below_nmin,30
c_5382c59edd3c,2018,7,2208,host,10,10,0,True,,0.4,1.3181734679386798,0.6681508801407703,1.9681960557365894,2018,0.3,0.3,10,0.5,5,0.5,0.1,0,,,,,,,,,,,,,,,,,,,,,,,,,,,,,,,,,,unsupervised feature learning,heldout_concept,2011,2008-11,1707.0,22,False,B_s2_index,True,0.15884236625636072,L2,4,0.20158599688842269,,,,True,UNDETERMINED,UNDETERMINED,UNDETERMINED,UNDETERMINED,UNDETERMINED,UNDETERMINED,UNDETERMINED,UNDETERMINED,UNDETERMINED,UNDETERMINED,UNDETERMINED,,,False,no_cohort_parents,30
c_5382c59edd3c,2019,8,1702,host,92,83,43,True,0.07661399466140273,0.6771768438313098,0.022546143225178755,-0.11672082819639887,0.16181311464675638,2019,0.060240963855421686,0.07462686567164178,67,0.37349397590361444,22,0.7349397590361446,0.12048192771084337,6,0.0,0.021373893817182004,0.14436152664993857,1.9101497748386906,0.5042464905877931,0.8254313319530711,1.0,0.000999000999000999,0.08633960920338214,0.583146800558151,1.0,0.000999000999000999,0.08633960920338214,0.583146800558151,0.996003996003996,0.004995004995004995,0.1128144860171471,0.761960902817412,1.0,0.000999000999000999,0.04945499158719796,0.3340242141676853,0.957042957042957,0.04395604395604396,0.08243855125119458,0.9317209840301854,44.0,83.0,25.0,0.16578185841909812,0.8891108891108891,0.11188811188811189,0.3609757142593221,unsupervised feature learning,heldout_concept,2011,2008-11,1707.0,17,False,B_s2_index,False,0.24755606394781707,L2,6,0.18946054333778825,0.30948138954718707,0.08633960920338214,0.583146800558151,False,SINK,SINK,SINK,SINK,SINK,SINK,SINK,SINK,SINK,SINK,UNDETERMINED,1.0,0.001998001998001998,True,tested,30
c_5382c59edd3c,2019,8,2214,host,35,33,14,True,0.725330100428861,0.2591393086133506,0.17481471996667214,-0.06735157269046146,0.4169810126238057,2019,0.45454545454545453,0.45454545454545453,33,0.6363636363636364,18,0.4545454545454546,0.12121212121212122,1,0.0,0.41391407462518126,1.272458221963459,1.1230463779810376,0.12779987450706118,0.4070075816024417,0.04995004995004995,0.951048951048951,1.0160910232023828,3.1236757964994255,0.04995004995004995,0.951048951048951,1.0160910232023828,3.1236757964994255,0.04995004995004995,0.951048951048951,1.0160910232023828,3.1236757964994255,0.05094905094905095,0.9500499500499501,1.0012703566419305,3.0781139753970534,0.04895104895104895,0.952047952047952,1.0141122466836183,6.182654398732525,14.0,33.0,18.0,0.7880814142112123,0.03196803196803197,0.9690309690309691,0.1909768867639677,unsupervised feature learning,heldout_concept,2011,2008-11,1707.0,22,False,B_s2_index,False,0.4073592475216059,L2,5,0.4073592475216059,1.7805661829007338,1.0160910232023828,3.1236757964994255,False,SOURCE,UNDETERMINED,UNDETERMINED,UNDETERMINED,SOURCE,SOURCE,SOURCE,SOURCE,SOURCE,UNDETERMINED,SOURCE,0.0999000999000999,0.951048951048951,True,tested,30
c_5382c59edd3c,2019,8,1711,host,29,21,21,True,0.16141727588490268,0.5854028620320804,-0.26134448581346775,-0.45658655079926197,-0.06610242082767354,2019,0.19047619047619047,0.2222222222222222,18,0.5714285714285714,13,0.38095238095238093,0.0,3,0.0,0.038273827468771615,0.31117201009278755,2.095635256559197,0.3720439918432285,0.8,0.8551448551448552,0.14585414585414586,0.1546067054808217,1.2569759153966038,0.8551448551448552,0.14585414585414586,0.1546067054808217,1.2569759153966038,0.6453546453546454,0.35564435564435565,0.20201476673976068,1.6424106286763918,0.997002997002997,0.003996003996003996,0.0885581182197303,0.7199909044621247,0.7492507492507493,0.2517482517482518,0.14469438493488504,2.0471331483699102,21.0,21.0,11.0,0.16141727588490268,0.8621378621378621,0.13886113886113885,0.46858521090913,unsupervised feature learning,heldout_concept,2011,2008-11,1707.0,17,False,B_s2_index,False,0.24755606394781707,L2,6,0.18946054333778825,0.6520433121724225,0.1546067054808217,1.2569759153966038,False,UNDETERMINED,UNDETERMINED,UNDETERMINED,UNDETERMINED,UNDETERMINED,UNDETERMINED,UNDETERMINED,UNDETERMINED,UNDETERMINED,UNDETERMINED,UNDETERMINED,,,False,below_nmin,30
c_5382c59edd3c,2019,8,2207,host,28,28,5,True,1.95590207983073,0.369168493412824,1.11571826529284,0.09953847176343444,2.1318980588222454,2019,0.4642857142857143,0.48148148148148145,27,0.75,20,0.2857142857142857,0.03571428571428571,0,0.003,0.8999968755130732,5.881986461103029,1.8772646647690143,0.2032407216020868,0.5264705882352939,0.003996003996003996,1.0,2.209344407887385,14.439310011714058,0.003996003996003996,1.0,2.209344407887385,14.439310011714058,0.003996003996003996,1.0,4.464580325047176,29.178546882691922,0.003996003996003996,1.0,2.177118991031225,14.228698763154695,0.003996003996003996,1.0,2.293090471248655,28.09687834262929,5.0,28.0,18.0,1.95590207983073,0.004995004995004995,0.999000999000999,0.1373387673073634,unsupervised feature learning,heldout_concept,2011,2008-11,1707.0,22,False,B_s2_index,False,0.4073592475216059,L2,5,0.20158599688842269,4.8014181382417025,2.209344407887385,14.439310011714058,True,UNDETERMINED,SOURCE,SOURCE,SOURCE,SOURCE,UNDETERMINED,UNDETERMINED,UNDETERMINED,UNDETERMINED,UNDETERMINED,UNDETERMINED,,,False,below_nmin,30
c_5382c59edd3c,2019,8,2805,host,21,18,10,True,0.08175744761936436,0.8364851047612714,-0.10624128031715516,-0.4831824807542472,0.27069992011993693,2019,0.05555555555555555,0.058823529411764705,17,0.2777777777777778,5,0.7222222222222222,0.2222222222222222,1,0.0,0.0,0.30659042857261637,2.1135943350098505,0.5328145850322036,1.0,0.9460539460539461,0.054945054945054944,0.0,1.0014612951720445,0.9460539460539461,0.054945054945054944,0.0,1.0462491152313453,0.9460539460539461,0.054945054945054944,0.0,1.0014612951720445,0.989010989010989,0.011988011988011988,0.0,0.7093900248341936,0.951048951048951,0.04995004995004995,0.0,0.9605851288558227,10.0,18.0,5.0,0.08175744761936436,0.961038961038961,0.03996003996003996,0.5912127619031782,unsupervised feature learning,heldout_concept,2011,2008-11,1707.0,28,False,B_s2_index,False,0.30614306319241835,L3,6,0.30614306319241835,0.26705634537921186,0.0,1.0014612951720445,False,UNDETERMINED,UNDETERMINED,UNDETERMINED,UNDETERMINED,UNDETERMINED,UNDETERMINED,UNDETERMINED,UNDETERMINED,UNDETERMINED,UNDETERMINED,UNDETERMINED,,,False,below_nmin,30
c_5382c59edd3c,2019,8,1710,host,14,14,4,True,0.0,1.0,0.7094136145023381,-0.23410272593413983,1.652929954938816,2019,0.0,0.0,9,0.2857142857142857,1,0.9285714285714286,0.21428571428571427,0,0.01,0.0,0.0,1.0986122886681098,1.0,1.0,1.0,0.01098901098901099,0.0,0.0,1.0,0.01098901098901099,0.0,0.0,1.0,0.01098901098901099,0.0,0.0,1.0,0.01098901098901099,0.0,0.0,1.0,0.01098901098901099,0.0,0.0,4.0,14.0,0.0,0.0,,,,unsupervised feature learning,heldout_concept,2011,2008-11,1707.0,17,False,B_s2_index,False,0.24755606394781707,L2,6,0.24755606394781707,0.0,0.0,0.0,False,UNDETERMINED,SINK,SINK,UNDETERMINED,UNDETERMINED,UNDETERMINED,UNDETERMINED,UNDETERMINED,UNDETERMINED,UNDETERMINED,UNDETERMINED,,,False,below_nmin,30
c_5382c59edd3c,2019,8,2208,host,12,12,2,True,0.0,0.3637375873010594,1.105296639859007,0.29828624269289006,1.9123070370251238,2019,0.3333333333333333,0.3333333333333333,12,0.5,6,0.5,0.08333333333333333,0,0.088,0.0,0.0,1.0986122886681098,0.030404253967726058,0.6970709206343928,1.0,0.08891108891108891,0.0,0.0,1.0,0.08891108891108891,0.0,0.0,1.0,0.08891108891108891,0.0,0.0,1.0,0.08891108891108891,0.0,0.0,1.0,0.08891108891108891,0.0,0.0,2.0,12.0,6.0,0.0,1.0,0.12187812187812187,0.04560638095158909,unsupervised feature learning,heldout_concept,2011,2008-11,1707.0,22,False,B_s2_index,False,0.4073592475216059,L1,3,0.20158599688842269,0.0,0.0,0.0,True,UNDETERMINED,UNDETERMINED,UNDETERMINED,UNDETERMINED,UNDETERMINED,UNDETERMINED,UNDETERMINED,UNDETERMINED,UNDETERMINED,UNDETERMINED,UNDETERMINED,,,False,below_nmin,30
c_55c5e5df6bab,2013,5,2202,host,10,10,1,True,0.0,1.0,0.7145418229037969,0.07715371270282767,1.351929933104766,2013,0.0,0.0,9,0.1,3,0.7,0.0,0,0.359,0.0,0.0,0.8472978603872037,1.0,1.0,1.0,0.3596403596403596,0.0,0.0,1.0,0.3596403596403596,0.0,0.0,1.0,0.3596403596403596,0.0,0.0,1.0,0.3596403596403596,0.0,0.0,1.0,0.3596403596403596,0.0,0.0,1.0,10.0,3.0,0.0,1.0,0.3276723276723277,1.0,rf energy harvesting,screen,2008,2008-11,2208.0,22,False,A_openalex_native,False,0.09938876257415502,L2,6,0.20158599688842269,0.0,0.0,0.0,True,UNDETERMINED,UNDETERMINED,UNDETERMINED,UNDETERMINED,UNDETERMINED,UNDETERMINED,UNDETERMINED,UNDETERMINED,UNDETERMINED,UNDETERMINED,UNDETERMINED,,,False,below_nmin,30
c_55c5e5df6bab,2014,6,2202,host,13,12,3,True,0.0,0.75,0.46877800026671135,-0.17233959847758695,1.1098955990110095,2014,0.08333333333333333,0.09090909090909091,11,0.16666666666666666,4,0.6666666666666667,0.0,0,0.04,0.0,0.0,1.466337068793427,0.3333333333333333,1.0,1.0,0.04095904095904096,0.0,0.0,1.0,0.04095904095904096,0.0,0.0,1.0,0.04095904095904096,0.0,0.0,1.0,0.04095904095904096,0.0,0.0,1.0,0.04095904095904096,0.0,0.0,3.0,12.0,4.0,0.0,1.0,0.03296703296703297,0.3333333333333333,rf energy harvesting,screen,2008,2008-11,2208.0,22,False,A_openalex_native,False,0.22049389964256247,L2,4,0.20158599688842269,0.0,0.0,0.0,False,UNDETERMINED,FADING,FADING,UNDETERMINED,UNDETERMINED,UNDETERMINED,UNDETERMINED,UNDETERMINED,UNDETERMINED,UNDETERMINED,UNDETERMINED,,,False,below_nmin,30
c_55c5e5df6bab,2015,7,2202,host,19,19,4,True,0.25,0.8571428571428571,0.6640106353109647,0.13182902286898723,1.196192247752942,2015,0.05263157894736842,0.05555555555555555,18,0.2631578947368421,7,0.631578947368421,0.0,0,0.014,0.0,1.0,2.5649493574615367,0.6,1.0,0.46853146853146854,0.5464535464535465,0.0,5.4003559635858815,0.46853146853146854,0.5464535464535465,0.0,5.4003559635858815,0.5294705294705294,0.4855144855144855,0.0,4.960662027300921,0.7452547452547452,0.26973026973026976,0.0,2.4740633844328253,0.5014985014985015,0.5134865134865135,0.0,43.956014157060814,4.0,19.0,7.0,0.25,0.45254745254745254,0.5624375624375625,0.6,rf energy harvesting,screen,2008,2008-11,2208.0,22,False,A_openalex_native,False,0.18517297873379288,L2,4,0.20158599688842269,1.3500889908964704,0.0,5.4003559635858815,True,UNDETERMINED,UNDETERMINED,UNDETERMINED,UNDETERMINED,UNDETERMINED,UNDETERMINED,UNDETERMINED,UNDETERMINED,UNDETERMINED,UNDETERMINED,UNDETERMINED,,,False,below_nmin,30
c_55c5e5df6bab,2016,8,2202,host,29,27,9,True,0.1111111111111111,0.9090909090909091,0.2785490641079605,0.11668726910656074,0.44041085910936023,2016,0.037037037037037035,0.043478260869565216,23,0.3333333333333333,11,0.5925925925925926,0.0,0,0.0,0.0,0.4,2.3025850929940455,0.75,1.0,0.7672327672327672,0.23376623376623376,0.0,2.1696821125103813,0.6973026973026973,0.3036963036963037,0.0,2.522718852214057,0.7672327672327672,0.23376623376623376,0.0,2.1696821125103813,0.952047952047952,0.04895104895104895,0.0,0.9760845785290158,0.7852147852147852,0.2177822177822178,0.0,2.236311015544923,9.0,27.0,11.0,0.1111111111111111,0.7682317682317682,0.23276723276723277,0.7491666666666668,rf energy harvesting,screen,2008,2008-11,2208.0,22,False,A_openalex_native,True,0.18435880431220825,L3,19,0.18435880431220825,0.6026894756973281,0.0,2.1696821125103813,True,UNDETERMINED,UNDETERMINED,UNDETERMINED,UNDETERMINED,UNDETERMINED,UNDETERMINED,UNDETERMINED,UNDETERMINED,UNDETERMINED,UNDETERMINED,UNDETERMINED,,,False,below_nmin,30
c_5891791e366f,2019,5,3104,host,10,10,1,True,0.0,1.0,1.7563702950135742,0.7577125030839413,2.755028086943207,2019,0.0,0.0,2,0.2,1,0.9,0.1,0,0.309,0.0,0.0,0.8472978603872037,1.0,1.0,1.0,0.3096903096903097,0.0,0.0,1.0,0.3096903096903097,0.0,0.0,1.0,0.3096903096903097,0.0,0.0,1.0,0.3096903096903097,0.0,0.0,1.0,0.3096903096903097,0.0,0.0,1.0,10.0,1.0,0.0,1.0,0.35364635364635366,1.0,interfacial dzyaloshinskii moriya interaction,screen,2014,2012-16,3107.0,31,False,A_openalex_native,False,0.4114343185090953,L3,4,0.4114343185090953,0.0,0.0,0.0,True,UNDETERMINED,UNDETERMINED,UNDETERMINED,UNDETERMINED,UNDETERMINED,UNDETERMINED,UNDETERMINED,UNDETERMINED,UNDETERMINED,UNDETERMINED,UNDETERMINED,,,False,below_nmin,30
c_592b396b9fa6,2017,6,3104,host,12,12,5,True,0.0,0.7927189678538885,1.0953331903832408,-0.15131454013698908,2.3419809209034708,2017,0.16666666666666666,0.25,8,0.4166666666666667,6,0.5,0.0,1,0.001,0.0,0.0,1.2237754316221159,0.5,1.0,1.0,0.001998001998001998,0.0,0.0,1.0,0.001998001998001998,0.0,0.0,1.0,0.001998001998001998,0.0,0.0,1.0,0.001998001998001998,0.0,0.0,1.0,0.001998001998001998,0.0,0.0,5.0,12.0,6.0,0.0,1.0,0.002997002997002997,0.5,chern insulator,heldout_concept,2011,2008-11,3107.0,31,True,B_s2_index,True,0.42903170310983996,L3,7,0.42903170310983996,0.0,0.0,0.0,False,UNDETERMINED,FADING,FADING,UNDETERMINED,UNDETERMINED,UNDETERMINED,UNDETERMINED,UNDETERMINED,UNDETERMINED,UNDETERMINED,UNDETERMINED,,,False,below_nmin,30
c_592b396b9fa6,2018,7,3104,host,15,13,6,True,0.04061436547944471,0.8223305438747616,0.11219961004042858,-0.14166596470390766,0.3660651847847648,2018,0.15384615384615385,0.2222222222222222,9,0.46153846153846156,7,0.46153846153846156,0.0,1,0.002,0.0,0.16245746191777885,1.6739764335716718,0.5944151173879259,1.0,1.0,0.002997002997002997,0.0,0.3948563710156024,1.0,0.002997002997002997,0.0,0.30120324193773784,1.0,0.002997002997002997,0.0,0.3948563710156024,0.997002997002997,0.005994005994005994,0.0,0.5130637212385926,0.996003996003996,0.006993006993006993,0.0,0.5679911090726089,6.0,13.0,7.0,0.04461387148255711,0.997002997002997,0.003996003996003996,0.5774389237015524,chern insulator,heldout_concept,2011,2008-11,3107.0,31,True,B_s2_index,True,0.4114343185090953,L3,6,0.4114343185090953,0.0987140927539006,0.0,0.3948563710156024,False,UNDETERMINED,SINK,SINK,UNDETERMINED,UNDETERMINED,UNDETERMINED,UNDETERMINED,UNDETERMINED,UNDETERMINED,UNDETERMINED,UNDETERMINED,,,False,below_nmin,30
c_592b396b9fa6,2019,8,3104,host,17,14,6,True,0.20728103214611138,0.8491703050633674,0.15515913498345618,-0.09445466488981427,0.4047729348567266,2019,0.21428571428571427,0.2727272727272727,11,0.6428571428571429,10,0.2857142857142857,0.0,1,0.001,0.0,0.5,2.510486264854442,0.6760427938759651,0.975631380712333,0.8951048951048951,0.1068931068931069,0.0,1.2152608022875633,0.916083916083916,0.08591408591408592,0.0,1.165415041302882,0.8951048951048951,0.1068931068931069,0.0,1.2152608022875633,0.916083916083916,0.08591408591408592,0.0,1.1569017795775278,0.7792207792207793,0.22277722277722278,0.0,1.8285111104064262,6.0,14.0,10.0,0.2161537904126091,0.8971028971028971,0.1048951048951049,0.6755784995986103,chern insulator,heldout_concept,2011,2008-11,3107.0,31,True,B_s2_index,False,0.4114343185090953,L3,4,0.4114343185090953,0.503801026849755,0.0,1.2152608022875633,False,UNDETERMINED,UNDETERMINED,UNDETERMINED,UNDETERMINED,UNDETERMINED,UNDETERMINED,UNDETERMINED,UNDETERMINED,UNDETERMINED,UNDETERMINED,UNDETERMINED,,,False,below_nmin,30
c_592b396b9fa6,2019,8,2505,host,17,16,3,True,0.0,0.8876318520750687,0.3845492637078486,0.18554106744356702,0.5835574599721302,2019,0.0625,0.08333333333333333,12,0.625,10,0.375,0.0625,1,0.041,0.0,0.0,1.466337068793427,0.6961676775627752,1.0,1.0,0.04195804195804196,0.0,0.0,1.0,0.04195804195804196,0.0,0.0,1.0,0.04195804195804196,0.0,0.0,1.0,0.04195804195804196,0.0,0.0,1.0,0.04195804195804196,0.0,0.0,3.0,16.0,11.0,0.0,1.0,0.04495504495504495,0.7449531206792409,chern insulator,heldout_concept,2011,2008-11,3107.0,25,True,B_s2_index,False,0.3126026689018193,L4,28,0.3126026689018193,0.0,0.0,0.0,True,UNDETERMINED,SINK,SINK,SINK,UNDETERMINED,UNDETERMINED,UNDETERMINED,UNDETERMINED,UNDETERMINED,UNDETERMINED,UNDETERMINED,,,False,below_nmin,30
c_59fffeba892f,2012,6,2208,host,12,12,1,True,1.0,0.0,1.1290499521920718,-0.013255725001954932,2.2713556293860986,2012,0.08333333333333333,0.09090909090909091,11,0.25,1,0.9166666666666666,0.16666666666666666,1,0.37,0.0,3.0,3.0445224377234235,0.0,0.0,0.5764235764235764,0.7942057942057942,0.0,16.195034179471964,0.5764235764235764,0.7942057942057942,0.0,26.01646839058616,0.5764235764235764,0.7942057942057942,0.0,16.195034179471964,0.6023976023976024,0.7682317682317682,0.0,6.506651392095675,0.5774225774225774,0.7932067932067932,0.0,29.96668892363653,2.0,12.0,3.0,1.5,0.17282717282717283,0.9660339660339661,0.0,conductivity in graphene,screen,2006,2005-07,2505.0,22,False,B_s2_index,False,0.1852419678003924,L3,22,0.1852419678003924,5.398344726490655,0.0,16.195034179471964,False,UNDETERMINED,UNDETERMINED,UNDETERMINED,UNDETERMINED,UNDETERMINED,UNDETERMINED,UNDETERMINED,UNDETERMINED,UNDETERMINED,UNDETERMINED,UNDETERMINED,,,False,below_nmin,30
c_59fffeba892f,2013,7,2208,host,17,17,1,True,1.0,0.0,1.0073618548230885,-0.15312943405158652,2.1678531436977635,2013,0.058823529411764705,0.0625,16,0.17647058823529413,1,0.9411764705882353,0.11764705882352941,1,0.361,0.0,2.0,2.639057329615259,0.0,0.0,0.6123876123876124,0.7492507492507493,0.0,20.122999302942105,0.6123876123876124,0.7492507492507493,0.0,20.122999302942105,0.6123876123876124,0.7492507492507493,0.0,20.122999302942105,0.6353646353646354,0.7262737262737263,0.0,4.337767594730449,0.6163836163836164,0.7452547452547452,0.0,30.30524609823095,2.0,17.0,3.0,1.5,0.16683316683316685,0.9660339660339661,0.0,conductivity in graphene,screen,2006,2005-07,2505.0,22,False,B_s2_index,False,0.09938876257415502,L2,6,0.09938876257415502,10.061499651471053,0.0,20.122999302942105,False,UNDETERMINED,UNDETERMINED,UNDETERMINED,UNDETERMINED,UNDETERMINED,UNDETERMINED,UNDETERMINED,UNDETERMINED,UNDETERMINED,UNDETERMINED,UNDETERMINED,,,False,below_nmin,30
c_59fffeba892f,2014,8,2208,host,35,33,6,True,0.22959011146635758,0.5408197770672848,0.7459913335367363,-0.35033116307759427,1.8423138301510669,2014,0.06060606060606061,0.06896551724137931,29,0.18181818181818182,3,0.9090909090909091,0.09090909090909091,1,0.001,0.0,0.5943851671995364,2.312985603925917,0.0,1.0,0.5404595404595405,0.46153846153846156,0.0,2.695698920301561,0.5404595404595405,0.46153846153846156,0.0,2.695698920301561,0.5324675324675324,0.4695304695304695,0.0,2.948543928517649,0.8701298701298701,0.13186813186813187,0.0,1.2995958396605853,0.4805194805194805,0.5214785214785215,0.0,7.31593190438426,7.0,33.0,6.0,0.4734456466713094,0.11788211788211789,0.8831168831168831,0.08573505916260431,conductivity in graphene,screen,2006,2005-07,2505.0,22,False,B_s2_index,False,0.22049389964256247,L2,4,0.20158599688842269,1.0412538026609388,0.0,2.695698920301561,False,UNDETERMINED,UNDETERMINED,UNDETERMINED,UNDETERMINED,UNDETERMINED,UNDETERMINED,UNDETERMINED,UNDETERMINED,UNDETERMINED,UNDETERMINED,UNDETERMINED,0.5404595404595405,0.46153846153846156,True,tested,30
c_5af098ea73b2,2015,6,1710,host,10,9,2,True,1.252563598845601,0.38760242278726365,0.5677967244375124,-0.41706550607488735,1.5526589549499121,2015,0.7777777777777778,0.7777777777777778,9,0.8888888888888888,8,0.11111111111111116,0.0,0,0.126,0.2512817994228005,3.9621171572600096,2.757958780822018,0.21118651632491658,0.5847185798752343,0.22377622377622378,0.903096903096903,0.6147374254776177,9.692949136346051,0.22377622377622378,0.903096903096903,0.6147374254776177,9.692949136346051,0.15884115884115885,0.968031968031968,1.3263014820705514,20.912624272358233,0.1918081918081918,0.935064935064935,0.7929548009332774,12.503013863026162,0.20679320679320679,0.9200799200799201,0.7128815882217321,21.574092120289798,2.0,9.0,8.0,1.252563598845601,0.2077922077922078,0.8931068931068931,0.21657643845752278,regenerating code,screen,2009,2008-11,1705.0,17,False,B_s2_index,False,0.4087628132085307,L2,7,0.18946054333778825,3.0642797200992073,0.6147374254776177,9.692949136346051,False,UNDETERMINED,UNDETERMINED,UNDETERMINED,UNDETERMINED,UNDETERMINED,UNDETERMINED,UNDETERMINED,UNDETERMINED,UNDETERMINED,UNDETERMINED,UNDETERMINED,,,False,below_nmin,30
c_5af098ea73b2,2016,7,1710,host,24,24,3,True,2.4261737696982997,0.40096980466779425,1.0908847253090914,0.41207971735467763,1.769689733263505,2016,0.6666666666666666,0.7272727272727273,22,0.8333333333333334,20,0.16666666666666663,0.0,0,0.033,1.16434949149226,7.5448798072413625,1.8687061871174742,0.27542909189321596,0.5417579030294569,0.03396603396603397,1.0,3.4236271447909212,22.184795459609756,0.03396603396603397,1.0,3.4236271447909212,22.184795459609756,0.03396603396603397,1.0,3.4236271447909212,22.184795459609756,0.03396603396603397,1.0,3.6771809424772623,23.82780122565449,0.03396603396603397,1.0,3.595587424958083,31.493208859269078,3.0,24.0,20.0,2.4261737696982997,0.03496503496503497,1.0,0.2741605681290382,regenerating code,screen,2009,2008-11,1705.0,17,False,B_s2_index,True,0.34009237637452083,L2,6,0.34009237637452083,7.133866967445686,3.4236271447909212,22.184795459609756,True,UNDETERMINED,SOURCE,SOURCE,SOURCE,SOURCE,UNDETERMINED,UNDETERMINED,UNDETERMINED,UNDETERMINED,UNDETERMINED,UNDETERMINED,,,False,below_nmin,30
c_5af098ea73b2,2017,8,1710,host,30,29,4,True,2.252436301679262,0.3481654762055442,0.44107322500901575,0.08410410483750441,0.7980423451805271,2017,0.6551724137931034,0.7916666666666666,24,0.7586206896551724,22,0.24137931034482762,0.0,0,0.015,1.177635778993621,6.9003981490417825,1.7680708825978497,0.22536740044630021,0.4641087182373926,0.015984015984015984,1.0,10.171628577976383,59.60101439189454,0.015984015984015984,1.0,10.171628577976383,59.60101439189454,0.015984015984015984,1.0,6.215731034266169,36.421293993330835,0.015984015984015984,1.0,5.12979026030128,30.058185942181076,0.015984015984015984,1.0,5.07100442476505,77.60458242082223,4.0,29.0,22.0,2.252436301679262,0.013986013986013986,1.0,0.23119856397653812,regenerating code,screen,2009,2008-11,1705.0,17,False,B_s2_index,True,0.1157765219173888,L2,8,0.18946054333778825,19.45503513472676,10.171628577976383,59.60101439189454,True,UNDETERMINED,SOURCE,SOURCE,SOURCE,SOURCE,UNDETERMINED,UNDETERMINED,UNDETERMINED,UNDETERMINED,UNDETERMINED,UNDETERMINED,,,False,below_nmin,30
c_5d0609aeb10b,2014,4,2504,host,14,13,2,True,0.0,0.0,0.2872928152757216,0.0836499389637993,0.4909356915876439,2014,0.23076923076923078,0.375,8,0.0,3,0.7692307692307692,0.07692307692307693,1,0.13,0.0,0.0,1.0986122886681098,0.0,0.0,1.0,0.13086913086913088,0.0,0.0,1.0,0.13086913086913088,0.0,0.0,1.0,0.13086913086913088,0.0,0.0,1.0,0.13086913086913088,0.0,0.0,1.0,0.13086913086913088,0.0,0.0,2.0,13.0,0.0,0.0,,,,spin liquid candidate,heldout_concept,2010,2008-11,3104.0,25,True,B_s2_index,False,0.14112196218844403,L4,32,0.14112196218844403,0.0,0.0,0.0,True,UNDETERMINED,UNDETERMINED,UNDETERMINED,UNDETERMINED,UNDETERMINED,UNDETERMINED,UNDETERMINED,UNDETERMINED,UNDETERMINED,UNDETERMINED,UNDETERMINED,,,False,below_nmin,30
c_5d0609aeb10b,2015,5,2504,host,13,12,4,True,0.0,0.0,-0.7459495501101014,-2.128813545379775,0.6369144451595725,2015,0.25,0.42857142857142855,7,0.0,3,0.75,0.08333333333333333,1,0.005,0.0,0.0,1.0986122886681098,0.0,0.0,1.0,0.005994005994005994,0.0,0.0,1.0,0.005994005994005994,0.0,0.0,1.0,0.005994005994005994,0.0,0.0,1.0,0.005994005994005994,0.0,0.0,1.0,0.005994005994005994,0.0,0.0,4.0,12.0,2.0,0.0,1.0,0.011988011988011988,0.0,spin liquid candidate,heldout_concept,2010,2008-11,3104.0,25,True,B_s2_index,False,0.21108218795089126,L4,30,0.21108218795089126,0.0,0.0,0.0,False,UNDETERMINED,FADING,FADING,UNDETERMINED,UNDETERMINED,UNDETERMINED,UNDETERMINED,UNDETERMINED,UNDETERMINED,UNDETERMINED,UNDETERMINED,,,False,below_nmin,30
c_5d0609aeb10b,2016,6,2504,host,14,13,6,True,0.0,0.0,-0.5046389160934103,-2.018393875275571,1.0091160430887505,2016,0.23076923076923078,0.375,8,0.0,3,0.7692307692307692,0.07692307692307693,1,0.0,0.0,0.0,0.9985288301111273,0.0,0.0,1.0,0.000999000999000999,0.0,0.0,1.0,0.000999000999000999,0.0,0.0,1.0,0.000999000999000999,0.0,0.0,1.0,0.000999000999000999,0.0,0.0,1.0,0.000999000999000999,0.0,0.0,6.0,13.0,2.0,0.0,1.0,0.001998001998001998,0.0,spin liquid candidate,heldout_concept,2010,2008-11,3104.0,25,True,B_s2_index,True,0.297286800797052,L4,26,0.297286800797052,0.0,0.0,0.0,False,UNDETERMINED,FADING,FADING,UNDETERMINED,UNDETERMINED,UNDETERMINED,UNDETERMINED,UNDETERMINED,UNDETERMINED,UNDETERMINED,UNDETERMINED,,,False,below_nmin,30
c_5d0609aeb10b,2017,7,2504,host,15,12,11,True,0.2727272727272727,0.0,-0.313380785133812,-1.8946446914887234,1.2678831212210995,2017,0.25,0.3,10,0.08333333333333333,3,0.75,0.16666666666666666,1,0.0,0.07692307692307693,0.5,1.8718021769015913,0.0,0.0,0.23876123876123875,0.7622377622377622,0.44732526531031763,2.907614224517064,0.23876123876123875,0.7622377622377622,0.44732526531031763,2.907614224517064,0.23876123876123875,0.7622377622377622,0.44732526531031763,2.907614224517064,0.3886113886113886,0.6123876123876124,0.3350774983498048,2.1780037392737315,0.2967032967032967,0.7042957042957043,0.36649816455747275,3.1798504083336945,11.0,12.0,4.0,0.2727272727272727,0.25274725274725274,0.7482517482517482,0.0,spin liquid candidate,heldout_concept,2010,2008-11,3104.0,25,True,B_s2_index,True,0.17196228983335873,L4,33,0.17196228983335873,1.5859713951911258,0.44732526531031763,2.907614224517064,False,UNDETERMINED,UNDETERMINED,UNDETERMINED,UNDETERMINED,UNDETERMINED,UNDETERMINED,UNDETERMINED,UNDETERMINED,UNDETERMINED,UNDETERMINED,UNDETERMINED,,,False,below_nmin,30
c_5d0609aeb10b,2018,8,2504,host,12,10,8,True,0.375,0.0,-0.8635613317175294,-2.6617710201793434,0.9346483567442846,2018,0.3,0.375,8,0.1,3,0.7,0.2,1,0.0,0.1111111111111111,0.6666666666666666,1.6739764335716714,0.0,0.0,0.13486513486513488,0.8661338661338661,0.5833333333333334,3.5,0.13486513486513488,0.8661338661338661,0.5833333333333334,3.5,0.13486513486513488,0.8661338661338661,0.5833333333333334,3.5,0.34765234765234765,0.6533466533466533,0.3509046581465934,2.1054279488795604,0.16483516483516483,0.8361638361638362,0.5542805209029965,3.814730358909881,8.0,10.0,4.0,0.375,0.15184815184815184,0.8491508491508492,0.0,spin liquid candidate,heldout_concept,2010,2008-11,3104.0,25,True,B_s2_index,True,0.19047619047619047,L4,23,0.19047619047619047,1.96875,0.5833333333333334,3.5,False,UNDETERMINED,UNDETERMINED,UNDETERMINED,UNDETERMINED,UNDETERMINED,UNDETERMINED,UNDETERMINED,UNDETERMINED,UNDETERMINED,UNDETERMINED,UNDETERMINED,,,False,below_nmin,30
c_5edb1fea382d,2014,6,2504,host,11,9,5,True,0.0,,-0.11834554980562995,-0.2625756562148268,0.02588455660356695,2014,0.0,0.0,5,0.0,0,1.0,0.0,4,,,,,,,,,,,,,,,,,,,,,,,,,,,,,,,,,,ba fe co,screen,2008,2008-11,2202.0,25,False,B_s2_index,False,0.14112196218844403,L4,32,0.14112196218844403,0.0,,,False,UNDETERMINED,UNDETERMINED,UNDETERMINED,UNDETERMINED,UNDETERMINED,UNDETERMINED,UNDETERMINED,UNDETERMINED,UNDETERMINED,UNDETERMINED,UNDETERMINED,,,False,below_nmin,30
c_6016216be4fa,2008,3,1702,host,33,33,3,True,0.0,0.4521109008871008,1.0413958321647678,-0.011910266837478867,2.0947019311670143,2008,0.24242424242424243,0.3333333333333333,24,0.36363636363636365,10,0.696969696969697,0.21212121212121213,6,0.043,0.0,0.0,1.466337068793427,0.26146573491692215,0.6472569016220086,1.0,0.04395604395604396,0.0,0.0,1.0,0.04395604395604396,0.0,0.0,1.0,0.04395604395604396,0.0,0.0,1.0,0.04395604395604396,0.0,0.0,1.0,0.04395604395604396,0.0,0.0,3.0,33.0,10.0,0.0,1.0,0.04495504495504495,0.25706733533373505,modulo theory,screen,2005,2005-07,1703.0,17,False,B_s2_index,False,0.2,L2,3,0.18946054333778825,0.0,0.0,0.0,False,FADING,FADING,FADING,FADING,FADING,FADING,FADING,FADING,FADING,FADING,FADING,1.0,0.04395604395604396,True,tested,30
c_6016216be4fa,2009,4,1702,host,51,48,10,True,0.4501242167877756,0.35033785145894797,0.23576246170109533,0.12672835609645694,0.3447965673057337,2009,0.375,0.4864864864864865,37,0.4791666666666667,22,0.5416666666666667,0.16666666666666666,6,0.0,0.14676364409299192,1.0186861840040466,1.9374456236335558,0.22262032699753065,0.4891270534447608,0.22877122877122877,0.7722277722277723,0.4980986589342381,3.4573018765175316,0.22877122877122877,0.7722277722277723,0.4980986589342381,3.4573018765175316,0.22877122877122877,0.7722277722277723,0.4980986589342381,3.4573018765175316,0.08691308691308691,0.9140859140859141,0.7941064162907301,5.511891176480814,0.1958041958041958,0.8051948051948052,0.5439984850656346,5.76811867557669,10.0,48.0,22.0,0.4501242167877756,0.23776223776223776,0.7632367632367633,0.21489376574679106,modulo theory,screen,2005,2005-07,1703.0,17,False,B_s2_index,False,0.2946477398815252,L2,3,0.2946477398815252,1.5276689954206533,0.4980986589342381,3.4573018765175316,True,UNDETERMINED,UNDETERMINED,UNDETERMINED,UNDETERMINED,UNDETERMINED,UNDETERMINED,UNDETERMINED,UNDETERMINED,UNDETERMINED,SOURCE,UNDETERMINED,0.22877122877122877,0.7722277722277723,True,tested,30
c_6016216be4fa,2009,4,1705,host,12,12,1,True,0.0,0.8962567781330243,1.415610812129597,0.5438533189849044,2.2873683052742892,2009,0.08333333333333333,0.09090909090909091,11,0.5833333333333334,6,0.5,0.25,0,0.34,0.0,0.0,0.8472978603872037,0.6887703343990728,1.0,1.0,0.34065934065934067,0.0,0.0,1.0,0.34065934065934067,0.0,0.0,1.0,0.34065934065934067,0.0,0.0,1.0,0.34065934065934067,0.0,0.0,1.0,0.34065934065934067,0.0,0.0,1.0,12.0,6.0,0.0,1.0,0.3336663336663337,0.6887703343990728,modulo theory,screen,2005,2005-07,1703.0,17,False,B_s2_index,False,0.2946477398815252,L2,3,0.18946054333778825,0.0,0.0,0.0,True,UNDETERMINED,UNDETERMINED,UNDETERMINED,UNDETERMINED,UNDETERMINED,UNDETERMINED,UNDETERMINED,UNDETERMINED,UNDETERMINED,UNDETERMINED,UNDETERMINED,,,False,below_nmin,30
c_6016216be4fa,2009,4,1712,host,10,10,1,True,0.0,0.42326965376188985,1.805469533648034,0.0355653867938428,3.575373680502225,2009,0.4,0.4444444444444444,9,0.5,5,0.5,0.2,0,0.343,0.0,0.0,0.8472978603872037,0.12326965376188988,0.7133620468225663,1.0,0.3436563436563437,0.0,0.0,1.0,0.3436563436563437,0.0,0.0,1.0,0.3436563436563437,0.0,0.0,1.0,0.3436563436563437,0.0,0.0,1.0,0.3436563436563437,0.0,0.0,1.0,10.0,5.0,0.0,1.0,0.33466533466533466,0.1249134826880945,modulo theory,screen,2005,2005-07,1703.0,17,False,B_s2_index,False,0.2946477398815252,L2,3,0.2946477398815252,0.0,0.0,0.0,True,UNDETERMINED,UNDETERMINED,UNDETERMINED,UNDETERMINED,UNDETERMINED,UNDETERMINED,UNDETERMINED,UNDETERMINED,UNDETERMINED,UNDETERMINED,UNDETERMINED,,,False,below_nmin,30
c_6016216be4fa,2010,5,1702,host,63,58,17,True,0.5408490983266165,0.39820533641410794,0.174887573256832,0.058800182419368976,0.290974964094295,2010,0.3793103448275862,0.5,44,0.5,27,0.5344827586206897,0.15517241379310345,7,0.0,0.31623638369873247,0.8707897673768603,1.0129097510934693,0.283107424235539,0.5229530744414604,0.007992007992007992,0.993006993006993,1.3004447668245454,3.58090989640336,0.007992007992007992,0.993006993006993,1.3004447668245454,3.58090989640336,0.002997002997002997,0.998001998001998,1.6691411210349807,4.5961536478037734,0.05194805194805195,0.949050949050949,0.9987193810378677,2.750077670750359,0.061938061938061936,0.939060939060939,0.9423839583426483,6.89615734380128,16.0,58.0,27.0,0.5115654215461363,0.02097902097902098,0.98001998001998,0.29457835789466236,modulo theory,screen,2005,2005-07,1703.0,17,False,B_s2_index,False,0.2431755594441165,L2,5,0.18946054333778825,2.2241096085600147,1.3004447668245454,3.58090989640336,True,SOURCE,SOURCE,SOURCE,SOURCE,SOURCE,SOURCE,SOURCE,SOURCE,SOURCE,SOURCE,SOURCE,0.007992007992007992,0.993006993006993,True,tested,30
c_6016216be4fa,2010,5,1705,host,19,19,5,True,0.12449186624037092,0.9377540668798146,1.0348471269891306,0.11003216024029072,1.9596620937379705,2010,0.05263157894736842,0.05555555555555555,18,0.6842105263157895,10,0.4736842105263158,0.2631578947368421,0,0.005,0.0,0.6224593312018546,2.3195504730586647,0.8221544767994702,1.0,0.7702297702297702,0.23576423576423577,0.0,2.5597117268888208,0.7702297702297702,0.23576423576423577,0.0,2.5597117268888208,0.6913086913086913,0.3146853146853147,0.0,3.2854298854832003,0.8881118881118881,0.11788211788211789,0.0,1.9658149094298953,0.7212787212787213,0.28471528471528473,0.0,3.00630725437733,5.0,19.0,9.0,0.12449186624037092,0.7762237762237763,0.22977022977022976,0.7925135562660485,modulo theory,screen,2005,2005-07,1703.0,17,False,B_s2_index,False,0.2431755594441165,L2,5,0.18946054333778825,0.5119423453777642,0.0,2.5597117268888208,True,UNDETERMINED,UNDETERMINED,UNDETERMINED,UNDETERMINED,UNDETERMINED,UNDETERMINED,UNDETERMINED,UNDETERMINED,UNDETERMINED,UNDETERMINED,UNDETERMINED,,,False,below_nmin,30
c_6016216be4fa,2010,5,1712,host,15,15,1,True,0.0,0.6395435336011812,1.64252648798725,-0.15344601530951119,3.4384989912840114,2010,0.26666666666666666,0.2857142857142857,14,0.6,8,0.4666666666666667,0.2,0,0.364,0.0,0.0,0.8472978603872037,0.3737640384013499,0.875,1.0,0.3646353646353646,0.0,0.0,1.0,0.3646353646353646,0.0,0.0,1.0,0.3646353646353646,0.0,0.0,1.0,0.3646353646353646,0.0,0.0,1.0,0.3646353646353646,0.0,0.0,1.0,15.0,7.0,0.0,1.0,0.3626373626373626,0.3081741344047247,modulo theory,screen,2005,2005-07,1703.0,17,False,B_s2_index,False,0.2431755594441165,L2,5,0.2431755594441165,0.0,0.0,0.0,False,UNDETERMINED,UNDETERMINED,UNDETERMINED,UNDETERMINED,UNDETERMINED,UNDETERMINED,UNDETERMINED,UNDETERMINED,UNDETERMINED,UNDETERMINED,UNDETERMINED,,,False,below_nmin,30
c_6016216be4fa,2010,5,1708,host,12,12,1,True,0.0,0.6970709206343928,1.9062064990007863,0.8848838896972677,2.927529108304305,2010,0.16666666666666666,0.18181818181818182,11,0.5,6,0.5,0.16666666666666666,0,0.371,0.0,0.0,0.8472978603872037,0.3738723386236347,1.0,1.0,0.37162837162837165,0.0,0.0,1.0,0.37162837162837165,0.0,0.0,1.0,0.37162837162837165,0.0,0.0,1.0,0.37162837162837165,0.0,0.0,1.0,0.37162837162837165,0.0,0.0,1.0,12.0,5.0,0.0,1.0,0.3336663336663337,0.2,modulo theory,screen,2005,2005-07,1703.0,17,False,B_s2_index,False,0.2431755594441165,L2,5,0.2431755594441165,0.0,0.0,0.0,True,UNDETERMINED,UNDETERMINED,UNDETERMINED,UNDETERMINED,UNDETERMINED,UNDETERMINED,UNDETERMINED,UNDETERMINED,UNDETERMINED,UNDETERMINED,UNDETERMINED,,,False,below_nmin,30
c_6016216be4fa,2011,6,1702,host,69,62,24,True,0.6047764422263125,0.3604861916868688,0.07215513086909389,-0.0832913119482882,0.227601573686476,2011,0.41935483870967744,0.5306122448979592,49,0.5645161290322581,31,0.5,0.11290322580645161,7,0.0,0.3719504042536482,0.9518619106498307,0.9396597179605891,0.2551386170193317,0.4722806686054489,0.000999000999000999,1.0,3.8225408139337156,9.782301514065953,0.000999000999000999,1.0,3.8225408139337156,9.782301514065953,0.000999000999000999,1.0,1.9632077355045885,5.024064081526257,0.007992007992007992,0.993006993006993,1.290383894039856,3.302234020466181,0.016983016983016984,0.984015984015984,1.326601402809616,9.526011368743735,23.0,62.0,31.0,0.5919063449584937,0.000999000999000999,1.0,0.26639704136862286,modulo theory,screen,2005,2005-07,1703.0,17,False,B_s2_index,False,0.09730449519278775,L2,10,0.18946054333778825,6.215298080814039,3.8225408139337156,9.782301514065953,False,SOURCE,SOURCE,SOURCE,SOURCE,SOURCE,SOURCE,SOURCE,SOURCE,SOURCE,SOURCE,SOURCE,0.000999000999000999,1.0,True,tested,30
c_6016216be4fa,2011,6,1705,host,22,21,9,True,0.06916214791131718,0.9481283890665121,0.14554665168091444,-0.15813713749218625,0.4492304408540151,2011,0.047619047619047616,0.05,20,0.7142857142857143,12,0.4285714285714286,0.23809523809523808,0,0.0,0.0,0.24898373248074185,1.828508108813939,0.8443851671995364,1.0,0.6983016983016983,0.3026973026973027,0.0,2.5588101761119524,0.6983016983016983,0.3026973026973027,0.0,2.5588101761119524,0.9100899100899101,0.09090909090909091,0.0,1.3141719541932801,0.965034965034965,0.03596403596403597,0.0,0.8637834361701092,0.7222777222777222,0.2787212787212787,0.0,3.1432511071973286,9.0,21.0,10.0,0.06916214791131718,0.6883116883116883,0.3126873126873127,0.8221544767994702,modulo theory,screen,2005,2005-07,1703.0,17,False,B_s2_index,False,0.09730449519278775,L2,10,0.18946054333778825,0.7107806044755424,0.0,2.5588101761119524,False,UNDETERMINED,UNDETERMINED,UNDETERMINED,UNDETERMINED,UNDETERMINED,UNDETERMINED,UNDETERMINED,UNDETERMINED,UNDETERMINED,UNDETERMINED,UNDETERMINED,,,False,below_nmin,30
c_6016216be4fa,2011,6,1712,host,19,18,3,True,0.5,0.7116348268809449,0.9355811128709324,-0.7973875147294025,2.668549740471267,2011,0.2222222222222222,0.25,16,0.6111111111111112,10,0.4444444444444444,0.1111111111111111,0,0.033,0.0,1.75,2.6390573296152584,0.5,0.901816474312161,0.14085914085914086,0.8931068931068931,0.0,17.98478062634984,0.14085914085914086,0.8931068931068931,0.0,17.98478062634984,0.14085914085914086,0.8931068931068931,0.0,17.98478062634984,0.34665334665334663,0.6873126873126874,0.0,6.071163759321547,0.1938061938061938,0.8401598401598401,0.0,18.152999037824866,3.0,18.0,8.0,0.5,0.15684315684315683,0.8881118881118881,0.3888888888888889,modulo theory,screen,2005,2005-07,1703.0,17,False,B_s2_index,False,0.09730449519278775,L2,10,0.09730449519278775,5.138508750385668,0.0,17.98478062634984,False,UNDETERMINED,UNDETERMINED,UNDETERMINED,UNDETERMINED,UNDETERMINED,UNDETERMINED,UNDETERMINED,UNDETERMINED,UNDETERMINED,UNDETERMINED,UNDETERMINED,,,False,below_nmin,30
c_6016216be4fa,2011,6,1708,host,19,19,3,True,0.3333333333333333,0.700180938425386,1.3843471797757332,0.2462161777863514,2.522478181765115,2011,0.15789473684210525,0.16666666666666666,18,0.5263157894736842,9,0.5263157894736843,0.15789473684210525,0,0.031,0.0,1.5,2.8033603809065353,0.4420240240528599,0.9182425523806357,0.35664335664335667,0.6753246753246753,0.0,15.415526251157004,0.35664335664335667,0.6753246753246753,0.0,15.415526251157004,0.3826173826173826,0.6493506493506493,0.0,7.917215762047391,0.5134865134865135,0.5184815184815185,0.0,5.203854650847041,0.3996003996003996,0.6323676323676324,0.0,13.539056533820162,3.0,19.0,8.0,0.3333333333333333,0.3676323676323676,0.6803196803196803,0.2857142857142857,modulo theory,screen,2005,2005-07,1703.0,17,False,B_s2_index,False,0.09730449519278775,L2,10,0.18946054333778825,3.425672500257112,0.0,15.415526251157004,True,UNDETERMINED,UNDETERMINED,UNDETERMINED,UNDETERMINED,UNDETERMINED,UNDETERMINED,UNDETERMINED,UNDETERMINED,UNDETERMINED,UNDETERMINED,UNDETERMINED,,,False,below_nmin,30
c_6016216be4fa,2012,7,1702,host,81,71,35,True,0.454408810059502,0.4348884864315688,0.06750228560156354,-0.08615654705981782,0.2211611182629449,2012,0.38028169014084506,0.45,60,0.6197183098591549,37,0.47887323943661975,0.15492957746478872,7,0.0,0.3035002253132174,0.6584302170012705,0.7744761654513642,0.336391313781625,0.5418909246229536,0.000999000999000999,1.0,2.573585859725589,5.583279861956413,0.000999000999000999,1.0,2.573585859725589,5.583279861956413,0.000999000999000999,1.0,1.6019178450898262,3.475289394833828,0.07392607392607392,0.9270729270729271,0.9584967852985375,2.0794160718919628,0.03996003996003996,0.961038961038961,1.0472926291090014,6.816024033619128,34.0,71.0,37.0,0.4263089251590803,0.000999000999000999,1.0,0.31955562626143563,modulo theory,screen,2005,2005-07,1703.0,17,False,B_s2_index,False,0.1179289294609267,L2,7,0.18946054333778825,3.8532428992333125,2.573585859725589,5.583279861956413,False,SOURCE,SOURCE,SOURCE,SOURCE,SOURCE,SOURCE,SOURCE,SOURCE,SOURCE,SOURCE,SOURCE,0.000999000999000999,1.0,True,tested,30
c_6016216be4fa,2012,7,1705,host,30,26,11,True,0.06321585768773476,0.8391740872256771,0.07001667984091273,-0.16394438511849324,0.3039777448003187,2012,0.19230769230769232,0.20833333333333334,24,0.7307692307692307,16,0.3846153846153846,0.19230769230769232,0,0.0,0.0015303468028134756,0.16560795122606922,3.829511029804938,0.6992810356752986,0.9616030664750691,0.8381618381618382,0.16283716283716285,0.012976856567840922,1.4043030152405478,0.8381618381618382,0.16283716283716285,0.012976856567840922,1.4043030152405478,0.971028971028971,0.029970029970029972,0.008077390552422454,0.8741025878449407,1.0,0.000999000999000999,0.004833052395182953,0.5230134136020739,0.8891108891108891,0.11188811188811189,0.0047552147041220435,1.2970745271799926,11.0,26.0,14.0,0.06362500552575377,0.8591408591408591,0.14185814185814186,0.6562398803867298,modulo theory,screen,2005,2005-07,1703.0,17,False,B_s2_index,False,0.1179289294609267,L2,7,0.18946054333778825,0.5360504668083163,0.012976856567840922,1.4043030152405478,False,UNDETERMINED,UNDETERMINED,UNDETERMINED,UNDETERMINED,UNDETERMINED,UNDETERMINED,UNDETERMINED,UNDETERMINED,UNDETERMINED,UNDETERMINED,UNDETERMINED,,,False,below_nmin,30
c_6016216be4fa,2012,7,1712,host,25,25,9,True,0.4315168590211723,0.7088459156534165,1.331654046245428,-0.15788269694117107,2.821190789432027,2012,0.24,0.2608695652173913,23,0.64,14,0.43999999999999995,0.12,0,0.0,0.16666666666666666,0.8,1.5686159179138452,0.5136500093145727,0.8821910661927123,0.029970029970029972,0.971028971028971,1.4132805871174146,6.783746818163591,0.029970029970029972,0.971028971028971,1.4132805871174146,6.783746818163591,0.029970029970029972,0.971028971028971,1.4132805871174146,6.783746818163591,0.27172827172827174,0.7292707292707292,0.5263569872198901,2.5265135386554727,0.1008991008991009,0.9000999000999002,0.7391365373837269,6.590236566757106,9.0,25.0,12.0,0.4315168590211723,0.026973026973026972,0.974025974025974,0.44186897368357514,modulo theory,screen,2005,2005-07,1703.0,17,False,B_s2_index,False,0.1179289294609267,L2,7,0.1179289294609267,3.6591263992110306,1.4132805871174146,6.783746818163591,False,UNDETERMINED,SOURCE,SOURCE,SOURCE,SOURCE,UNDETERMINED,UNDETERMINED,UNDETERMINED,UNDETERMINED,UNDETERMINED,UNDETERMINED,,,False,below_nmin,30
c_6016216be4fa,2012,7,1708,host,24,23,6,True,0.4391914920645479,0.6615816842775105,0.32806468112235887,0.14629527212262874,0.509834090122089,2012,0.21739130434782608,0.22727272727272727,22,0.6086956521739131,13,0.4347826086956522,0.13043478260869565,0,0.002,0.0908416084659604,1.2945991542878041,2.6560688633457916,0.45974125139350364,0.855343244172306,0.1028971028971029,0.9000999000999002,0.7703080904847769,10.977791117121459,0.1028971028971029,0.9000999000999002,0.7703080904847769,10.977791117121459,0.1028971028971029,0.9000999000999002,0.7703080904847769,10.977791117121459,0.35564435564435565,0.6473526473526473,0.28689069207811063,4.088527863050078,0.17282717282717283,0.8301698301698301,0.39714035582637724,9.826149049209862,6.0,23.0,11.0,0.5,0.07392607392607392,0.9300699300699301,0.2857142857142857,modulo theory,screen,2005,2005-07,1703.0,17,False,B_s2_index,False,0.1179289294609267,L2,7,0.1179289294609267,3.7242048585717455,0.7703080904847769,10.977791117121459,True,UNDETERMINED,UNDETERMINED,UNDETERMINED,UNDETERMINED,UNDETERMINED,UNDETERMINED,UNDETERMINED,UNDETERMINED,UNDETERMINED,UNDETERMINED,UNDETERMINED,,,False,below_nmin,30
c_6016216be4fa,2012,7,1710,host,10,10,2,True,0.0,1.0,0.92804190268578,-0.30735213904012015,2.16343594441168,2012,0.0,0.0,8,0.5,5,0.5,0.0,0,0.118,0.0,0.0,1.0986122886681098,1.0,1.0,1.0,0.11888111888111888,0.0,0.0,1.0,0.11888111888111888,0.0,0.0,1.0,0.11888111888111888,0.0,0.0,1.0,0.11888111888111888,0.0,0.0,1.0,0.11888111888111888,0.0,0.0,2.0,10.0,5.0,0.0,1.0,0.11388611388611389,1.0,modulo theory,screen,2005,2005-07,1703.0,17,False,B_s2_index,False,0.1179289294609267,L2,7,0.18946054333778825,0.0,0.0,0.0,False,UNDETERMINED,UNDETERMINED,UNDETERMINED,UNDETERMINED,UNDETERMINED,UNDETERMINED,UNDETERMINED,UNDETERMINED,UNDETERMINED,UNDETERMINED,UNDETERMINED,,,False,below_nmin,30
c_6016216be4fa,2013,8,1702,host,91,83,39,True,0.3551719541667301,0.39056589559734867,0.087097106535168,-0.06623679486430803,0.24043100793464403,2013,0.3614457831325301,0.42857142857142855,70,0.6144578313253012,47,0.4337349397590361,0.0963855421686747,7,0.0,0.2386891538435847,0.5046505813242163,0.7487039552228483,0.2955889385204498,0.4868736898962473,0.000999000999000999,1.0,2.005667250216467,4.240499107169156,0.000999000999000999,1.0,2.005667250216467,4.240499107169156,0.005994005994005994,0.995004995004995,1.2598356873601222,2.6636183578576422,0.7122877122877123,0.2887112887112887,0.5988395227891758,1.2661015736538723,0.08591408591408592,0.9150849150849151,0.8438558266931286,4.793774917495884,40.0,83.0,47.0,0.42615127288499444,0.000999000999000999,1.0,0.28942752997084564,modulo theory,screen,2005,2005-07,1703.0,17,False,B_s2_index,False,0.11900735469346849,L2,7,0.18946054333778825,2.984453818686746,2.005667250216467,4.240499107169156,False,SOURCE,SOURCE,SOURCE,SOURCE,SOURCE,SOURCE,SOURCE,UNDETERMINED,SOURCE,UNDETERMINED,SOURCE,0.001998001998001998,1.0,True,tested,30
c_6016216be4fa,2013,8,1712,host,36,34,14,True,0.2554397986322978,0.761589521276522,0.1900115058995378,-0.037632337280534944,0.41765534907961055,2013,0.14705882352941177,0.17857142857142858,28,0.6176470588235294,15,0.5588235294117647,0.17647058823529413,0,0.0,0.08132091819023819,0.5160421208051349,1.8477922982874673,0.5838944006055223,0.9187378926578094,0.11288711288711288,0.8881118881118881,0.6833268279905842,4.336220413724203,0.11288711288711288,0.8881118881118881,0.6833268279905842,4.336220413724203,0.11288711288711288,0.8881118881118881,0.6833268279905842,4.336220413724203,0.8531468531468531,0.14785214785214784,0.20402342987789146,1.2946814397966704,0.19480519480519481,0.8061938061938062,0.45167708248131355,4.804632601514295,14.0,34.0,13.0,0.25580761718827294,0.11488511488511488,0.8861138861138861,0.5440248763435321,modulo theory,screen,2005,2005-07,1703.0,17,False,B_s2_index,False,0.11900735469346849,L2,7,0.11900735469346849,2.146420272009602,0.6833268279905842,4.336220413724203,False,UNDETERMINED,UNDETERMINED,UNDETERMINED,UNDETERMINED,UNDETERMINED,UNDETERMINED,UNDETERMINED,UNDETERMINED,UNDETERMINED,UNDETERMINED,UNDETERMINED,0.11288711288711288,1.0,True,tested,30
c_6016216be4fa,2013,8,1705,host,31,27,14,True,0.07142857142857142,0.776674087225677,0.07544879738475922,-0.15670913162721695,0.30760672639673536,2013,0.14814814814814814,0.15384615384615385,26,0.7407407407407407,16,0.40740740740740744,0.14814814814814814,0,0.0,0.0,0.21428571428571427,2.0149030205422642,0.6242480908787501,0.9093682559677121,0.7592407592407593,0.24175824175824176,0.0,1.8006090030121051,0.7592407592407593,0.24175824175824176,0.0,1.8006090030121051,0.9330669330669331,0.06793206793206794,0.0,1.1310308231496273,0.998001998001998,0.002997002997002997,0.0,0.537614520044283,0.8061938061938062,0.19480519480519481,0.0,1.9110639297999885,14.0,27.0,14.0,0.07142857142857142,0.7602397602397603,0.24075924075924077,0.5779603258614019,modulo theory,screen,2005,2005-07,1703.0,17,False,B_s2_index,False,0.11900735469346849,L2,7,0.18946054333778825,0.6002030010040351,0.0,1.8006090030121051,False,UNDETERMINED,UNDETERMINED,UNDETERMINED,UNDETERMINED,UNDETERMINED,UNDETERMINED,UNDETERMINED,UNDETERMINED,UNDETERMINED,UNDETERMINED,UNDETERMINED,,,False,below_nmin,30
c_6016216be4fa,2013,8,1708,host,28,26,11,True,0.4105405482150154,0.6625351184754772,0.1558875783778534,-0.019672108697133317,0.3314472654528401,2013,0.23076923076923078,0.2608695652173913,23,0.6538461538461539,16,0.3846153846153846,0.11538461538461539,0,0.0,0.14855738517417233,0.8380016791819097,1.730045839919577,0.46914949149983765,0.8334007721979699,0.03196803196803197,0.9690309690309691,1.248304237639908,7.041595717679639,0.03196803196803197,0.9690309690309691,1.248304237639908,7.041595717679639,0.03196803196803197,0.9690309690309691,1.248304237639908,7.041595717679639,0.48951048951048953,0.5114885114885115,0.3727108342040829,2.102435395898533,0.07492507492507493,0.926073926073926,0.8419280265291662,8.107706982322492,11.0,26.0,14.0,0.45454545454545453,0.014985014985014986,0.986013986013986,0.35279411764705887,modulo theory,screen,2005,2005-07,1703.0,17,False,B_s2_index,False,0.11900735469346849,L2,7,0.11900735469346849,3.4497073670149163,1.248304237639908,7.041595717679639,False,UNDETERMINED,SOURCE,SOURCE,SOURCE,SOURCE,UNDETERMINED,UNDETERMINED,UNDETERMINED,UNDETERMINED,UNDETERMINED,UNDETERMINED,,,False,below_nmin,30
c_6016216be4fa,2013,8,1710,host,17,15,4,True,0.0,0.8268941421369995,0.5897877361765449,-0.5565435573381041,1.736119029691194,2013,0.13333333333333333,0.14285714285714285,14,0.6,10,0.33333333333333337,0.0,0,0.014,0.0,0.0,1.0986122886681098,0.6210922180764845,1.0,1.0,0.014985014985014986,0.0,0.0,1.0,0.014985014985014986,0.0,0.0,1.0,0.014985014985014986,0.0,0.0,1.0,0.014985014985014986,0.0,0.0,1.0,0.014985014985014986,0.0,0.0,4.0,15.0,10.0,0.0,1.0,0.004995004995004995,0.6281569035616659,modulo theory,screen,2005,2005-07,1703.0,17,False,B_s2_index,False,0.11900735469346849,L2,7,0.18946054333778825,0.0,0.0,0.0,False,UNDETERMINED,SINK,SINK,SINK,UNDETERMINED,UNDETERMINED,UNDETERMINED,UNDETERMINED,UNDETERMINED,UNDETERMINED,UNDETERMINED,,,False,below_nmin,30
c_62af526ae811,2011,4,1707,host,10,9,2,True,0.5,0.0,0.16028747293173815,-0.12403894543597024,0.4446138912994465,2011,0.1111111111111111,0.1111111111111111,9,0.2222222222222222,1,0.8888888888888888,0.1111111111111111,1,0.08,0.0,2.0,2.890371757896165,0.0,0.0,0.3936063936063936,0.6873126873126874,0.0,20.554035001542672,0.3936063936063936,0.6873126873126874,0.0,20.554035001542672,0.39760239760239763,0.6833166833166833,0.0,10.556287682729854,0.44255744255744256,0.6383616383616384,0.0,6.938472867796054,0.4155844155844156,0.6653346653346653,0.0,22.09379590267866,2.0,9.0,2.0,0.5,0.4305694305694306,0.6763236763236763,0.0,sparse recovery,screen,2007,2005-07,2206.0,17,False,A_openalex_native,False,0.09730449519278775,L2,10,0.18946054333778825,5.138508750385668,0.0,20.554035001542672,False,UNDETERMINED,UNDETERMINED,UNDETERMINED,UNDETERMINED,UNDETERMINED,UNDETERMINED,UNDETERMINED,UNDETERMINED,UNDETERMINED,UNDETERMINED,UNDETERMINED,,,False,below_nmin,30
c_62af526ae811,2012,5,1711,host,18,18,0,True,,0.5249153290055634,2.1001864846723963,1.1873540315362137,3.013018937808579,2012,0.3888888888888889,0.3888888888888889,18,0.5555555555555556,11,0.38888888888888884,0.05555555555555555,0,,,,,,,,,,,,,,,,,,,,,,,,,,,,,,,,,,sparse recovery,screen,2007,2005-07,2206.0,17,False,A_openalex_native,False,0.1179289294609267,L2,7,0.1179289294609267,,,,True,UNDETERMINED,UNDETERMINED,UNDETERMINED,UNDETERMINED,UNDETERMINED,UNDETERMINED,UNDETERMINED,UNDETERMINED,UNDETERMINED,UNDETERMINED,UNDETERMINED,,,False,no_cohort_parents,30
c_62af526ae811,2012,5,1707,host,14,13,2,True,0.5,0.5,0.30036258374879293,0.027960369271038232,0.5727647982265476,2012,0.15384615384615385,0.15384615384615385,13,0.38461538461538464,4,0.6923076923076923,0.07692307692307693,1,0.114,0.0,1.0,1.6094379124341003,0.0,1.0,0.34265734265734266,0.7722277722277723,0.0,8.479683522704487,0.34265734265734266,0.7722277722277723,0.0,8.479683522704487,0.3436563436563437,0.7712287712287712,0.0,5.278143841364927,0.3706293706293706,0.7442557442557443,0.0,3.1581419233193406,0.37162837162837165,0.7432567432567433,0.0,21.101951552248863,2.0,13.0,4.0,0.5,0.3756243756243756,0.7382617382617382,0.0,sparse recovery,screen,2007,2005-07,2206.0,17,False,A_openalex_native,False,0.1179289294609267,L2,7,0.18946054333778825,4.239841761352244,0.0,8.479683522704487,True,UNDETERMINED,UNDETERMINED,UNDETERMINED,UNDETERMINED,UNDETERMINED,UNDETERMINED,UNDETERMINED,UNDETERMINED,UNDETERMINED,UNDETERMINED,UNDETERMINED,,,False,below_nmin,30
c_62af526ae811,2012,5,2208,host,14,14,0,True,,0.6666666666666666,1.4411994778326533,0.7061727720627203,2.1762261836025862,2012,0.14285714285714285,0.18181818181818182,11,0.42857142857142855,6,0.5714285714285714,0.0,0,,,,,,,,,,,,,,,,,,,,,,,,,,,,,,,,,,sparse recovery,screen,2007,2005-07,2206.0,22,False,A_openalex_native,False,0.1852419678003924,L3,22,0.1852419678003924,,,,True,UNDETERMINED,UNDETERMINED,UNDETERMINED,UNDETERMINED,UNDETERMINED,UNDETERMINED,UNDETERMINED,UNDETERMINED,UNDETERMINED,UNDETERMINED,UNDETERMINED,,,False,no_cohort_parents,30
c_62af526ae811,2012,5,2204,host,11,11,2,True,0.0,1.0,1.3067306096851918,0.4145461308395474,2.1989150885308364,2012,0.0,0.0,7,0.18181818181818182,1,0.9090909090909091,0.0,0,0.116,0.0,0.0,1.0986122886681098,1.0,1.0,1.0,0.11688311688311688,0.0,0.0,1.0,0.11688311688311688,0.0,0.0,1.0,0.11688311688311688,0.0,0.0,1.0,0.11688311688311688,0.0,0.0,1.0,0.11688311688311688,0.0,0.0,2.0,11.0,1.0,0.0,1.0,0.1068931068931069,1.0,sparse recovery,screen,2007,2005-07,2206.0,22,False,A_openalex_native,False,0.1852419678003924,L3,22,0.1852419678003924,0.0,0.0,0.0,True,UNDETERMINED,UNDETERMINED,UNDETERMINED,UNDETERMINED,UNDETERMINED,UNDETERMINED,UNDETERMINED,UNDETERMINED,UNDETERMINED,UNDETERMINED,UNDETERMINED,,,False,below_nmin,30
c_62af526ae811,2012,5,2202,host,10,9,0,True,,0.8168298288393595,0.5360143801450015,-0.29826870000080385,1.3702974602908067,2012,0.2222222222222222,0.2857142857142857,7,0.5555555555555556,6,0.33333333333333337,0.0,1,,,,,,,,,,,,,,,,,,,,,,,,,,,,,,,,,,sparse recovery,screen,2007,2005-07,2206.0,22,False,A_openalex_native,False,0.1852419678003924,L3,22,0.1852419678003924,,,,False,UNDETERMINED,UNDETERMINED,UNDETERMINED,UNDETERMINED,UNDETERMINED,UNDETERMINED,UNDETERMINED,UNDETERMINED,UNDETERMINED,UNDETERMINED,UNDETERMINED,,,False,no_cohort_parents,30
c_62af526ae811,2013,6,1711,host,35,35,1,True,3.768941421369995,0.4382796539440895,2.0959131182777617,1.1799956118153343,3.011830624740189,2013,0.3142857142857143,0.3793103448275862,29,0.42857142857142855,16,0.5428571428571429,0.02857142857142857,0,0.393,0.6030942115251648,6.268941421369995,2.3418584459303746,0.26187785643207745,0.6072133403064185,0.3956043956043956,0.998001998001998,5.067705379037928,52.67692435914681,0.3956043956043956,0.998001998001998,5.067705379037928,52.67692435914681,0.3956043956043956,0.998001998001998,5.067705379037928,52.67692435914681,0.4075924075924076,0.986013986013986,1.5130836236627385,15.727945022699258,0.39760239760239763,0.996003996003996,3.292573948261956,61.196616845954146,1.0,35.0,16.0,3.768941421369995,0.3756243756243756,0.998001998001998,0.29380058929142294,sparse recovery,screen,2007,2005-07,2206.0,17,False,A_openalex_native,False,0.11900735469346849,L2,7,0.11900735469346849,31.669819324005587,5.067705379037928,52.67692435914681,True,UNDETERMINED,UNDETERMINED,UNDETERMINED,UNDETERMINED,UNDETERMINED,UNDETERMINED,UNDETERMINED,UNDETERMINED,UNDETERMINED,UNDETERMINED,UNDETERMINED,0.3956043956043956,0.998001998001998,True,tested,30
c_62af526ae811,2013,6,1707,host,18,17,3,True,0.3333333333333333,0.5,0.35478500135729224,0.11113490719999825,0.5984350955145863,2013,0.11764705882352941,0.125,16,0.35294117647058826,4,0.7647058823529411,0.11764705882352941,1,0.029,0.0,1.0,2.1972245773362196,0.0,1.0,0.35764235764235763,0.6723276723276723,0.0,8.40284201405649,0.35764235764235763,0.6723276723276723,0.0,8.40284201405649,0.3696303696303696,0.6603396603396603,0.0,5.278143841364927,0.6133866133866134,0.4165834165834166,0.0,2.508867760206654,0.44455544455544455,0.5854145854145855,0.0,13.63510715683773,3.0,17.0,6.0,0.3333333333333333,0.34965034965034963,0.6863136863136863,0.3333333333333333,sparse recovery,screen,2007,2005-07,2206.0,17,False,A_openalex_native,False,0.11900735469346849,L2,7,0.18946054333778825,2.8009473380188306,0.0,8.40284201405649,True,UNDETERMINED,UNDETERMINED,UNDETERMINED,UNDETERMINED,UNDETERMINED,UNDETERMINED,UNDETERMINED,UNDETERMINED,UNDETERMINED,UNDETERMINED,UNDETERMINED,,,False,below_nmin,30
c_62af526ae811,2013,6,2204,host,17,17,5,True,0.0,1.0,0.9207788231519859,-0.004883847401913832,1.8464414937058855,2013,0.0,0.0,12,0.23529411764705882,2,0.8823529411764706,0.058823529411764705,0,0.003,0.0,0.0,1.2237754316221159,1.0,1.0,1.0,0.003996003996003996,0.0,0.0,1.0,0.003996003996003996,0.0,0.0,1.0,0.003996003996003996,0.0,0.0,1.0,0.003996003996003996,0.0,0.0,1.0,0.003996003996003996,0.0,0.0,5.0,17.0,3.0,0.0,1.0,0.001998001998001998,1.0,sparse recovery,screen,2007,2005-07,2206.0,22,False,A_openalex_native,False,0.09938876257415502,L2,6,0.09938876257415502,0.0,0.0,0.0,False,UNDETERMINED,SINK,SINK,SINK,UNDETERMINED,UNDETERMINED,UNDETERMINED,UNDETERMINED,UNDETERMINED,UNDETERMINED,UNDETERMINED,,,False,below_nmin,30
c_62af526ae811,2013,6,2202,host,17,17,3,True,0.258022873020399,0.8474344837749955,0.9600624125269164,0.4533617380534898,1.466763087000343,2013,0.17647058823529413,0.23076923076923078,13,0.47058823529411764,9,0.47058823529411764,0.0,1,0.04,0.0,0.774068619061197,2.136894303881536,0.7004894865180787,0.9695479312154226,0.20279720279720279,0.8381618381618382,0.0,7.788291140898912,0.20279720279720279,0.8381618381618382,0.0,7.788291140898912,0.42157842157842157,0.6193806193806194,0.0,3.8398928051021413,0.8401598401598401,0.2007992007992008,0.0,1.6788648859307045,0.36163836163836166,0.6793206793206793,0.0,12.182200961185192,3.0,17.0,9.0,0.258022873020399,0.21978021978021978,0.8351648351648352,0.70336379424687,sparse recovery,screen,2007,2005-07,2206.0,22,False,A_openalex_native,False,0.09938876257415502,L2,6,0.20158599688842269,2.5960970469663045,0.0,7.788291140898912,True,UNDETERMINED,UNDETERMINED,UNDETERMINED,UNDETERMINED,UNDETERMINED,UNDETERMINED,UNDETERMINED,UNDETERMINED,UNDETERMINED,UNDETERMINED,UNDETERMINED,,,False,below_nmin,30
c_62af526ae811,2013,6,2208,host,16,16,3,True,0.6666666666666666,0.6666666666666666,1.1645520887989977,0.2273439084323563,2.101760269165639,2013,0.125,0.15384615384615385,13,0.375,6,0.625,0.0,0,0.028,0.0,3.0,3.295836866004329,0.2857142857142857,1.0,0.13486513486513488,0.8941058941058941,0.0,30.18449895441316,0.13486513486513488,0.8941058941058941,0.0,30.18449895441316,0.13486513486513488,0.8941058941058941,0.0,30.18449895441316,0.3726273726273726,0.6563436563436563,0.0,6.506651392095675,0.17082917082917082,0.8581418581418582,0.0,52.596888072281416,3.0,16.0,6.0,0.6666666666666666,0.13886113886113885,0.8911088911088911,0.3333333333333333,sparse recovery,screen,2007,2005-07,2206.0,22,False,A_openalex_native,False,0.09938876257415502,L2,6,0.09938876257415502,6.707666434314035,0.0,30.18449895441316,True,UNDETERMINED,UNDETERMINED,UNDETERMINED,UNDETERMINED,UNDETERMINED,UNDETERMINED,UNDETERMINED,UNDETERMINED,UNDETERMINED,UNDETERMINED,UNDETERMINED,,,False,below_nmin,30
c_62af526ae811,2013,6,1702,host,10,10,5,True,0.0,0.8172353553424988,0.6856310189813686,-0.27477983900420466,1.6460418769669418,2013,0.1,0.16666666666666666,6,0.4,4,0.6,0.0,0,0.0,0.0,0.0,0.9041268068319481,0.5126276142466634,1.0,1.0,0.000999000999000999,0.0,0.0,1.0,0.000999000999000999,0.0,0.0,1.0,0.000999000999000999,0.0,0.0,1.0,0.000999000999000999,0.0,0.0,1.0,0.000999000999000999,0.0,0.0,5.0,10.0,4.0,0.0,1.0,0.000999000999000999,0.5126276142466634,sparse recovery,screen,2007,2005-07,2206.0,17,False,A_openalex_native,False,0.11900735469346849,L2,7,0.18946054333778825,0.0,0.0,0.0,False,UNDETERMINED,SINK,SINK,UNDETERMINED,UNDETERMINED,UNDETERMINED,UNDETERMINED,UNDETERMINED,UNDETERMINED,UNDETERMINED,UNDETERMINED,,,False,below_nmin,30
c_62af526ae811,2013,6,2741,host,10,10,0,True,,0.75,1.6372679953572264,0.7228410290617838,2.551694961652669,2013,0.1,0.125,8,0.3,4,0.6,0.0,0,,,,,,,,,,,,,,,,,,,,,,,,,,,,,,,,,,sparse recovery,screen,2007,2005-07,2206.0,27,False,A_openalex_native,False,0.14333925742693499,L2,4,0.14333925742693499,,,,True,UNDETERMINED,UNDETERMINED,UNDETERMINED,UNDETERMINED,UNDETERMINED,UNDETERMINED,UNDETERMINED,UNDETERMINED,UNDETERMINED,UNDETERMINED,UNDETERMINED,,,False,no_cohort_parents,30
c_62af526ae811,2014,7,1711,host,50,50,5,True,1.3283647375912122,0.4361284124038885,1.5497267621420403,0.43172677414312655,2.667726750140954,2014,0.36,0.4186046511627907,43,0.5,26,0.48,0.02,0,0.01,0.6132325448720014,4.039943007743365,1.8852415860875282,0.3084649309192067,0.577821459595998,0.012987012987012988,0.998001998001998,2.1713549519479245,14.304769583424404,0.012987012987012988,0.998001998001998,2.1713549519479245,14.304769583424404,0.01098901098901099,1.0,3.236729580040696,21.323400305785942,0.013986013986013986,0.997002997002997,1.9303741230811509,12.71720084996175,0.015984015984015984,0.995004995004995,1.9094915189728257,30.419896097057823,5.0,50.0,26.0,1.4283647375912123,0.011988011988011988,0.996003996003996,0.2838625618781398,sparse recovery,screen,2007,2005-07,2206.0,17,False,A_openalex_native,False,0.28241929967363005,L2,7,0.18946054333778825,4.703519692621218,2.1713549519479245,14.304769583424404,True,SOURCE,UNDETERMINED,UNDETERMINED,SOURCE,SOURCE,SOURCE,SOURCE,SOURCE,SOURCE,SOURCE,SOURCE,0.025974025974025976,0.998001998001998,True,tested,30
c_62af526ae811,2014,7,2202,host,31,31,5,True,0.1548137238122394,0.8360432809373951,0.8087695557293096,0.2858542459234734,1.3316848655351459,2014,0.12903225806451613,0.16,25,0.3548387096774194,14,0.5483870967741935,0.0,1,0.005,0.0,0.41110292859179554,2.014903020542265,0.6917638422223406,0.9539214594643197,0.7382617382617382,0.2677322677322677,0.0,1.8644639568633188,0.7382617382617382,0.2677322677322677,0.0,1.8644639568633188,0.6993006993006993,0.3066933066933067,0.0,2.039342687177522,0.964035964035964,0.04195804195804196,0.0,0.8988576518276833,0.5724275724275725,0.43356643356643354,0.0,9.071579818948576,5.0,31.0,13.0,0.1548137238122394,0.7362637362637363,0.27172827172827174,0.6704443378376217,sparse recovery,screen,2007,2005-07,2206.0,22,False,A_openalex_native,False,0.22049389964256247,L2,4,0.20158599688842269,0.7021224807725036,0.0,1.8644639568633188,True,UNDETERMINED,UNDETERMINED,UNDETERMINED,UNDETERMINED,UNDETERMINED,UNDETERMINED,UNDETERMINED,UNDETERMINED,UNDETERMINED,SINK,UNDETERMINED,0.7382617382617382,0.5354645354645354,True,tested,30
c_62af526ae811,2014,7,2204,host,24,22,7,True,0.0,0.625,0.19343644045714514,0.05430981878607152,0.33256306212821873,2014,0.09090909090909091,0.125,16,0.2727272727272727,4,0.8181818181818181,0.09090909090909091,0,0.0,0.0,0.0,0.8598635818012372,0.2,1.0,1.0,0.000999000999000999,0.0,0.0,1.0,0.000999000999000999,0.0,0.0,1.0,0.000999000999000999,0.0,0.0,1.0,0.000999000999000999,0.0,0.0,1.0,0.000999000999000999,0.0,0.0,7.0,22.0,6.0,0.0,1.0,0.000999000999000999,0.5,sparse recovery,screen,2007,2005-07,2206.0,22,False,A_openalex_native,False,0.22049389964256247,L2,4,0.22049389964256247,0.0,0.0,0.0,True,UNDETERMINED,FADING,FADING,FADING,FADING,UNDETERMINED,UNDETERMINED,UNDETERMINED,UNDETERMINED,UNDETERMINED,UNDETERMINED,,,False,below_nmin,30
c_62af526ae811,2014,7,1707,host,24,23,7,True,0.14285714285714285,0.5,0.37202946096744544,0.1361789402319099,0.607879981702981,2014,0.08695652173913043,0.10526315789473684,19,0.2608695652173913,4,0.8260869565217391,0.08695652173913043,1,0.0,0.0,0.5,2.3513752571634776,0.0,1.0,0.7852147852147852,0.21578421578421578,0.0,1.7704172504422007,0.7852147852147852,0.21578421578421578,0.0,1.7704172504422007,0.6503496503496503,0.35064935064935066,0.0,2.6390719206824635,0.8201798201798202,0.18081918081918083,0.0,1.5739331997489412,0.7122877122877123,0.2887112887112887,0.0,3.8404045630329042,7.0,23.0,4.0,0.14285714285714285,0.7622377622377622,0.23876123876123875,0.0,sparse recovery,screen,2007,2005-07,2206.0,17,False,A_openalex_native,False,0.28241929967363005,L2,7,0.18946054333778825,0.505833500126343,0.0,1.7704172504422007,True,UNDETERMINED,UNDETERMINED,UNDETERMINED,UNDETERMINED,UNDETERMINED,UNDETERMINED,UNDETERMINED,UNDETERMINED,UNDETERMINED,UNDETERMINED,UNDETERMINED,,,False,below_nmin,30
c_62af526ae811,2014,7,2208,host,21,21,7,True,0.2857142857142857,0.7142857142857143,0.7477143712438037,-0.21373898222425314,1.7091677247118606,2014,0.09523809523809523,0.125,16,0.3333333333333333,7,0.6666666666666667,0.0,0,0.0,0.0,0.75,2.5455312716044354,0.42857142857142855,1.0,0.4035964035964036,0.5974025974025974,0.0,3.401454648930458,0.4035964035964036,0.5974025974025974,0.0,3.401454648930458,0.4035964035964036,0.5974025974025974,0.0,3.720496520475691,0.8091908091908092,0.1918081918081918,0.0,1.6398405167776187,0.3776223776223776,0.6233766233766234,0.0,11.688197349395871,7.0,21.0,7.0,0.2857142857142857,0.3776223776223776,0.6233766233766234,0.42857142857142855,sparse recovery,screen,2007,2005-07,2206.0,22,False,A_openalex_native,False,0.22049389964256247,L2,4,0.20158599688842269,1.295792247211603,0.0,3.401454648930458,False,UNDETERMINED,UNDETERMINED,UNDETERMINED,UNDETERMINED,UNDETERMINED,UNDETERMINED,UNDETERMINED,UNDETERMINED,UNDETERMINED,UNDETERMINED,UNDETERMINED,,,False,below_nmin,30
c_62af526ae811,2014,7,1705,host,16,16,5,True,0.0,0.8571428571428571,0.9145494764658795,-0.04040490298790422,1.869503855919663,2014,0.0625,0.08333333333333333,12,0.3125,7,0.5625,0.0,0,0.001,0.0,0.0,1.2237754316221159,0.6,1.0,1.0,0.001998001998001998,0.0,0.0,1.0,0.001998001998001998,0.0,0.0,1.0,0.001998001998001998,0.0,0.0,1.0,0.001998001998001998,0.0,0.0,1.0,0.001998001998001998,0.0,0.0,5.0,16.0,7.0,0.0,1.0,0.005994005994005994,0.5714285714285714,sparse recovery,screen,2007,2005-07,2206.0,17,False,A_openalex_native,False,0.28241929967363005,L2,7,0.18946054333778825,0.0,0.0,0.0,False,UNDETERMINED,SINK,SINK,SINK,UNDETERMINED,UNDETERMINED,UNDETERMINED,UNDETERMINED,UNDETERMINED,UNDETERMINED,UNDETERMINED,,,False,below_nmin,30
c_62af526ae811,2014,7,1702,host,15,13,6,True,0.12184309643833414,0.8781569035616658,0.09862250512092391,-0.24303766337909355,0.44028267362094137,2014,0.07692307692307693,0.125,8,0.46153846153846156,6,0.5384615384615384,0.0,0,0.0,0.0,0.4873723857533366,2.2257121835400535,0.6866891805871408,1.0,0.8311688311688312,0.16983016983016982,0.0,1.7257049582537554,0.8311688311688312,0.16983016983016982,0.0,1.7257049582537554,0.7262737262737263,0.27472527472527475,0.0,2.5724215563153052,0.8751248751248751,0.1258741258741259,0.0,1.5341831571560487,0.7612387612387612,0.23976023976023977,0.0,3.1148315958445827,6.0,13.0,5.0,0.12184309643833414,0.8281718281718282,0.17282717282717283,0.6344707106849975,sparse recovery,screen,2007,2005-07,2206.0,17,False,A_openalex_native,False,0.28241929967363005,L2,7,0.18946054333778825,0.43142623956343884,0.0,1.7257049582537554,False,UNDETERMINED,UNDETERMINED,UNDETERMINED,UNDETERMINED,UNDETERMINED,UNDETERMINED,UNDETERMINED,UNDETERMINED,UNDETERMINED,UNDETERMINED,UNDETERMINED,,,False,below_nmin,30
c_62af526ae811,2014,7,2741,host,13,13,3,True,0.0,0.8333333333333334,1.4689537689387253,0.4546224849458196,2.483285052931631,2014,0.07692307692307693,0.1,10,0.38461538461538464,6,0.5384615384615384,0.0,0,0.032,0.0,0.0,1.2992829841302609,0.5,1.0,1.0,0.03296703296703297,0.0,0.0,1.0,0.03296703296703297,0.0,0.0,1.0,0.03296703296703297,0.0,0.0,1.0,0.03296703296703297,0.0,0.0,1.0,0.03296703296703297,0.0,0.0,3.0,13.0,5.0,0.0,1.0,0.04495504495504495,0.4,sparse recovery,screen,2007,2005-07,2206.0,27,False,A_openalex_native,False,0.22289506383403618,L2,6,0.22289506383403618,0.0,0.0,0.0,True,UNDETERMINED,FADING,FADING,UNDETERMINED,UNDETERMINED,UNDETERMINED,UNDETERMINED,UNDETERMINED,UNDETERMINED,UNDETERMINED,UNDETERMINED,,,False,below_nmin,30
c_62af526ae811,2015,8,1711,host,69,68,18,True,0.717479760226551,0.4360328957619729,0.5288614975863097,0.2109384626277228,0.8467845325448966,2015,0.3382352941176471,0.39655172413793105,58,0.5,34,0.5,0.029411764705882353,0,0.0,0.46359619227195187,1.1035669813932811,0.8672889788846362,0.3121484587618173,0.5615420562231571,0.017982017982017984,0.983016983016983,1.1341447345295763,2.69977342784921,0.017982017982017984,0.983016983016983,1.1341447345295763,2.69977342784921,0.017982017982017984,0.983016983016983,1.1341447345295763,2.69977342784921,0.002997002997002997,0.998001998001998,1.4629425099662638,3.482459684932697,0.024975024975024976,0.9760239760239761,1.095019881235087,5.500979145189086,18.0,68.0,34.0,0.717479760226551,0.029970029970029972,0.971028971028971,0.3267016398512624,sparse recovery,screen,2007,2005-07,2206.0,17,False,A_openalex_native,False,0.4087628132085307,L2,7,0.4087628132085307,1.7552471434345671,1.1341447345295763,2.69977342784921,True,SOURCE,UNDETERMINED,UNDETERMINED,UNDETERMINED,UNDETERMINED,SOURCE,SOURCE,SOURCE,SOURCE,SOURCE,SOURCE,0.05394605394605395,0.983016983016983,True,tested,30
c_62af526ae811,2015,8,2202,host,52,49,9,True,0.32316263127449313,0.6124071218075041,0.4245538651143797,0.25899114848851734,0.5901165817402421,2015,0.22448979591836735,0.2972972972972973,37,0.42857142857142855,21,0.5714285714285714,0.0,1,0.0,0.09767428751412517,0.7407231280587466,2.0259873998592433,0.47148918630519143,0.7574786938394772,0.17882117882117882,0.8221778221778222,0.5274759210659078,4.000168561978041,0.17882117882117882,0.8221778221778222,0.5274759210659078,4.000168561978041,0.2087912087912088,0.7922077922077922,0.48452912911499313,3.6744770941045815,0.6763236763236763,0.3246753246753247,0.24165237833926137,1.8325959691326916,0.23676323676323677,0.7642357642357642,0.4603384563204467,118.73807218948181,9.0,49.0,21.0,0.32316263127449313,0.17882117882117882,0.8221778221778222,0.4601128139680173,sparse recovery,screen,2007,2005-07,2206.0,22,False,A_openalex_native,False,0.18517297873379288,L2,4,0.20158599688842269,1.7451932430113144,0.5274759210659078,4.000168561978041,True,UNDETERMINED,UNDETERMINED,UNDETERMINED,UNDETERMINED,UNDETERMINED,UNDETERMINED,UNDETERMINED,UNDETERMINED,UNDETERMINED,UNDETERMINED,UNDETERMINED,0.26823176823176825,0.983016983016983,True,tested,30
c_62af526ae811,2015,8,2208,host,37,34,14,True,0.14285714285714285,0.647816103067862,0.1848012020733859,-0.15220774587521657,0.5218101500219884,2015,0.14705882352941177,0.18518518518518517,27,0.4117647058823529,13,0.6176470588235294,0.0,0,0.0,0.0,0.3076923076923077,2.1171818696626827,0.43112140935356846,0.8575050437392626,0.7072927072927073,0.2937062937062937,0.0,1.661647988795656,0.7072927072927073,0.2937062937062937,0.0,1.661647988795656,0.7072927072927073,0.2937062937062937,0.0,1.661647988795656,0.996003996003996,0.004995004995004995,0.0,0.7612502721331771,0.6723276723276723,0.32867132867132864,0.0,2.5108083148175835,14.0,34.0,13.0,0.14285714285714285,0.6953046953046953,0.30569430569430567,0.44493910017473465,sparse recovery,screen,2007,2005-07,2206.0,22,False,A_openalex_native,False,0.18517297873379288,L2,4,0.18517297873379288,0.7714794233694117,0.0,1.661647988795656,False,UNDETERMINED,UNDETERMINED,UNDETERMINED,UNDETERMINED,UNDETERMINED,UNDETERMINED,UNDETERMINED,UNDETERMINED,UNDETERMINED,FADING,UNDETERMINED,0.7072927072927073,0.8811188811188811,True,tested,30
c_62af526ae811,2015,8,2204,host,28,25,9,True,0.0,0.625,0.16483344567529307,0.013348577633228415,0.31631831371735775,2015,0.08,0.10526315789473684,19,0.24,4,0.84,0.08,0,0.0,0.0,0.0,0.8979415932059585,0.25,1.0,1.0,0.000999000999000999,0.0,0.0,1.0,0.000999000999000999,0.0,0.0,1.0,0.000999000999000999,0.0,0.0,1.0,0.000999000999000999,0.0,0.0,1.0,0.000999000999000999,0.0,0.0,9.0,25.0,6.0,0.0,1.0,0.000999000999000999,0.5,sparse recovery,screen,2007,2005-07,2206.0,22,False,A_openalex_native,False,0.18517297873379288,L2,4,0.18517297873379288,0.0,0.0,0.0,True,UNDETERMINED,FADING,FADING,FADING,FADING,UNDETERMINED,UNDETERMINED,UNDETERMINED,UNDETERMINED,UNDETERMINED,UNDETERMINED,,,False,below_nmin,30
c_62af526ae811,2015,8,1707,host,28,27,11,True,0.2727272727272727,0.5714285714285714,0.22217671740754735,-0.060407521432741196,0.5047609562478359,2015,0.1111111111111111,0.13043478260869565,23,0.3333333333333333,7,0.7407407407407407,0.07407407407407407,1,0.0,0.06645833333333334,0.6255681818181813,2.2389474971316075,0.2222222222222222,0.9,0.8051948051948052,0.1958041958041958,0.1625840981269242,1.5303940613087208,0.8051948051948052,0.1958041958041958,0.1625840981269242,1.5303940613087208,0.32167832167832167,0.6793206793206793,0.35077664279071086,3.301838846217489,0.6473526473526473,0.35364635364635366,0.20971854945220933,1.9740677367929518,0.6783216783216783,0.3226773226773227,0.14794336581607515,2.7088849677766134,11.0,27.0,8.0,0.2727272727272727,0.7812187812187812,0.21978021978021978,0.3333333333333333,sparse recovery,screen,2007,2005-07,2206.0,17,False,A_openalex_native,False,0.4087628132085307,L2,7,0.18946054333778825,0.6672017705978079,0.1625840981269242,1.5303940613087208,False,UNDETERMINED,UNDETERMINED,UNDETERMINED,UNDETERMINED,UNDETERMINED,UNDETERMINED,UNDETERMINED,UNDETERMINED,UNDETERMINED,UNDETERMINED,UNDETERMINED,,,False,below_nmin,30
c_62af526ae811,2015,8,1705,host,25,22,7,True,0.0,0.7878787878787878,0.2621159627705439,-0.008431574621821036,0.5326635001629088,2015,0.13636363636363635,0.1875,16,0.45454545454545453,11,0.5,0.0,0,0.0,0.0,0.0,1.1895840668738362,0.5757575757575757,0.9743589743589743,1.0,0.000999000999000999,0.0,0.0,1.0,0.000999000999000999,0.0,0.0,1.0,0.000999000999000999,0.0,0.0,1.0,0.000999000999000999,0.0,0.0,1.0,0.000999000999000999,0.0,0.0,7.0,22.0,9.0,0.0,1.0,0.001998001998001998,0.4583333333333333,sparse recovery,screen,2007,2005-07,2206.0,17,False,A_openalex_native,False,0.4221271653952266,L1,3,0.18946054333778825,0.0,0.0,0.0,False,UNDETERMINED,SINK,SINK,SINK,SINK,UNDETERMINED,UNDETERMINED,UNDETERMINED,UNDETERMINED,UNDETERMINED,UNDETERMINED,,,False,below_nmin,30
c_62af526ae811,2015,8,1702,host,23,20,5,True,0.14621171572600097,0.9268941421369995,0.3165310522171753,-0.047292658425604484,0.6803547628599551,2015,0.05,0.07692307692307693,13,0.5,10,0.5,0.0,0,0.007,0.0,0.36552928931500245,1.5585404893833685,0.7911261203914272,1.0,0.955044955044955,0.052947052947052944,0.0,0.8942332264665361,0.955044955044955,0.052947052947052944,0.0,0.8942332264665361,0.6963036963036963,0.3116883116883117,0.0,1.929316167236479,0.8851148851148851,0.12287712287712288,0.0,1.1534787060178948,0.9020979020979021,0.10589410589410589,0.0,1.3693094053360235,5.0,20.0,9.0,0.14621171572600097,0.955044955044955,0.04795204795204795,0.7563138071233317,sparse recovery,screen,2007,2005-07,2206.0,17,False,A_openalex_native,False,0.4087628132085307,L2,7,0.18946054333778825,0.3576932905866145,0.0,0.8942332264665361,False,UNDETERMINED,UNDETERMINED,UNDETERMINED,UNDETERMINED,UNDETERMINED,UNDETERMINED,UNDETERMINED,UNDETERMINED,UNDETERMINED,UNDETERMINED,UNDETERMINED,,,False,below_nmin,30
c_62af526ae811,2015,8,2741,host,16,16,4,True,0.0,0.8333333333333334,0.9320233578708308,-0.17519165430469474,2.0392383700463563,2015,0.0625,0.07692307692307693,13,0.3125,6,0.625,0.0,0,0.01,0.0,0.0,1.6094379124341003,0.5,1.0,1.0,0.01098901098901099,0.0,0.0,1.0,0.01098901098901099,0.0,0.0,1.0,0.01098901098901099,0.0,0.0,1.0,0.01098901098901099,0.0,0.0,1.0,0.01098901098901099,0.0,0.0,4.0,16.0,6.0,0.0,1.0,0.015984015984015984,0.5714285714285714,sparse recovery,screen,2007,2005-07,2206.0,27,False,A_openalex_native,False,0.12579223775791898,L2,5,0.12579223775791898,0.0,0.0,0.0,False,UNDETERMINED,FADING,FADING,FADING,UNDETERMINED,UNDETERMINED,UNDETERMINED,UNDETERMINED,UNDETERMINED,UNDETERMINED,UNDETERMINED,,,False,below_nmin,30
c_62af526ae811,2015,8,2214,host,10,9,5,True,0.2,0.5,-0.03790025959776588,-0.35404706766249566,0.2782465484669639,2015,0.1111111111111111,0.16666666666666666,6,0.4444444444444444,2,0.7777777777777778,0.2222222222222222,1,0.001,0.0,0.5,1.8718021769015913,0.0,1.0,0.47652347652347654,0.5254745254745254,0.0,2.7001779817929408,0.47652347652347654,0.5254745254745254,0.0,2.7001779817929408,0.5744255744255744,0.4275724275724276,0.0,2.4803310136504604,0.8711288711288712,0.13086913086913088,0.0,1.2370316922164126,0.5194805194805194,0.4825174825174825,0.0,3.9545214167595697,6.0,9.0,4.0,0.5,0.13586413586413587,0.8651348651348651,0.0,sparse recovery,screen,2007,2005-07,2206.0,22,False,A_openalex_native,False,0.18517297873379288,L2,4,0.20158599688842269,1.0800711927171764,0.0,2.7001779817929408,False,UNDETERMINED,UNDETERMINED,UNDETERMINED,UNDETERMINED,UNDETERMINED,UNDETERMINED,UNDETERMINED,UNDETERMINED,UNDETERMINED,UNDETERMINED,UNDETERMINED,,,False,below_nmin,30
c_62af526ae811,2015,8,2212,host,10,10,6,True,0.5,0.4,0.6316792819446938,-0.6699548556900877,1.9333134195794752,2015,0.3,0.42857142857142855,7,0.5,5,0.5,0.0,0,0.0,0.125,1.25,2.3025850929940455,0.0,0.8,0.11588411588411589,0.8851148851148851,0.6750444954482352,6.750444954482352,0.11588411588411589,0.8851148851148851,0.6750444954482352,6.750444954482352,0.11588411588411589,0.8851148851148851,0.6750444954482352,6.750444954482352,0.37962037962037964,0.6213786213786214,0.30925792305410316,3.092579230541032,0.15284715284715283,0.8481518481518482,0.5574829833403578,10.52362511757131,6.0,10.0,5.0,0.5,0.1258741258741259,0.8751248751248751,0.0,sparse recovery,screen,2007,2005-07,2206.0,22,False,A_openalex_native,False,0.18517297873379288,L2,4,0.18517297873379288,2.7001779817929408,0.6750444954482352,6.750444954482352,False,UNDETERMINED,UNDETERMINED,UNDETERMINED,UNDETERMINED,UNDETERMINED,UNDETERMINED,UNDETERMINED,UNDETERMINED,UNDETERMINED,UNDETERMINED,UNDETERMINED,,,False,below_nmin,30
c_62af526ae811,2015,8,1908,host,10,10,2,True,0.5,0.6666666666666666,1.55808331783471,0.45566096957702396,2.660505666092396,2015,0.1,0.1111111111111111,9,0.3,3,0.7,0.0,0,0.104,0.0,1.0,1.6094379124341003,0.0,1.0,0.35764235764235763,0.7472527472527473,0.0,4.737491162601803,0.35764235764235763,0.7472527472527473,0.0,4.737491162601803,0.35764235764235763,0.7472527472527473,0.0,4.737491162601803,0.38161838161838163,0.7232767232767233,0.0,3.155639615581833,0.36663336663336665,0.7382617382617382,0.0,6.10374818207599,2.0,10.0,3.0,0.5,0.37362637362637363,0.7502497502497503,0.0,sparse recovery,screen,2007,2005-07,2206.0,19,False,A_openalex_native,False,0.21108218795089126,L4,30,0.21108218795089126,2.3687455813009013,0.0,4.737491162601803,True,UNDETERMINED,UNDETERMINED,UNDETERMINED,UNDETERMINED,UNDETERMINED,UNDETERMINED,UNDETERMINED,UNDETERMINED,UNDETERMINED,UNDETERMINED,UNDETERMINED,,,False,below_nmin,30
c_63ea2a7e38bb,2012,3,3106,host,14,14,0,True,,0.8597991034568362,1.6609862290844453,0.704274459296119,2.6176979988727718,2012,0.14285714285714285,0.15384615384615385,13,0.5714285714285714,9,0.3571428571428571,0.21428571428571427,1,,,,,,,,,,,,,,,,,,,,,,,,,,,,,,,,,,horava gravity,screen,2009,2008-11,3103.0,31,False,B_s2_index,False,0.12389770254761795,L4,23,0.12389770254761795,,,,True,UNDETERMINED,UNDETERMINED,UNDETERMINED,UNDETERMINED,UNDETERMINED,UNDETERMINED,UNDETERMINED,UNDETERMINED,UNDETERMINED,UNDETERMINED,UNDETERMINED,,,False,no_cohort_parents,30
c_63ea2a7e38bb,2012,3,3109,host,10,10,0,True,,0.7285714285714285,0.6996539786141066,-1.434100075087628,2.8334080323158415,2012,0.4,0.4,10,0.4,7,0.30000000000000004,0.1,1,,,,,,,,,,,,,,,,,,,,,,,,,,,,,,,,,,horava gravity,screen,2009,2008-11,3103.0,31,False,B_s2_index,False,0.12389770254761795,L4,23,0.40563448898237603,,,,False,UNDETERMINED,UNDETERMINED,UNDETERMINED,UNDETERMINED,UNDETERMINED,UNDETERMINED,UNDETERMINED,UNDETERMINED,UNDETERMINED,UNDETERMINED,UNDETERMINED,,,False,no_cohort_parents,30
c_63ea2a7e38bb,2013,4,3106,host,19,19,3,True,0.0,0.7397757089457219,1.1583179577242069,0.08498712114071849,2.231648794307695,2013,0.2631578947368421,0.29411764705882354,17,0.631578947368421,12,0.368421052631579,0.21052631578947367,1,0.033,0.0,0.0,1.2992829841302609,0.5579163352588785,0.9041897687160199,1.0,0.03396603396603397,0.0,0.0,1.0,0.03396603396603397,0.0,0.0,1.0,0.03396603396603397,0.0,0.0,1.0,0.03396603396603397,0.0,0.0,1.0,0.03396603396603397,0.0,0.0,3.0,19.0,12.0,0.0,1.0,0.04295704295704296,0.5555656745953654,horava gravity,screen,2009,2008-11,3103.0,31,False,B_s2_index,False,0.3550078211097066,L3,3,0.3550078211097066,0.0,0.0,0.0,True,UNDETERMINED,SINK,SINK,SINK,UNDETERMINED,UNDETERMINED,UNDETERMINED,UNDETERMINED,UNDETERMINED,UNDETERMINED,UNDETERMINED,,,False,below_nmin,30
c_63ea2a7e38bb,2013,4,3109,host,11,11,4,True,0.4185171547652992,0.7282414226173504,0.33075962712569845,-1.7043133250811602,2.365832579332557,2013,0.45454545454545453,0.45454545454545453,11,0.45454545454545453,8,0.2727272727272727,0.09090909090909091,1,0.005,0.12750000000000003,1.2688872523850254,2.2894074344026163,0.6,0.86521403350924,0.4005994005994006,0.6053946053946054,0.3591470171036013,3.5742515430185593,0.06493506493506493,0.9410589410589411,0.8894981199758986,8.852335885944026,0.4005994005994006,0.6053946053946054,0.3591470171036013,3.5742515430185593,0.4805194805194805,0.5254745254745254,0.3198806394263484,3.1834703188459943,0.2897102897102897,0.7162837162837162,0.42647354915701735,7.88498883828082,4.0,11.0,8.0,0.4185171547652992,0.38961038961038963,0.6213786213786214,0.6032414226173504,horava gravity,screen,2009,2008-11,3103.0,31,False,B_s2_index,False,0.3550078211097066,L3,3,0.3550078211097066,1.1788955901226936,0.3591470171036013,3.5742515430185593,False,UNDETERMINED,UNDETERMINED,UNDETERMINED,UNDETERMINED,UNDETERMINED,UNDETERMINED,UNDETERMINED,UNDETERMINED,UNDETERMINED,UNDETERMINED,UNDETERMINED,,,False,below_nmin,30
c_63ea2a7e38bb,2014,5,3106,host,22,21,10,True,0.2754181103876268,0.7141908326415528,0.18026942035012508,-0.1815523260264811,0.5420911667267313,2014,0.3333333333333333,0.35,20,0.7142857142857143,15,0.2857142857142857,0.19047619047619047,1,0.0,0.07893674000485824,0.6987569595975046,2.1806733389015434,0.5418799710263738,0.8677088818358736,0.8361638361638362,0.16483516483516483,0.16832215834378303,1.4900068027885718,0.1798201798201798,0.8211788211788211,0.559351207854181,4.951440220654212,0.8361638361638362,0.16483516483516483,0.16832215834378303,1.4900068027885718,0.6173826173826173,0.3836163836163836,0.24848231154719355,2.1995935545322842,0.5764235764235764,0.4245754245754246,0.18640225578942535,4.204104377902758,10.0,21.0,15.0,0.2754181103876268,0.8291708291708292,0.17182817182817184,0.5560833061644688,horava gravity,screen,2009,2008-11,3103.0,31,False,B_s2_index,False,0.4689622613063039,L3,4,0.4689622613063039,0.587292695195652,0.16832215834378303,1.4900068027885718,False,UNDETERMINED,UNDETERMINED,UNDETERMINED,UNDETERMINED,UNDETERMINED,UNDETERMINED,UNDETERMINED,UNDETERMINED,UNDETERMINED,UNDETERMINED,UNDETERMINED,,,False,below_nmin,30
c_63ea2a7e38bb,2014,5,3109,host,11,10,9,True,0.24156317989568857,0.7282414226173504,-1.2452877229652481,-2.827653811508461,0.337078365577965,2014,0.5,0.5,10,0.5,8,0.19999999999999996,0.1,1,0.0,0.11996704788367334,0.40317226531194156,1.2121475429791002,0.5939398655578058,0.8532414226173504,0.985014985014985,0.015984015984015984,0.25581386346420004,0.8597115345462917,0.12087912087912088,0.8801198801198801,0.8500948117733657,2.856906600927038,0.985014985014985,0.015984015984015984,0.25581386346420004,0.8597115345462917,0.7932067932067932,0.2077922077922078,0.37764023907996885,1.2691324271849065,0.6433566433566433,0.35764235764235763,0.2572545206715765,3.02650531078626,9.0,10.0,8.0,0.24156317989568857,0.99000999000999,0.01098901098901099,0.6129470628506255,horava gravity,screen,2009,2008-11,3103.0,31,False,B_s2_index,False,0.4689622613063039,L3,4,0.4689622613063039,0.5151015333788468,0.25581386346420004,0.8597115345462917,False,UNDETERMINED,SINK,SINK,UNDETERMINED,UNDETERMINED,UNDETERMINED,UNDETERMINED,UNDETERMINED,UNDETERMINED,UNDETERMINED,UNDETERMINED,,,False,below_nmin,30
c_63ea2a7e38bb,2015,6,3106,host,25,22,13,True,0.2850150836962326,0.6477888585341672,-0.046786904952905106,-0.23978418840107618,0.14621037849526597,2015,0.5,0.5238095238095238,21,0.8636363636363636,17,0.2272727272727273,0.13636363636363635,1,0.0,0.11428785118504345,0.5452623454277739,1.5625463139716,0.5050223181358786,0.7861372992878214,0.952047952047952,0.04895104895104895,0.20367114151228632,0.9717061189393912,0.7242757242757243,0.27672327672327673,0.32193051642579323,1.5359164305827326,0.952047952047952,0.04895104895104895,0.20367114151228632,0.9717061189393912,0.6343656343656343,0.36663336663336665,0.36065127077924425,1.7206514581169488,0.7212787212787213,0.27972027972027974,0.22738588910756208,2.4990069764092935,13.0,22.0,17.0,0.2850150836962326,0.955044955044955,0.04595404595404595,0.49152215879334105,horava gravity,screen,2009,2008-11,3103.0,31,False,B_s2_index,False,0.5611391497903944,L3,4,0.5611391497903944,0.5079222930759616,0.20367114151228632,0.9717061189393912,False,UNDETERMINED,SINK,SINK,SINK,SINK,UNDETERMINED,UNDETERMINED,UNDETERMINED,UNDETERMINED,UNDETERMINED,UNDETERMINED,,,False,below_nmin,30
c_63ea2a7e38bb,2015,6,3109,host,12,8,9,True,0.186007624340133,0.7608473401341147,-0.6130536743015444,-2.600968861550273,1.3748615129471837,2015,0.5,0.5,8,0.75,7,0.125,0.0,1,0.0,0.06851715476529924,0.34034010453533575,1.6028609375603704,0.6166666666666667,0.9,1.0,0.000999000999000999,0.12210367925833165,0.6065164133753009,0.971028971028971,0.029970029970029972,0.19300181768143546,0.9586833987811267,1.0,0.000999000999000999,0.12210367925833165,0.6065164133753009,0.9210789210789211,0.07992007992007992,0.21621544792432984,1.0739907166429676,0.8341658341658341,0.16683316683316685,0.13794593005145683,1.6941001496982968,9.0,8.0,7.0,0.186007624340133,1.0,0.000999000999000999,0.619949142261735,horava gravity,screen,2009,2008-11,3103.0,31,False,B_s2_index,False,0.5611391497903944,L3,4,0.5611391497903944,0.33148217230897814,0.12210367925833165,0.6065164133753009,False,UNDETERMINED,SINK,UNDETERMINED,UNDETERMINED,UNDETERMINED,UNDETERMINED,UNDETERMINED,UNDETERMINED,UNDETERMINED,UNDETERMINED,UNDETERMINED,,,False,below_nmin,30
c_63ea2a7e38bb,2016,7,3106,host,24,17,15,True,0.37637474300677926,0.5161097411413336,-0.202859215507903,-0.3888171099982012,-0.01690132101760483,2016,0.7058823529411765,0.75,16,0.8823529411764706,14,0.17647058823529416,0.058823529411764705,1,0.0,0.17814613821750544,0.6427478325227144,1.2831486236112375,0.3623539156833588,0.653745007488984,0.8621378621378621,0.13886113886113885,0.330290734179744,1.1916826018264233,0.7242757242757243,0.27672327672327673,0.3798730791711805,1.370574746744711,0.8621378621378621,0.13886113886113885,0.330290734179744,1.1916826018264233,0.3126873126873127,0.6883116883116883,0.5626107875821457,2.029888876012623,0.6003996003996004,0.4005994005994006,0.3682125992411142,2.2279783995642988,15.0,17.0,14.0,0.37637474300677926,0.8701298701298701,0.13086913086913088,0.38687285510345837,horava gravity,screen,2009,2008-11,3103.0,31,False,B_s2_index,True,0.5393615980778874,L3,5,0.5393615980778874,0.6978152399949472,0.330290734179744,1.1916826018264233,False,UNDETERMINED,UNDETERMINED,UNDETERMINED,UNDETERMINED,UNDETERMINED,UNDETERMINED,UNDETERMINED,UNDETERMINED,UNDETERMINED,UNDETERMINED,UNDETERMINED,,,False,below_nmin,30
c_63ea2a7e38bb,2016,7,3109,host,10,5,6,True,0.009854040756361015,0.8228402202395223,0.2527173509645939,-1.7481707459918212,2.253605447921009,2016,0.4,0.4,5,0.8,5,0.0,0.0,1,0.001,0.0,0.03941616302544406,2.5096604785003063,0.700494164291284,0.9488028720502045,1.0,0.001998001998001998,0.0,0.07307929071315178,1.0,0.001998001998001998,0.0,0.08404975469806363,1.0,0.001998001998001998,0.0,0.09717162641748792,1.0,0.001998001998001998,0.0,0.12448183690704458,1.0,0.001998001998001998,0.0,0.10636469359232784,6.0,5.0,5.0,0.009854040756361015,1.0,0.000999000999000999,0.6947936740434929,horava gravity,screen,2009,2008-11,3103.0,31,False,B_s2_index,True,0.5393615980778874,L3,5,0.40563448898237603,0.018269822678287945,0.0,0.07307929071315178,False,UNDETERMINED,SINK,UNDETERMINED,UNDETERMINED,UNDETERMINED,UNDETERMINED,UNDETERMINED,UNDETERMINED,UNDETERMINED,UNDETERMINED,UNDETERMINED,,,False,below_nmin,30
c_63ea2a7e38bb,2017,8,3106,host,21,18,11,True,0.29103869562674717,0.6457488775856363,-0.0461181509963802,-0.24262659638767714,0.15039029439491675,2017,0.5,0.5294117647058824,17,0.9444444444444444,16,0.11111111111111116,0.05555555555555555,1,0.0,0.13322932123274142,0.5355810544451152,1.3912828486411586,0.5041058239436497,0.773867306862414,0.8521478521478522,0.14885114885114886,0.3105349098144206,1.2483484333743902,0.9690309690309691,0.03196803196803197,0.23742653009063325,0.9544531951569837,0.8521478521478522,0.14885114885114886,0.3105349098144206,1.2483484333743902,0.2997002997002997,0.7012987012987013,0.5803479196516239,2.3329950785312574,0.7342657342657343,0.26673326673326675,0.27714758805952827,2.0598044329967093,11.0,18.0,16.0,0.29103869562674717,0.8381618381618382,0.16283716283716285,0.5143099994428498,horava gravity,screen,2009,2008-11,3103.0,31,False,B_s2_index,True,0.42903170310983996,L3,7,0.42903170310983996,0.678361746969165,0.3105349098144206,1.2483484333743902,False,UNDETERMINED,UNDETERMINED,UNDETERMINED,UNDETERMINED,UNDETERMINED,UNDETERMINED,UNDETERMINED,UNDETERMINED,UNDETERMINED,UNDETERMINED,UNDETERMINED,,,False,below_nmin,30
c_667b35b905bc,2014,6,2208,host,12,12,3,True,0.26829495166940365,0.8440636688242363,0.7935486000201015,0.05070570404226937,1.5363914959979337,2014,0.25,0.3,10,0.5833333333333334,7,0.41666666666666663,0.16666666666666666,0,0.025,0.0,1.2449186624037092,3.3067778354824813,0.6969570685253369,0.9641663170972331,0.48951048951048953,0.5364635364635365,0.0,5.646045829031179,0.48951048951048953,0.5364635364635365,0.0,5.646045829031179,0.45854145854145856,0.5674325674325674,0.0,6.175620735664334,0.7282717282717283,0.2977022977022977,0.0,2.721957416936267,0.42157842157842157,0.6043956043956044,0.0,16.150515912282717,3.0,12.0,7.0,0.26829495166940365,0.5314685314685315,0.5024975024975025,0.69223995029068,zigzag graphene nanoribbon,screen,2008,2008-11,2505.0,22,False,B_s2_index,False,0.22049389964256247,L2,4,0.20158599688842269,1.2167908141872874,0.0,5.646045829031179,True,UNDETERMINED,UNDETERMINED,UNDETERMINED,UNDETERMINED,UNDETERMINED,UNDETERMINED,UNDETERMINED,UNDETERMINED,UNDETERMINED,UNDETERMINED,UNDETERMINED,,,False,below_nmin,30
c_667b35b905bc,2015,7,2208,host,14,12,4,True,0.23204724251676495,0.8036145402137618,0.11992098991455588,-0.18837549265588469,0.4282174724849964,2015,0.4166666666666667,0.45454545454545453,11,0.75,9,0.25,0.08333333333333333,0,0.006,0.04089740548626513,0.580891224637494,2.5827356268763006,0.6839560941820886,0.912492337902915,0.4005994005994006,0.6063936063936064,0.22086054761294183,3.1370193891657965,0.4005994005994006,0.6063936063936064,0.22086054761294183,3.1370193891657965,0.4005994005994006,0.6063936063936064,0.22086054761294183,3.1370193891657965,0.8391608391608392,0.16783216783216784,0.1011827734318707,1.437161709213967,0.4355644355644356,0.5714285714285714,0.17475989351816854,4.589282751640344,4.0,12.0,9.0,0.23204724251676495,0.3826173826173826,0.6293706293706294,0.6794119030230976,zigzag graphene nanoribbon,screen,2008,2008-11,2505.0,22,False,B_s2_index,False,0.18517297873379288,L2,4,0.18517297873379288,1.253137709959071,0.22086054761294183,3.1370193891657965,False,UNDETERMINED,UNDETERMINED,UNDETERMINED,UNDETERMINED,UNDETERMINED,UNDETERMINED,UNDETERMINED,UNDETERMINED,UNDETERMINED,UNDETERMINED,UNDETERMINED,,,False,below_nmin,30
c_667b35b905bc,2016,8,2208,host,18,17,6,True,0.24362324986848993,0.7451382843847696,0.28519656956134504,0.011291470595777064,0.559101668526913,2016,0.29411764705882354,0.3125,16,0.7647058823529411,13,0.23529411764705888,0.058823529411764705,0,0.0,0.07097429923561359,0.6101459049002934,2.150035669824092,0.6130242327005438,0.866110315270562,0.3156843156843157,0.6853146853146853,0.38497916874867505,3.3095566397090668,0.24575424575424576,0.7552447552447552,0.4476205067609103,3.848066442232938,0.3156843156843157,0.6853146853146853,0.38497916874867505,3.3095566397090668,0.8181818181818182,0.18281718281718282,0.17319229738946534,1.4888850210645195,0.44255744255744256,0.5584415584415584,0.280094300409085,3.68048318986596,6.0,17.0,13.0,0.24362324986848993,0.3036963036963037,0.6973026973026973,0.6029618350922972,zigzag graphene nanoribbon,screen,2008,2008-11,2505.0,22,False,B_s2_index,True,0.18435880431220825,L3,19,0.18435880431220825,1.3214625185782742,0.38497916874867505,3.3095566397090668,True,UNDETERMINED,UNDETERMINED,UNDETERMINED,UNDETERMINED,UNDETERMINED,UNDETERMINED,UNDETERMINED,UNDETERMINED,UNDETERMINED,UNDETERMINED,UNDETERMINED,,,False,below_nmin,30
c_6d2c0bb6acb0,2013,7,3107,host,13,12,2,True,0.0,,0.48540375060269847,-0.838607125128398,1.809414626333795,2013,0.0,0.0,10,0.25,0,1.0,0.3333333333333333,0,,,,,,,,,,,,,,,,,,,,,,,,,,,,,,,,,,dirac fermions in graphene,screen,2006,2005-07,2505.0,31,True,B_s2_index,False,0.3550078211097066,L3,3,0.3550078211097066,0.0,,,False,UNDETERMINED,UNDETERMINED,UNDETERMINED,UNDETERMINED,UNDETERMINED,UNDETERMINED,UNDETERMINED,UNDETERMINED,UNDETERMINED,UNDETERMINED,UNDETERMINED,,,False,below_nmin,30
c_6d2c0bb6acb0,2014,8,3107,host,16,15,4,True,0.0,,0.7657392163346981,-0.455700160554096,1.9871785932234922,2014,0.0,0.0,11,0.26666666666666666,0,1.0,0.3333333333333333,1,,,,,,,,,,,,,,,,,,,,,,,,,,,,,,,,,,dirac fermions in graphene,screen,2006,2005-07,2505.0,31,True,B_s2_index,False,0.4689622613063039,L3,4,0.4689622613063039,0.0,,,False,UNDETERMINED,UNDETERMINED,UNDETERMINED,UNDETERMINED,UNDETERMINED,UNDETERMINED,UNDETERMINED,UNDETERMINED,UNDETERMINED,UNDETERMINED,UNDETERMINED,,,False,below_nmin,30
c_7011282bd1ba,2019,6,3109,host,10,10,3,True,0.0,0.0,0.925216124045603,-0.8187191465731912,2.6691513946643974,2019,0.0,0.0,10,0.2,2,0.8,0.7,1,0.027,0.0,0.0,1.2992829841302609,0.0,0.0,1.0,0.027972027972027972,0.0,0.0,1.0,0.027972027972027972,0.0,0.0,1.0,0.027972027972027972,0.0,0.0,1.0,0.027972027972027972,0.0,0.0,1.0,0.027972027972027972,0.0,0.0,3.0,10.0,0.0,0.0,,,,stochastic variational inference,heldout_concept,2013,2012-16,1702.0,31,True,B_s2_index,False,0.4114343185090953,L3,4,0.40563448898237603,0.0,0.0,0.0,False,UNDETERMINED,FADING,FADING,UNDETERMINED,UNDETERMINED,UNDETERMINED,UNDETERMINED,UNDETERMINED,UNDETERMINED,UNDETERMINED,UNDETERMINED,,,False,below_nmin,30
c_74026fe51449,2019,3,3103,host,10,10,2,True,0.0,,0.6585428783181649,-0.9105632550857176,2.2276490117220473,2019,0.0,0.0,6,0.0,0,1.0,0.0,3,,,,,,,,,,,,,,,,,,,,,,,,,,,,,,,,,,distributed chaos,screen,2016,2012-16,2206.0,31,False,B_s2_index,False,0.4114343185090953,L3,4,0.4114343185090953,0.0,,,False,UNDETERMINED,UNDETERMINED,UNDETERMINED,UNDETERMINED,UNDETERMINED,UNDETERMINED,UNDETERMINED,UNDETERMINED,UNDETERMINED,UNDETERMINED,UNDETERMINED,,,False,below_nmin,30
c_77d5d74f1bf6,2015,7,2208,host,12,11,5,True,0.0,1.0,0.10958777386891279,-1.003496093155587,1.2226716408934126,2015,0.0,0.0,7,0.45454545454545453,4,0.6363636363636364,0.09090909090909091,0,0.002,0.0,0.0,1.2237754316221159,1.0,1.0,1.0,0.002997002997002997,0.0,0.0,1.0,0.002997002997002997,0.0,0.0,1.0,0.002997002997002997,0.0,0.0,1.0,0.002997002997002997,0.0,0.0,1.0,0.002997002997002997,0.0,0.0,5.0,11.0,4.0,0.0,1.0,0.001998001998001998,1.0,analog network coding,screen,2008,2008-11,1705.0,22,False,B_s2_index,False,0.18517297873379288,L2,4,0.18517297873379288,0.0,0.0,0.0,False,UNDETERMINED,SINK,SINK,UNDETERMINED,UNDETERMINED,UNDETERMINED,UNDETERMINED,UNDETERMINED,UNDETERMINED,UNDETERMINED,UNDETERMINED,,,False,below_nmin,30
c_77d5d74f1bf6,2016,8,2208,host,16,15,4,True,0.0,1.0,0.367806500490203,-0.7437802419424194,1.4793932429228254,2016,0.0,0.0,12,0.6666666666666666,8,0.4666666666666667,0.13333333333333333,0,0.01,0.0,0.0,1.6094379124341003,1.0,1.0,1.0,0.01098901098901099,0.0,0.0,1.0,0.01098901098901099,0.0,0.0,1.0,0.01098901098901099,0.0,0.0,1.0,0.01098901098901099,0.0,0.0,1.0,0.01098901098901099,0.0,0.0,4.0,15.0,7.0,0.0,1.0,0.007992007992007992,1.0,analog network coding,screen,2008,2008-11,1705.0,22,False,B_s2_index,True,0.18435880431220825,L3,19,0.18435880431220825,0.0,0.0,0.0,False,UNDETERMINED,SINK,SINK,SINK,UNDETERMINED,UNDETERMINED,UNDETERMINED,UNDETERMINED,UNDETERMINED,UNDETERMINED,UNDETERMINED,,,False,below_nmin,30
c_7a1183961ed2,2018,8,3104,host,12,12,4,True,0.0,0.5189645450053109,0.9699782006038733,-0.9722630904934737,2.9122194917012205,2018,0.16666666666666666,0.2857142857142857,7,0.25,4,0.6666666666666667,0.08333333333333333,1,0.012,0.0,0.0,1.0986122886681098,0.03792909001062178,1.0,1.0,0.012987012987012988,0.0,0.0,1.0,0.012987012987012988,0.0,0.0,1.0,0.012987012987012988,0.0,0.0,1.0,0.012987012987012988,0.0,0.0,1.0,0.012987012987012988,0.0,0.0,4.0,12.0,5.0,0.0,1.0,0.008991008991008992,0.01896454500531089,majorana edge,screen,2010,2008-11,3107.0,31,False,B_s2_index,True,0.4114343185090953,L3,6,0.4114343185090953,0.0,0.0,0.0,False,UNDETERMINED,FADING,FADING,UNDETERMINED,UNDETERMINED,UNDETERMINED,UNDETERMINED,UNDETERMINED,UNDETERMINED,UNDETERMINED,UNDETERMINED,,,False,below_nmin,30
c_7afec8c4aadb,2016,3,1707,host,19,17,2,True,0.0,0.25,0.9447689954332171,-0.6824769300067893,2.5720149208732237,2016,0.17647058823529413,0.2,15,0.17647058823529413,4,0.7647058823529411,0.23529411764705882,1,0.109,0.0,0.0,1.2992829841302609,0.0,0.6666666666666666,1.0,0.10989010989010989,0.0,0.0,1.0,0.10989010989010989,0.0,0.0,1.0,0.10989010989010989,0.0,0.0,1.0,0.10989010989010989,0.0,0.0,1.0,0.10989010989010989,0.0,0.0,2.0,17.0,1.0,0.0,1.0,0.13886113886113885,0.0,deep recurrent neural network,screen,2013,2012-16,1702.0,17,False,B_s2_index,True,0.34009237637452083,L2,6,0.18946054333778825,0.0,0.0,0.0,False,UNDETERMINED,UNDETERMINED,UNDETERMINED,UNDETERMINED,UNDETERMINED,UNDETERMINED,UNDETERMINED,UNDETERMINED,UNDETERMINED,UNDETERMINED,UNDETERMINED,,,False,below_nmin,30
c_7afec8c4aadb,2016,3,1711,host,19,19,0,True,,0.0,1.908059948478852,0.9600401445518341,2.8560797524058703,2016,0.2631578947368421,0.29411764705882354,17,0.21052631578947367,5,0.736842105263158,0.2631578947368421,1,,,,,,,,,,,,,,,,,,,,,,,,,,,,,,,,,,deep recurrent neural network,screen,2013,2012-16,1702.0,17,False,B_s2_index,True,0.34009237637452083,L2,6,0.18946054333778825,,,,True,UNDETERMINED,UNDETERMINED,UNDETERMINED,UNDETERMINED,UNDETERMINED,UNDETERMINED,UNDETERMINED,UNDETERMINED,UNDETERMINED,UNDETERMINED,UNDETERMINED,,,False,no_cohort_parents,30
c_7afec8c4aadb,2017,4,1711,host,44,44,4,True,0.8443851671995364,0.0,1.5518790733451089,0.5417604578358257,2.561997688854392,2017,0.36363636363636365,0.3902439024390244,41,0.3409090909090909,16,0.6363636363636364,0.13636363636363635,1,0.013,0.22744411433512837,2.755081337596291,2.4593570529268116,0.0,0.0,0.027972027972027972,0.986013986013986,1.9645098208894105,23.796546069695825,0.027972027972027972,0.986013986013986,1.9645098208894105,23.796546069695825,0.05094905094905095,0.9630369630369631,1.2004827513326581,14.54171559449331,0.06393606393606394,0.9500499500499501,0.9907482629954233,12.001154910575991,0.052947052947052944,0.961038961038961,1.147329806749621,21.86910843470431,3.0,44.0,8.0,1.0,0.08491508491508491,0.9660339660339661,0.0,deep recurrent neural network,screen,2013,2012-16,1702.0,17,False,B_s2_index,True,0.1157765219173888,L2,8,0.18946054333778825,7.293233146199012,1.9645098208894105,23.796546069695825,True,SOURCE,SOURCE,SOURCE,SOURCE,SOURCE,SOURCE,UNDETERMINED,UNDETERMINED,SOURCE,UNDETERMINED,UNDETERMINED,0.055944055944055944,0.986013986013986,True,tested,30
c_7afec8c4aadb,2017,4,1707,host,33,33,2,True,1.25,0.3125,1.7580999285765664,0.8996880775378551,2.6165117796152777,2017,0.18181818181818182,0.20689655172413793,29,0.18181818181818182,8,0.7575757575757576,0.15151515151515152,1,0.133,0.25,3.0,2.1972245773362196,0.0,0.5833333333333334,0.16883116883116883,0.965034965034965,2.159332443743517,25.911989324922203,0.16883116883116883,0.965034965034965,2.159332443743517,25.911989324922203,0.17182817182817184,0.962037962037962,1.3195359603412318,15.834431524094782,0.17382617382617382,0.9600399600399601,1.0890018696368657,13.068022435642389,0.17782217782217782,0.9560439560439561,0.9751562945076945,30.351151483736132,2.0,33.0,7.0,1.5,0.16283716283716285,0.975024975024975,0.0,deep recurrent neural network,screen,2013,2012-16,1702.0,17,False,B_s2_index,True,0.1157765219173888,L2,8,0.18946054333778825,10.796662218717584,2.159332443743517,25.911989324922203,True,UNDETERMINED,UNDETERMINED,UNDETERMINED,UNDETERMINED,UNDETERMINED,UNDETERMINED,UNDETERMINED,UNDETERMINED,UNDETERMINED,UNDETERMINED,UNDETERMINED,0.16883116883116883,0.986013986013986,True,tested,30
c_7afec8c4aadb,2017,4,1312,host,11,11,0,True,,0.6666666666666666,0.9906389732279257,-0.1801066075874913,2.1613845540433427,2017,0.09090909090909091,0.1,10,0.09090909090909091,3,0.7272727272727273,0.09090909090909091,0,,,,,,,,,,,,,,,,,,,,,,,,,,,,,,,,,,deep recurrent neural network,screen,2013,2012-16,1702.0,13,False,B_s2_index,True,0.24028302954763323,L1,3,0.18650947889491853,,,,False,UNDETERMINED,UNDETERMINED,UNDETERMINED,UNDETERMINED,UNDETERMINED,UNDETERMINED,UNDETERMINED,UNDETERMINED,UNDETERMINED,UNDETERMINED,UNDETERMINED,,,False,no_cohort_parents,30
c_7afec8c4aadb,2018,5,1711,host,54,53,7,True,2.134489354734972,0.047619047619047616,0.5143386739727989,0.17385002350056017,0.8548273244450375,2018,0.37735849056603776,0.4,50,0.37735849056603776,21,0.6037735849056604,0.1320754716981132,1,0.001,1.12732778407269,4.655193865676756,1.4181358336173382,0.0,0.1366883116883114,0.001998001998001998,1.0,8.754407984390568,36.15050291702808,0.001998001998001998,1.0,8.754407984390568,36.15050291702808,0.001998001998001998,1.0,8.754407984390568,36.15050291702808,0.001998001998001998,1.0,3.5602611362026555,14.701762908372785,0.001998001998001998,1.0,4.955799669370168,46.84000069733794,5.0,53.0,15.0,1.5075765685479978,0.005994005994005994,0.999000999000999,0.0,deep recurrent neural network,screen,2013,2012-16,1702.0,17,False,B_s2_index,True,0.1287725893153206,L2,7,0.1287725893153206,16.575649880801326,8.754407984390568,36.15050291702808,True,SOURCE,SOURCE,SOURCE,SOURCE,SOURCE,SOURCE,SOURCE,SOURCE,SOURCE,SOURCE,SOURCE,0.001998001998001998,1.0,True,tested,30
c_7afec8c4aadb,2018,5,1707,host,52,52,8,True,1.4375,0.14705882352941177,1.3023057065719306,0.31750842640087074,2.2871029867429904,2018,0.28846153846153844,0.3191489361702128,47,0.28846153846153844,17,0.6730769230769231,0.11538461538461539,1,0.0,0.7142857142857143,3.1,1.4678743481123135,0.029411764705882353,0.2857142857142857,0.000999000999000999,1.0,5.546877002967376,24.073446192878414,0.000999000999000999,1.0,5.546877002967376,24.073446192878414,0.000999000999000999,1.0,3.770102743832091,16.362245908231277,0.001998001998001998,0.999000999000999,2.255815659513815,9.790239962289956,0.00999000999000999,0.991008991008991,1.7338002107917836,29.992641603654363,7.0,52.0,10.0,0.7142857142857143,0.01898101898101898,0.984015984015984,0.0,deep recurrent neural network,screen,2013,2012-16,1702.0,17,False,B_s2_index,True,0.1287725893153206,L2,7,0.18946054333778825,11.163089968471844,5.546877002967376,24.073446192878414,True,SOURCE,SOURCE,SOURCE,SOURCE,SOURCE,SOURCE,SOURCE,SOURCE,SOURCE,SOURCE,SOURCE,0.001998001998001998,1.0,True,tested,30
c_7afec8c4aadb,2018,5,1312,host,18,18,2,True,1.0,0.3333333333333333,1.2148804380286178,0.07438817500660577,2.35537270105063,2018,0.2222222222222222,0.23529411764705882,17,0.2222222222222222,6,0.6666666666666667,0.1111111111111111,0,0.115,0.0,4.0,3.3322045101752042,0.0,0.6666666666666666,0.23576423576423577,0.8801198801198801,0.0,17.790547721801136,0.23576423576423577,0.8801198801198801,0.0,17.790547721801136,0.22877122877122877,0.8871128871128872,0.0,21.44663115086844,0.26373626373626374,0.8521478521478522,0.0,12.632567693277363,0.24375624375624375,0.8721278721278721,0.0,22.23416606769358,2.0,18.0,6.0,1.0,0.24075924075924077,0.8861138861138861,0.0,deep recurrent neural network,screen,2013,2012-16,1702.0,13,False,B_s2_index,True,0.22483849640549658,L1,3,0.18650947889491853,4.447636930450284,0.0,17.790547721801136,True,UNDETERMINED,UNDETERMINED,UNDETERMINED,UNDETERMINED,UNDETERMINED,UNDETERMINED,UNDETERMINED,UNDETERMINED,UNDETERMINED,UNDETERMINED,UNDETERMINED,,,False,below_nmin,30
c_7afec8c4aadb,2018,5,2805,host,17,17,1,True,0.0,0.8,1.335143207152218,0.11310984756097708,2.557176566743459,2018,0.058823529411764705,0.058823529411764705,17,0.29411764705882354,5,0.7058823529411764,0.17647058823529413,0,0.345,0.0,0.0,0.8472978603872037,0.42857142857142855,1.0,1.0,0.34565434565434566,0.0,0.0,1.0,0.34565434565434566,0.0,0.0,1.0,0.34565434565434566,0.0,0.0,1.0,0.34565434565434566,0.0,0.0,1.0,0.34565434565434566,0.0,0.0,1.0,17.0,4.0,0.0,1.0,0.33766233766233766,0.25,deep recurrent neural network,screen,2013,2012-16,1702.0,28,False,B_s2_index,True,0.3056411496641731,L3,7,0.3056411496641731,0.0,0.0,0.0,True,UNDETERMINED,UNDETERMINED,UNDETERMINED,UNDETERMINED,UNDETERMINED,UNDETERMINED,UNDETERMINED,UNDETERMINED,UNDETERMINED,UNDETERMINED,UNDETERMINED,,,False,below_nmin,30
c_7afec8c4aadb,2018,5,2208,host,14,14,0,True,,1.0,1.3091508530670921,0.36151567143968755,2.2567860346944966,2018,0.0,0.0,14,0.2857142857142857,4,0.7142857142857143,0.07142857142857142,1,,,,,,,,,,,,,,,,,,,,,,,,,,,,,,,,,,deep recurrent neural network,screen,2013,2012-16,1702.0,22,False,B_s2_index,True,0.15884236625636072,L2,4,0.20158599688842269,,,,True,UNDETERMINED,UNDETERMINED,UNDETERMINED,UNDETERMINED,UNDETERMINED,UNDETERMINED,UNDETERMINED,UNDETERMINED,UNDETERMINED,UNDETERMINED,UNDETERMINED,,,False,no_cohort_parents,30
c_7afec8c4aadb,2018,5,2207,host,10,10,0,True,,1.0,1.5726598066097992,0.8653139811773001,2.2800056320422986,2018,0.0,0.0,10,0.2,2,0.8,0.0,0,,,,,,,,,,,,,,,,,,,,,,,,,,,,,,,,,,deep recurrent neural network,screen,2013,2012-16,1702.0,22,False,B_s2_index,True,0.15884236625636072,L2,4,0.15884236625636072,,,,True,UNDETERMINED,UNDETERMINED,UNDETERMINED,UNDETERMINED,UNDETERMINED,UNDETERMINED,UNDETERMINED,UNDETERMINED,UNDETERMINED,UNDETERMINED,UNDETERMINED,,,False,no_cohort_parents,30
c_7afec8c4aadb,2019,6,1707,host,70,68,16,True,0.78125,0.11904761904761904,0.377092496219856,0.16577837538117068,0.5884066170585414,2019,0.27941176470588236,0.30158730158730157,63,0.29411764705882354,21,0.6911764705882353,0.10294117647058823,1,0.0,0.4117647058823529,1.4293650793650787,1.2445306307489639,0.0,0.23529411764705882,0.005994005994005994,0.995004995004995,1.6633190046564554,5.773904531243387,0.005994005994005994,0.995004995004995,1.6633190046564554,5.773904531243387,0.003996003996003996,0.997002997002997,2.1733533464443817,7.544394490712881,0.057942057942057944,0.9430569430569431,0.9527426420050228,3.307270007966867,0.03496503496503497,0.9660339660339661,1.1013813909552412,9.209455637944204,16.0,68.0,14.0,0.4934578575476487,0.09290709290709291,0.9080919080919081,0.0,deep recurrent neural network,screen,2013,2012-16,1702.0,17,False,B_s2_index,False,0.24755606394781707,L2,6,0.18946054333778825,3.1558507900847927,1.6633190046564554,5.773904531243387,True,SOURCE,SOURCE,SOURCE,SOURCE,SOURCE,SOURCE,SOURCE,SOURCE,SOURCE,SOURCE,SOURCE,0.005994005994005994,0.999000999000999,True,tested,30
c_7afec8c4aadb,2019,6,1711,host,61,57,18,True,1.0147717686616065,0.10112219586230203,0.21081011927318427,-0.1599534529982941,0.5815736915446627,2019,0.38596491228070173,0.41509433962264153,53,0.42105263157894735,24,0.5789473684210527,0.08771929824561403,1,0.0,0.624759805860835,1.6709174512882579,0.9837602780396134,0.015784085958243658,0.2046839479469998,0.001998001998001998,0.999000999000999,2.5237103704820965,6.749652683282582,0.001998001998001998,0.999000999000999,2.5237103704820965,6.749652683282582,0.000999000999000999,1.0,3.2975721216367138,8.819342654946299,0.008991008991008992,0.9920079920079921,1.4455714624178213,3.8661747458450653,0.002997002997002997,0.998001998001998,1.8065554383331648,11.921162921870373,16.0,57.0,19.0,0.7836176776712493,0.001998001998001998,0.999000999000999,0.036552928931500236,deep recurrent neural network,screen,2013,2012-16,1702.0,17,False,B_s2_index,False,0.24755606394781707,L2,6,0.18946054333778825,4.099159408494686,2.5237103704820965,6.749652683282582,False,SOURCE,SOURCE,SOURCE,SOURCE,SOURCE,SOURCE,SOURCE,SOURCE,SOURCE,SOURCE,SOURCE,0.003996003996003996,0.999000999000999,True,tested,30
c_7afec8c4aadb,2019,6,2208,host,34,34,0,True,,0.675284374597818,1.614683002585077,0.8015293793616036,2.42783662580855,2019,0.20588235294117646,0.20588235294117646,34,0.5294117647058824,18,0.47058823529411764,0.058823529411764705,2,,,,,,,,,,,,,,,,,,,,,,,,,,,,,,,,,,deep recurrent neural network,screen,2013,2012-16,1702.0,22,False,B_s2_index,False,0.4073592475216059,L1,3,0.20158599688842269,,,,True,UNDETERMINED,UNDETERMINED,UNDETERMINED,UNDETERMINED,UNDETERMINED,UNDETERMINED,UNDETERMINED,UNDETERMINED,UNDETERMINED,UNDETERMINED,UNDETERMINED,,,False,no_cohort_parents,30
c_7afec8c4aadb,2019,6,1312,host,24,24,2,True,1.0,0.42857142857142855,1.0713119358345566,-0.10028694005073868,2.242910811719852,2019,0.16666666666666666,0.18181818181818182,22,0.20833333333333334,7,0.7083333333333333,0.08333333333333333,0,0.096,0.0,3.0,2.70805020110221,0.125,0.75,0.26373626373626374,0.8331668331668332,0.0,9.417367527463954,0.26373626373626374,0.8331668331668332,0.0,9.417367527463954,0.2177822177822178,0.8791208791208791,0.0,16.08497336315133,0.33666333666333664,0.7602397602397603,0.0,6.941410677465166,0.2677322677322677,0.8291708291708292,0.0,10.646368231914943,2.0,24.0,7.0,1.0,0.27672327672327673,0.8561438561438561,0.125,deep recurrent neural network,screen,2013,2012-16,1702.0,13,False,B_s2_index,False,0.3185603610829749,L1,3,0.18650947889491853,3.1391225091546513,0.0,9.417367527463954,False,UNDETERMINED,UNDETERMINED,UNDETERMINED,UNDETERMINED,UNDETERMINED,UNDETERMINED,UNDETERMINED,UNDETERMINED,UNDETERMINED,UNDETERMINED,UNDETERMINED,,,False,below_nmin,30
c_7afec8c4aadb,2019,6,2805,host,23,22,2,True,0.0,0.6362072303905457,0.9101178361136953,-0.3026145487233963,2.122850220950787,2019,0.13636363636363635,0.13636363636363635,22,0.3181818181818182,7,0.6818181818181819,0.13636363636363635,0,0.122,0.0,0.0,1.2992829841302609,0.3333333333333333,0.9219215161048314,1.0,0.12287712287712288,0.0,0.0,1.0,0.12287712287712288,0.0,0.0,1.0,0.12287712287712288,0.0,0.0,1.0,0.12287712287712288,0.0,0.0,1.0,0.12287712287712288,0.0,0.0,2.0,22.0,6.0,0.0,1.0,0.13686313686313686,0.22811060589303978,deep recurrent neural network,screen,2013,2012-16,1702.0,28,False,B_s2_index,False,0.30614306319241835,L3,6,0.30614306319241835,0.0,0.0,0.0,False,UNDETERMINED,UNDETERMINED,UNDETERMINED,UNDETERMINED,UNDETERMINED,UNDETERMINED,UNDETERMINED,UNDETERMINED,UNDETERMINED,UNDETERMINED,UNDETERMINED,,,False,below_nmin,30
c_7afec8c4aadb,2019,6,2207,host,18,18,1,True,1.0,0.75,1.5965200299444704,0.905512511591399,2.287527548297542,2019,0.05555555555555555,0.05555555555555555,18,0.2222222222222222,4,0.7777777777777778,0.05555555555555555,0,0.345,0.0,2.0,2.3025850929940455,0.3333333333333333,1.0,0.6553446553446554,0.6903096903096904,0.0,4.909671284420571,0.6553446553446554,0.6903096903096904,0.0,4.909671284420571,0.6253746253746254,0.7202797202797203,0.0,9.921324054601842,0.6553446553446554,0.6903096903096904,0.0,4.838058998349491,0.6473526473526473,0.6983016983016983,0.0,10.627114906810082,1.0,18.0,4.0,1.0,0.5864135864135864,0.7382617382617382,0.3333333333333333,deep recurrent neural network,screen,2013,2012-16,1702.0,22,False,B_s2_index,False,0.4073592475216059,L2,5,0.20158599688842269,2.4548356422102855,0.0,4.909671284420571,True,UNDETERMINED,UNDETERMINED,UNDETERMINED,UNDETERMINED,UNDETERMINED,UNDETERMINED,UNDETERMINED,UNDETERMINED,UNDETERMINED,UNDETERMINED,UNDETERMINED,,,False,below_nmin,30
c_7afec8c4aadb,2019,6,1705,host,18,18,0,True,,0.0,1.7121459529384921,1.0096305816731062,2.414661324203878,2019,0.05555555555555555,0.058823529411764705,17,0.05555555555555555,1,0.9444444444444444,0.0,0,,,,,,,,,,,,,,,,,,,,,,,,,,,,,,,,,,deep recurrent neural network,screen,2013,2012-16,1702.0,17,False,B_s2_index,False,0.24755606394781707,L2,6,0.18946054333778825,,,,True,UNDETERMINED,UNDETERMINED,UNDETERMINED,UNDETERMINED,UNDETERMINED,UNDETERMINED,UNDETERMINED,UNDETERMINED,UNDETERMINED,UNDETERMINED,UNDETERMINED,,,False,no_cohort_parents,30
c_7afec8c4aadb,2019,6,2215,host,13,13,0,True,,0.6666666666666666,1.7628482631947129,0.9096756142624911,2.6160209121269347,2019,0.07692307692307693,0.08333333333333333,12,0.3076923076923077,3,0.7692307692307692,0.15384615384615385,0,,,,,,,,,,,,,,,,,,,,,,,,,,,,,,,,,,deep recurrent neural network,screen,2013,2012-16,1702.0,22,False,B_s2_index,False,0.4073592475216059,L2,5,0.4073592475216059,,,,True,UNDETERMINED,UNDETERMINED,UNDETERMINED,UNDETERMINED,UNDETERMINED,UNDETERMINED,UNDETERMINED,UNDETERMINED,UNDETERMINED,UNDETERMINED,UNDETERMINED,,,False,no_cohort_parents,30
c_7afec8c4aadb,2019,6,1803,host,13,13,0,True,,,1.6524121678463963,0.4479083873362184,2.8569159483565745,2019,0.0,0.0,11,0.0,0,1.0,0.07692307692307693,0,,,,,,,,,,,,,,,,,,,,,,,,,,,,,,,,,,deep recurrent neural network,screen,2013,2012-16,1702.0,18,False,B_s2_index,False,0.3126026689018193,L4,28,0.3126026689018193,,,,True,UNDETERMINED,UNDETERMINED,UNDETERMINED,UNDETERMINED,UNDETERMINED,UNDETERMINED,UNDETERMINED,UNDETERMINED,UNDETERMINED,UNDETERMINED,UNDETERMINED,,,False,no_cohort_parents,30
c_7f09154f6349,2019,8,3107,host,16,14,3,True,0.33180550798407016,0.4720196541796621,0.6801125428866227,-0.5755222771258929,1.9357473628991384,2019,0.42857142857142855,0.5,12,0.6428571428571429,9,0.3571428571428571,0.07142857142857142,0,0.045,0.05379238533659852,1.1951059859008173,2.811088931464763,0.26005327570713865,0.7115906183341094,0.6373626373626373,0.4085914085914086,0.13074355472223295,2.904730918488993,0.6693306693306693,0.37662337662337664,0.12538090995766502,2.785588983839845,0.6373626373626373,0.4085914085914086,0.13074355472223295,2.904730918488993,0.6723276723276723,0.37362637362637363,0.12446501264726187,2.7652404837448223,0.5484515484515484,0.4975024975024975,0.1325013917509774,4.171638123066518,3.0,14.0,9.0,0.33180550798407016,0.6343656343656343,0.40559440559440557,0.2453324445046943,tensor train,screen,2011,2008-11,2605.0,31,False,B_s2_index,False,0.4114343185090953,L3,4,0.4114343185090953,0.8064604556723072,0.13074355472223295,2.904730918488993,False,UNDETERMINED,UNDETERMINED,UNDETERMINED,UNDETERMINED,UNDETERMINED,UNDETERMINED,UNDETERMINED,UNDETERMINED,UNDETERMINED,UNDETERMINED,UNDETERMINED,,,False,below_nmin,30
c_7f09154f6349,2019,8,1707,host,11,11,1,True,0.0,1.0,1.3994940020015154,0.6793077374694355,2.1196802665335954,2019,0.0,0.0,11,1.0,7,0.36363636363636365,0.36363636363636365,1,0.333,0.0,0.0,0.8472978603872037,1.0,1.0,1.0,0.3336663336663337,0.0,0.0,1.0,0.3336663336663337,0.0,0.0,1.0,0.3336663336663337,0.0,0.0,1.0,0.3336663336663337,0.0,0.0,1.0,0.3336663336663337,0.0,0.0,1.0,11.0,8.0,0.0,1.0,0.33266733266733267,0.5883449687711969,tensor train,screen,2011,2008-11,2605.0,17,False,B_s2_index,False,0.24755606394781707,L2,6,0.18946054333778825,0.0,0.0,0.0,True,UNDETERMINED,UNDETERMINED,UNDETERMINED,UNDETERMINED,UNDETERMINED,UNDETERMINED,UNDETERMINED,UNDETERMINED,UNDETERMINED,UNDETERMINED,UNDETERMINED,,,False,below_nmin,30
c_81212986e10d,2014,8,3105,host,12,12,1,True,0.0,,1.6807414628827972,-0.17846772360982044,3.539950649375415,2014,0.0,,0,0.0,0,1.0,0.0,0,,,,,,,,,,,,,,,,,,,,,,,,,,,,,,,,,,exoplanet host star,heldout_concept,2006,2005-07,3103.0,31,False,B_s2_index,False,0.4689622613063039,L3,4,0.4689622613063039,0.0,,,False,UNDETERMINED,UNDETERMINED,UNDETERMINED,UNDETERMINED,UNDETERMINED,UNDETERMINED,UNDETERMINED,UNDETERMINED,UNDETERMINED,UNDETERMINED,UNDETERMINED,,,False,below_nmin,30
c_8856d927d560,2018,3,2505,host,20,20,1,True,0.0,0.5941813265917275,0.9103505153690873,0.07980608616707352,1.740894944571101,2018,0.25,0.29411764705882354,17,0.35,8,0.6,0.2,6,0.369,0.0,0.0,0.8472978603872037,0.3575239236435664,0.8281816916615857,1.0,0.3696303696303696,0.0,0.0,1.0,0.3696303696303696,0.0,0.0,1.0,0.3696303696303696,0.0,0.0,1.0,0.3696303696303696,0.0,0.0,1.0,0.3696303696303696,0.0,0.0,1.0,20.0,8.0,0.0,1.0,0.35264735264735264,0.3333333333333333,semimetal state,heldout_concept,2015,2012-16,3107.0,25,False,B_s2_index,True,0.19047619047619047,L4,23,0.19047619047619047,0.0,0.0,0.0,True,UNDETERMINED,UNDETERMINED,UNDETERMINED,UNDETERMINED,UNDETERMINED,UNDETERMINED,UNDETERMINED,UNDETERMINED,UNDETERMINED,UNDETERMINED,UNDETERMINED,,,False,below_nmin,30
c_8856d927d560,2019,4,2505,host,21,20,4,True,0.675,0.5281611791926467,-0.02637881822558056,-0.4824248709086777,0.42966723445751653,2019,0.3,0.35294117647058826,17,0.4,9,0.55,0.2,6,0.013,0.1680952380952381,2.0466666666666624,2.473502862636575,0.2843434270286295,0.76274667347482,0.17282717282717283,0.8411588411588412,0.5377280964547126,6.547182318873513,0.17282717282717283,0.8411588411588412,0.5377280964547126,6.547182318873513,0.17282717282717283,0.8411588411588412,0.5377280964547126,6.547182318873513,0.27672327672327673,0.7372627372627373,0.3889393601817784,4.735584617737337,0.16383616383616384,0.8501498501498501,0.5641592036671964,7.052397688839031,4.0,20.0,9.0,0.8125,0.11688311688311688,0.8971028971028971,0.21875,semimetal state,heldout_concept,2015,2012-16,3107.0,25,False,B_s2_index,False,0.3126026689018193,L4,28,0.3126026689018193,2.1592905856219695,0.5377280964547126,6.547182318873513,False,UNDETERMINED,UNDETERMINED,UNDETERMINED,UNDETERMINED,UNDETERMINED,UNDETERMINED,UNDETERMINED,UNDETERMINED,UNDETERMINED,UNDETERMINED,UNDETERMINED,,,False,below_nmin,30
c_8856d927d560,2019,4,3104,host,11,11,2,True,0.0,0.5,1.1525578386053321,-0.00822446989463188,2.313340147105296,2019,0.09090909090909091,0.1,10,0.18181818181818182,2,0.8181818181818181,0.18181818181818182,1,0.095,0.0,0.0,1.0986122886681098,0.0,1.0,1.0,0.0959040959040959,0.0,0.0,1.0,0.0959040959040959,0.0,0.0,1.0,0.0959040959040959,0.0,0.0,1.0,0.0959040959040959,0.0,0.0,1.0,0.0959040959040959,0.0,0.0,2.0,11.0,2.0,0.0,1.0,0.11988011988011989,0.0,semimetal state,heldout_concept,2015,2012-16,3107.0,31,False,B_s2_index,False,0.4114343185090953,L3,4,0.4114343185090953,0.0,0.0,0.0,False,UNDETERMINED,UNDETERMINED,UNDETERMINED,UNDETERMINED,UNDETERMINED,UNDETERMINED,UNDETERMINED,UNDETERMINED,UNDETERMINED,UNDETERMINED,UNDETERMINED,,,False,below_nmin,30
c_8904d963bc30,2014,4,1702,host,15,15,0,True,,0.8483152553588629,1.0904466492237832,-0.11702005155613882,2.2979133500037054,2014,0.06666666666666667,0.2,5,0.26666666666666666,3,0.8,0.06666666666666667,3,,,,,,,,,,,,,,,,,,,,,,,,,,,,,,,,,,singlet triplet qubit,screen,2010,2008-11,3107.0,17,False,B_s2_index,False,0.28241929967363005,L2,7,0.18946054333778825,,,,False,UNDETERMINED,UNDETERMINED,UNDETERMINED,UNDETERMINED,UNDETERMINED,UNDETERMINED,UNDETERMINED,UNDETERMINED,UNDETERMINED,UNDETERMINED,UNDETERMINED,,,False,no_cohort_parents,30
c_8904d963bc30,2015,5,1702,host,17,15,2,True,0.0,0.8483152553588629,0.5200722950036875,-0.6661731541796659,1.7063177441870407,2015,0.06666666666666667,0.25,4,0.26666666666666666,3,0.8,0.06666666666666667,3,0.121,0.0,0.0,1.0986122886681098,0.5449457660765887,1.0,1.0,0.12187812187812187,0.0,0.0,1.0,0.12187812187812187,0.0,0.0,1.0,0.12187812187812187,0.0,0.0,1.0,0.12187812187812187,0.0,0.0,1.0,0.12187812187812187,0.0,0.0,2.0,15.0,4.0,0.0,1.0,0.11688311688311688,0.6623464059628973,singlet triplet qubit,screen,2010,2008-11,3107.0,17,False,B_s2_index,False,0.4087628132085307,L2,7,0.18946054333778825,0.0,0.0,0.0,False,UNDETERMINED,UNDETERMINED,UNDETERMINED,UNDETERMINED,UNDETERMINED,UNDETERMINED,UNDETERMINED,UNDETERMINED,UNDETERMINED,UNDETERMINED,UNDETERMINED,,,False,below_nmin,30
c_8904d963bc30,2016,6,1702,host,19,19,6,True,0.0,0.8862364415191472,0.7821268888666526,-0.2519621200771405,1.8162158978104457,2016,0.05263157894736842,0.2,5,0.2631578947368421,4,0.7894736842105263,0.05263157894736842,3,0.003,0.0,0.0,1.0986122886681096,0.6966305107177257,1.0,1.0,0.003996003996003996,0.0,0.0,1.0,0.003996003996003996,0.0,0.0,1.0,0.003996003996003996,0.0,0.0,1.0,0.003996003996003996,0.0,0.0,1.0,0.003996003996003996,0.0,0.0,6.0,19.0,5.0,0.0,1.0,0.000999000999000999,0.7467598044721729,singlet triplet qubit,screen,2010,2008-11,3107.0,17,False,B_s2_index,True,0.34009237637452083,L2,6,0.18946054333778825,0.0,0.0,0.0,False,UNDETERMINED,SINK,SINK,SINK,UNDETERMINED,UNDETERMINED,UNDETERMINED,UNDETERMINED,UNDETERMINED,UNDETERMINED,UNDETERMINED,,,False,below_nmin,30
c_8904d963bc30,2017,7,1702,host,22,19,12,True,0.037921186160284275,0.9089891532153178,-0.06328381024101529,-0.2650267622358205,0.13845914175378993,2017,0.05263157894736842,0.2,5,0.2631578947368421,5,0.736842105263158,0.0,3,0.0,0.0,0.1050125155207872,1.2417131323087829,0.7399690091866221,1.0,0.975024975024975,0.025974025974025976,0.0,0.9070277270526218,0.975024975024975,0.025974025974025976,0.0,0.9070277270526218,0.998001998001998,0.002997002997002997,0.0,0.5542711620622819,1.0,0.000999000999000999,0.0,0.4574353029496306,0.964035964035964,0.03696303696303696,0.0,0.9533837161267948,12.0,19.0,5.0,0.04220669925463783,0.932067932067932,0.06893106893106893,0.7467598044721729,singlet triplet qubit,screen,2010,2008-11,3107.0,17,False,B_s2_index,True,0.1157765219173888,L2,8,0.18946054333778825,0.32753779032455793,0.0,0.9070277270526218,False,UNDETERMINED,SINK,SINK,SINK,UNDETERMINED,UNDETERMINED,UNDETERMINED,UNDETERMINED,UNDETERMINED,UNDETERMINED,UNDETERMINED,,,False,below_nmin,30
c_8904d963bc30,2018,8,1702,host,25,21,12,True,0.037921186160284275,0.9431182207595736,-0.02690655343384339,-0.2512059813418904,0.19739287447420367,2018,0.047619047619047616,0.125,8,0.38095238095238093,8,0.6190476190476191,0.0,3,0.0,0.0,0.1050125155207872,1.2417131323087829,0.8483152553588629,1.0,0.977022977022977,0.023976023976023976,0.0,0.8154881103124129,0.977022977022977,0.023976023976023976,0.0,0.8154881103124129,0.977022977022977,0.023976023976023976,0.0,0.8154881103124129,1.0,0.000999000999000999,0.0,0.331644427739421,0.954045954045954,0.04695304695304695,0.0,0.9834936112463081,12.0,21.0,8.0,0.04220669925463783,0.97002997002997,0.030969030969030968,0.8311732029814487,singlet triplet qubit,screen,2010,2008-11,3107.0,17,False,B_s2_index,True,0.1287725893153206,L2,7,0.1287725893153206,0.29448181761281583,0.0,0.8154881103124129,False,UNDETERMINED,SINK,SINK,SINK,SINK,UNDETERMINED,UNDETERMINED,UNDETERMINED,UNDETERMINED,UNDETERMINED,UNDETERMINED,,,False,below_nmin,30
c_8b7be83fd666,2010,4,3103,host,11,10,4,True,0.0,1.0,0.12726528108826607,-0.12583743455512075,0.3803679967316529,2010,0.0,0.0,3,0.3,3,0.7,0.0,1,0.009,0.0,0.0,1.0986122886681098,1.0,1.0,1.0,0.00999000999000999,0.0,0.0,1.0,0.00999000999000999,0.0,0.0,1.0,0.00999000999000999,0.0,0.0,1.0,0.00999000999000999,0.0,0.0,1.0,0.00999000999000999,0.0,0.0,4.0,10.0,3.0,0.0,1.0,0.005994005994005994,1.0,mirage mediation,screen,2006,2005-07,3106.0,31,True,A_openalex_native,False,0.1838166952738543,L4,16,0.1838166952738543,0.0,0.0,0.0,False,UNDETERMINED,SINK,SINK,UNDETERMINED,UNDETERMINED,UNDETERMINED,UNDETERMINED,UNDETERMINED,UNDETERMINED,UNDETERMINED,UNDETERMINED,,,False,below_nmin,30
c_8b7be83fd666,2011,5,3103,host,10,9,4,True,0.0,1.0,-0.7625896248075407,-1.8743932805628498,0.3492140309477686,2011,0.0,0.0,3,0.3333333333333333,3,0.6666666666666667,0.0,1,0.006,0.0,0.0,0.9555114450274365,1.0,1.0,1.0,0.006993006993006993,0.0,0.0,1.0,0.006993006993006993,0.0,0.0,1.0,0.006993006993006993,0.0,0.0,1.0,0.006993006993006993,0.0,0.0,1.0,0.006993006993006993,0.0,0.0,4.0,9.0,3.0,0.0,1.0,0.005994005994005994,1.0,mirage mediation,screen,2006,2005-07,3106.0,31,True,A_openalex_native,False,0.20735545768759361,L4,32,0.20735545768759361,0.0,0.0,0.0,False,UNDETERMINED,SINK,UNDETERMINED,UNDETERMINED,UNDETERMINED,UNDETERMINED,UNDETERMINED,UNDETERMINED,UNDETERMINED,UNDETERMINED,UNDETERMINED,,,False,below_nmin,30
c_8cebebdabedf,2016,3,1705,host,69,69,0,True,,0.6764174046426344,1.8528890044973199,0.9194963144880469,2.786281694506593,2016,0.07246376811594203,0.07692307692307693,65,0.2463768115942029,12,0.8260869565217391,0.2463768115942029,8,,,,,,,,,,,,,,,,,,,,,,,,,,,,,,,,,,d2d network,heldout_concept,2013,2012-16,2208.0,17,False,B_s2_index,True,0.34009237637452083,L2,6,0.18946054333778825,,,,True,UNDETERMINED,UNDETERMINED,UNDETERMINED,UNDETERMINED,UNDETERMINED,UNDETERMINED,UNDETERMINED,UNDETERMINED,UNDETERMINED,UNDETERMINED,UNDETERMINED,,,False,no_cohort_parents,30
c_8cebebdabedf,2017,4,1705,host,109,109,10,True,0.24311283824107802,0.42553152674098793,1.3877344547976602,0.34213481695857983,2.4333340926367404,2017,0.1834862385321101,0.2,100,0.3486238532110092,32,0.7064220183486238,0.2018348623853211,8,0.0,0.02849884767387029,0.6276947547375428,2.7735935763420296,0.2853868907753315,0.5653983879247976,0.2047952047952048,0.7962037962037962,0.2461539455659703,5.4216065946896235,0.2047952047952048,0.7962037962037962,0.2461539455659703,5.4216065946896235,0.4005994005994006,0.6003996003996004,0.15042101733583566,3.31306320397503,0.5124875124875125,0.4885114885114885,0.12414119359736393,2.734243045881752,0.3086913086913087,0.6923076923076923,0.19178304587991235,5.769908146657226,9.0,109.0,30.0,0.14156317989568856,0.4805194805194805,0.5204795204795205,0.27565923638513784,d2d network,heldout_concept,2013,2012-16,2208.0,17,False,B_s2_index,True,0.1157765219173888,L2,8,0.18946054333778825,2.099845756418117,0.2461539455659703,5.4216065946896235,True,UNDETERMINED,UNDETERMINED,UNDETERMINED,UNDETERMINED,UNDETERMINED,UNDETERMINED,UNDETERMINED,UNDETERMINED,UNDETERMINED,UNDETERMINED,UNDETERMINED,0.2047952047952048,0.7962037962037962,True,tested,30
c_8cebebdabedf,2018,5,1705,host,162,157,29,True,0.2950223545131311,0.29444494415750244,0.4769869231736059,0.3640913019334435,0.5898825444137683,2018,0.29936305732484075,0.32867132867132864,143,0.4585987261146497,61,0.6114649681528662,0.17197452229299362,8,0.0,0.13603494807903754,0.5096768352187206,1.3208667586571612,0.20939370540513844,0.38600675101479787,0.08391608391608392,0.9170829170829171,0.8334631382880234,3.1227038389230084,0.08391608391608392,0.9170829170829171,0.8334631382880234,3.1227038389230084,0.15284715284715283,0.8481518481518482,0.7180120234137697,2.6901476488960574,0.5884115884115884,0.4125874125874126,0.42961767256497824,1.609631780648965,0.2987012987012987,0.7022977022977023,0.38473612196990536,4.641620853718946,29.0,157.0,58.0,0.3019060287840194,0.06493506493506493,0.936063936063936,0.20151860594449064,d2d network,heldout_concept,2013,2012-16,2208.0,17,False,B_s2_index,True,0.163216514120181,L1,3,0.18946054333778825,1.8075521101737146,0.8334631382880234,3.1227038389230084,True,SOURCE,SOURCE,SOURCE,SOURCE,SOURCE,SOURCE,UNDETERMINED,UNDETERMINED,SOURCE,UNDETERMINED,SOURCE,0.08391608391608392,0.9170829170829171,True,tested,30
c_8cebebdabedf,2019,6,1705,host,202,192,61,True,0.5811353362102056,0.2613585932136802,0.3149313708982241,0.17057791221126067,0.4592848295851875,2019,0.375,0.4114285714285714,175,0.5364583333333334,87,0.546875,0.140625,8,0.0,0.4229420005709378,0.792489283690081,0.6279437856322769,0.1927104512668517,0.32838701055767006,0.000999000999000999,1.0,1.7084695637271512,3.201251753045854,0.000999000999000999,1.0,1.7084695637271512,3.201251753045854,0.000999000999000999,1.0,2.232348715568057,4.182872432056504,0.06793206793206794,0.9330669330669331,0.9786047062371953,1.8336645251943497,0.06293706293706294,0.938061938061938,0.9529126304767085,5.955655957036395,61.0,192.0,85.0,0.5176756890622661,0.000999000999000999,1.0,0.2055089730383806,d2d network,heldout_concept,2013,2012-16,2208.0,17,False,B_s2_index,False,0.24755606394781707,L2,6,0.18946054333778825,2.3474898047042165,1.7084695637271512,3.201251753045854,True,SOURCE,SOURCE,SOURCE,SOURCE,SOURCE,SOURCE,SOURCE,SOURCE,SOURCE,SOURCE,SOURCE,0.000999000999000999,1.0,True,tested,30
c_8d4aa499810d,2015,4,2610,host,13,13,2,True,0.0,1.0,1.814149627658685,0.7053930921137372,2.922906163203633,2015,0.0,0.0,12,0.46153846153846156,2,0.8461538461538461,0.46153846153846156,3,0.115,0.0,0.0,1.0986122886681098,1.0,1.0,1.0,0.11588411588411589,0.0,0.0,1.0,0.11588411588411589,0.0,0.0,1.0,0.11588411588411589,0.0,0.0,1.0,0.11588411588411589,0.0,0.0,1.0,0.11588411588411589,0.0,0.0,2.0,13.0,3.0,0.0,1.0,0.11688311688311688,0.0,noncommutative motive,screen,2011,2008-11,2608.0,26,False,B_s2_index,False,0.09099442837339111,L3,3,0.30813944065184834,0.0,0.0,0.0,True,UNDETERMINED,UNDETERMINED,UNDETERMINED,UNDETERMINED,UNDETERMINED,UNDETERMINED,UNDETERMINED,UNDETERMINED,UNDETERMINED,UNDETERMINED,UNDETERMINED,,,False,below_nmin,30
c_8d4aa499810d,2016,5,2610,host,13,13,3,True,0.0,1.0,0.08881160278207455,-2.138237392965278,2.315860598529427,2016,0.0,0.0,12,0.46153846153846156,2,0.8461538461538461,0.46153846153846156,3,0.034,0.0,0.0,1.466337068793427,1.0,1.0,1.0,0.03496503496503497,0.0,0.0,1.0,0.03496503496503497,0.0,0.0,1.0,0.03496503496503497,0.0,0.0,1.0,0.03496503496503497,0.0,0.0,1.0,0.03496503496503497,0.0,0.0,3.0,13.0,3.0,0.0,1.0,0.03496503496503497,0.0,noncommutative motive,screen,2011,2008-11,2608.0,26,False,B_s2_index,True,0.09099442837339111,L3,3,0.3172128526230923,0.0,0.0,0.0,False,UNDETERMINED,SINK,SINK,UNDETERMINED,UNDETERMINED,UNDETERMINED,UNDETERMINED,UNDETERMINED,UNDETERMINED,UNDETERMINED,UNDETERMINED,,,False,below_nmin,30
c_8d4aa499810d,2017,6,2610,host,15,13,5,True,0.07550813375962909,0.5,-0.6169071515311063,-2.238219606949662,1.0044053038874496,2017,0.15384615384615385,0.16666666666666666,12,0.6153846153846154,4,0.6923076923076923,0.38461538461538464,3,0.004,0.0,0.37754066879814535,1.952023110538068,0.0,1.0,0.981018981018981,0.023976023976023976,0.0,0.7840912781127659,0.5684315684315684,0.43656343656343655,0.0,4.149052590878707,0.981018981018981,0.023976023976023976,0.0,0.7840912781127659,0.8801198801198801,0.12487512487512488,0.0,1.644569976740532,0.8631368631368631,0.14185814185814186,0.0,1.8185743431270602,7.0,13.0,5.0,0.37790553651536524,0.6333666333666333,0.3676323676323676,0.0,noncommutative motive,screen,2011,2008-11,2608.0,26,False,B_s2_index,True,0.4815009162030858,L3,3,0.4815009162030858,0.15681825562255322,0.0,0.7840912781127659,False,UNDETERMINED,FADING,FADING,UNDETERMINED,UNDETERMINED,UNDETERMINED,UNDETERMINED,UNDETERMINED,UNDETERMINED,UNDETERMINED,UNDETERMINED,,,False,below_nmin,30
c_8d4aa499810d,2018,7,2610,host,14,12,8,True,0.25,0.5,-0.3985274394581259,-2.0757785542145877,1.2787236752983357,2018,0.16666666666666666,0.18181818181818182,11,0.6666666666666666,4,0.6666666666666667,0.4166666666666667,3,0.0,0.0,0.75,2.7568403652716422,0.0,1.0,0.38461538461538464,0.6163836163836164,0.0,3.9375,0.16483516483516483,0.8361638361638362,0.0,8.242262888035434,0.38461538461538464,0.6163836163836164,0.0,3.9375,0.6333666333666333,0.3676323676323676,0.0,2.3686064424895052,0.5324675324675324,0.46853146853146854,0.0,3.6317815406913274,10.0,12.0,5.0,0.4,0.13486513486513488,0.8661338661338661,0.0,noncommutative motive,screen,2011,2008-11,2608.0,26,False,B_s2_index,True,0.19047619047619047,L4,23,0.19047619047619047,1.3125,0.0,3.9375,False,UNDETERMINED,UNDETERMINED,UNDETERMINED,UNDETERMINED,UNDETERMINED,UNDETERMINED,UNDETERMINED,UNDETERMINED,UNDETERMINED,UNDETERMINED,UNDETERMINED,,,False,below_nmin,30
c_8d4aa499810d,2019,8,2610,host,12,8,7,True,0.2857142857142857,0.5,-1.0519864987396743,-2.925386866393789,0.8214138689144406,2019,0.25,0.2857142857142857,7,0.75,4,0.5,0.25,3,0.0,0.0,1.0,2.9444389791664407,0.0,1.0,0.6033966033966034,0.39760239760239763,0.0,3.198949015736251,0.7542457542457542,0.24675324675324675,0.0,2.0768392465077334,0.6033966033966034,0.39760239760239763,0.0,3.1716181139892297,0.7542457542457542,0.24675324675324675,0.0,2.3138035591550556,0.5874125874125874,0.41358641358641357,0.0,3.198955059503606,9.0,8.0,5.0,0.4444444444444444,0.2757242757242757,0.7252747252747253,0.0,noncommutative motive,screen,2011,2008-11,2608.0,26,False,B_s2_index,False,0.3126026689018193,L4,28,0.3152964714097341,0.9139854330675002,0.0,3.198949015736251,False,UNDETERMINED,UNDETERMINED,UNDETERMINED,UNDETERMINED,UNDETERMINED,UNDETERMINED,UNDETERMINED,UNDETERMINED,UNDETERMINED,UNDETERMINED,UNDETERMINED,,,False,below_nmin,30
c_8d94ed006e2f,2013,3,3107,host,24,24,0,True,,0.4654782605505481,1.6977174336679808,0.8573625980366149,2.538072269299347,2013,0.4166666666666667,0.47619047619047616,21,0.625,16,0.33333333333333337,0.125,2,,,,,,,,,,,,,,,,,,,,,,,,,,,,,,,,,,ultrastrong coupling regime,screen,2010,2008-11,1702.0,31,False,B_s2_index,False,0.3550078211097066,L3,3,0.3550078211097066,,,,True,UNDETERMINED,UNDETERMINED,UNDETERMINED,UNDETERMINED,UNDETERMINED,UNDETERMINED,UNDETERMINED,UNDETERMINED,UNDETERMINED,UNDETERMINED,UNDETERMINED,,,False,no_cohort_parents,30
c_8d94ed006e2f,2014,4,3107,host,34,34,2,True,1.9517471917858658,0.442063315487188,1.2399910124105638,0.2667407976829095,2.213241227138218,2014,0.47058823529411764,0.5333333333333333,30,0.6764705882352942,24,0.2941176470588235,0.11764705882352941,2,0.121,0.5975413107091502,5.369590527076099,2.1956839589675554,0.308382887203639,0.578508357412071,0.13686313686313686,0.985014985014985,1.2741778177303367,11.449941648010213,0.12187812187812187,1.0,4.234219121126143,38.04929044216333,0.13686313686313686,0.985014985014985,1.2741778177303367,11.449941648010213,0.12387612387612387,0.998001998001998,1.8809802142932583,16.902753599244974,0.13586413586413587,0.986013986013986,1.5184052081846127,33.57945229562418,2.0,34.0,24.0,2.331293647914119,0.13286713286713286,0.984015984015984,0.20687056638558482,ultrastrong coupling regime,screen,2010,2008-11,1702.0,31,False,B_s2_index,False,0.4689622613063039,L3,4,0.4689622613063039,4.161842759690799,1.2741778177303367,11.449941648010213,True,UNDETERMINED,UNDETERMINED,UNDETERMINED,UNDETERMINED,UNDETERMINED,UNDETERMINED,UNDETERMINED,UNDETERMINED,UNDETERMINED,UNDETERMINED,UNDETERMINED,0.13686313686313686,0.985014985014985,True,tested,30
c_8d94ed006e2f,2015,5,3107,host,43,41,12,True,0.7974980688159055,0.4119243940225913,0.34103284132975503,0.06616514178149185,0.6159005408780183,2015,0.5121951219512195,0.5526315789473685,38,0.6829268292682927,29,0.29268292682926833,0.14634146341463414,2,0.0,0.4556316446758123,1.4110047642663748,1.1303730424604805,0.2983734801250963,0.5291335740477653,0.15484515484515485,0.8461538461538461,0.8119762181020646,2.5145363049315588,0.008991008991008992,0.9920079920079921,1.283441145751576,3.9745737427861845,0.030969030969030968,0.97002997002997,1.1232566683835619,3.478512805472219,0.004995004995004995,0.996003996003996,1.4378092680516985,4.452622531893677,0.11488511488511488,0.8861138861138861,0.8445943778086975,6.969204696268863,12.0,41.0,28.0,0.9127477776778318,0.06993006993006994,0.9310689310689311,0.19943547788517077,ultrastrong coupling regime,screen,2010,2008-11,1702.0,31,False,B_s2_index,False,0.5611391497903944,L3,4,0.40563448898237603,1.4212126691103262,0.8119762181020646,2.5145363049315588,True,UNDETERMINED,UNDETERMINED,UNDETERMINED,UNDETERMINED,UNDETERMINED,UNDETERMINED,SOURCE,UNDETERMINED,SOURCE,SOURCE,SOURCE,0.15484515484515485,0.8461538461538461,True,tested,30
c_8d94ed006e2f,2016,6,3107,host,51,49,22,True,0.6418142572918545,0.35645142863577023,0.21261687402679547,-0.07384387171491957,0.4990776197685105,2016,0.5510204081632653,0.6136363636363636,44,0.6938775510204082,35,0.2857142857142857,0.10204081632653061,2,0.0,0.44174637304767106,0.9633933720394563,0.7797249840619758,0.2510382758459168,0.46791621976338804,0.23876123876123875,0.7622377622377622,0.8190171021109292,1.7861734603885089,0.0989010989010989,0.9020979020979021,0.9419657177044002,2.0543089530400684,0.029970029970029972,0.971028971028971,1.0890256747050522,2.3750282537767977,0.002997002997002997,0.998001998001998,1.3950977401961147,3.0425329968857935,0.17682317682317683,0.8241758241758241,0.7945707795034069,3.6257391899865623,22.0,49.0,34.0,0.7305061835426298,0.1048951048951049,0.8961038961038961,0.18319333169123464,ultrastrong coupling regime,screen,2010,2008-11,1702.0,31,False,B_s2_index,True,0.5393615980778874,L3,5,0.40563448898237603,1.1899517125043304,0.8190171021109292,1.7861734603885089,False,UNDETERMINED,UNDETERMINED,UNDETERMINED,UNDETERMINED,UNDETERMINED,UNDETERMINED,SOURCE,UNDETERMINED,SOURCE,SOURCE,UNDETERMINED,0.23876123876123875,0.7622377622377622,True,tested,30
c_8d94ed006e2f,2017,7,3107,host,67,57,30,True,0.47252784776383794,0.3780131207301802,0.07460724152425095,-0.043327548928915424,0.19254203197741732,2017,0.47368421052631576,0.54,50,0.6842105263157895,39,0.3157894736842105,0.08771929824561403,2,0.0,0.3079072946306981,0.6845272372502171,0.7989296402169971,0.28044592484969777,0.4831042862039856,0.35864135864135865,0.6423576423576424,0.7176795849789875,1.5955166769458191,0.7792207792207793,0.2217782217782218,0.5487182541900927,1.2198885739943695,0.27172827172827174,0.7292707292707292,0.7590757270249671,1.6875469316416,0.001998001998001998,0.999000999000999,1.3412464781106381,2.9818057647313787,0.3956043956043956,0.6053946053946054,0.627536175544626,3.2362077481894773,30.0,57.0,38.0,0.5091854442538684,0.24275724275724275,0.7582417582417582,0.21396645993943497,ultrastrong coupling regime,screen,2010,2008-11,1702.0,31,False,B_s2_index,True,0.42903170310983996,L3,7,0.40563448898237603,1.1013821224369105,0.7176795849789875,1.5955166769458191,False,UNDETERMINED,UNDETERMINED,UNDETERMINED,UNDETERMINED,UNDETERMINED,UNDETERMINED,UNDETERMINED,UNDETERMINED,UNDETERMINED,SOURCE,UNDETERMINED,0.35864135864135865,0.6423576423576424,True,tested,30
c_8d94ed006e2f,2018,8,3107,host,68,58,29,True,0.43257155223067234,0.4061604361994793,0.060065007199568636,-0.06563736362036221,0.1857673780194995,2018,0.46551724137931033,0.54,50,0.7068965517241379,41,0.2931034482758621,0.06896551724137931,2,0.0,0.27026141023680367,0.6654820816869631,0.9011230631722889,0.2992859157714015,0.51740832772311,0.4245754245754246,0.5764235764235764,0.6568761964634926,1.6174685769977932,0.8151848151848152,0.18581418581418582,0.5010764785626731,1.23383289440429,0.4245754245754246,0.5764235764235764,0.6568761964634926,1.6174685769977932,0.13486513486513488,0.8661338661338661,0.8535238899242564,2.1016868613934245,0.3546453546453546,0.6463536463536463,0.6077381072390141,2.997932519563229,29.0,58.0,41.0,0.4330403605292933,0.4195804195804196,0.5814185814185814,0.28483969466510606,ultrastrong coupling regime,screen,2010,2008-11,1702.0,31,False,B_s2_index,True,0.4114343185090953,L3,6,0.4114343185090953,1.051374503221247,0.6568761964634926,1.6174685769977932,False,UNDETERMINED,UNDETERMINED,UNDETERMINED,UNDETERMINED,UNDETERMINED,UNDETERMINED,UNDETERMINED,UNDETERMINED,UNDETERMINED,UNDETERMINED,UNDETERMINED,0.4245754245754246,0.5764235764235764,True,tested,30
c_8ee79d97b600,2013,3,1312,host,10,9,1,True,0.0,1.0,0.6021098804511077,-0.27976818029008954,1.483987941192305,2013,0.0,0.0,9,1.0,3,0.6666666666666667,0.6666666666666666,1,0.373,0.0,0.0,0.8472978603872037,1.0,1.0,1.0,0.37362637362637363,0.0,0.0,1.0,0.37362637362637363,0.0,0.0,1.0,0.37362637362637363,0.0,0.0,1.0,0.37362637362637363,0.0,0.0,1.0,0.37362637362637363,0.0,0.0,1.0,9.0,1.0,0.0,1.0,0.34465534465534464,1.0,graphical lasso,heldout_concept,2010,2008-11,2613.0,13,False,B_s2_index,False,0.14880431431696486,L2,3,0.18650947889491853,0.0,0.0,0.0,False,UNDETERMINED,UNDETERMINED,UNDETERMINED,UNDETERMINED,UNDETERMINED,UNDETERMINED,UNDETERMINED,UNDETERMINED,UNDETERMINED,UNDETERMINED,UNDETERMINED,,,False,below_nmin,30
c_8ee79d97b600,2014,4,1312,host,13,13,1,True,0.0,1.0,0.894630189392418,0.25252348104592637,1.5367368977389098,2014,0.0,0.0,12,0.9230769230769231,4,0.6923076923076923,0.6153846153846154,1,0.342,0.0,0.0,0.8472978603872037,1.0,1.0,1.0,0.34265734265734266,0.0,0.0,1.0,0.34265734265734266,0.0,0.0,1.0,0.34265734265734266,0.0,0.0,1.0,0.34265734265734266,0.0,0.0,1.0,0.34265734265734266,0.0,0.0,1.0,13.0,4.0,0.0,1.0,0.32167832167832167,1.0,graphical lasso,heldout_concept,2010,2008-11,2613.0,13,False,B_s2_index,False,0.15162238820665583,L1,3,0.18650947889491853,0.0,0.0,0.0,True,UNDETERMINED,UNDETERMINED,UNDETERMINED,UNDETERMINED,UNDETERMINED,UNDETERMINED,UNDETERMINED,UNDETERMINED,UNDETERMINED,UNDETERMINED,UNDETERMINED,,,False,below_nmin,30
c_8ee79d97b600,2014,4,1702,host,10,9,3,True,0.3333333333333333,0.0,0.5618596084552465,-0.46746202324617747,1.5911812401566705,2014,0.1111111111111111,0.14285714285714285,7,0.6666666666666666,1,0.8888888888888888,0.5555555555555556,0,0.028,0.0,2.0,3.091042453358316,0.0,0.0,0.5144855144855145,0.5144855144855145,0.0,7.081669001768803,0.5144855144855145,0.5144855144855145,0.0,7.081669001768803,0.41358641358641357,0.6153846153846154,0.0,10.556287682729854,0.5144855144855145,0.5144855144855145,0.0,6.295732798995765,0.5024975024975025,0.5264735264735265,0.0,9.199168247647263,3.0,9.0,1.0,0.3333333333333333,0.4955044955044955,0.5314685314685315,0.0,graphical lasso,heldout_concept,2010,2008-11,2613.0,17,False,B_s2_index,False,0.28241929967363005,L2,7,0.18946054333778825,1.180278166961467,0.0,7.081669001768803,False,UNDETERMINED,UNDETERMINED,UNDETERMINED,UNDETERMINED,UNDETERMINED,UNDETERMINED,UNDETERMINED,UNDETERMINED,UNDETERMINED,UNDETERMINED,UNDETERMINED,,,False,below_nmin,30
c_8ee79d97b600,2015,5,1312,host,22,21,4,True,0.25,0.8076601579299995,0.4070983502994996,0.26329234951313807,0.5509043510858611,2015,0.09523809523809523,0.1,20,0.9047619047619048,9,0.5714285714285714,0.47619047619047616,1,0.008,0.0,1.0,2.5649493574615367,0.5894366802192207,1.0,0.36663336663336665,0.6423576423576424,0.0,6.136048696551386,0.36663336663336665,0.6423576423576424,0.0,6.136048696551386,0.4025974025974026,0.6063936063936064,0.0,5.36165778771711,0.5804195804195804,0.42857142857142855,0.0,3.155639615581833,0.42657342657342656,0.5824175824175825,0.0,6.958868989590661,4.0,21.0,8.0,0.25,0.3966033966033966,0.6133866133866134,0.4444444444444444,graphical lasso,heldout_concept,2010,2008-11,2613.0,13,False,B_s2_index,False,0.16297132722594349,L1,5,0.18650947889491853,1.5340121741378465,0.0,6.136048696551386,True,UNDETERMINED,UNDETERMINED,UNDETERMINED,UNDETERMINED,UNDETERMINED,UNDETERMINED,UNDETERMINED,UNDETERMINED,UNDETERMINED,UNDETERMINED,UNDETERMINED,,,False,below_nmin,30
c_8ee79d97b600,2016,6,1312,host,27,26,8,True,0.1586176776712494,0.8571428571428571,0.32004248420337533,0.12034495793219116,0.5197400104745595,2016,0.11538461538461539,0.12,25,0.9230769230769231,14,0.46153846153846156,0.38461538461538464,1,0.0,0.0,0.534177972299103,2.883449728733011,0.7,0.9831911611643753,0.5934065934065934,0.4075924075924076,0.0,3.133689917982509,0.5934065934065934,0.4075924075924076,0.0,3.133689917982509,0.6233766233766234,0.3776223776223776,0.0,2.8640794852044205,0.8231768231768232,0.17782217782217782,0.0,1.6870098488315144,0.5854145854145855,0.4155844155844156,0.0,3.539200739870333,8.0,26.0,11.0,0.1586176776712494,0.5944055944055944,0.4065934065934066,0.5911864660180405,graphical lasso,heldout_concept,2010,2008-11,2613.0,13,False,B_s2_index,True,0.17046293228750928,L1,5,0.18650947889491853,0.930511258622014,0.0,3.133689917982509,True,UNDETERMINED,UNDETERMINED,UNDETERMINED,UNDETERMINED,UNDETERMINED,UNDETERMINED,UNDETERMINED,UNDETERMINED,UNDETERMINED,UNDETERMINED,UNDETERMINED,,,False,below_nmin,30
c_8ee79d97b600,2016,6,1702,host,17,15,4,True,0.0,0.75,-0.16138646032541829,-1.456287077762259,1.1335141571114224,2016,0.0,0.0,12,0.6,4,0.7333333333333334,0.3333333333333333,0,0.011,0.0,0.0,1.6094379124341003,0.3333333333333334,1.0000000000000002,1.0,0.011988011988011988,0.0,0.0,1.0,0.011988011988011988,0.0,0.0,1.0,0.011988011988011988,0.0,0.0,1.0,0.011988011988011988,0.0,0.0,1.0,0.011988011988011988,0.0,0.0,4.0,15.0,2.0,0.0,1.0,0.008991008991008992,0.0,graphical lasso,heldout_concept,2010,2008-11,2613.0,17,False,B_s2_index,True,0.34009237637452083,L2,6,0.18946054333778825,0.0,0.0,0.0,False,UNDETERMINED,FADING,FADING,FADING,UNDETERMINED,UNDETERMINED,UNDETERMINED,UNDETERMINED,UNDETERMINED,UNDETERMINED,UNDETERMINED,,,False,below_nmin,30
c_8ee79d97b600,2016,6,2805,host,12,11,3,True,0.7117403084588965,0.4825196310526116,0.6574127748652461,-0.592227721446632,1.9070532711771242,2016,0.36363636363636365,0.36363636363636365,11,0.7272727272727273,7,0.36363636363636365,0.18181818181818182,0,0.026,0.13472078224889486,2.808324693493369,3.0371390330903574,0.21229118937306984,0.8,0.1978021978021978,0.8291708291708292,0.48040061938643697,10.014200479477303,0.10589410589410589,0.9210789210789211,0.7560557769303289,15.760375441474801,0.1978021978021978,0.8291708291708292,0.48040061938643697,10.014200479477303,0.23076923076923078,0.7962037962037962,0.42546735036261085,8.869087948814347,0.20279720279720279,0.8241758241758241,0.41300560830683974,9.62452999503316,3.0,11.0,6.0,0.8013874489155616,0.16983016983016982,0.8691308691308691,0.02173919919965724,graphical lasso,heldout_concept,2010,2008-11,2613.0,28,False,B_s2_index,True,0.28043423928336925,L3,7,0.28043423928336925,2.53799361403836,0.48040061938643697,10.014200479477303,False,UNDETERMINED,UNDETERMINED,UNDETERMINED,UNDETERMINED,UNDETERMINED,UNDETERMINED,UNDETERMINED,UNDETERMINED,UNDETERMINED,UNDETERMINED,UNDETERMINED,,,False,below_nmin,30
c_8ee79d97b600,2017,7,1312,host,34,31,11,True,0.11039522525280847,0.7976164321244098,0.17511838176953226,0.05222526563117316,0.2980114979078914,2017,0.12903225806451613,0.13793103448275862,29,0.9032258064516129,19,0.3870967741935484,0.2903225806451613,1,0.0,0.013357315251419635,0.2909706342157856,2.608208361601049,0.6495811921798949,0.9233209337317677,0.8991008991008991,0.1018981018981019,0.05558992358539289,1.2109495820973248,0.8991008991008991,0.1018981018981019,0.05558992358539289,1.2109495820973248,0.8221778221778222,0.17882117882117882,0.07161735334076662,1.5600849669400536,0.8921078921078921,0.1088911088911089,0.05818456512850001,1.2674702586816604,0.906093906093906,0.09490509490509491,0.04754057407965798,1.263498369937495,11.0,31.0,15.0,0.13651254172626306,0.8281718281718282,0.17282717282717283,0.5329503254368334,graphical lasso,heldout_concept,2010,2008-11,2613.0,13,False,B_s2_index,True,0.24028302954763323,L1,3,0.18650947889491853,0.45943829433415706,0.05558992358539289,1.2109495820973248,True,UNDETERMINED,UNDETERMINED,UNDETERMINED,UNDETERMINED,UNDETERMINED,UNDETERMINED,UNDETERMINED,SINK,UNDETERMINED,UNDETERMINED,UNDETERMINED,0.8991008991008991,0.1018981018981019,True,tested,30
c_8ee79d97b600,2017,7,1702,host,18,17,7,True,0.0,0.8333333333333334,0.13026952638981096,-1.1779163124727292,1.4384553652523513,2017,0.0,0.0,15,0.7058823529411765,6,0.6470588235294117,0.35294117647058826,0,0.0,0.0,0.0,0.8472978603872034,0.5000000000000001,1.0,1.0,0.000999000999000999,0.0,0.0,1.0,0.000999000999000999,0.0,0.0,1.0,0.000999000999000999,0.0,0.0,1.0,0.000999000999000999,0.0,0.0,1.0,0.000999000999000999,0.0,0.0,7.0,17.0,3.0,0.0,1.0,0.000999000999000999,0.0,graphical lasso,heldout_concept,2010,2008-11,2613.0,17,False,B_s2_index,True,0.1157765219173888,L2,8,0.18946054333778825,0.0,0.0,0.0,False,UNDETERMINED,SINK,SINK,SINK,UNDETERMINED,UNDETERMINED,UNDETERMINED,UNDETERMINED,UNDETERMINED,UNDETERMINED,UNDETERMINED,,,False,below_nmin,30
c_8ee79d97b600,2017,7,2805,host,16,16,6,True,0.7522777644389054,0.5377637417368282,0.9789193840638656,-0.08272901277363609,2.0405677809013674,2017,0.3125,0.3333333333333333,15,0.75,10,0.375,0.1875,0,0.002,0.27344237798364734,1.7778728503599421,1.8720238497256652,0.2915124746352537,0.8,0.061938061938061936,0.9410589410589411,0.9331303895039424,6.067044902030766,0.060939060939060936,0.942057942057942,0.9459595926006216,6.150458058563158,0.061938061938061936,0.9410589410589411,0.9331303895039424,6.067044902030766,0.04495504495504495,0.958041958041958,1.1911170434485698,7.744427432074403,0.04895104895104895,0.954045954045954,1.0541708522495796,8.171297270280192,6.0,16.0,8.0,0.797101334667238,0.04895104895104895,0.952047952047952,0.125,graphical lasso,heldout_concept,2010,2008-11,2613.0,28,False,B_s2_index,True,0.29303769447377115,L3,8,0.29303769447377115,2.5671706358112893,0.9331303895039424,6.067044902030766,False,UNDETERMINED,UNDETERMINED,UNDETERMINED,UNDETERMINED,UNDETERMINED,UNDETERMINED,UNDETERMINED,UNDETERMINED,UNDETERMINED,UNDETERMINED,UNDETERMINED,,,False,below_nmin,30
c_8ee79d97b600,2017,7,2206,host,10,9,6,True,0.0,1.0,-0.08927934892354818,-1.4870685786500462,1.3085098808029498,2017,0.0,0.0,8,0.6666666666666666,2,0.7777777777777778,0.4444444444444444,2,0.0,0.0,0.0,0.9985288301111273,1.0,1.0,1.0,0.000999000999000999,0.0,0.0,1.0,0.000999000999000999,0.0,0.0,1.0,0.000999000999000999,0.0,0.0,1.0,0.000999000999000999,0.0,0.0,1.0,0.000999000999000999,0.0,0.0,6.0,9.0,2.0,0.0,1.0,0.000999000999000999,1.0,graphical lasso,heldout_concept,2010,2008-11,2613.0,22,False,B_s2_index,True,0.3028199819579982,L2,5,0.20158599688842269,0.0,0.0,0.0,False,UNDETERMINED,SINK,UNDETERMINED,UNDETERMINED,UNDETERMINED,UNDETERMINED,UNDETERMINED,UNDETERMINED,UNDETERMINED,UNDETERMINED,UNDETERMINED,,,False,below_nmin,30
c_8ee79d97b600,2018,8,1312,host,39,35,17,True,0.11300858645043863,0.7976164321244098,0.13160010456090596,0.00756299093600063,0.2556372181858113,2018,0.11428571428571428,0.125,32,0.8285714285714286,19,0.4571428571428572,0.3142857142857143,1,0.0,0.014154811651052373,0.2584470079260691,2.525145982419681,0.6558669785869955,0.9285884655275543,0.906093906093906,0.09490509490509491,0.0629554630427885,1.1494784570163623,0.906093906093906,0.09490509490509491,0.0629554630427885,1.1494784570163623,0.8321678321678322,0.16883116883116883,0.07589325612253385,1.3857044127589941,0.983016983016983,0.017982017982017984,0.04470290409187755,0.8162123306877647,0.8581418581418582,0.14285714285714285,0.05980768989064907,1.7079652444843163,17.0,35.0,15.0,0.13346714243352914,0.8381618381618382,0.16283716283716285,0.5135201459322202,graphical lasso,heldout_concept,2010,2008-11,2613.0,13,False,B_s2_index,True,0.22483849640549658,L1,3,0.18650947889491853,0.5026211625549544,0.0629554630427885,1.1494784570163623,True,SINK,UNDETERMINED,UNDETERMINED,UNDETERMINED,SINK,SINK,UNDETERMINED,UNDETERMINED,SINK,SINK,UNDETERMINED,0.906093906093906,0.09490509490509491,True,tested,30
c_8ee79d97b600,2018,8,1702,host,22,21,6,True,0.0,1.0,0.3239684972044024,-0.9834635461058552,1.6314005405146599,2018,0.0,0.0,18,0.7142857142857143,8,0.6190476190476191,0.3333333333333333,0,0.002,0.0,0.0,1.0986122886681096,1.0,1.0,1.0,0.002997002997002997,0.0,0.0,1.0,0.002997002997002997,0.0,0.0,1.0,0.002997002997002997,0.0,0.0,1.0,0.002997002997002997,0.0,0.0,1.0,0.002997002997002997,0.0,0.0,6.0,21.0,5.0,0.0,1.0,0.000999000999000999,1.0,graphical lasso,heldout_concept,2010,2008-11,2613.0,17,False,B_s2_index,True,0.1287725893153206,L2,7,0.1287725893153206,0.0,0.0,0.0,False,UNDETERMINED,SINK,SINK,SINK,SINK,UNDETERMINED,UNDETERMINED,UNDETERMINED,UNDETERMINED,UNDETERMINED,UNDETERMINED,,,False,below_nmin,30
c_8ee79d97b600,2018,8,2805,host,19,17,8,True,0.5767542689146105,0.5231058210570692,0.05742344093021095,-0.1304906520260683,0.2453375338864902,2018,0.4117647058823529,0.4375,16,0.7647058823529411,12,0.2941176470588235,0.11764705882352941,0,0.0,0.21988895340629336,1.1999371198420317,1.6969073918304023,0.28832237942799666,0.7371846594685115,0.1028971028971029,0.8981018981018981,0.7194350421986666,3.925967171503173,0.08491508491508491,0.916083916083916,0.7841016630786766,4.278853833641677,0.1028971028971029,0.8981018981018981,0.7194350421986666,3.925967171503173,0.11788211788211789,0.8831168831168831,0.6944405222272282,3.789571723520184,0.08591408591408592,0.9150849150849151,0.8197100203989741,5.549322427340035,8.0,17.0,10.0,0.6103719465858599,0.1088911088911089,0.8931068931068931,0.15838514228546946,graphical lasso,heldout_concept,2010,2008-11,2613.0,28,False,B_s2_index,True,0.3056411496641731,L3,7,0.3056411496641731,1.8870308188158766,0.7194350421986666,3.925967171503173,False,UNDETERMINED,UNDETERMINED,UNDETERMINED,UNDETERMINED,UNDETERMINED,UNDETERMINED,UNDETERMINED,UNDETERMINED,UNDETERMINED,UNDETERMINED,UNDETERMINED,,,False,below_nmin,30
c_8ee79d97b600,2018,8,2206,host,12,10,5,True,0.013774610852740756,0.9862253891472592,0.216635420305388,-1.2052325374771244,1.6385033780879004,2018,0.1,0.1111111111111111,9,0.8,5,0.5,0.3,2,0.003,0.0,0.06887305426370378,2.6754902621628585,0.9655634728681481,1.0,0.995004995004995,0.008991008991008992,0.0,0.433593731237593,0.995004995004995,0.008991008991008992,0.0,0.433593731237593,0.995004995004995,0.008991008991008992,0.0,0.433593731237593,1.0,0.003996003996003996,0.0,0.15935871808523708,0.996003996003996,0.007992007992007992,0.0,0.3251952984281948,5.0,10.0,5.0,0.013774610852740756,1.0,0.000999000999000999,0.9655634728681481,graphical lasso,heldout_concept,2010,2008-11,2613.0,22,False,B_s2_index,True,0.15884236625636072,L2,4,0.15884236625636072,0.0867187462475186,0.0,0.433593731237593,False,UNDETERMINED,SINK,SINK,UNDETERMINED,UNDETERMINED,UNDETERMINED,UNDETERMINED,UNDETERMINED,UNDETERMINED,UNDETERMINED,UNDETERMINED,,,False,below_nmin,30
c_8ee79d97b600,2018,8,1707,host,10,10,2,True,0.0,1.0,1.001334392798252,-0.3680329036717025,2.3707016892682065,2018,0.0,0.0,6,0.6,2,0.8,0.4,0,0.113,0.0,0.0,1.0986122886681098,1.0,1.0,1.0,0.11388611388611389,0.0,0.0,1.0,0.11388611388611389,0.0,0.0,1.0,0.11388611388611389,0.0,0.0,1.0,0.11388611388611389,0.0,0.0,1.0,0.11388611388611389,0.0,0.0,2.0,10.0,1.0,0.0,1.0,0.1038961038961039,1.0,graphical lasso,heldout_concept,2010,2008-11,2613.0,17,False,B_s2_index,True,0.1287725893153206,L2,7,0.18946054333778825,0.0,0.0,0.0,False,UNDETERMINED,UNDETERMINED,UNDETERMINED,UNDETERMINED,UNDETERMINED,UNDETERMINED,UNDETERMINED,UNDETERMINED,UNDETERMINED,UNDETERMINED,UNDETERMINED,,,False,below_nmin,30
c_91a8f1c2869f,2016,4,2613,host,13,13,2,True,0.5,0.3333333333333333,1.1843019107773056,0.1179816778704803,2.250622143684131,2016,0.3076923076923077,0.36363636363636365,11,0.3076923076923077,6,0.5384615384615384,0.07692307692307693,1,0.122,0.0,2.0,2.890371757896165,0.0,0.6666666666666666,0.4515484515484515,0.6713286713286714,0.0,21.979367701427822,0.5784215784215784,0.5444555444555444,0.0,5.489183688982844,0.4515484515484515,0.6713286713286714,0.0,21.979367701427822,0.5074925074925075,0.6153846153846154,0.0,6.316283846638681,0.4945054945054945,0.6283716283716284,0.0,14.670097273755133,2.0,13.0,3.0,0.5,0.45254745254745254,0.6743256743256744,0.0,posterior contraction,screen,2012,2012-16,1702.0,26,False,B_s2_index,True,0.09099442837339111,L3,3,0.09099442837339111,5.494841925356956,0.0,21.979367701427822,True,UNDETERMINED,UNDETERMINED,UNDETERMINED,UNDETERMINED,UNDETERMINED,UNDETERMINED,UNDETERMINED,UNDETERMINED,UNDETERMINED,UNDETERMINED,UNDETERMINED,,,False,below_nmin,30
c_91a8f1c2869f,2017,5,2613,host,23,22,4,True,0.5253840810228879,0.3027958860498799,0.3873037175194428,0.2714863254191217,0.5031211096197639,2017,0.45454545454545453,0.5,20,0.45454545454545453,13,0.40909090909090906,0.0,1,0.01,0.006527335120171228,1.5786906511709504,3.5596823380509215,0.13053487619585372,0.5049308859750691,0.45054945054945056,0.5604395604395604,0.01355622575267988,3.278686702446679,0.13086913086913088,0.8801198801198801,0.0717333493583435,17.349311154446422,0.45054945054945056,0.5604395604395604,0.01355622575267988,3.278686702446679,0.1998001998001998,0.8111888111888111,0.028433120598451374,6.8767882828136235,0.2977022977022977,0.7132867132867133,0.01452371090411008,9.170248119031696,3.0,22.0,8.0,0.0,1.0,0.04395604395604396,0.3333333333333333,posterior contraction,screen,2012,2012-16,1702.0,26,False,B_s2_index,True,0.4815009162030858,L3,3,0.4815009162030858,1.0911382789587325,0.01355622575267988,3.278686702446679,True,UNDETERMINED,UNDETERMINED,UNDETERMINED,UNDETERMINED,UNDETERMINED,UNDETERMINED,UNDETERMINED,UNDETERMINED,UNDETERMINED,UNDETERMINED,UNDETERMINED,,,False,below_nmin,30
c_91a8f1c2869f,2018,6,2613,host,29,27,7,True,1.0800660013293937,0.3203202683407737,0.3210863421522376,0.17146683073364577,0.4707058535708294,2018,0.4074074074074074,0.4782608695652174,23,0.4074074074074074,14,0.4814814814814815,0.0,1,0.001,0.49441130966405944,2.492620771479092,1.6177200138325603,0.1508069844819502,0.4931247983257677,0.002997002997002997,0.999000999000999,2.5956593757363122,13.086259050265232,0.001998001998001998,1.0,5.433423985425428,27.393114238277825,0.002997002997002997,0.999000999000999,2.5956593757363122,13.086259050265232,0.01098901098901099,0.991008991008991,1.5614210844132868,7.872050157344717,0.03696303696303696,0.965034965034965,1.2005885584192035,12.941723901480339,5.0,27.0,9.0,0.2,0.4975024975024975,0.5114885114885115,0.3955630601957136,posterior contraction,screen,2012,2012-16,1702.0,26,False,B_s2_index,True,0.19047619047619047,L4,23,0.19047619047619047,5.6703465069793175,2.5956593757363122,13.086259050265232,True,UNDETERMINED,SOURCE,SOURCE,SOURCE,SOURCE,UNDETERMINED,UNDETERMINED,UNDETERMINED,UNDETERMINED,UNDETERMINED,UNDETERMINED,,,False,below_nmin,30
c_91a8f1c2869f,2019,7,2613,host,34,32,10,True,0.7431764971101849,0.26067338355812175,0.2689113051236938,0.08304986215059543,0.45477274809679225,2019,0.46875,0.5357142857142857,28,0.5,19,0.40625,0.0,1,0.0,0.3824386865050722,1.4040926080649176,1.3005818251944872,0.1265179545420241,0.41535428311619876,0.01998001998001998,0.981018981018981,1.2234018597748653,4.491620666571813,0.14285714285714285,0.8581418581418582,0.7942636735166013,2.916074634160622,0.01998001998001998,0.981018981018981,1.2234018597748653,4.491620666571813,0.08591408591408592,0.9150849150849151,0.8848879939940204,3.248794473923911,0.025974025974025976,0.975024975024975,1.1381099890933761,5.155726265440094,9.0,32.0,15.0,0.3609826256215821,0.4005994005994006,0.6003996003996004,0.23584385531531396,posterior contraction,screen,2012,2012-16,1702.0,26,False,B_s2_index,False,0.3126026689018193,L4,28,0.3126026689018193,2.3773837239489404,1.2234018597748653,4.491620666571813,True,SOURCE,SOURCE,SOURCE,SOURCE,SOURCE,SOURCE,SOURCE,SOURCE,UNDETERMINED,SOURCE,UNDETERMINED,0.01998001998001998,0.981018981018981,True,tested,30
c_92ba186c01f3,2011,4,2602,host,16,16,0,True,,0.3779660115971907,2.198266708324565,0.6556337050925631,3.740899711556567,2011,0.6875,0.6875,16,0.4375,13,0.1875,0.0,0,,,,,,,,,,,,,,,,,,,,,,,,,,,,,,,,,,q bernstein polynomial,screen,2007,2005-07,2613.0,26,False,B_s2_index,False,0.45485177430292967,L3,4,0.45485177430292967,,,,True,UNDETERMINED,UNDETERMINED,UNDETERMINED,UNDETERMINED,UNDETERMINED,UNDETERMINED,UNDETERMINED,UNDETERMINED,UNDETERMINED,UNDETERMINED,UNDETERMINED,,,False,no_cohort_parents,30
c_92ba186c01f3,2012,5,2602,host,21,21,0,True,,0.31532660702695914,2.402487552487458,0.9840194038510652,3.82095570112385,2012,0.6666666666666666,0.6666666666666666,21,0.47619047619047616,16,0.23809523809523814,0.0,0,,,,,,,,,,,,,,,,,,,,,,,,,,,,,,,,,,q bernstein polynomial,screen,2007,2005-07,2613.0,26,False,B_s2_index,False,0.6377113731883722,L3,3,0.6377113731883722,,,,True,UNDETERMINED,UNDETERMINED,UNDETERMINED,UNDETERMINED,UNDETERMINED,UNDETERMINED,UNDETERMINED,UNDETERMINED,UNDETERMINED,UNDETERMINED,UNDETERMINED,,,False,no_cohort_parents,30
c_92ba186c01f3,2013,6,2602,host,22,22,5,True,1.493737635473109,0.31532660702695914,1.850821921069552,0.07973930145756003,3.6219045406815438,2013,0.6363636363636364,0.6363636363636364,22,0.45454545454545453,16,0.2727272727272727,0.0,0,0.003,0.7951618177865214,3.3211134338792707,1.42951745574338,0.17205412440671997,0.4611820320607847,0.003996003996003996,1.0,2.1823946401478604,9.115100845255947,0.004995004995004995,0.999000999000999,1.748177895986279,7.301529028811528,0.003996003996003996,1.0,2.1823946401478604,9.115100845255947,0.003996003996003996,1.0,1.9949558487919217,8.332234422248916,0.005994005994005994,0.998001998001998,1.738935702842651,30.83547836367459,5.0,22.0,16.0,1.4026915340733628,0.002997002997002997,1.0,0.20668327636186853,q bernstein polynomial,screen,2007,2005-07,2613.0,26,False,B_s2_index,False,0.36435290078088167,L3,4,0.36435290078088167,4.099700132129395,2.1823946401478604,9.115100845255947,True,UNDETERMINED,SOURCE,SOURCE,SOURCE,SOURCE,UNDETERMINED,UNDETERMINED,UNDETERMINED,UNDETERMINED,UNDETERMINED,UNDETERMINED,,,False,below_nmin,30
c_92ba186c01f3,2014,7,2602,host,22,22,16,True,0.684673392973041,0.31532660702695914,-0.17623283999633446,-2.8207595003319765,2.4682938203393077,2014,0.6363636363636364,0.6363636363636364,22,0.45454545454545453,16,0.2727272727272727,0.0,0,0.0,0.46879961044366375,0.9970010578527991,0.7545767682584869,0.1756528940704986,0.45861466785421606,0.005994005994005994,0.995004995004995,1.286663587524435,2.736360972332113,0.37662337662337664,0.6243756243756243,0.7351281945934278,1.5634048564448246,0.005994005994005994,0.995004995004995,1.286663587524435,2.736360972332113,0.002997002997002997,0.998001998001998,1.4757185418133056,3.138426130278671,0.0989010989010989,0.9020979020979021,0.8576522300038415,10.6011490928848,16.0,22.0,16.0,0.6562214862856202,0.011988011988011988,0.989010989010989,0.20345551706594586,q bernstein polynomial,screen,2007,2005-07,2613.0,26,False,B_s2_index,False,0.36435290078088167,L3,4,0.36435290078088167,1.8791490104940785,1.286663587524435,2.736360972332113,False,UNDETERMINED,SOURCE,SOURCE,SOURCE,SOURCE,UNDETERMINED,UNDETERMINED,UNDETERMINED,UNDETERMINED,UNDETERMINED,UNDETERMINED,,,False,below_nmin,30
c_92ba186c01f3,2015,8,2602,host,23,18,21,True,0.4136110888666028,0.3795833667000958,-1.1503477177718415,-2.825482613347367,0.5247871778036841,2015,0.6666666666666666,0.6666666666666666,18,0.6111111111111112,14,0.2222222222222222,0.0,0,0.0,0.26520832052530013,0.5766283016745196,0.7766822199335945,0.23352352076142696,0.5292709608404634,0.000999000999000999,1.0,2.9145555971518498,6.336962734777058,0.3226773226773227,0.6783216783216783,0.7278885936050058,1.5826093340788256,0.000999000999000999,1.0,2.9145555971518498,6.336962734777058,0.15984015984015984,0.8411588411588412,0.8369018826315617,1.8196311122297861,0.12287712287712288,0.8781218781218781,0.645012001746834,6.1360899111374545,21.0,18.0,14.0,0.39193344567618704,0.000999000999000999,1.0,0.27193562797936066,q bernstein polynomial,screen,2007,2005-07,2613.0,26,False,B_s2_index,False,0.09099442837339111,L3,3,0.09099442837339111,4.545455103793501,2.9145555971518498,6.336962734777058,False,UNDETERMINED,SOURCE,SOURCE,SOURCE,UNDETERMINED,UNDETERMINED,UNDETERMINED,UNDETERMINED,UNDETERMINED,UNDETERMINED,UNDETERMINED,,,False,below_nmin,30
c_934bf6901f0f,2018,3,1702,host,62,61,1,True,1.0,0.4375,1.1028799524757733,0.059991511697182975,2.1457683932543636,2018,0.08196721311475409,0.10638297872340426,47,0.09836065573770492,8,0.8688524590163934,0.03278688524590164,3,0.347,0.0,2.0,2.3025850929940455,0.14964285714285716,0.75,0.5924075924075924,0.7552447552447552,0.0,15.531255608308653,0.5924075924075924,0.7552447552447552,0.0,15.531255608308653,0.5924075924075924,0.7552447552447552,0.0,15.531255608308653,0.5954045954045954,0.7522477522477522,0.0,6.316283846638681,0.6003996003996004,0.7472527472527473,0.0,22.92485335598398,0.0,61.0,4.0,,,,,variational auto encoder,heldout_concept,2015,2012-16,1707.0,17,False,B_s2_index,True,0.1287725893153206,L2,7,0.1287725893153206,7.7656278041543265,0.0,15.531255608308653,True,UNDETERMINED,UNDETERMINED,UNDETERMINED,UNDETERMINED,UNDETERMINED,UNDETERMINED,UNDETERMINED,UNDETERMINED,UNDETERMINED,UNDETERMINED,UNDETERMINED,0.5924075924075924,0.7552447552447552,True,tested,30
c_934bf6901f0f,2018,3,1711,host,10,10,0,True,,,1.9385864980973593,1.0510567251888214,2.826116271005897,2018,0.0,0.0,9,0.0,0,1.0,0.0,0,,,,,,,,,,,,,,,,,,,,,,,,,,,,,,,,,,variational auto encoder,heldout_concept,2015,2012-16,1707.0,17,False,B_s2_index,True,0.1287725893153206,L2,7,0.1287725893153206,,,,True,UNDETERMINED,UNDETERMINED,UNDETERMINED,UNDETERMINED,UNDETERMINED,UNDETERMINED,UNDETERMINED,UNDETERMINED,UNDETERMINED,UNDETERMINED,UNDETERMINED,,,False,no_cohort_parents,30
c_934bf6901f0f,2019,4,1702,host,136,136,6,True,0.5456781031768662,0.6163697219490192,1.4478366096356163,0.6706807319951258,2.224992487276107,2019,0.09558823529411764,0.11403508771929824,114,0.21323529411764705,33,0.7573529411764706,0.022058823529411766,3,0.006,0.1111111111111111,1.6666666666666667,2.681046132222824,0.4810756593959566,0.7426258005995164,0.17182817182817184,0.8351648351648352,0.44883211236761494,6.732481685514225,0.17182817182817184,0.8351648351648352,0.44883211236761494,6.732481685514225,0.1258741258741259,0.8811188811188811,0.5864604268183252,8.79690640227488,0.39760239760239763,0.6093906093906094,0.2570892843505617,3.856339265258426,0.1848151848151848,0.8221778221778222,0.3878904027980821,10.219738514923028,6.0,136.0,26.0,0.5833333333333334,0.13686313686313686,0.8661338661338661,0.4081400248554627,variational auto encoder,heldout_concept,2015,2012-16,1707.0,17,False,B_s2_index,False,0.24755606394781707,L2,6,0.18946054333778825,2.204260701494636,0.44883211236761494,6.732481685514225,True,UNDETERMINED,UNDETERMINED,UNDETERMINED,UNDETERMINED,UNDETERMINED,UNDETERMINED,UNDETERMINED,UNDETERMINED,UNDETERMINED,UNDETERMINED,UNDETERMINED,0.17182817182817184,0.8351648351648352,True,tested,30
c_934bf6901f0f,2019,4,1711,host,22,22,1,True,0.0,1.0,1.9552930836578672,1.0785841614257685,2.832002005889966,2019,0.0,0.0,20,0.09090909090909091,2,0.9090909090909091,0.0,0,0.375,0.0,0.0,0.8472978603872037,1.0,1.0,1.0,0.3756243756243756,0.0,0.0,1.0,0.3756243756243756,0.0,0.0,1.0,0.3756243756243756,0.0,0.0,1.0,0.3756243756243756,0.0,0.0,1.0,0.3756243756243756,0.0,0.0,1.0,22.0,2.0,0.0,1.0,0.34265734265734266,1.0,variational auto encoder,heldout_concept,2015,2012-16,1707.0,17,False,B_s2_index,False,0.24755606394781707,L2,6,0.18946054333778825,0.0,0.0,0.0,True,UNDETERMINED,UNDETERMINED,UNDETERMINED,UNDETERMINED,UNDETERMINED,UNDETERMINED,UNDETERMINED,UNDETERMINED,UNDETERMINED,UNDETERMINED,UNDETERMINED,,,False,below_nmin,30
c_934bf6901f0f,2019,4,2207,host,14,14,0,True,,0.8333333333333334,1.6977053825443769,0.9645948449300529,2.4308159201587007,2019,0.07142857142857142,0.08333333333333333,12,0.14285714285714285,3,0.7857142857142857,0.0,0,,,,,,,,,,,,,,,,,,,,,,,,,,,,,,,,,,variational auto encoder,heldout_concept,2015,2012-16,1707.0,22,False,B_s2_index,False,0.4073592475216059,L2,5,0.20158599688842269,,,,True,UNDETERMINED,UNDETERMINED,UNDETERMINED,UNDETERMINED,UNDETERMINED,UNDETERMINED,UNDETERMINED,UNDETERMINED,UNDETERMINED,UNDETERMINED,UNDETERMINED,,,False,no_cohort_parents,30
c_934bf6901f0f,2019,4,2805,host,11,11,1,True,0.0,0.8,1.4629944148931997,0.6578058469385635,2.268182982847836,2019,0.09090909090909091,0.09090909090909091,11,0.45454545454545453,5,0.5454545454545454,0.0,0,0.34,0.0,0.0,0.8472978603872037,0.5,1.0,1.0,0.34065934065934067,0.0,0.0,1.0,0.34065934065934067,0.0,0.0,1.0,0.34065934065934067,0.0,0.0,1.0,0.34065934065934067,0.0,0.0,1.0,0.34065934065934067,0.0,0.0,1.0,11.0,3.0,0.0,1.0,0.3386613386613387,0.0,variational auto encoder,heldout_concept,2015,2012-16,1707.0,28,False,B_s2_index,False,0.30614306319241835,L3,6,0.30614306319241835,0.0,0.0,0.0,True,UNDETERMINED,UNDETERMINED,UNDETERMINED,UNDETERMINED,UNDETERMINED,UNDETERMINED,UNDETERMINED,UNDETERMINED,UNDETERMINED,UNDETERMINED,UNDETERMINED,,,False,below_nmin,30
c_99bda3ffe651,2015,4,2208,host,12,12,3,True,0.3333333333333333,0.5672353553424988,0.7101503820182712,-0.5305473525202967,1.950848116556839,2015,0.16666666666666666,0.2857142857142857,7,0.3333333333333333,4,0.6666666666666667,0.25,1,0.027,0.0,2.0,3.091042453358316,0.13447071068499755,1.0,0.4045954045954046,0.6233766233766234,0.0,10.800711927171763,0.4045954045954046,0.6233766233766234,0.0,10.800711927171763,0.4045954045954046,0.6233766233766234,0.0,10.800711927171763,0.6213786213786214,0.4065934065934066,0.0,4.9481267688656505,0.45254745254745254,0.5754245754245755,0.0,15.064849888905501,3.0,12.0,4.0,0.3333333333333333,0.4065934065934066,0.6303696303696303,0.13447071068499755,single layer mos2,heldout_concept,2011,2008-11,2505.0,22,False,A_openalex_native,False,0.18517297873379288,L2,4,0.18517297873379288,1.8001186545286272,0.0,10.800711927171763,False,UNDETERMINED,UNDETERMINED,UNDETERMINED,UNDETERMINED,UNDETERMINED,UNDETERMINED,UNDETERMINED,UNDETERMINED,UNDETERMINED,UNDETERMINED,UNDETERMINED,,,False,below_nmin,30
c_99bda3ffe651,2016,5,2208,host,14,13,3,True,0.3333333333333333,0.4229804737899984,0.2460116859849492,-0.871522513539724,1.3635458855096225,2016,0.15384615384615385,0.2857142857142857,7,0.23076923076923078,3,0.7692307692307692,0.3076923076923077,1,0.025,0.0,1.5,2.8033603809065353,0.0,1.0,0.38161838161838163,0.6443556443556444,0.0,8.13630792191393,0.36563436563436563,0.6603396603396603,0.0,9.460195695802714,0.38161838161838163,0.6443556443556444,0.0,8.13630792191393,0.6293706293706294,0.3966033966033966,0.0,3.660317169483809,0.45554445554445555,0.5704295704295704,0.0,7.793351644505601,3.0,13.0,3.0,0.3333333333333333,0.4095904095904096,0.6183816183816184,0.0,single layer mos2,heldout_concept,2011,2008-11,2505.0,22,False,A_openalex_native,True,0.18435880431220825,L3,19,0.18435880431220825,1.8080684270919845,0.0,8.13630792191393,False,UNDETERMINED,UNDETERMINED,UNDETERMINED,UNDETERMINED,UNDETERMINED,UNDETERMINED,UNDETERMINED,UNDETERMINED,UNDETERMINED,UNDETERMINED,UNDETERMINED,,,False,below_nmin,30
c_99bda3ffe651,2016,5,2204,host,13,13,1,True,0.0,0.8767303462381101,1.3814723923297372,0.6967558313336056,2.066188953325869,2016,0.07692307692307693,0.1,10,0.46153846153846156,5,0.6153846153846154,0.15384615384615385,2,0.353,0.0,0.0,0.8472978603872037,0.6918258655952753,1.0,1.0,0.35364635364635366,0.0,0.0,1.0,0.35364635364635366,0.0,0.0,1.0,0.35364635364635366,0.0,0.0,1.0,0.35364635364635366,0.0,0.0,1.0,0.35364635364635366,0.0,0.0,1.0,13.0,6.0,0.0,1.0,0.34565434565434566,0.3651640468578052,single layer mos2,heldout_concept,2011,2008-11,2505.0,22,False,A_openalex_native,True,0.18435880431220825,L3,19,0.18435880431220825,0.0,0.0,0.0,True,UNDETERMINED,UNDETERMINED,UNDETERMINED,UNDETERMINED,UNDETERMINED,UNDETERMINED,UNDETERMINED,UNDETERMINED,UNDETERMINED,UNDETERMINED,UNDETERMINED,,,False,below_nmin,30
c_99bda3ffe651,2017,6,2208,host,16,13,7,True,0.14285714285714285,0.653788284273999,0.37182364150769015,-0.7262757725910105,1.4699230556063907,2017,0.15384615384615385,0.25,8,0.38461538461538464,5,0.6153846153846154,0.15384615384615385,1,0.0,0.0,0.6,2.533696813957432,0.2798437831937841,1.0,0.8311688311688312,0.16983016983016982,0.0,1.9813751923518088,0.8311688311688312,0.16983016983016982,0.0,1.9813751923518088,0.7242757242757243,0.27672327672327673,0.0,2.9763972163805525,0.9230769230769231,0.07792207792207792,0.0,1.2805308520908947,0.7072927072927073,0.2937062937062937,0.0,3.163617133407656,7.0,13.0,5.0,0.14285714285714285,0.8231768231768232,0.17782217782217782,0.3172353553424988,single layer mos2,heldout_concept,2011,2008-11,2505.0,22,False,A_openalex_native,True,0.3028199819579982,L2,5,0.20158599688842269,0.4717559981790021,0.0,1.9813751923518088,False,UNDETERMINED,UNDETERMINED,UNDETERMINED,UNDETERMINED,UNDETERMINED,UNDETERMINED,UNDETERMINED,UNDETERMINED,UNDETERMINED,UNDETERMINED,UNDETERMINED,,,False,below_nmin,30
c_99bda3ffe651,2017,6,2204,host,14,14,3,True,0.07756551253963287,0.8767303462381101,0.7661557205819297,-0.20998804129643323,1.7422994824602926,2017,0.07142857142857142,0.1,10,0.42857142857142855,5,0.6428571428571428,0.14285714285714285,2,0.027,0.0,0.395584113952125,2.1299758495229706,0.6478009892517432,1.0,0.929070929070929,0.0989010989010989,0.0,1.3063342497886858,0.929070929070929,0.0989010989010989,0.0,1.3063342497886858,0.929070929070929,0.0989010989010989,0.0,1.3063342497886858,0.99000999000999,0.03796203796203796,0.0,0.8442627708545603,0.8671328671328671,0.16083916083916083,0.0,1.8404068832394669,4.0,14.0,6.0,0.43877033439907276,0.37662337662337664,0.6343656343656343,0.3726444435347821,single layer mos2,heldout_concept,2011,2008-11,2505.0,22,False,A_openalex_native,True,0.3028199819579982,L2,5,0.3028199819579982,0.2561439705468029,0.0,1.3063342497886858,False,UNDETERMINED,UNDETERMINED,UNDETERMINED,UNDETERMINED,UNDETERMINED,UNDETERMINED,UNDETERMINED,UNDETERMINED,UNDETERMINED,UNDETERMINED,UNDETERMINED,,,False,below_nmin,30
c_99bda3ffe651,2017,6,3107,host,10,10,3,True,0.20748644373395153,0.7925135562660485,0.9243732712376981,-0.0001001920287817537,1.848846734504178,2017,0.1,0.2,5,0.3,3,0.7,0.1,0,0.04,0.0,0.6224593312018546,1.7231475931561129,0.37754066879814546,1.0,0.8981018981018981,0.14285714285714285,0.0,1.4508469343639476,0.9210789210789211,0.11988011988011989,0.0,1.1092780310095376,0.8411588411588412,0.1998001998001998,0.0,1.5345325609847222,0.6323676323676324,0.4085914085914086,0.0,2.7114375018069308,0.7992007992007992,0.24175824175824176,0.0,2.0782903231924057,3.0,10.0,3.0,0.20748644373395153,0.8911088911088911,0.13386613386613386,0.37754066879814546,single layer mos2,heldout_concept,2011,2008-11,2505.0,31,False,A_openalex_native,True,0.42903170310983996,L3,7,0.40563448898237603,0.4836156447879825,0.0,1.4508469343639476,False,UNDETERMINED,UNDETERMINED,UNDETERMINED,UNDETERMINED,UNDETERMINED,UNDETERMINED,UNDETERMINED,UNDETERMINED,UNDETERMINED,UNDETERMINED,UNDETERMINED,,,False,below_nmin,30
c_99bda3ffe651,2018,7,2204,host,16,15,6,True,0.13296997957367002,0.8670300204263298,-0.005215990446295305,-0.39668507638743694,0.3862530954948464,2018,0.13333333333333333,0.2,10,0.4666666666666667,6,0.6,0.13333333333333333,2,0.001,0.0,0.5076291037652296,2.974562004072596,0.6918258655952754,1.0,0.6303696303696303,0.37162837162837165,0.0,3.1958042160235194,0.6303696303696303,0.37162837162837165,0.0,3.1958042160235194,0.7102897102897103,0.2917082917082917,0.0,2.5181764190009734,0.9330669330669331,0.06893106893106893,0.0,1.1745540270226793,0.6993006993006993,0.3026973026973027,0.0,2.713592959531395,7.0,15.0,7.0,0.324318184118174,0.18081918081918083,0.8201798201798202,0.43694417298867727,single layer mos2,heldout_concept,2011,2008-11,2505.0,22,False,A_openalex_native,True,0.15884236625636072,L2,4,0.20158599688842269,0.8371191056110657,0.0,3.1958042160235194,False,UNDETERMINED,UNDETERMINED,UNDETERMINED,UNDETERMINED,UNDETERMINED,UNDETERMINED,UNDETERMINED,UNDETERMINED,UNDETERMINED,UNDETERMINED,UNDETERMINED,,,False,below_nmin,30
c_99bda3ffe651,2018,7,2208,host,16,16,8,True,0.2163823223287506,0.5448235702283325,0.6488392873512568,-0.2831367638586344,1.580815338561148,2018,0.125,0.18181818181818182,11,0.4375,6,0.625,0.1875,1,0.0,0.0,0.5462579872425898,2.3397750003467417,0.21091572505024928,0.8571428571428571,0.3826173826173826,0.6183816183816184,0.0,3.4389942690791115,0.3826173826173826,0.6183816183816184,0.0,3.4389942690791115,0.5104895104895105,0.4905094905094905,0.0,2.7098012544241463,0.8621378621378621,0.13886113886113885,0.0,1.263933675098781,0.5494505494505495,0.4515484515484515,0.0,3.0517842871279046,8.0,16.0,7.0,0.2163823223287506,0.37162837162837165,0.6293706293706294,0.3172353553424988,single layer mos2,heldout_concept,2011,2008-11,2505.0,22,False,A_openalex_native,True,0.15884236625636072,L2,4,0.20158599688842269,1.3622456491206152,0.0,3.4389942690791115,False,UNDETERMINED,UNDETERMINED,UNDETERMINED,UNDETERMINED,UNDETERMINED,UNDETERMINED,UNDETERMINED,UNDETERMINED,UNDETERMINED,UNDETERMINED,UNDETERMINED,,,False,below_nmin,30
c_99bda3ffe651,2018,7,3107,host,12,11,5,True,0.12449186624037092,0.7925135562660485,0.13127343726661456,-0.1281191747181324,0.3906660492513615,2018,0.09090909090909091,0.2,5,0.2727272727272727,3,0.7272727272727273,0.09090909090909091,0,0.005,0.0,0.3112296656009273,1.466337068793427,0.37754066879814546,1.0,0.974025974025974,0.03196803196803197,0.0,0.7564504262277459,0.996003996003996,0.00999000999000999,0.0,0.5770334163760462,0.974025974025974,0.03196803196803197,0.0,0.7564504262277459,0.955044955044955,0.05094905094905095,0.0,0.9829074547149477,0.9210789210789211,0.08491508491508491,0.0,1.1768933152461871,5.0,11.0,3.0,0.12449186624037092,0.9660339660339661,0.03696303696303696,0.37754066879814546,single layer mos2,heldout_concept,2011,2008-11,2505.0,31,False,A_openalex_native,True,0.4114343185090953,L3,6,0.4114343185090953,0.30258017049109837,0.0,0.7564504262277459,False,UNDETERMINED,FADING,FADING,UNDETERMINED,UNDETERMINED,UNDETERMINED,UNDETERMINED,UNDETERMINED,UNDETERMINED,UNDETERMINED,UNDETERMINED,,,False,below_nmin,30
c_99bda3ffe651,2019,8,2208,host,21,17,10,True,0.19063489707700415,0.6727264951065856,-0.001813804544037012,-0.17618990238355822,0.1725622932954842,2019,0.17647058823529413,0.21428571428571427,14,0.5882352941176471,9,0.47058823529411764,0.11764705882352941,1,0.0,0.014607532678336392,0.46374977492711567,2.764660611899159,0.4086176776712494,0.9086176776712493,0.916083916083916,0.08491508491508491,0.035859091863531645,1.1384294765580814,0.916083916083916,0.08491508491508491,0.035859091863531645,1.1384294765580814,0.5834165834165834,0.4175824175824176,0.07246303266998065,2.3005058986502913,0.9180819180819181,0.08291708291708291,0.035336052459054815,1.1218243857843415,0.7942057942057942,0.20679320679320679,0.04054903163287135,1.912110717933525,10.0,17.0,10.0,0.19063489707700415,0.9280719280719281,0.07292707292707293,0.46568183978570094,single layer mos2,heldout_concept,2011,2008-11,2505.0,22,False,A_openalex_native,False,0.4073592475216059,L1,3,0.20158599688842269,0.4679773399937191,0.035859091863531645,1.1384294765580814,False,UNDETERMINED,FADING,FADING,FADING,UNDETERMINED,UNDETERMINED,UNDETERMINED,UNDETERMINED,UNDETERMINED,UNDETERMINED,UNDETERMINED,,,False,below_nmin,30
c_99bda3ffe651,2019,8,2204,host,20,17,10,True,0.179781987744202,0.7431685889368543,-0.043407453152749326,-0.4052164319027224,0.3184015255972238,2019,0.17647058823529413,0.2727272727272727,11,0.47058823529411764,7,0.5882352941176471,0.11764705882352941,2,0.0,0.01395935451019776,0.4647774921539573,2.5296391080693694,0.48620440406963217,0.9697547318945715,0.922077922077922,0.07892107892107893,0.03426792099388236,1.1409523534366455,0.922077922077922,0.07892107892107893,0.03426792099388236,1.1409523534366455,0.922077922077922,0.07892107892107893,0.03426792099388236,1.1409523534366455,0.922077922077922,0.07892107892107893,0.033768090349606414,1.1243104640728816,0.7762237762237763,0.22477522477522477,0.04198896539396357,1.951014864042274,12.0,17.0,8.0,0.3343241285042658,0.6983016983016983,0.3026973026973027,0.2727072069609497,single layer mos2,heldout_concept,2011,2008-11,2505.0,22,False,A_openalex_native,False,0.4073592475216059,L2,5,0.4073592475216059,0.4413352313418798,0.03426792099388236,1.1409523534366455,False,UNDETERMINED,FADING,FADING,FADING,UNDETERMINED,UNDETERMINED,UNDETERMINED,UNDETERMINED,UNDETERMINED,UNDETERMINED,UNDETERMINED,,,False,below_nmin,30
c_99bda3ffe651,2019,8,2105,host,11,9,3,True,0.0,1.0,0.2812396400994714,-1.1000337069269313,1.6625129871258741,2019,0.0,0.0,7,0.2222222222222222,2,0.7777777777777778,0.1111111111111111,0,0.03,0.0,0.0,1.2992829841302609,1.0,1.0,1.0,0.030969030969030968,0.0,0.0,1.0,0.030969030969030968,0.0,0.0,1.0,0.030969030969030968,0.0,0.0,1.0,0.030969030969030968,0.0,0.0,1.0,0.030969030969030968,0.0,0.0,3.0,9.0,2.0,0.0,1.0,0.030969030969030968,1.0,single layer mos2,heldout_concept,2011,2008-11,2505.0,21,False,A_openalex_native,False,0.3126026689018193,L4,28,0.3126026689018193,0.0,0.0,0.0,False,UNDETERMINED,SINK,UNDETERMINED,UNDETERMINED,UNDETERMINED,UNDETERMINED,UNDETERMINED,UNDETERMINED,UNDETERMINED,UNDETERMINED,UNDETERMINED,,,False,below_nmin,30
c_99bda3ffe651,2019,8,3107,host,11,9,5,True,0.0,1.0,-0.7921601520432336,-1.873970857812619,0.2896505537261519,2019,0.0,0.0,3,0.1111111111111111,1,0.8888888888888888,0.1111111111111111,0,0.002,0.0,0.0,1.2237754316221159,1.0,1.0,1.0,0.002997002997002997,0.0,0.0,1.0,0.002997002997002997,0.0,0.0,1.0,0.002997002997002997,0.0,0.0,1.0,0.002997002997002997,0.0,0.0,1.0,0.002997002997002997,0.0,0.0,5.0,9.0,1.0,0.0,1.0,0.000999000999000999,1.0,single layer mos2,heldout_concept,2011,2008-11,2505.0,31,False,A_openalex_native,False,0.4114343185090953,L3,4,0.4114343185090953,0.0,0.0,0.0,False,UNDETERMINED,SINK,UNDETERMINED,UNDETERMINED,UNDETERMINED,UNDETERMINED,UNDETERMINED,UNDETERMINED,UNDETERMINED,UNDETERMINED,UNDETERMINED,,,False,below_nmin,30
c_9a6442305923,2011,5,2608,host,15,14,3,True,0.0,1.0,0.256107332733837,-0.05134936919214328,0.5635640346598173,2011,0.0,0.0,11,0.2857142857142857,1,0.9285714285714286,0.2857142857142857,3,0.037,0.0,0.0,1.2992829841302609,1.0,1.0,1.0,0.03796203796203796,0.0,0.0,1.0,0.03796203796203796,0.0,0.0,1.0,0.03796203796203796,0.0,0.0,1.0,0.03796203796203796,0.0,0.0,1.0,0.03796203796203796,0.0,0.0,3.0,14.0,1.0,0.0,1.0,0.03896103896103896,1.0,tropical curve,heldout_concept,2006,2005-07,1703.0,26,False,B_s2_index,False,0.45485177430292967,L3,4,0.45485177430292967,0.0,0.0,0.0,False,UNDETERMINED,SINK,SINK,UNDETERMINED,UNDETERMINED,UNDETERMINED,UNDETERMINED,UNDETERMINED,UNDETERMINED,UNDETERMINED,UNDETERMINED,,,False,below_nmin,30
c_9a6442305923,2012,6,2608,host,17,16,4,True,0.0,0.6925618427738311,0.2083774558056287,-0.11578734522009973,0.5325422568313571,2012,0.1875,0.23076923076923078,13,0.4375,4,0.75,0.25,3,0.01,0.0,0.0,1.6094379124341003,0.47595608038911363,0.8909041532606773,1.0,0.01098901098901099,0.0,0.0,1.0,0.01098901098901099,0.0,0.0,1.0,0.01098901098901099,0.0,0.0,1.0,0.01098901098901099,0.0,0.0,1.0,0.01098901098901099,0.0,0.0,4.0,16.0,4.0,0.0,1.0,0.008991008991008992,0.4017218379152254,tropical curve,heldout_concept,2006,2005-07,1703.0,26,False,B_s2_index,False,0.6377113731883722,L3,3,0.6377113731883722,0.0,0.0,0.0,False,UNDETERMINED,FADING,FADING,FADING,UNDETERMINED,UNDETERMINED,UNDETERMINED,UNDETERMINED,UNDETERMINED,UNDETERMINED,UNDETERMINED,,,False,below_nmin,30
c_9a6442305923,2013,7,2608,host,19,16,6,True,0.011430974365659603,0.635575035735374,0.08612084275291285,-0.24372970126522012,0.41597138677104584,2013,0.3125,0.38461538461538464,13,0.5625,6,0.625,0.25,3,0.001,0.0,0.04572389746263841,2.561886053584819,0.495934828347895,0.8084686632192594,1.0,0.001998001998001998,0.0,0.1254934360743194,1.0,0.001998001998001998,0.0,0.10052483038614346,1.0,0.001998001998001998,0.0,0.1254934360743194,1.0,0.001998001998001998,0.0,0.11471521221500836,0.994005994005994,0.007992007992007992,0.0,0.40516191291478937,6.0,16.0,6.0,0.012120677127578855,1.0,0.001998001998001998,0.43724256880097145,tropical curve,heldout_concept,2006,2005-07,1703.0,26,False,B_s2_index,False,0.36435290078088167,L3,4,0.36435290078088167,0.03137335901857985,0.0,0.1254934360743194,False,UNDETERMINED,FADING,FADING,FADING,UNDETERMINED,UNDETERMINED,UNDETERMINED,UNDETERMINED,UNDETERMINED,UNDETERMINED,UNDETERMINED,,,False,below_nmin,30
c_9a6442305923,2014,8,2608,host,22,21,9,True,0.3181771410959438,0.580921086680128,0.2194707409483251,-0.07283648108756932,0.5117779629842195,2014,0.38095238095238093,0.4444444444444444,18,0.6190476190476191,10,0.5238095238095238,0.19047619047619047,3,0.0,0.10745810640798331,0.8186894839241046,2.0306037263291534,0.4396306853846691,0.7321791365281431,0.5884115884115884,0.4125874125874126,0.29492864247184236,2.2469684807489885,0.8931068931068931,0.10789210789210789,0.16850586476249263,1.2837931364323867,0.5884115884115884,0.4125874125874126,0.29492864247184236,2.2469684807489885,0.5014985014985015,0.4995004995004995,0.3382637625153588,2.5771251180669505,0.35564435564435565,0.6453546453546454,0.27389355361907486,6.827043374252775,10.0,21.0,10.0,0.30245897648393333,0.6363636363636364,0.3646353646353646,0.4216429063738336,tropical curve,heldout_concept,2006,2005-07,1703.0,26,False,B_s2_index,False,0.36435290078088167,L3,4,0.36435290078088167,0.8732663865555238,0.29492864247184236,2.2469684807489885,False,UNDETERMINED,UNDETERMINED,UNDETERMINED,UNDETERMINED,UNDETERMINED,UNDETERMINED,UNDETERMINED,UNDETERMINED,UNDETERMINED,UNDETERMINED,UNDETERMINED,,,False,below_nmin,30
c_9aabfd15c0ee,2017,3,1702,host,22,22,0,True,,1.0,1.6551720958558238,0.9016978877071716,2.408646304004476,2017,0.0,0.0,19,0.045454545454545456,1,0.9545454545454546,0.22727272727272727,0,,,,,,,,,,,,,,,,,,,,,,,,,,,,,,,,,,cnn feature,screen,2014,2012-16,1707.0,17,False,B_s2_index,True,0.1157765219173888,L2,8,0.18946054333778825,,,,True,UNDETERMINED,UNDETERMINED,UNDETERMINED,UNDETERMINED,UNDETERMINED,UNDETERMINED,UNDETERMINED,UNDETERMINED,UNDETERMINED,UNDETERMINED,UNDETERMINED,,,False,no_cohort_parents,30
c_9aabfd15c0ee,2017,3,2214,host,13,13,0,True,,1.0,1.636646902090755,0.10881788922551117,3.164475914955999,2017,0.0,0.0,12,0.38461538461538464,5,0.6153846153846154,0.07692307692307693,1,,,,,,,,,,,,,,,,,,,,,,,,,,,,,,,,,,cnn feature,screen,2014,2012-16,1707.0,22,False,B_s2_index,True,0.3028199819579982,L2,5,0.3028199819579982,,,,True,UNDETERMINED,UNDETERMINED,UNDETERMINED,UNDETERMINED,UNDETERMINED,UNDETERMINED,UNDETERMINED,UNDETERMINED,UNDETERMINED,UNDETERMINED,UNDETERMINED,,,False,no_cohort_parents,30
c_9aabfd15c0ee,2017,3,2202,host,11,11,0,True,,,0.9628714021958386,0.5086943451009265,1.4170484592907506,2017,0.0,0.0,11,0.0,0,1.0,0.45454545454545453,0,,,,,,,,,,,,,,,,,,,,,,,,,,,,,,,,,,cnn feature,screen,2014,2012-16,1707.0,22,False,B_s2_index,True,0.3028199819579982,L2,5,0.20158599688842269,,,,True,UNDETERMINED,UNDETERMINED,UNDETERMINED,UNDETERMINED,UNDETERMINED,UNDETERMINED,UNDETERMINED,UNDETERMINED,UNDETERMINED,UNDETERMINED,UNDETERMINED,,,False,no_cohort_parents,30
c_9aabfd15c0ee,2018,4,1702,host,51,51,2,True,0.0,0.8,1.6911310296850168,0.9607155987368933,2.4215464606331403,2018,0.0196078431372549,0.022222222222222223,45,0.0784313725490196,5,0.9019607843137255,0.1568627450980392,0,0.114,0.0,0.0,1.0986122886681098,0.5,1.0,1.0,0.11488511488511488,0.0,0.0,1.0,0.11488511488511488,0.0,0.0,1.0,0.11488511488511488,0.0,0.0,1.0,0.11488511488511488,0.0,0.0,1.0,0.11488511488511488,0.0,0.0,2.0,51.0,5.0,0.0,1.0,0.13386613386613386,0.4,cnn feature,screen,2014,2012-16,1707.0,17,False,B_s2_index,True,0.1287725893153206,L2,7,0.1287725893153206,0.0,0.0,0.0,True,UNDETERMINED,UNDETERMINED,UNDETERMINED,UNDETERMINED,UNDETERMINED,UNDETERMINED,UNDETERMINED,UNDETERMINED,UNDETERMINED,UNDETERMINED,UNDETERMINED,1.0,0.11488511488511488,True,tested,30
c_9aabfd15c0ee,2018,4,2214,host,30,30,0,True,,0.8969555896132162,1.6506015786599086,0.12443658797049051,3.1767665693493266,2018,0.1,0.10344827586206896,29,0.5333333333333333,16,0.4666666666666667,0.06666666666666667,1,,,,,,,,,,,,,,,,,,,,,,,,,,,,,,,,,,cnn feature,screen,2014,2012-16,1707.0,22,False,B_s2_index,True,0.15884236625636072,L2,4,0.15884236625636072,,,,True,UNDETERMINED,UNDETERMINED,UNDETERMINED,UNDETERMINED,UNDETERMINED,UNDETERMINED,UNDETERMINED,UNDETERMINED,UNDETERMINED,UNDETERMINED,UNDETERMINED,,,False,no_cohort_parents,30
c_9aabfd15c0ee,2018,4,2202,host,18,18,1,True,0.0,0.8172353553424988,1.102667746672296,0.7364957556913949,1.4688397376531972,2018,0.05555555555555555,0.05555555555555555,18,0.2222222222222222,4,0.7777777777777778,0.3333333333333333,0,0.354,0.0,0.0,0.8472978603872037,0.5126276142466634,1.0,1.0,0.3546453546453546,0.0,0.0,1.0,0.3546453546453546,0.0,0.0,1.0,0.3546453546453546,0.0,0.0,1.0,0.3546453546453546,0.0,0.0,1.0,0.3546453546453546,0.0,0.0,1.0,18.0,3.0,0.0,1.0,0.36663336663336665,0.0,cnn feature,screen,2014,2012-16,1707.0,22,False,B_s2_index,True,0.15884236625636072,L2,4,0.15884236625636072,0.0,0.0,0.0,True,UNDETERMINED,UNDETERMINED,UNDETERMINED,UNDETERMINED,UNDETERMINED,UNDETERMINED,UNDETERMINED,UNDETERMINED,UNDETERMINED,UNDETERMINED,UNDETERMINED,,,False,below_nmin,30
c_9aabfd15c0ee,2018,4,1711,host,17,17,0,True,,0.5,2.088368703201987,1.0649016973550585,3.1118357090489153,2018,0.058823529411764705,0.0625,16,0.11764705882352941,2,0.8823529411764706,0.11764705882352941,0,,,,,,,,,,,,,,,,,,,,,,,,,,,,,,,,,,cnn feature,screen,2014,2012-16,1707.0,17,False,B_s2_index,True,0.1287725893153206,L2,7,0.1287725893153206,,,,True,UNDETERMINED,UNDETERMINED,UNDETERMINED,UNDETERMINED,UNDETERMINED,UNDETERMINED,UNDETERMINED,UNDETERMINED,UNDETERMINED,UNDETERMINED,UNDETERMINED,,,False,no_cohort_parents,30
c_9aabfd15c0ee,2018,4,2741,host,15,15,1,True,0.0,0.8962567781330243,1.610720845972782,0.8770467485528911,2.3443949433926727,2018,0.06666666666666667,0.06666666666666667,15,0.4666666666666667,6,0.6,0.26666666666666666,1,0.363,0.0,0.0,0.8472978603872037,0.6887703343990728,1.0,1.0,0.36363636363636365,0.0,0.0,1.0,0.36363636363636365,0.0,0.0,1.0,0.36363636363636365,0.0,0.0,1.0,0.36363636363636365,0.0,0.0,1.0,0.36363636363636365,0.0,0.0,1.0,15.0,7.0,0.0,1.0,0.33666333666333664,0.499319670382212,cnn feature,screen,2014,2012-16,1707.0,27,False,B_s2_index,True,0.19047619047619047,L2,3,0.19047619047619047,0.0,0.0,0.0,True,UNDETERMINED,UNDETERMINED,UNDETERMINED,UNDETERMINED,UNDETERMINED,UNDETERMINED,UNDETERMINED,UNDETERMINED,UNDETERMINED,UNDETERMINED,UNDETERMINED,,,False,below_nmin,30
c_9aabfd15c0ee,2018,4,3205,host,12,12,0,True,,0.5,1.775318895686403,0.8169965861644654,2.7336412052083405,2018,0.08333333333333333,0.08333333333333333,12,0.08333333333333333,2,0.8333333333333334,0.0,0,,,,,,,,,,,,,,,,,,,,,,,,,,,,,,,,,,cnn feature,screen,2014,2012-16,1707.0,32,False,B_s2_index,True,0.19047619047619047,L4,23,0.19047619047619047,,,,True,UNDETERMINED,UNDETERMINED,UNDETERMINED,UNDETERMINED,UNDETERMINED,UNDETERMINED,UNDETERMINED,UNDETERMINED,UNDETERMINED,UNDETERMINED,UNDETERMINED,,,False,no_cohort_parents,30
c_9aabfd15c0ee,2018,4,2740,host,10,10,2,True,0.5,0.5,1.1777435326229253,0.22380351844733593,2.1316835467985147,2018,0.1,0.1,10,0.3,2,0.8,0.3,0,0.109,0.0,2.0,2.764714543755712,0.0,1.0,0.43156843156843155,0.6783216783216783,0.0,10.5,0.43156843156843155,0.6783216783216783,0.0,10.5,0.43156843156843155,0.6783216783216783,0.0,10.5,0.4775224775224775,0.6323676323676324,0.0,6.316283846638681,0.4355644355644356,0.6743256743256744,0.0,13.222024913224022,2.0,10.0,4.0,0.5,0.43456543456543456,0.6793206793206793,0.3333333333333333,cnn feature,screen,2014,2012-16,1707.0,27,False,B_s2_index,True,0.19047619047619047,L2,3,0.19047619047619047,2.625,0.0,10.5,True,UNDETERMINED,UNDETERMINED,UNDETERMINED,UNDETERMINED,UNDETERMINED,UNDETERMINED,UNDETERMINED,UNDETERMINED,UNDETERMINED,UNDETERMINED,UNDETERMINED,,,False,below_nmin,30
c_9aabfd15c0ee,2019,5,1702,host,75,75,10,True,0.0,0.6666666666666666,1.2537713266101564,0.35915309500738835,2.1483895582129247,2019,0.05333333333333334,0.06060606060606061,66,0.17333333333333334,12,0.84,0.16,0,0.0,0.0,0.0,0.8690378470236095,0.42857142857142855,0.9,1.0,0.000999000999000999,0.0,0.0,1.0,0.000999000999000999,0.0,0.0,1.0,0.000999000999000999,0.0,0.0,1.0,0.000999000999000999,0.0,0.0,1.0,0.000999000999000999,0.0,0.0,10.0,75.0,15.0,0.0,1.0,0.000999000999000999,0.5382051282051282,cnn feature,screen,2014,2012-16,1707.0,17,False,B_s2_index,False,0.24755606394781707,L2,6,0.18946054333778825,0.0,0.0,0.0,True,FADING,FADING,FADING,FADING,FADING,FADING,FADING,FADING,FADING,FADING,SINK,1.0,0.001998001998001998,True,tested,30
c_9aabfd15c0ee,2019,5,2214,host,49,48,6,True,0.32657256219707814,0.7575356550120959,1.1710078021438555,-0.3226415030432328,2.6646571073309437,2019,0.1875,0.19148936170212766,47,0.5416666666666666,26,0.45833333333333337,0.041666666666666664,1,0.002,0.0759021551698845,1.0897016575833747,2.641042761495239,0.6313083730517476,0.8671287331246411,0.6273726273726273,0.3756243756243756,0.18632731583160814,2.6750384684112958,0.6273726273726273,0.3756243756243756,0.18632731583160814,2.6750384684112958,0.6273726273726273,0.3756243756243756,0.18632731583160814,2.6750384684112958,0.6313686313686314,0.37162837162837165,0.1836095524068895,2.6360204549938007,0.4855144855144855,0.5174825174825175,0.20260150696044893,4.601184778538429,6.0,48.0,19.0,0.436320115452071,0.46853146853146854,0.5334665334665335,0.457590809003921,cnn feature,screen,2014,2012-16,1707.0,22,False,B_s2_index,False,0.4073592475216059,L2,5,0.4073592475216059,0.8016819654493227,0.18632731583160814,2.6750384684112958,False,UNDETERMINED,UNDETERMINED,UNDETERMINED,UNDETERMINED,UNDETERMINED,UNDETERMINED,UNDETERMINED,UNDETERMINED,UNDETERMINED,UNDETERMINED,UNDETERMINED,1.0,0.3756243756243756,True,tested,30
c_9aabfd15c0ee,2019,5,2202,host,25,25,2,True,0.5579202949586618,0.47425351369123053,0.9594215630917273,0.5010489718496896,1.417794154333765,2019,0.28,0.28,25,0.44,11,0.56,0.24,0,0.125,0.07756551253963287,1.8709219275136144,2.9120983223945633,0.25320288347147235,0.7114902368949991,0.5034965034965035,0.6223776223776224,0.1904105847885996,4.592805831453188,0.5034965034965035,0.6223776223776224,0.1904105847885996,4.592805831453188,0.5034965034965035,0.6223776223776224,0.1904105847885996,4.592805831453188,0.5084915084915085,0.6173826173826173,0.18763326295198055,4.525815333308309,0.4085914085914086,0.7172827172827173,0.21767182616695455,6.748795063506949,2.0,25.0,10.0,0.6160944293633864,0.46053946053946054,0.6683316683316683,0.16638022228160815,cnn feature,screen,2014,2012-16,1707.0,22,False,B_s2_index,False,0.4073592475216059,L2,5,0.4073592475216059,1.3696026255769984,0.1904105847885996,4.592805831453188,True,UNDETERMINED,UNDETERMINED,UNDETERMINED,UNDETERMINED,UNDETERMINED,UNDETERMINED,UNDETERMINED,UNDETERMINED,UNDETERMINED,UNDETERMINED,UNDETERMINED,,,False,below_nmin,30
c_9aabfd15c0ee,2019,5,1711,host,24,24,2,True,0.0,0.5,1.9114404160016925,0.7681716414334625,3.0547091905699224,2019,0.041666666666666664,0.043478260869565216,23,0.08333333333333333,2,0.9166666666666666,0.125,0,0.121,0.0,0.0,1.0986122886681098,0.0,1.0,1.0,0.12187812187812187,0.0,0.0,1.0,0.12187812187812187,0.0,0.0,1.0,0.12187812187812187,0.0,0.0,1.0,0.12187812187812187,0.0,0.0,1.0,0.12187812187812187,0.0,0.0,2.0,24.0,2.0,0.0,1.0,0.11888111888111888,0.0,cnn feature,screen,2014,2012-16,1707.0,17,False,B_s2_index,False,0.24755606394781707,L2,6,0.18946054333778825,0.0,0.0,0.0,True,UNDETERMINED,UNDETERMINED,UNDETERMINED,UNDETERMINED,UNDETERMINED,UNDETERMINED,UNDETERMINED,UNDETERMINED,UNDETERMINED,UNDETERMINED,UNDETERMINED,,,False,below_nmin,30
c_9aabfd15c0ee,2019,5,2741,host,23,23,2,True,0.3112296656009273,0.8197267409775717,1.208299804350327,0.3461524645294304,2.0704471441712236,2019,0.08695652173913043,0.08695652173913043,23,0.43478260869565216,9,0.6086956521739131,0.21739130434782608,1,0.127,0.0,1.2449186624037092,2.416294773716058,0.5964367407227827,1.0,0.4885114885114885,0.6393606393606394,0.0,9.075578507591104,0.4885114885114885,0.6393606393606394,0.0,9.075578507591104,0.4885114885114885,0.6393606393606394,0.0,9.075578507591104,0.7412587412587412,0.3866133866133866,0.0,2.880497231928253,0.5044955044955045,0.6233766233766234,0.0,9.612474111115292,3.0,23.0,10.0,0.6687036874641351,0.10589410589410589,0.9310689310689311,0.47908085626699054,cnn feature,screen,2014,2012-16,1707.0,27,False,B_s2_index,False,0.13717237544277971,L2,4,0.13717237544277971,2.268894626897776,0.0,9.075578507591104,True,UNDETERMINED,UNDETERMINED,UNDETERMINED,UNDETERMINED,UNDETERMINED,UNDETERMINED,UNDETERMINED,UNDETERMINED,UNDETERMINED,UNDETERMINED,UNDETERMINED,,,False,below_nmin,30
c_9aabfd15c0ee,2019,5,3205,host,15,15,2,True,0.0,0.5,1.5480311730387688,0.44610523000660796,2.6499571160709294,2019,0.06666666666666667,0.07142857142857142,14,0.06666666666666667,2,0.8666666666666667,0.0,0,0.128,0.0,0.0,1.0986122886681098,0.0,1.0,1.0,0.12887112887112886,0.0,0.0,1.0,0.12887112887112886,0.0,0.0,1.0,0.12887112887112886,0.0,0.0,1.0,0.12887112887112886,0.0,0.0,1.0,0.12887112887112886,0.0,0.0,2.0,15.0,2.0,0.0,1.0,0.12287712287712288,0.0,cnn feature,screen,2014,2012-16,1707.0,32,False,B_s2_index,False,0.3126026689018193,L4,28,0.3126026689018193,0.0,0.0,0.0,True,UNDETERMINED,UNDETERMINED,UNDETERMINED,UNDETERMINED,UNDETERMINED,UNDETERMINED,UNDETERMINED,UNDETERMINED,UNDETERMINED,UNDETERMINED,UNDETERMINED,,,False,below_nmin,30
c_9aabfd15c0ee,2019,5,2805,host,14,14,2,True,0.0,0.5,1.5252554242177558,0.589416101428047,2.461094747007465,2019,0.07142857142857142,0.07142857142857142,14,0.21428571428571427,2,0.8571428571428572,0.07142857142857142,0,0.113,0.0,0.0,1.0986122886681098,0.0,1.0,1.0,0.11388611388611389,0.0,0.0,1.0,0.11388611388611389,0.0,0.0,1.0,0.11388611388611389,0.0,0.0,1.0,0.11388611388611389,0.0,0.0,1.0,0.11388611388611389,0.0,0.0,2.0,14.0,3.0,0.0,1.0,0.12487512487512488,0.18242552380635632,cnn feature,screen,2014,2012-16,1707.0,28,False,B_s2_index,False,0.30614306319241835,L3,6,0.30614306319241835,0.0,0.0,0.0,True,UNDETERMINED,UNDETERMINED,UNDETERMINED,UNDETERMINED,UNDETERMINED,UNDETERMINED,UNDETERMINED,UNDETERMINED,UNDETERMINED,UNDETERMINED,UNDETERMINED,,,False,below_nmin,30
c_9aabfd15c0ee,2019,5,2740,host,13,13,3,True,0.3333333333333333,0.6666666666666666,0.7846674395037809,-0.19264024962682436,1.7619751286343863,2019,0.07692307692307693,0.07692307692307693,13,0.38461538461538464,3,0.7692307692307692,0.3076923076923077,0,0.025,0.0,2.0,3.091042453358316,0.0,1.0,0.3956043956043956,0.6303696303696303,0.0,14.58019512707413,0.3956043956043956,0.6303696303696303,0.0,14.58019512707413,0.3956043956043956,0.6303696303696303,0.0,14.58019512707413,0.6363636363636364,0.38961038961038963,0.0,4.627607118310111,0.41358641358641357,0.6123876123876124,0.0,14.503344402027341,3.0,13.0,6.0,0.3333333333333333,0.3776223776223776,0.6523476523476524,0.5,cnn feature,screen,2014,2012-16,1707.0,27,False,B_s2_index,False,0.13717237544277971,L2,4,0.13717237544277971,2.430032521179022,0.0,14.58019512707413,False,UNDETERMINED,UNDETERMINED,UNDETERMINED,UNDETERMINED,UNDETERMINED,UNDETERMINED,UNDETERMINED,UNDETERMINED,UNDETERMINED,UNDETERMINED,UNDETERMINED,,,False,below_nmin,30
c_9aabfd15c0ee,2019,5,1709,host,13,13,1,True,0.0,1.0,1.88955478848532,0.9025144954387614,2.876595081531879,2019,0.0,0.0,13,0.15384615384615385,2,0.8461538461538461,0.07692307692307693,0,0.337,0.0,0.0,0.8472978603872037,1.0,1.0,1.0,0.33766233766233766,0.0,0.0,1.0,0.33766233766233766,0.0,0.0,1.0,0.33766233766233766,0.0,0.0,1.0,0.33766233766233766,0.0,0.0,1.0,0.33766233766233766,0.0,0.0,1.0,13.0,2.0,0.0,1.0,0.33266733266733267,1.0,cnn feature,screen,2014,2012-16,1707.0,17,False,B_s2_index,False,0.24755606394781707,L2,6,0.24755606394781707,0.0,0.0,0.0,True,UNDETERMINED,UNDETERMINED,UNDETERMINED,UNDETERMINED,UNDETERMINED,UNDETERMINED,UNDETERMINED,UNDETERMINED,UNDETERMINED,UNDETERMINED,UNDETERMINED,,,False,below_nmin,30
c_9aabfd15c0ee,2019,5,2206,host,11,11,2,True,0.0,0.0,1.0084831021937712,0.08172197273614523,1.9352442316513971,2019,0.18181818181818182,0.18181818181818182,11,0.18181818181818182,2,0.8181818181818181,0.09090909090909091,0,0.116,0.0,0.0,1.0986122886681098,0.0,0.0,1.0,0.11688311688311688,0.0,0.0,1.0,0.11688311688311688,0.0,0.0,1.0,0.11688311688311688,0.0,0.0,1.0,0.11688311688311688,0.0,0.0,1.0,0.11688311688311688,0.0,0.0,2.0,11.0,2.0,0.0,1.0,0.1048951048951049,0.0,cnn feature,screen,2014,2012-16,1707.0,22,False,B_s2_index,False,0.4073592475216059,L2,5,0.20158599688842269,0.0,0.0,0.0,True,UNDETERMINED,UNDETERMINED,UNDETERMINED,UNDETERMINED,UNDETERMINED,UNDETERMINED,UNDETERMINED,UNDETERMINED,UNDETERMINED,UNDETERMINED,UNDETERMINED,,,False,below_nmin,30
c_9aabfd15c0ee,2019,5,2730,host,10,10,2,True,0.3112296656009273,0.8443851671995364,1.2604806426700894,0.20233879857677994,2.318622486763399,2019,0.1,0.1111111111111111,9,0.4,4,0.6,0.0,0,0.097,0.0,1.2449186624037092,2.416294773716058,0.585027112532097,1.0,0.4305694305694306,0.6673326673326674,0.0,9.075578507591104,0.4305694305694306,0.6673326673326674,0.0,9.075578507591104,0.4305694305694306,0.6673326673326674,0.0,9.075578507591104,0.7302697302697303,0.3676323676323676,0.0,2.880497231928253,0.45354645354645357,0.6443556443556444,0.0,9.612474111115292,2.0,10.0,4.0,0.19182586559527534,0.5484515484515484,0.5644355644355644,0.7442321792062995,cnn feature,screen,2014,2012-16,1707.0,27,False,B_s2_index,False,0.13717237544277971,L2,4,0.13717237544277971,2.268894626897776,0.0,9.075578507591104,True,UNDETERMINED,UNDETERMINED,UNDETERMINED,UNDETERMINED,UNDETERMINED,UNDETERMINED,UNDETERMINED,UNDETERMINED,UNDETERMINED,UNDETERMINED,UNDETERMINED,,,False,below_nmin,30
c_9cceb3c510be,2014,3,1702,host,19,19,0,True,,0.5395132039500397,1.4360477433605678,0.6553687192963654,2.2167267674247704,2014,0.3684210526315789,0.5,14,0.5789473684210527,10,0.4736842105263158,0.05263157894736842,4,,,,,,,,,,,,,,,,,,,,,,,,,,,,,,,,,,einstein podolsky rosen steering,screen,2011,2008-11,3107.0,17,False,A_openalex_native,False,0.28241929967363005,L2,7,0.18946054333778825,,,,True,UNDETERMINED,UNDETERMINED,UNDETERMINED,UNDETERMINED,UNDETERMINED,UNDETERMINED,UNDETERMINED,UNDETERMINED,UNDETERMINED,UNDETERMINED,UNDETERMINED,,,False,no_cohort_parents,30
c_9cceb3c510be,2015,4,1702,host,36,36,1,True,1.1439643560173423,0.5223308681272129,1.1694148180638098,0.34991331182774665,1.9889163242998729,2015,0.5555555555555556,0.6666666666666666,30,0.7222222222222222,25,0.3055555555555556,0.027777777777777776,6,0.359,0.0,2.431893068052027,3.5200067126721137,0.42304557802112264,0.6256754277637739,0.6253746253746254,0.7342657342657343,0.0,5.94939898999911,0.6253746253746254,0.7342657342657343,0.0,5.94939898999911,0.5654345654345654,0.7942057942057942,0.0,12.835881419996866,0.5994005994005994,0.7602397602397603,0.0,7.674178106403823,0.6043956043956044,0.7552447552447552,0.0,7.626733303558512,1.0,36.0,23.0,1.1681756560364196,0.5874125874125874,0.7452547452547452,0.30184432326924293,einstein podolsky rosen steering,screen,2011,2008-11,3107.0,17,False,A_openalex_native,False,0.4087628132085307,L2,7,0.18946054333778825,2.798601827397024,0.0,5.94939898999911,True,UNDETERMINED,UNDETERMINED,UNDETERMINED,UNDETERMINED,UNDETERMINED,UNDETERMINED,UNDETERMINED,UNDETERMINED,UNDETERMINED,UNDETERMINED,UNDETERMINED,0.6253746253746254,0.7342657342657343,True,tested,30
c_9cceb3c510be,2016,5,1702,host,49,46,6,True,1.7794163887706098,0.4996502877149049,0.4415386827632721,0.1028665814253123,0.7802107841012318,2016,0.6521739130434783,0.75,40,0.782608695652174,35,0.23913043478260865,0.021739130434782608,6,0.003,0.9846127385085203,4.012579808401473,1.4049090211311026,0.41634197104358983,0.5840321503057643,0.003996003996003996,1.0,2.8951332252865103,11.79849972285968,0.003996003996003996,1.0,2.8951332252865103,11.79849972285968,0.003996003996003996,1.0,5.1969276618882025,21.178973403699498,0.003996003996003996,1.0,3.109546767718021,12.672296513577379,0.003996003996003996,1.0,2.942051529925799,24.65220607546351,5.0,46.0,33.0,1.9920128901380927,0.00999000999000999,1.0,0.333310368165104,einstein podolsky rosen steering,screen,2011,2008-11,3107.0,17,False,A_openalex_native,True,0.34009237637452083,L2,6,0.18946054333778825,5.232156062243096,2.8951332252865103,11.79849972285968,True,SOURCE,SOURCE,SOURCE,SOURCE,SOURCE,SOURCE,SOURCE,SOURCE,SOURCE,SOURCE,SOURCE,0.003996003996003996,1.0,True,tested,30
c_9cceb3c510be,2017,6,1702,host,63,62,15,True,0.7895049040253057,0.44124107652566397,0.46794327659395907,0.1471884832284731,0.788698069959445,2017,0.7096774193548387,0.7857142857142857,56,0.8064516129032258,49,0.20967741935483875,0.016129032258064516,6,0.0,0.5052604819860801,1.2794734342982412,0.9291298040496042,0.36790614303216457,0.5109914080548412,0.000999000999000999,1.0,4.364101405176118,11.051233990352527,0.000999000999000999,1.0,4.364101405176118,11.051233990352527,0.000999000999000999,1.0,2.666837501279904,6.7532448274312955,0.000999000999000999,1.0,2.20091843814586,5.573395848405944,0.000999000999000999,1.0,1.7968533413086285,11.268588817212898,15.0,62.0,47.0,0.8268128562899238,0.000999000999000999,1.0,0.25970215845727507,einstein podolsky rosen steering,screen,2011,2008-11,3107.0,17,False,A_openalex_native,True,0.1157765219173888,L2,8,0.18946054333778825,6.819214215025816,4.364101405176118,11.051233990352527,True,SOURCE,SOURCE,SOURCE,SOURCE,SOURCE,SOURCE,SOURCE,SOURCE,SOURCE,SOURCE,SOURCE,0.000999000999000999,1.0,True,tested,30
c_9cceb3c510be,2018,7,1702,host,81,76,29,True,0.7693728357780809,0.4713093486741304,0.18297834279312936,0.02287344401025454,0.34308324157600417,2018,0.75,0.8260869565217391,69,0.8157894736842105,62,0.1842105263157895,0.0,6,0.0,0.5781833220396285,1.0753774529283269,0.6205354894646501,0.4103913631653743,0.5295446286234751,0.000999000999000999,1.0,4.489956481529255,8.350981048420875,0.000999000999000999,1.0,4.489956481529255,8.350981048420875,0.000999000999000999,1.0,4.489956481529255,8.350981048420875,0.000999000999000999,1.0,1.8259849886973982,3.3961946174853193,0.011988011988011988,0.989010989010989,1.7669133888233552,12.995997533406126,31.0,76.0,61.0,0.8924968428943956,0.000999000999000999,1.0,0.32893406662532826,einstein podolsky rosen steering,screen,2011,2008-11,3107.0,17,False,A_openalex_native,True,0.1287725893153206,L2,7,0.1287725893153206,5.974663085279326,4.489956481529255,8.350981048420875,True,SOURCE,SOURCE,SOURCE,SOURCE,SOURCE,SOURCE,SOURCE,SOURCE,SOURCE,SOURCE,SOURCE,0.000999000999000999,1.0,True,tested,30
c_9cceb3c510be,2019,8,1702,host,95,85,37,True,0.5741059427052372,0.43177356243148984,0.044690226366216265,-0.056187212846448925,0.14556766557888146,2019,0.6941176470588235,0.7564102564102564,78,0.8352941176470589,70,0.17647058823529416,0.011764705882352941,6,0.0,0.41073827001377045,0.7937150352185629,0.6587683473858023,0.3773314043079561,0.4885408259462721,0.000999000999000999,1.0,1.6591727282445037,3.2062031628757515,0.000999000999000999,1.0,1.6591727282445037,3.2062031628757515,0.000999000999000999,1.0,2.167935670286067,4.189342124937604,0.08091908091908091,0.9200799200799201,0.9503676710390522,1.836500673443591,0.03596403596403597,0.965034965034965,1.0640955798894165,6.118984595841297,39.0,85.0,69.0,0.695049424572621,0.000999000999000999,1.0,0.30021940938233677,einstein podolsky rosen steering,screen,2011,2008-11,3107.0,17,False,A_openalex_native,False,0.24755606394781707,L2,6,0.18946054333778825,2.319094646884733,1.6591727282445037,3.2062031628757515,False,SOURCE,SOURCE,SOURCE,SOURCE,SOURCE,SOURCE,SOURCE,SOURCE,SOURCE,SOURCE,SOURCE,0.000999000999000999,1.0,True,tested,30
c_9d2447253ac5,2015,3,1705,host,35,35,0,True,,0.8282189546478794,1.7336552274288475,1.0246000198932017,2.4427104349644932,2015,0.14285714285714285,0.15151515151515152,33,0.42857142857142855,21,0.4,0.02857142857142857,1,,,,,,,,,,,,,,,,,,,,,,,,,,,,,,,,,,cloud radio access network,screen,2012,2012-16,2208.0,17,False,B_s2_index,False,0.4221271653952266,L1,3,0.18946054333778825,,,,True,UNDETERMINED,UNDETERMINED,UNDETERMINED,UNDETERMINED,UNDETERMINED,UNDETERMINED,UNDETERMINED,UNDETERMINED,UNDETERMINED,UNDETERMINED,UNDETERMINED,,,False,no_cohort_parents,30
c_9d2447253ac5,2016,4,1705,host,76,76,7,True,0.4677240884373139,0.7530887111365402,1.45535691209788,0.6636702197578455,2.2470436044379145,2016,0.25,0.2714285714285714,70,0.6052631578947368,49,0.35526315789473684,0.06578947368421052,1,0.0,0.1110369279367795,1.4117822591465585,2.542075310093104,0.6638592546578885,0.8413828022067157,0.34065934065934067,0.6603396603396603,0.3264904939077552,4.151172908362573,0.34065934065934067,0.6603396603396603,0.3264904939077552,4.151172908362573,0.13586413586413587,0.8651348651348651,0.5860688773535939,7.451589836462672,0.2907092907092907,0.7102897102897103,0.35067037715373184,4.458608739209235,0.27672327672327673,0.7242757242757243,0.3525968285998298,7.4341329549667865,7.0,76.0,47.0,0.4677240884373139,0.3726273726273726,0.6283716283716284,0.6341517377970312,cloud radio access network,screen,2012,2012-16,2208.0,17,False,B_s2_index,True,0.34009237637452083,L2,6,0.18946054333778825,1.3752854251641349,0.3264904939077552,4.151172908362573,True,UNDETERMINED,UNDETERMINED,UNDETERMINED,UNDETERMINED,UNDETERMINED,UNDETERMINED,UNDETERMINED,UNDETERMINED,UNDETERMINED,UNDETERMINED,UNDETERMINED,0.34065934065934067,0.6603396603396603,True,tested,30
c_9d2447253ac5,2017,5,1705,host,131,130,15,True,0.3124170655158049,0.7359975941922164,0.7532164888811227,0.5209374386809775,0.9854955390812679,2017,0.3076923076923077,0.33613445378151263,119,0.7,88,0.32307692307692304,0.08461538461538462,1,0.0,0.10859257749725752,0.6184308194549788,1.7395833699141354,0.6667998343368062,0.7939699798897961,0.056943056943056944,0.9440559440559441,0.9379499029582414,5.3415909306401,0.056943056943056944,0.9440559440559441,0.9379499029582414,5.3415909306401,0.16683316683316685,0.8341658341658341,0.5731672441350933,3.264166821016562,0.2727272727272727,0.7282717282717283,0.4730300796927987,2.6938892745101235,0.14885114885114886,0.8521478521478522,0.6306741454412488,5.798078115807202,15.0,130.0,88.0,0.3124170655158049,0.04795204795204795,0.9530469530469531,0.6682667481518976,cloud radio access network,screen,2012,2012-16,2208.0,17,False,B_s2_index,True,0.1157765219173888,L2,8,0.18946054333778825,2.698449222189686,0.9379499029582414,5.3415909306401,True,SOURCE,UNDETERMINED,UNDETERMINED,SOURCE,SOURCE,SOURCE,UNDETERMINED,UNDETERMINED,SOURCE,UNDETERMINED,SOURCE,0.056943056943056944,0.9440559440559441,True,tested,30
c_9d2447253ac5,2017,5,2214,host,11,11,1,True,0.0,1.0,1.3863791307390443,-0.05080058493724038,2.823558846415329,2017,0.0,0.0,4,0.2727272727272727,3,0.7272727272727273,0.0,0,0.359,0.0,0.0,0.8472978603872037,1.0,1.0,1.0,0.3596403596403596,0.0,0.0,1.0,0.3596403596403596,0.0,0.0,1.0,0.3596403596403596,0.0,0.0,1.0,0.3596403596403596,0.0,0.0,1.0,0.3596403596403596,0.0,0.0,1.0,11.0,3.0,0.0,1.0,0.35564435564435565,1.0,cloud radio access network,screen,2012,2012-16,2208.0,22,False,B_s2_index,True,0.3028199819579982,L2,5,0.3028199819579982,0.0,0.0,0.0,False,UNDETERMINED,UNDETERMINED,UNDETERMINED,UNDETERMINED,UNDETERMINED,UNDETERMINED,UNDETERMINED,UNDETERMINED,UNDETERMINED,UNDETERMINED,UNDETERMINED,,,False,below_nmin,30
c_9d2447253ac5,2018,6,1705,host,212,205,34,True,0.37677257103596284,0.728165908748146,0.5467869666822085,0.44210119899603434,0.6514727343683826,2018,0.37073170731707317,0.41081081081081083,185,0.751219512195122,150,0.2682926829268293,0.05365853658536585,1,0.0,0.23376747719884688,0.5573727359880326,0.8689075813161722,0.6786843307091776,0.7734319174302199,0.002997002997002997,0.998001998001998,1.4322538283516897,3.414928562790056,0.002997002997002997,0.998001998001998,1.4322538283516897,3.414928562790056,0.011988011988011988,0.989010989010989,1.2338583700885097,2.9418934737999543,0.2707292707292707,0.7302697302697303,0.7382708700502764,1.7602622044390084,0.22077922077922077,0.7802197802197802,0.5628248025991377,5.747370849715565,34.0,205.0,150.0,0.38859715854620047,0.001998001998001998,0.999000999000999,0.6761740498403452,cloud radio access network,screen,2012,2012-16,2208.0,17,False,B_s2_index,True,0.163216514120181,L1,3,0.18946054333778825,2.3084218718121523,1.4322538283516897,3.414928562790056,True,SOURCE,SOURCE,SOURCE,SOURCE,SOURCE,SOURCE,SOURCE,UNDETERMINED,SOURCE,UNDETERMINED,SOURCE,0.002997002997002997,0.998001998001998,True,tested,30
c_9d2447253ac5,2018,6,2214,host,14,13,3,True,0.0,1.0,0.8292433378447243,-0.569291556143738,2.2277782318331867,2018,0.0,0.0,7,0.3076923076923077,4,0.6923076923076923,0.0,0,0.037,0.0,0.0,1.466337068793427,1.0,1.0,1.0,0.03796203796203796,0.0,0.0,1.0,0.03796203796203796,0.0,0.0,1.0,0.03796203796203796,0.0,0.0,1.0,0.03796203796203796,0.0,0.0,1.0,0.03796203796203796,0.0,0.0,3.0,13.0,4.0,0.0,1.0,0.03596403596403597,0.9999999999999999,cloud radio access network,screen,2012,2012-16,2208.0,22,False,B_s2_index,True,0.15884236625636072,L2,4,0.15884236625636072,0.0,0.0,0.0,False,UNDETERMINED,SINK,SINK,UNDETERMINED,UNDETERMINED,UNDETERMINED,UNDETERMINED,UNDETERMINED,UNDETERMINED,UNDETERMINED,UNDETERMINED,,,False,below_nmin,30
c_9d2447253ac5,2019,7,1705,host,261,253,68,True,0.41747152676536436,0.7101089409244397,0.42688751095220967,0.2100138993609384,0.643761122543481,2019,0.40711462450592883,0.44782608695652176,230,0.782608695652174,192,0.24110671936758898,0.043478260869565216,1,0.0,0.3048209961832328,0.5537811206540547,0.5970448024720288,0.6673035930314086,0.7521470858593768,0.002997002997002997,0.998001998001998,1.2313210644982897,2.23699275155218,0.002997002997002997,0.998001998001998,1.2313210644982897,2.23699275155218,0.000999000999000999,1.0,1.6088890637232522,2.9229364114443666,0.5694305694305695,0.43156843156843155,0.7052959058739536,1.281340727962227,0.21878121878121878,0.7822177822177823,0.7236711867211646,4.187590820813562,68.0,253.0,193.0,0.4277782306407013,0.003996003996003996,0.997002997002997,0.6628104546480376,cloud radio access network,screen,2012,2012-16,2208.0,17,False,B_s2_index,False,0.24755606394781707,L2,6,0.18946054333778825,1.6863716449028863,1.2313210644982897,2.23699275155218,True,SOURCE,SOURCE,SOURCE,SOURCE,SOURCE,SOURCE,SOURCE,UNDETERMINED,SOURCE,UNDETERMINED,SOURCE,0.002997002997002997,0.998001998001998,True,tested,30
c_9d2447253ac5,2019,7,2214,host,15,15,4,True,0.0,1.0,1.0297899461297177,-0.2271198255737663,2.286699717833202,2019,0.0,0.0,9,0.4,6,0.6,0.0,0,0.011,0.0,0.0,1.6094379124341003,1.0,1.0,1.0,0.011988011988011988,0.0,0.0,1.0,0.011988011988011988,0.0,0.0,1.0,0.011988011988011988,0.0,0.0,1.0,0.011988011988011988,0.0,0.0,1.0,0.011988011988011988,0.0,0.0,4.0,15.0,6.0,0.0,1.0,0.013986013986013986,0.9999999999999999,cloud radio access network,screen,2012,2012-16,2208.0,22,False,B_s2_index,False,0.4073592475216059,L2,5,0.4073592475216059,0.0,0.0,0.0,False,UNDETERMINED,SINK,SINK,SINK,UNDETERMINED,UNDETERMINED,UNDETERMINED,UNDETERMINED,UNDETERMINED,UNDETERMINED,UNDETERMINED,,,False,below_nmin,30
c_9d2447253ac5,2019,7,2202,host,10,9,1,True,0.0,1.0,0.675446505478356,-0.1445592152340346,1.4954522261907468,2019,0.0,0.0,8,0.6666666666666666,5,0.4444444444444444,0.1111111111111111,1,0.338,0.0,0.0,0.8472978603872037,0.9999999999999999,1.0,1.0,0.3386613386613387,0.0,0.0,1.0,0.3386613386613387,0.0,0.0,1.0,0.3386613386613387,0.0,0.0,1.0,0.3386613386613387,0.0,0.0,1.0,0.3386613386613387,0.0,0.0,1.0,9.0,6.0,0.0,1.0,0.3696303696303696,0.5,cloud radio access network,screen,2012,2012-16,2208.0,22,False,B_s2_index,False,0.4073592475216059,L2,5,0.4073592475216059,0.0,0.0,0.0,False,UNDETERMINED,UNDETERMINED,UNDETERMINED,UNDETERMINED,UNDETERMINED,UNDETERMINED,UNDETERMINED,UNDETERMINED,UNDETERMINED,UNDETERMINED,UNDETERMINED,,,False,below_nmin,30
c_9d2447253ac5,2019,7,2204,host,10,10,2,True,0.0,1.0,1.2385860378417317,0.4542146517179173,2.022957423965546,2019,0.0,0.0,10,0.9,7,0.30000000000000004,0.2,0,0.118,0.0,0.0,1.0986122886681098,0.9999999999999999,1.0,1.0,0.11888111888111888,0.0,0.0,1.0,0.11888111888111888,0.0,0.0,1.0,0.11888111888111888,0.0,0.0,1.0,0.11888111888111888,0.0,0.0,1.0,0.11888111888111888,0.0,0.0,2.0,10.0,7.0,0.0,1.0,0.10789210789210789,1.0,cloud radio access network,screen,2012,2012-16,2208.0,22,False,B_s2_index,False,0.4073592475216059,L2,5,0.4073592475216059,0.0,0.0,0.0,True,UNDETERMINED,UNDETERMINED,UNDETERMINED,UNDETERMINED,UNDETERMINED,UNDETERMINED,UNDETERMINED,UNDETERMINED,UNDETERMINED,UNDETERMINED,UNDETERMINED,,,False,below_nmin,30
c_9d4eaaf7197d,2018,3,2505,host,14,14,0,True,,0.3,1.3012439005541898,0.6337850177965677,1.9687027833118118,2018,0.2857142857142857,0.4444444444444444,9,0.2857142857142857,5,0.6428571428571428,0.2857142857142857,2,,,,,,,,,,,,,,,,,,,,,,,,,,,,,,,,,,semimetal candidate,screen,2015,2012-16,3107.0,25,False,B_s2_index,True,0.19047619047619047,L4,23,0.19047619047619047,,,,True,UNDETERMINED,UNDETERMINED,UNDETERMINED,UNDETERMINED,UNDETERMINED,UNDETERMINED,UNDETERMINED,UNDETERMINED,UNDETERMINED,UNDETERMINED,UNDETERMINED,,,False,no_cohort_parents,30
c_9d4eaaf7197d,2019,4,2505,host,16,16,3,True,0.8333333333333334,0.3,0.8014630649464114,-0.0651439104163819,1.6680700403092046,2019,0.25,0.36363636363636365,11,0.25,5,0.6875,0.25,2,0.036,0.16666666666666666,2.5,2.5257286443082556,0.0,0.647619047619046,0.14985014985014986,0.8871128871128872,0.5331581692893751,7.997372539340627,0.14985014985014986,0.8871128871128872,0.5331581692893751,7.997372539340627,0.14985014985014986,0.8871128871128872,0.5331581692893751,7.997372539340627,0.22477522477522477,0.8121878121878122,0.38563392652584255,5.784508897887639,0.14085914085914086,0.8961038961038961,0.5556482093404671,8.278018774000811,3.0,16.0,5.0,0.8333333333333334,0.12987012987012986,0.8971028971028971,0.0,semimetal candidate,screen,2015,2012-16,3107.0,25,False,B_s2_index,False,0.3126026689018193,L4,28,0.3126026689018193,2.665790846446876,0.5331581692893751,7.997372539340627,False,UNDETERMINED,UNDETERMINED,UNDETERMINED,UNDETERMINED,UNDETERMINED,UNDETERMINED,UNDETERMINED,UNDETERMINED,UNDETERMINED,UNDETERMINED,UNDETERMINED,,,False,below_nmin,30
c_a6e0e7783421,2019,7,3106,host,12,10,4,True,0.5140728013432256,0.6283459739633779,0.5253741670101689,-1.365017285021139,2.4157656190414767,2019,0.8,0.8,10,1.0,10,0.0,0.0,1,0.007,0.11661113020752163,1.861502334570002,2.7703023052399818,0.4324443435342546,0.8215304993397419,0.4225774225774226,0.5854145854145855,0.2834258713033045,4.524421641139425,0.43656343656343655,0.5714285714285714,0.2718007302543492,4.338845640256621,0.4225774225774226,0.5854145854145855,0.2834258713033045,4.524421641139425,0.44155844155844154,0.5664335664335665,0.2698152481112572,4.307150727103515,0.34565434565434566,0.6623376623376623,0.3268941838406217,5.742011475625782,4.0,10.0,10.0,0.3962602815705098,0.5264735264735265,0.4835164835164835,0.5358348537733866,eddington inspired born infeld gravity,heldout_concept,2012,2012-16,3103.0,31,False,B_s2_index,False,0.4114343185090953,L3,4,0.4114343185090953,1.249465049989167,0.2834258713033045,4.524421641139425,False,UNDETERMINED,UNDETERMINED,UNDETERMINED,UNDETERMINED,UNDETERMINED,UNDETERMINED,UNDETERMINED,UNDETERMINED,UNDETERMINED,UNDETERMINED,UNDETERMINED,,,False,below_nmin,30
c_a86b2f667874,2015,8,1312,host,11,9,6,True,0.0,1.0,-0.44062753733064175,-1.7975168434554343,0.9162617687941507,2015,0.0,0.0,2,0.2222222222222222,2,0.7777777777777778,0.0,0,0.0,0.0,0.0,0.9985288301111273,1.0,1.0,1.0,0.000999000999000999,0.0,0.0,1.0,0.000999000999000999,0.0,0.0,1.0,0.000999000999000999,0.0,0.0,1.0,0.000999000999000999,0.0,0.0,1.0,0.000999000999000999,0.0,0.0,6.0,9.0,2.0,0.0,1.0,0.000999000999000999,1.0,proton coupled folate transporter,heldout_concept,2007,2005-07,2745.0,13,False,B_s2_index,False,0.16297132722594349,L1,5,0.18650947889491853,0.0,0.0,0.0,False,UNDETERMINED,SINK,UNDETERMINED,UNDETERMINED,UNDETERMINED,UNDETERMINED,UNDETERMINED,UNDETERMINED,UNDETERMINED,UNDETERMINED,UNDETERMINED,,,False,below_nmin,30
c_a9f2f1d2a57f,2013,3,3107,host,10,10,0,True,,0.8888888888888888,1.4870531413748342,0.7788302958092084,2.19527598694046,2013,0.1,0.14285714285714285,7,0.2,3,0.7,0.0,1,,,,,,,,,,,,,,,,,,,,,,,,,,,,,,,,,,hyperbolic metamaterial,heldout_concept,2010,2008-11,2504.0,31,False,B_s2_index,False,0.3550078211097066,L3,3,0.3550078211097066,,,,True,UNDETERMINED,UNDETERMINED,UNDETERMINED,UNDETERMINED,UNDETERMINED,UNDETERMINED,UNDETERMINED,UNDETERMINED,UNDETERMINED,UNDETERMINED,UNDETERMINED,,,False,no_cohort_parents,30
c_a9f2f1d2a57f,2014,4,3107,host,27,27,1,True,0.0,0.8652915457997065,1.3049842376695058,0.576463366147368,2.0335051091916436,2014,0.14814814814814814,0.19047619047619047,21,0.5185185185185185,14,0.4814814814814815,0.037037037037037035,1,0.377,0.0,0.0,0.8472978603872037,0.7426747090923519,0.9671758217973563,1.0,0.3776223776223776,0.0,0.0,1.0,0.3776223776223776,0.0,0.0,1.0,0.3776223776223776,0.0,0.0,1.0,0.3776223776223776,0.0,0.0,1.0,0.3776223776223776,0.0,0.0,1.0,27.0,15.0,0.0,1.0,0.34865134865134867,0.8081628638899072,hyperbolic metamaterial,heldout_concept,2010,2008-11,2504.0,31,False,B_s2_index,False,0.4689622613063039,L3,4,0.4689622613063039,0.0,0.0,0.0,True,UNDETERMINED,UNDETERMINED,UNDETERMINED,UNDETERMINED,UNDETERMINED,UNDETERMINED,UNDETERMINED,UNDETERMINED,UNDETERMINED,UNDETERMINED,UNDETERMINED,,,False,below_nmin,30
c_a9f2f1d2a57f,2014,4,2205,host,16,16,0,True,,0.36493296618612814,1.7051908983955746,0.8364930937339814,2.5738887030571678,2014,0.8125,0.8666666666666667,15,0.8125,15,0.0625,0.0,0,,,,,,,,,,,,,,,,,,,,,,,,,,,,,,,,,,hyperbolic metamaterial,heldout_concept,2010,2008-11,2504.0,22,False,B_s2_index,False,0.22049389964256247,L2,4,0.22049389964256247,,,,True,UNDETERMINED,UNDETERMINED,UNDETERMINED,UNDETERMINED,UNDETERMINED,UNDETERMINED,UNDETERMINED,UNDETERMINED,UNDETERMINED,UNDETERMINED,UNDETERMINED,,,False,no_cohort_parents,30
c_a9f2f1d2a57f,2015,5,3107,host,37,36,3,True,0.0,0.7808379867620361,0.5906490267809489,0.3357877561476159,0.8455102974142819,2015,0.2777777777777778,0.3448275862068966,29,0.5833333333333334,21,0.41666666666666663,0.027777777777777776,1,0.047,0.0,0.0,1.466337068793427,0.6720392145102111,0.8758018004908977,1.0,0.04795204795204795,0.0,0.0,1.0,0.04795204795204795,0.0,0.0,1.0,0.04795204795204795,0.0,0.0,1.0,0.04795204795204795,0.0,0.0,1.0,0.04795204795204795,0.0,0.0,3.0,36.0,21.0,0.0,1.0,0.060939060939060936,0.6715007529638394,hyperbolic metamaterial,heldout_concept,2010,2008-11,2504.0,31,False,B_s2_index,False,0.5611391497903944,L3,4,0.40563448898237603,0.0,0.0,0.0,True,SINK,SINK,SINK,SINK,SINK,SINK,SINK,SINK,SINK,SINK,SINK,1.0,0.04795204795204795,True,tested,30
c_a9f2f1d2a57f,2015,5,2204,host,26,26,0,True,,0.8573350030824383,1.7267838750666384,0.9359976415061333,2.517570108627144,2015,0.23076923076923078,0.2727272727272727,22,0.7307692307692307,18,0.3076923076923077,0.038461538461538464,1,,,,,,,,,,,,,,,,,,,,,,,,,,,,,,,,,,hyperbolic metamaterial,heldout_concept,2010,2008-11,2504.0,22,False,B_s2_index,False,0.18517297873379288,L2,4,0.18517297873379288,,,,True,UNDETERMINED,UNDETERMINED,UNDETERMINED,UNDETERMINED,UNDETERMINED,UNDETERMINED,UNDETERMINED,UNDETERMINED,UNDETERMINED,UNDETERMINED,UNDETERMINED,,,False,no_cohort_parents,30
c_a9f2f1d2a57f,2015,5,2205,host,25,25,3,True,1.701789447045319,0.39228390188144896,1.6044761307270068,0.6740455734743421,2.5349066879796713,2015,0.88,0.9166666666666666,24,0.88,24,0.040000000000000036,0.0,0,0.055,0.6640362365141033,5.856333273540593,2.1769445953641635,0.28739494812641064,0.48991385471794285,0.055944055944055944,1.0,3.5860320498960627,31.62628431851137,0.055944055944055944,1.0,3.5860320498960627,31.62628431851137,0.055944055944055944,1.0,3.5860320498960627,31.62628431851137,0.061938061938061936,0.994005994005994,1.6428677386961184,14.488939719102405,0.055944055944055944,1.0,2.692859089318255,45.50850160796339,3.0,25.0,22.0,1.9387846775036977,0.04695304695304695,1.0,0.19671686321848963,hyperbolic metamaterial,heldout_concept,2010,2008-11,2504.0,22,False,B_s2_index,False,0.18517297873379288,L2,4,0.18517297873379288,9.190268789118708,3.5860320498960627,31.62628431851137,True,UNDETERMINED,UNDETERMINED,UNDETERMINED,UNDETERMINED,UNDETERMINED,UNDETERMINED,UNDETERMINED,UNDETERMINED,UNDETERMINED,UNDETERMINED,UNDETERMINED,,,False,below_nmin,30
c_a9f2f1d2a57f,2016,6,3107,host,54,53,9,True,0.13023202872355838,0.7673076234215118,0.5716616107058442,0.3073546458781064,0.835968575533582,2016,0.3018867924528302,0.4,40,0.6226415094339622,31,0.41509433962264153,0.05660377358490566,1,0.0,0.03387549251786921,0.3142704557518762,2.1222010482012963,0.6807574235729764,0.8523887716042174,0.99000999000999,0.01098901098901099,0.06280664518681095,0.5826711743510027,0.985014985014985,0.015984015984015984,0.07223500761768833,0.67014018329848,0.978021978021978,0.022977022977022976,0.08351235764703685,0.7747626601975912,0.951048951048951,0.04995004995004995,0.10698361309377341,0.9925107015706759,0.945054945054945,0.055944055944055944,0.06657154416855553,1.0449027431682227,9.0,53.0,32.0,0.13023202872355838,0.9920079920079921,0.008991008991008992,0.6795599810438953,hyperbolic metamaterial,heldout_concept,2010,2008-11,2504.0,31,False,B_s2_index,True,0.5393615980778874,L3,5,0.40563448898237603,0.24145587892735368,0.06280664518681095,0.5826711743510027,True,SINK,SINK,SINK,SINK,SINK,SINK,SINK,UNDETERMINED,SINK,UNDETERMINED,SINK,0.99000999000999,0.032967032967032975,True,tested,30
c_a9f2f1d2a57f,2016,6,2204,host,42,42,3,True,0.17426612532344365,0.806542821077688,1.658368710336027,0.8195830872518104,2.4971543334202435,2016,0.23809523809523808,0.29411764705882354,34,0.7142857142857143,29,0.30952380952380953,0.023809523809523808,2,0.057,0.019529624342673538,0.6890866629950685,2.870275430076543,0.695331456839751,0.8995525747067221,0.5814185814185814,0.47652347652347654,0.10593269150086522,3.737747516674674,0.5124875124875125,0.5454545454545454,0.12316937876480273,4.345929788867335,0.5814185814185814,0.47652347652347654,0.10593269150086522,3.737747516674674,0.8521478521478522,0.2057942057942058,0.047656412863371266,1.6815171625487684,0.6253746253746254,0.4325674325674326,0.0775245017722398,3.827508551019448,3.0,42.0,26.0,0.1972669637993676,0.5314685314685315,0.5094905094905094,0.7020224761918062,hyperbolic metamaterial,heldout_concept,2010,2008-11,2504.0,22,False,B_s2_index,True,0.18435880431220825,L3,19,0.18435880431220825,0.9452552373269203,0.10593269150086522,3.737747516674674,True,UNDETERMINED,UNDETERMINED,UNDETERMINED,UNDETERMINED,UNDETERMINED,UNDETERMINED,UNDETERMINED,UNDETERMINED,UNDETERMINED,UNDETERMINED,UNDETERMINED,0.8721278721278721,0.7147852147852148,True,tested,30
c_a9f2f1d2a57f,2016,6,2205,host,33,33,8,True,1.6606359164331856,0.418108622929663,1.0863228786746768,0.03972647126167139,2.132919286087682,2016,0.8181818181818182,0.9,30,0.8181818181818182,29,0.12121212121212122,0.0,0,0.0,1.0394067600796784,3.248667022060706,1.1395921985653426,0.3306390451840707,0.5051494757135285,0.000999000999000999,1.0,5.637955637418119,17.621436818168704,0.000999000999000999,1.0,6.555327571929343,20.488683852796605,0.000999000999000999,1.0,5.637955637418119,17.621436818168704,0.000999000999000999,1.0,2.5363722733314567,7.927434452523093,0.000999000999000999,1.0,2.9509099705384707,19.999173146386116,8.0,33.0,27.0,1.8328196997715336,0.000999000999000999,1.0,0.23351169951416623,hyperbolic metamaterial,heldout_concept,2010,2008-11,2504.0,22,False,B_s2_index,True,0.18435880431220825,L3,19,0.18435880431220825,9.00763010819342,5.637955637418119,17.621436818168704,True,SOURCE,SOURCE,SOURCE,SOURCE,SOURCE,SOURCE,SOURCE,SOURCE,SOURCE,SOURCE,SOURCE,0.002997002997002997,1.0,True,tested,30
c_a9f2f1d2a57f,2016,6,2208,host,16,16,1,True,0.0,1.0,1.3194283193991694,0.7614985299764738,1.877358108821865,2016,0.0,0.0,5,0.25,3,0.8125,0.0625,0,0.345,0.0,0.0,0.8472978603872037,1.0,1.0,1.0,0.34565434565434566,0.0,0.0,1.0,0.34565434565434566,0.0,0.0,1.0,0.34565434565434566,0.0,0.0,1.0,0.34565434565434566,0.0,0.0,1.0,0.34565434565434566,0.0,0.0,1.0,16.0,3.0,0.0,1.0,0.37162837162837165,1.0,hyperbolic metamaterial,heldout_concept,2010,2008-11,2504.0,22,False,B_s2_index,True,0.18435880431220825,L3,19,0.18435880431220825,0.0,0.0,0.0,True,UNDETERMINED,UNDETERMINED,UNDETERMINED,UNDETERMINED,UNDETERMINED,UNDETERMINED,UNDETERMINED,UNDETERMINED,UNDETERMINED,UNDETERMINED,UNDETERMINED,,,False,below_nmin,30
c_a9f2f1d2a57f,2016,6,2202,host,10,10,1,True,0.0,1.0,0.6682107210238272,0.007805399064637175,1.3286160429830172,2016,0.0,0.0,2,0.2,2,0.8,0.0,0,0.358,0.0,0.0,0.8472978603872037,1.0,1.0,1.0,0.35864135864135865,0.0,0.0,1.0,0.35864135864135865,0.0,0.0,1.0,0.35864135864135865,0.0,0.0,1.0,0.35864135864135865,0.0,0.0,1.0,0.35864135864135865,0.0,0.0,1.0,10.0,2.0,0.0,1.0,0.33666333666333664,0.9999999999999999,hyperbolic metamaterial,heldout_concept,2010,2008-11,2504.0,22,False,B_s2_index,True,0.18435880431220825,L3,19,0.18435880431220825,0.0,0.0,0.0,True,UNDETERMINED,UNDETERMINED,UNDETERMINED,UNDETERMINED,UNDETERMINED,UNDETERMINED,UNDETERMINED,UNDETERMINED,UNDETERMINED,UNDETERMINED,UNDETERMINED,,,False,below_nmin,30
c_a9f2f1d2a57f,2017,7,3107,host,71,69,25,True,0.22277874285398233,0.7356344956911007,0.3861526929176715,0.11950552675140885,0.6527998590839341,2017,0.34782608695652173,0.4528301886792453,53,0.6521739130434783,43,0.37681159420289856,0.043478260869565216,1,0.0,0.12066340237796522,0.364470963884606,1.105441663792085,0.648097329007203,0.8164010609572018,0.9820179820179821,0.01898101898101898,0.28124588813212525,0.8495198868585586,0.999000999000999,0.001998001998001998,0.21503294222660696,0.6495197564111307,0.975024975024975,0.025974025974025976,0.2974683012794994,0.8985206479827742,0.5594405594405595,0.44155844155844154,0.5256106831453982,1.5876382443947459,0.8331668331668332,0.16783216783216784,0.25950689137973404,1.6066721252920502,25.0,69.0,43.0,0.2281629487670923,0.993006993006993,0.007992007992007992,0.6447003423885439,hyperbolic metamaterial,heldout_concept,2010,2008-11,2504.0,31,False,B_s2_index,True,0.42903170310983996,L3,7,0.40563448898237603,0.5192593956091559,0.28124588813212525,0.8495198868585586,True,SINK,SINK,SINK,SINK,SINK,SINK,SINK,UNDETERMINED,SINK,UNDETERMINED,SINK,0.9820179820179821,0.056943056943056944,True,tested,30
c_a9f2f1d2a57f,2017,7,2204,host,57,57,9,True,0.21990305237677618,0.7863391233717026,1.1714706102474344,0.1882124176406279,2.154728802854241,2017,0.3333333333333333,0.40425531914893614,47,0.7543859649122807,41,0.2807017543859649,0.03508771929824561,2,0.0,0.05627741529313869,0.5728114032111149,2.3202640762780367,0.703789865939714,0.8627745920855897,0.6943056943056943,0.3066933066933067,0.18584445758584217,1.8915905070312204,0.6943056943056943,0.3066933066933067,0.18584445758584217,1.8915905070312204,0.6943056943056943,0.3066933066933067,0.18584445758584217,1.8915905070312204,0.903096903096903,0.0979020979020979,0.12010827759799339,1.22250445706885,0.5424575424575424,0.45854145854145856,0.216765385451942,3.104171281739785,9.0,57.0,38.0,0.16102485326502639,0.8681318681318682,0.13286713286713286,0.6884580307020632,hyperbolic metamaterial,heldout_concept,2010,2008-11,2504.0,22,False,B_s2_index,True,0.3028199819579982,L2,5,0.3028199819579982,0.7261840878363081,0.18584445758584217,1.8915905070312204,True,UNDETERMINED,UNDETERMINED,UNDETERMINED,UNDETERMINED,UNDETERMINED,UNDETERMINED,UNDETERMINED,UNDETERMINED,UNDETERMINED,UNDETERMINED,UNDETERMINED,0.9820179820179821,0.46003996003996006,True,tested,30
c_a9f2f1d2a57f,2017,7,2205,host,43,40,16,True,1.1191901021594894,0.3795462044841733,0.20536936837922343,0.09763057187933753,0.3131081648791093,2017,0.775,0.8857142857142857,35,0.825,33,0.17500000000000004,0.0,0,0.0,0.817815477562559,1.5734728908719313,0.6544037117988254,0.29742115743870456,0.4653469860495178,0.000999000999000999,1.0,2.7006654986063365,5.196066919686216,0.000999000999000999,1.0,2.7006654986063365,5.196066919686216,0.000999000999000999,1.0,2.7006654986063365,5.196066919686216,0.000999000999000999,1.0,1.7453965838938428,3.3581343028169295,0.000999000999000999,1.0,2.635071690566266,10.8723891362849,16.0,40.0,33.0,1.1835678029606276,0.000999000999000999,1.0,0.2677172678704316,hyperbolic metamaterial,heldout_concept,2010,2008-11,2504.0,22,False,B_s2_index,True,0.3028199819579982,L2,5,0.3028199819579982,3.695892506574165,2.7006654986063365,5.196066919686216,True,SOURCE,SOURCE,SOURCE,SOURCE,SOURCE,SOURCE,SOURCE,SOURCE,SOURCE,SOURCE,SOURCE,0.002997002997002997,1.0,True,tested,30
c_a9f2f1d2a57f,2017,7,2208,host,24,24,4,True,0.0,1.0,1.0198969984619368,0.3569777216995359,1.6828162752243379,2017,0.0,0.0,10,0.2916666666666667,5,0.7916666666666666,0.08333333333333333,0,0.016,0.0,0.0,1.6094379124341003,1.0,1.0,1.0,0.016983016983016984,0.0,0.0,1.0,0.016983016983016984,0.0,0.0,1.0,0.016983016983016984,0.0,0.0,1.0,0.016983016983016984,0.0,0.0,1.0,0.016983016983016984,0.0,0.0,4.0,24.0,5.0,0.0,1.0,0.008991008991008992,0.9999999999999999,hyperbolic metamaterial,heldout_concept,2010,2008-11,2504.0,22,False,B_s2_index,True,0.3028199819579982,L2,5,0.20158599688842269,0.0,0.0,0.0,True,UNDETERMINED,SINK,SINK,SINK,SINK,UNDETERMINED,UNDETERMINED,UNDETERMINED,UNDETERMINED,UNDETERMINED,UNDETERMINED,,,False,below_nmin,30
c_a9f2f1d2a57f,2017,7,2202,host,14,13,4,True,0.0,1.0,0.5065606206665855,-0.13004740582633567,1.1431686471595066,2017,0.0,0.0,3,0.23076923076923078,3,0.7692307692307692,0.0,0,0.008,0.0,0.0,1.6094379124341003,1.0,1.0,1.0,0.008991008991008992,0.0,0.0,1.0,0.008991008991008992,0.0,0.0,1.0,0.008991008991008992,0.0,0.0,1.0,0.008991008991008992,0.0,0.0,1.0,0.008991008991008992,0.0,0.0,4.0,13.0,3.0,0.0,1.0,0.01098901098901099,1.0,hyperbolic metamaterial,heldout_concept,2010,2008-11,2504.0,22,False,B_s2_index,True,0.3028199819579982,L2,5,0.20158599688842269,0.0,0.0,0.0,False,UNDETERMINED,SINK,SINK,UNDETERMINED,UNDETERMINED,UNDETERMINED,UNDETERMINED,UNDETERMINED,UNDETERMINED,UNDETERMINED,UNDETERMINED,,,False,below_nmin,30
c_a9f2f1d2a57f,2017,7,2505,host,12,12,3,True,0.6026190077317698,0.7417347109720988,0.8828811001341946,0.19340077848056592,1.5723614217878232,2017,0.3333333333333333,0.5,8,0.5833333333333334,7,0.41666666666666663,0.0,0,0.034,0.10261900773176981,2.135893181522649,2.891285813270949,0.46926958306630684,0.9536279476702713,0.13486513486513488,0.9000999000999002,0.596752973173441,12.420706793288526,0.13486513486513488,0.9000999000999002,0.596752973173441,12.420706793288526,0.13486513486513488,0.9000999000999002,0.596752973173441,12.420706793288526,0.18281718281718282,0.8521478521478522,0.4470091651207092,9.303966672091192,0.14685314685314685,0.8881118881118881,0.5337752528092479,12.211795069931446,3.0,12.0,7.0,0.6137887986655682,0.12887112887112886,0.9020979020979021,0.5043944457450459,hyperbolic metamaterial,heldout_concept,2010,2008-11,2504.0,25,False,B_s2_index,True,0.17196228983335873,L4,33,0.17196228983335873,3.504367197690505,0.596752973173441,12.420706793288526,True,UNDETERMINED,UNDETERMINED,UNDETERMINED,UNDETERMINED,UNDETERMINED,UNDETERMINED,UNDETERMINED,UNDETERMINED,UNDETERMINED,UNDETERMINED,UNDETERMINED,,,False,below_nmin,30
c_a9f2f1d2a57f,2018,8,3107,host,88,82,33,True,0.30758467790863575,0.7238327958348632,0.17934433522135768,0.0044614265899197425,0.3542272438527956,2018,0.36585365853658536,0.4838709677419355,62,0.6829268292682927,53,0.35365853658536583,0.036585365853658534,1,0.0,0.1862395107870771,0.44754228668300644,0.8767375301527556,0.6513917107356129,0.8031752264408132,0.8871128871128872,0.11388611388611389,0.4526591545934932,1.0877611967440022,0.9920079920079921,0.008991008991008992,0.3452962010101855,0.8297629795630692,0.8871128871128872,0.11388611388611389,0.4526591545934932,1.0877611967440022,0.5704295704295704,0.4305694305694306,0.5881708067951527,1.4134020580318056,0.6503496503496503,0.35064935064935066,0.43956987860835506,2.1066202820441173,33.0,82.0,53.0,0.3116330003340515,0.8601398601398601,0.14085914085914086,0.6426823181681603,hyperbolic metamaterial,heldout_concept,2010,2008-11,2504.0,31,False,B_s2_index,True,0.4114343185090953,L3,6,0.4114343185090953,0.7475912048932208,0.4526591545934932,1.0877611967440022,True,UNDETERMINED,UNDETERMINED,UNDETERMINED,UNDETERMINED,UNDETERMINED,UNDETERMINED,UNDETERMINED,UNDETERMINED,SINK,UNDETERMINED,UNDETERMINED,1.0,0.22777222777222778,True,tested,30
c_a9f2f1d2a57f,2018,8,2204,host,76,73,25,True,0.3875076558698074,0.7436630084793237,0.31005918638757246,0.09423426213803676,0.5258841106371082,2018,0.3698630136986301,0.4576271186440678,59,0.7534246575342466,52,0.28767123287671237,0.0410958904109589,2,0.0,0.23179328899077228,0.591926449641718,0.9375363447450853,0.6704107093708634,0.8189491112170382,0.002997002997002997,0.998001998001998,1.4592661545766308,3.726502340605964,0.002997002997002997,0.998001998001998,1.4592661545766308,3.726502340605964,0.01898101898101898,0.9820179820179821,1.1498481668797127,2.936347061692721,0.6773226773226774,0.32367632367632365,0.5363241370551053,1.3696015259390228,0.0959040959040959,0.9050949050949051,0.8122814941410371,3.695025140206802,26.0,73.0,50.0,0.3265418652725469,0.007992007992007992,0.993006993006993,0.6344397767534455,hyperbolic metamaterial,heldout_concept,2010,2008-11,2504.0,22,False,B_s2_index,True,0.15884236625636072,L2,4,0.20158599688842269,2.4395736792563043,1.4592661545766308,3.726502340605964,True,SOURCE,SOURCE,SOURCE,SOURCE,SOURCE,SOURCE,SOURCE,UNDETERMINED,SOURCE,UNDETERMINED,SOURCE,0.005994005994005994,1.0,True,tested,30
c_a9f2f1d2a57f,2018,8,2205,host,48,43,22,True,0.622505609395101,0.3652322691326675,0.07871493973613934,-0.028969001026278612,0.1863988804985573,2018,0.6976744186046512,0.8333333333333334,36,0.7674418604651163,32,0.2558139534883721,0.023255813953488372,0,0.0,0.46511792762232856,0.8483732649107515,0.601029460064649,0.2729481982578224,0.4578699076567605,0.000999000999000999,1.0,2.928172996816605,5.340975993404272,0.000999000999000999,1.0,2.928172996816605,5.340975993404272,0.000999000999000999,1.0,2.928172996816605,5.340975993404272,0.01898101898101898,0.9820179820179821,1.0761915163593672,1.9629690798424915,0.003996003996003996,0.997002997002997,1.4934731923470042,5.3314564572808205,22.0,43.0,32.0,0.6330358125434994,0.000999000999000999,1.0,0.25682787919079053,hyperbolic metamaterial,heldout_concept,2010,2008-11,2504.0,22,False,B_s2_index,True,0.15884236625636072,L2,4,0.15884236625636072,3.9190149584552243,2.928172996816605,5.340975993404272,False,SOURCE,SOURCE,SOURCE,SOURCE,SOURCE,SOURCE,SOURCE,SOURCE,SOURCE,SOURCE,SOURCE,0.003996003996003996,1.0,True,tested,30
c_a9f2f1d2a57f,2018,8,2208,host,32,31,8,True,0.0,1.0,0.37763367441636986,0.18342670236625078,0.5718406464664889,2018,0.0,0.0,14,0.3548387096774194,8,0.7419354838709677,0.0967741935483871,0,0.0,0.0,0.0,1.021651247531981,1.0,1.0,1.0,0.000999000999000999,0.0,0.0,1.0,0.000999000999000999,0.0,0.0,1.0,0.000999000999000999,0.0,0.0,1.0,0.000999000999000999,0.0,0.0,1.0,0.000999000999000999,0.0,0.0,8.0,31.0,9.0,0.0,1.0,0.000999000999000999,1.0,hyperbolic metamaterial,heldout_concept,2010,2008-11,2504.0,22,False,B_s2_index,True,0.15884236625636072,L2,4,0.20158599688842269,0.0,0.0,0.0,True,SINK,SINK,SINK,SINK,SINK,SINK,SINK,SINK,SINK,SINK,SINK,1.0,0.003996003996003996,True,tested,30
c_a9f2f1d2a57f,2018,8,2505,host,15,14,4,True,0.4519642557988274,0.7740178721005863,0.23638035663813006,-0.014266485613620483,0.4870271988898806,2018,0.2857142857142857,0.4444444444444444,9,0.5714285714285714,8,0.4285714285714286,0.0,0,0.011,0.07413392134048562,1.4197069068820822,2.8525064017710138,0.5567787124685706,0.956020425257813,0.1838161838161838,0.8281718281718282,0.3892030870375495,7.453461261130932,0.1838161838161838,0.8281718281718282,0.3892030870375495,7.453461261130932,0.1838161838161838,0.8281718281718282,0.3892030870375495,7.453461261130932,0.35764235764235763,0.6543456543456544,0.23412544492544596,4.483635901450331,0.1998001998001998,0.8121878121878122,0.3901069220289832,7.708928734260126,4.0,14.0,8.0,0.4603415989991762,0.19080919080919082,0.8141858141858141,0.5533923603627354,hyperbolic metamaterial,heldout_concept,2010,2008-11,2504.0,25,False,B_s2_index,True,0.19047619047619047,L4,23,0.19047619047619047,2.3728123429438437,0.3892030870375495,7.453461261130932,False,UNDETERMINED,UNDETERMINED,UNDETERMINED,UNDETERMINED,UNDETERMINED,UNDETERMINED,UNDETERMINED,UNDETERMINED,UNDETERMINED,UNDETERMINED,UNDETERMINED,,,False,below_nmin,30
c_a9f2f1d2a57f,2018,8,2202,host,15,15,6,True,0.0,1.0,0.5578592725621407,-0.04561188642218894,1.1613304315464705,2018,0.0,0.0,3,0.2,3,0.8,0.0,0,0.0,0.0,0.0,0.9985288301111273,1.0,1.0,1.0,0.000999000999000999,0.0,0.0,1.0,0.000999000999000999,0.0,0.0,1.0,0.000999000999000999,0.0,0.0,1.0,0.000999000999000999,0.0,0.0,1.0,0.000999000999000999,0.0,0.0,6.0,15.0,3.0,0.0,1.0,0.000999000999000999,1.0,hyperbolic metamaterial,heldout_concept,2010,2008-11,2504.0,22,False,B_s2_index,True,0.15884236625636072,L2,4,0.15884236625636072,0.0,0.0,0.0,False,UNDETERMINED,SINK,SINK,SINK,UNDETERMINED,UNDETERMINED,UNDETERMINED,UNDETERMINED,UNDETERMINED,UNDETERMINED,UNDETERMINED,,,False,below_nmin,30
c_a9f2f1d2a57f,2018,8,2206,host,10,10,5,True,0.0,,0.7974382484281065,-0.31586463406912546,1.9107411309253384,2018,0.0,0.0,1,0.0,0,1.0,0.0,0,,,,,,,,,,,,,,,,,,,,,,,,,,,,,,,,,,hyperbolic metamaterial,heldout_concept,2010,2008-11,2504.0,22,False,B_s2_index,True,0.15884236625636072,L2,4,0.15884236625636072,0.0,,,False,UNDETERMINED,UNDETERMINED,UNDETERMINED,UNDETERMINED,UNDETERMINED,UNDETERMINED,UNDETERMINED,UNDETERMINED,UNDETERMINED,UNDETERMINED,UNDETERMINED,,,False,below_nmin,30
c_b38eddee27ee,2015,3,1711,host,12,11,0,True,,0.6,0.4287013827876768,-1.162347632550376,2.01975039812573,2015,0.18181818181818182,0.18181818181818182,11,0.7272727272727273,5,0.5454545454545454,0.36363636363636365,2,,,,,,,,,,,,,,,,,,,,,,,,,,,,,,,,,,maximum correntropy,screen,2012,2012-16,2206.0,17,False,B_s2_index,False,0.4087628132085307,L2,7,0.4087628132085307,,,,False,UNDETERMINED,UNDETERMINED,UNDETERMINED,UNDETERMINED,UNDETERMINED,UNDETERMINED,UNDETERMINED,UNDETERMINED,UNDETERMINED,UNDETERMINED,UNDETERMINED,,,False,no_cohort_parents,30
c_b38eddee27ee,2015,3,1707,host,11,10,1,True,0.18242552380635635,0.9635148952387287,0.6436517650149757,-0.5377069183600077,1.8250104483899592,2015,0.1,0.125,8,0.5,5,0.5,0.2,1,0.345,0.0,0.3648510476127127,1.3862943611198908,0.9087872380968218,1.0,0.972027972027972,0.37362637362637363,0.0,0.8925739715627792,0.972027972027972,0.37362637362637363,0.0,0.8925739715627792,0.8921078921078921,0.45354645354645357,0.0,1.9257363099725815,0.9010989010989011,0.44455544455544455,0.0,1.1513384196332097,0.9270729270729271,0.41858141858141856,0.0,1.4494260464765905,1.0,10.0,5.0,0.18242552380635635,0.974025974025974,0.36163836163836166,0.9087872380968218,maximum correntropy,screen,2012,2012-16,2206.0,17,False,B_s2_index,False,0.4087628132085307,L2,7,0.18946054333778825,0.4462869857813896,0.0,0.8925739715627792,False,UNDETERMINED,UNDETERMINED,UNDETERMINED,UNDETERMINED,UNDETERMINED,UNDETERMINED,UNDETERMINED,UNDETERMINED,UNDETERMINED,UNDETERMINED,UNDETERMINED,,,False,below_nmin,30
c_b38eddee27ee,2016,4,1707,host,14,14,4,True,0.0,0.9695957460322738,0.9858679692654668,0.027874649974200638,1.943861288556733,2016,0.0,0.0,12,0.5714285714285714,6,0.5714285714285714,0.2857142857142857,1,0.006,0.0,0.0,1.0986122886681098,0.9087872380968219,1.0,1.0,0.006993006993006993,0.0,0.0,1.0,0.006993006993006993,0.0,0.0,1.0,0.006993006993006993,0.0,0.0,1.0,0.006993006993006993,0.0,0.0,1.0,0.006993006993006993,0.0,0.0,4.0,14.0,6.0,0.0,1.0,0.015984015984015984,0.9218176326544187,maximum correntropy,screen,2012,2012-16,2206.0,17,False,B_s2_index,True,0.34009237637452083,L2,6,0.18946054333778825,0.0,0.0,0.0,True,UNDETERMINED,SINK,SINK,UNDETERMINED,UNDETERMINED,UNDETERMINED,UNDETERMINED,UNDETERMINED,UNDETERMINED,UNDETERMINED,UNDETERMINED,,,False,below_nmin,30
c_b38eddee27ee,2016,4,1711,host,13,12,5,True,0.4,0.6,0.7004318500372528,-0.7991014036480457,2.199965103722551,2016,0.16666666666666666,0.18181818181818182,11,0.6666666666666666,5,0.5833333333333333,0.3333333333333333,2,0.0,0.0,1.009999999999991,2.40701135063806,0.2,1.0,0.4785214785214785,0.5224775224775224,0.0,2.9697813598966003,0.4785214785214785,0.5224775224775224,0.0,2.9697813598966003,0.1968031968031968,0.8041958041958042,0.0,5.330925279778528,0.3886113886113886,0.6123876123876124,0.0,3.1897233425525053,0.35364635364635366,0.6473526473526473,0.0,8.592888903281363,5.0,12.0,4.0,0.4,0.4935064935064935,0.5104895104895105,0.0,maximum correntropy,screen,2012,2012-16,2206.0,17,False,B_s2_index,True,0.34009237637452083,L2,6,0.18946054333778825,1.1761510336224266,0.0,2.9697813598966003,False,UNDETERMINED,UNDETERMINED,UNDETERMINED,UNDETERMINED,UNDETERMINED,UNDETERMINED,UNDETERMINED,UNDETERMINED,UNDETERMINED,UNDETERMINED,UNDETERMINED,,,False,below_nmin,30
c_b38eddee27ee,2017,5,1707,host,18,17,5,True,0.0,0.9771968095242054,0.21076010795249284,-0.10647159830425768,0.5279918142092433,2017,0.0,0.0,15,0.6470588235294118,8,0.5294117647058824,0.29411764705882354,1,0.002,0.0,0.0,1.2237754316221159,0.9391914920645479,1.0,1.0,0.002997002997002997,0.0,0.0,1.0,0.002997002997002997,0.0,0.0,1.0,0.002997002997002997,0.0,0.0,1.0,0.002997002997002997,0.0,0.0,1.0,0.002997002997002997,0.0,0.0,5.0,17.0,8.0,0.0,1.0,0.002997002997002997,0.9315904285726164,maximum correntropy,screen,2012,2012-16,2206.0,17,False,B_s2_index,True,0.1157765219173888,L2,8,0.18946054333778825,0.0,0.0,0.0,False,UNDETERMINED,SINK,SINK,SINK,UNDETERMINED,UNDETERMINED,UNDETERMINED,UNDETERMINED,UNDETERMINED,UNDETERMINED,UNDETERMINED,,,False,below_nmin,30
c_b38eddee27ee,2017,5,1702,host,16,15,2,True,0.0,0.8865317892266199,0.425017817950324,-0.762530583920573,1.612566219821221,2017,0.26666666666666666,0.2857142857142857,14,0.8666666666666667,9,0.4,0.26666666666666666,1,0.104,0.0,0.0,1.0986122886681098,0.8067505965772501,0.9637046207345379,1.0,0.1048951048951049,0.0,0.0,1.0,0.1048951048951049,0.0,0.0,1.0,0.1048951048951049,0.0,0.0,1.0,0.1048951048951049,0.0,0.0,1.0,0.1048951048951049,0.0,0.0,2.0,15.0,9.0,0.0,1.0,0.1068931068931069,0.8021586658193557,maximum correntropy,screen,2012,2012-16,2206.0,17,False,B_s2_index,True,0.1157765219173888,L2,8,0.18946054333778825,0.0,0.0,0.0,False,UNDETERMINED,UNDETERMINED,UNDETERMINED,UNDETERMINED,UNDETERMINED,UNDETERMINED,UNDETERMINED,UNDETERMINED,UNDETERMINED,UNDETERMINED,UNDETERMINED,,,False,below_nmin,30
c_b38eddee27ee,2017,5,1711,host,16,16,7,True,0.2857142857142857,0.7303408110338613,1.0260523615107027,-0.30706239717217354,2.359167120193579,2017,0.1875,0.2,15,0.75,9,0.4375,0.25,2,0.001,0.0,0.75,2.4203681286504293,0.5,0.946633412413094,0.17682317682317683,0.8251748251748252,0.0,6.477997331230551,0.17682317682317683,0.8251748251748252,0.0,6.477997331230551,0.3256743256743257,0.6763236763236763,0.0,3.9586078810236955,0.4115884115884116,0.5904095904095904,0.0,3.267005608910597,0.26573426573426573,0.7362637362637363,0.0,6.8758623936362016,7.0,16.0,8.0,0.2857142857142857,0.16383616383616384,0.8371628371628371,0.4444444444444444,maximum correntropy,screen,2012,2012-16,2206.0,17,False,B_s2_index,True,0.1157765219173888,L2,8,0.18946054333778825,2.4678085071354476,0.0,6.477997331230551,False,UNDETERMINED,UNDETERMINED,UNDETERMINED,UNDETERMINED,UNDETERMINED,UNDETERMINED,UNDETERMINED,UNDETERMINED,UNDETERMINED,UNDETERMINED,UNDETERMINED,,,False,below_nmin,30
c_b38eddee27ee,2017,5,2208,host,11,11,4,True,0.25,0.25,0.7576089123500355,0.028544516493822947,1.486673308206248,2017,0.09090909090909091,0.1111111111111111,9,0.45454545454545453,4,0.6363636363636364,0.36363636363636365,0,0.01,0.0,1.0,2.5649493574615367,0.0,0.6666666666666666,0.5954045954045954,0.4155844155844156,0.0,3.3022919872530148,0.5954045954045954,0.4155844155844156,0.0,3.3022919872530148,0.5094905094905094,0.5014985014985015,0.0,4.960662027300921,0.7202797202797203,0.2907092907092907,0.0,2.1342180868181577,0.5134865134865135,0.4975024975024975,0.0,5.594720960984503,4.0,11.0,4.0,0.25,0.5964035964035964,0.4145854145854146,0.0,maximum correntropy,screen,2012,2012-16,2206.0,22,False,B_s2_index,True,0.3028199819579982,L2,5,0.20158599688842269,0.8255729968132537,0.0,3.3022919872530148,True,UNDETERMINED,UNDETERMINED,UNDETERMINED,UNDETERMINED,UNDETERMINED,UNDETERMINED,UNDETERMINED,UNDETERMINED,UNDETERMINED,UNDETERMINED,UNDETERMINED,,,False,below_nmin,30
c_b38eddee27ee,2018,6,1702,host,28,26,4,True,0.0,0.7846561037766182,0.7840033310125272,-0.3243323555823676,1.892339017607422,2018,0.46153846153846156,0.48,25,0.9230769230769231,22,0.15384615384615385,0.07692307692307693,1,0.011,0.0,0.0,1.6094379124341003,0.6919505254646169,0.8662107000426204,1.0,0.011988011988011988,0.0,0.0,1.0,0.011988011988011988,0.0,0.0,1.0,0.011988011988011988,0.0,0.0,1.0,0.011988011988011988,0.0,0.0,1.0,0.011988011988011988,0.0,0.0,4.0,26.0,22.0,0.0,1.0,0.012987012987012988,0.6785003845406532,maximum correntropy,screen,2012,2012-16,2206.0,17,False,B_s2_index,True,0.1287725893153206,L2,7,0.1287725893153206,0.0,0.0,0.0,False,UNDETERMINED,SINK,SINK,SINK,SINK,UNDETERMINED,UNDETERMINED,UNDETERMINED,UNDETERMINED,UNDETERMINED,UNDETERMINED,,,False,below_nmin,30
c_b38eddee27ee,2018,6,1707,host,22,18,9,True,0.0,0.8817574476193644,0.11628520573337171,-0.178650804942091,0.4112212164088344,2018,0.05555555555555555,0.058823529411764705,17,0.8333333333333334,10,0.4444444444444444,0.2777777777777778,1,0.0,0.0,0.0,0.8979415932059585,0.6817574476193643,1.0,1.0,0.000999000999000999,0.0,0.0,1.0,0.000999000999000999,0.0,0.0,1.0,0.000999000999000999,0.0,0.0,1.0,0.000999000999000999,0.0,0.0,1.0,0.000999000999000999,0.0,0.0,9.0,18.0,10.0,0.0,1.0,0.000999000999000999,0.692219541978117,maximum correntropy,screen,2012,2012-16,2206.0,17,False,B_s2_index,True,0.1287725893153206,L2,7,0.18946054333778825,0.0,0.0,0.0,False,UNDETERMINED,SINK,SINK,SINK,UNDETERMINED,UNDETERMINED,UNDETERMINED,UNDETERMINED,UNDETERMINED,UNDETERMINED,UNDETERMINED,,,False,below_nmin,30
c_b38eddee27ee,2018,6,1711,host,18,13,10,True,0.1,0.8414519221449724,-0.09152636522827352,-0.3080530347148846,0.12500030425833758,2018,0.15384615384615385,0.16666666666666666,12,0.9230769230769231,9,0.3076923076923077,0.23076923076923078,2,0.0,0.0,0.2857142857142857,1.9661128563728325,0.6432668248261878,1.0,0.6883116883116883,0.3126873126873127,0.0,2.2187508011869506,0.6883116883116883,0.3126873126873127,0.0,2.2187508011869506,0.6883116883116883,0.3126873126873127,0.0,2.2187508011869506,0.965034965034965,0.03596403596403597,0.0,0.9023262638055258,0.6603396603396603,0.34065934065934067,0.0,2.7787716092340173,10.0,13.0,9.0,0.1,0.6863136863136863,0.3146853146853147,0.6292269197219005,maximum correntropy,screen,2012,2012-16,2206.0,17,False,B_s2_index,True,0.1287725893153206,L2,7,0.1287725893153206,0.7765627804154327,0.0,2.2187508011869506,False,UNDETERMINED,UNDETERMINED,UNDETERMINED,UNDETERMINED,UNDETERMINED,UNDETERMINED,UNDETERMINED,UNDETERMINED,UNDETERMINED,UNDETERMINED,UNDETERMINED,,,False,below_nmin,30
c_b38eddee27ee,2018,6,2208,host,14,13,5,True,0.2,0.3553839242038748,0.1657818563587496,-0.08176397965183871,0.41332769236933786,2018,0.3076923076923077,0.36363636363636365,11,0.6153846153846154,7,0.46153846153846156,0.23076923076923078,0,0.002,0.0,1.0,2.70805020110221,0.11971914274070326,0.6062575104191249,0.4255744255744256,0.5774225774225774,0.0,6.295549629285101,0.4255744255744256,0.5774225774225774,0.0,6.295549629285101,0.5754245754245755,0.4275724275724276,0.0,4.960662027300921,0.8131868131868132,0.18981018981018982,0.0,2.3138035591550556,0.5674325674325674,0.4355644355644356,0.0,4.369984797937106,5.0,13.0,7.0,0.2,0.4195804195804196,0.5834165834165834,0.04482357022833252,maximum correntropy,screen,2012,2012-16,2206.0,22,False,B_s2_index,True,0.15884236625636072,L2,4,0.20158599688842269,1.2591099258570202,0.0,6.295549629285101,False,UNDETERMINED,UNDETERMINED,UNDETERMINED,UNDETERMINED,UNDETERMINED,UNDETERMINED,UNDETERMINED,UNDETERMINED,UNDETERMINED,UNDETERMINED,UNDETERMINED,,,False,below_nmin,30
c_b38eddee27ee,2019,7,1702,host,38,38,4,True,0.9449830918371931,0.7010156984719762,1.117392057042534,0.28736023063837246,1.9474238834466955,2019,0.5789473684210527,0.5945945945945946,37,0.9473684210526315,34,0.10526315789473684,0.05263157894736842,1,0.012,0.3161949991739742,3.2626597716925403,2.33392318972247,0.611645050294953,0.7863411506471945,0.03396603396603397,0.9790209790209791,1.27726622459398,13.17947829539043,0.03396603396603397,0.9790209790209791,1.27726622459398,13.17947829539043,0.01998001998001998,0.993006993006993,1.6689226875605003,17.22078758042808,0.12787212787212787,0.8851148851148851,0.7316131144757713,7.54915379205422,0.056943056943056944,0.9560439560439561,1.0651506606068533,17.719312883153016,4.0,38.0,33.0,0.9775563448275134,0.03796203796203796,0.977022977022977,0.5884204973081947,maximum correntropy,screen,2012,2012-16,2206.0,17,False,B_s2_index,False,0.24755606394781707,L2,6,0.18946054333778825,3.8172488153487056,1.27726622459398,13.17947829539043,True,SOURCE,UNDETERMINED,UNDETERMINED,UNDETERMINED,SOURCE,SOURCE,SOURCE,SOURCE,SOURCE,UNDETERMINED,SOURCE,0.03396603396603397,0.9790209790209791,True,tested,30
c_b38eddee27ee,2019,7,2208,host,24,21,7,True,0.3589017900818395,0.6734422202968474,0.25725369045744156,-0.04975411606056063,0.5642614969754438,2019,0.2857142857142857,0.3,20,0.6666666666666666,12,0.4285714285714286,0.19047619047619047,0,0.002,0.07780741640023182,1.0846960436847215,2.6348054284394125,0.472697645717795,0.8481838452993918,0.5864135864135864,0.4165834165834166,0.19100441900758616,2.662750509001739,0.5864135864135864,0.4165834165834166,0.19100441900758616,2.662750509001739,0.23976023976023977,0.7632367632367633,0.3859762959790209,5.380810475070339,0.5984015984015985,0.4045954045954046,0.18821843552673367,2.6239117273114796,0.4865134865134865,0.5164835164835165,0.19166791683313314,3.731423954242986,7.0,21.0,12.0,0.4128361713387174,0.5024975024975025,0.4995004995004995,0.43790882219989735,maximum correntropy,screen,2012,2012-16,2206.0,22,False,B_s2_index,False,0.4073592475216059,L1,3,0.20158599688842269,0.8810449063459734,0.19100441900758616,2.662750509001739,False,UNDETERMINED,UNDETERMINED,UNDETERMINED,UNDETERMINED,UNDETERMINED,UNDETERMINED,UNDETERMINED,UNDETERMINED,UNDETERMINED,UNDETERMINED,UNDETERMINED,,,False,below_nmin,30
c_b38eddee27ee,2019,7,1707,host,20,19,9,True,0.1111111111111111,0.9090909090909091,0.06624501243314138,-0.2743979473279744,0.4068879721942571,2019,0.05263157894736842,0.05555555555555555,18,0.8421052631578947,11,0.42105263157894735,0.2631578947368421,1,0.0,0.0,0.375,2.2380465718564744,0.75,1.0,0.8221778221778222,0.17882117882117882,0.0,1.5148083792407006,0.8221778221778222,0.17882117882117882,0.0,1.5148083792407006,0.7382617382617382,0.2627372627372627,0.0,1.9793039405118478,0.9760239760239761,0.024975024975024976,0.0,0.8676763346831458,0.7992007992007992,0.2017982017982018,0.0,2.0012107574484475,9.0,19.0,13.0,0.1111111111111111,0.8201798201798202,0.18081918081918083,0.7857142857142857,maximum correntropy,screen,2012,2012-16,2206.0,17,False,B_s2_index,False,0.24755606394781707,L2,6,0.18946054333778825,0.44883211236761494,0.0,1.5148083792407006,False,UNDETERMINED,UNDETERMINED,UNDETERMINED,UNDETERMINED,UNDETERMINED,UNDETERMINED,UNDETERMINED,UNDETERMINED,UNDETERMINED,UNDETERMINED,UNDETERMINED,,,False,below_nmin,30
c_b38eddee27ee,2019,7,1711,host,17,15,7,True,0.08892276160026494,0.7472317626793538,0.06923250736984642,-0.10942452983038327,0.24788954457007611,2019,0.2,0.21428571428571427,14,0.8666666666666667,11,0.2666666666666667,0.2,2,0.0,0.0,0.3112296656009273,1.8772982729833712,0.5576984616022919,0.9187712690411105,0.8701298701298701,0.13086913086913088,0.0,1.2572088141881756,0.8701298701298701,0.13086913086913088,0.0,1.2572088141881756,0.8161838161838162,0.1848151848151848,0.0,1.6427149427416001,0.978021978021978,0.022977022977022976,0.0,0.7201243079820633,0.8441558441558441,0.15684315684315683,0.0,1.6888413563178606,7.0,15.0,12.0,0.14285714285714285,0.7082917082917083,0.29270729270729273,0.4200190321977842,maximum correntropy,screen,2012,2012-16,2206.0,17,False,B_s2_index,False,0.24755606394781707,L2,6,0.18946054333778825,0.35920251833947875,0.0,1.2572088141881756,False,UNDETERMINED,UNDETERMINED,UNDETERMINED,UNDETERMINED,UNDETERMINED,UNDETERMINED,UNDETERMINED,UNDETERMINED,UNDETERMINED,UNDETERMINED,UNDETERMINED,,,False,below_nmin,30
c_b38eddee27ee,2019,7,2202,host,12,12,4,True,0.25,0.8,0.6290881390830066,-0.23372942572206368,1.491905703888077,2019,0.16666666666666666,0.16666666666666666,12,0.9166666666666666,10,0.16666666666666663,0.16666666666666666,0,0.007,0.0,1.0,2.5649493574615367,0.5833333333333334,1.0,0.7422577422577422,0.26573426573426573,0.0,2.4548356422102855,0.7422577422577422,0.26573426573426573,0.0,2.4548356422102855,0.7422577422577422,0.26573426573426573,0.0,2.4548356422102855,0.7422577422577422,0.26573426573426573,0.0,2.4190294991747456,0.6253746253746254,0.3826173826173826,0.0,4.41878046998669,4.0,12.0,8.0,0.25,0.7142857142857143,0.2957042957042957,0.4444444444444444,maximum correntropy,screen,2012,2012-16,2206.0,22,False,B_s2_index,False,0.4073592475216059,L2,5,0.4073592475216059,0.6137089105525714,0.0,2.4548356422102855,False,UNDETERMINED,UNDETERMINED,UNDETERMINED,UNDETERMINED,UNDETERMINED,UNDETERMINED,UNDETERMINED,UNDETERMINED,UNDETERMINED,UNDETERMINED,UNDETERMINED,,,False,below_nmin,30
c_b416c627fe94,2019,4,2214,host,10,9,1,True,0.0,0.9250899728388635,0.8578706750530343,-1.168845228602905,2.8845865787089737,2019,0.1111111111111111,0.16666666666666666,6,0.5555555555555556,4,0.5555555555555556,0.1111111111111111,0,0.336,0.0,0.0,0.8472978603872037,0.8002399275703027,1.0,1.0,0.33666333666333664,0.0,0.0,1.0,0.33666333666333664,0.0,0.0,1.0,0.33666333666333664,0.0,0.0,1.0,0.33666333666333664,0.0,0.0,1.0,0.33666333666333664,0.0,0.0,1.0,9.0,2.0,0.0,1.0,0.3696303696303696,0.6338077837181998,monocular depth estimation,screen,2015,2012-16,1707.0,22,True,B_s2_index,False,0.4073592475216059,L2,5,0.4073592475216059,0.0,0.0,0.0,False,UNDETERMINED,UNDETERMINED,UNDETERMINED,UNDETERMINED,UNDETERMINED,UNDETERMINED,UNDETERMINED,UNDETERMINED,UNDETERMINED,UNDETERMINED,UNDETERMINED,,,False,below_nmin,30
c_b416c627fe94,2019,4,2202,host,10,10,1,True,0.0,0.6666666666666666,0.7260556611633734,0.37416981059845206,1.0779415117282947,2019,0.1,0.1,10,0.5,3,0.7,0.2,1,0.346,0.0,0.0,0.8472978603872037,0.0,1.0,1.0,0.34665334665334663,0.0,0.0,1.0,0.34665334665334663,0.0,0.0,1.0,0.34665334665334663,0.0,0.0,1.0,0.34665334665334663,0.0,0.0,1.0,0.34665334665334663,0.0,0.0,1.0,10.0,3.0,0.0,1.0,0.34565434565434566,0.0,monocular depth estimation,screen,2015,2012-16,1707.0,22,True,B_s2_index,False,0.4073592475216059,L2,5,0.4073592475216059,0.0,0.0,0.0,True,UNDETERMINED,UNDETERMINED,UNDETERMINED,UNDETERMINED,UNDETERMINED,UNDETERMINED,UNDETERMINED,UNDETERMINED,UNDETERMINED,UNDETERMINED,UNDETERMINED,,,False,below_nmin,30
c_b6ceebb6f368,2011,3,3106,host,11,11,1,True,1.8372636048891482,0.33274019113847514,1.011308515822602,-0.05537047105463788,2.077987502699842,2011,0.6363636363636364,0.7,10,0.5454545454545454,7,0.36363636363636365,0.09090909090909091,3,0.347,0.323352513024159,2.768941421369995,2.147558225940964,0.1864185888532837,0.475597333995618,0.36063936063936064,0.987012987012987,1.5594116336755852,13.353597982174863,0.36063936063936064,0.987012987012987,1.5594116336755852,13.353597982174863,0.36063936063936064,0.987012987012987,1.5594116336755852,13.353597982174863,0.3756243756243756,0.972027972027972,1.1217863191758988,9.606112462346177,0.3676323676323676,0.98001998001998,1.2212767089996275,15.272604690545041,0.0,11.0,4.0,,,,,chern simons modified gravity,screen,2008,2008-11,3103.0,31,False,B_s2_index,False,0.20735545768759361,L4,32,0.20735545768759361,8.860454532415591,1.5594116336755852,13.353597982174863,False,UNDETERMINED,UNDETERMINED,UNDETERMINED,UNDETERMINED,UNDETERMINED,UNDETERMINED,UNDETERMINED,UNDETERMINED,UNDETERMINED,UNDETERMINED,UNDETERMINED,,,False,below_nmin,30
c_b6ceebb6f368,2012,4,3106,host,13,12,3,True,1.349453110276273,0.36895508364639756,0.07479306326725772,-0.13374300801043948,0.2833291345449549,2012,0.6666666666666666,0.7272727272727273,11,0.5833333333333334,8,0.33333333333333337,0.16666666666666666,3,0.037,0.5372009458010452,4.29953927593223,2.0799051826847683,0.22104667123582972,0.5082333333747817,0.03796203796203796,1.0,4.335842673067979,34.702332549546476,0.03796203796203796,1.0,4.335842673067979,34.702332549546476,0.03796203796203796,1.0,4.335842673067979,34.702332549546476,0.04495504495504495,0.993006993006993,1.6965568281810817,13.578555238279657,0.04095904095904096,0.997002997002997,2.266411130272803,36.76682085287843,2.0,12.0,5.0,1.403883252934925,0.12287712287712288,0.988011988011988,0.0,chern simons modified gravity,screen,2008,2008-11,3103.0,31,False,B_s2_index,False,0.12389770254761795,L4,23,0.12389770254761795,10.891671778640399,4.335842673067979,34.702332549546476,False,UNDETERMINED,SOURCE,SOURCE,UNDETERMINED,UNDETERMINED,UNDETERMINED,UNDETERMINED,UNDETERMINED,UNDETERMINED,UNDETERMINED,UNDETERMINED,,,False,below_nmin,30
c_b6ceebb6f368,2013,5,3106,host,12,9,4,True,0.5527739314849178,0.2903281338342361,-0.9621403416660881,-2.0988574692040793,0.17457678587190317,2013,0.5555555555555556,0.625,8,0.4444444444444444,5,0.4444444444444444,0.2222222222222222,3,0.002,0.27382419336101,0.9827523578287686,1.2713191114121722,0.06723535534249878,0.5029701464426278,0.09490509490509491,0.9080919080919081,0.771318762795345,2.7682555126724173,0.01898101898101898,0.984015984015984,1.9103223937140021,6.856128428945655,0.09490509490509491,0.9080919080919081,0.771318762795345,2.7682555126724173,0.23476523476523475,0.7682317682317682,0.686988690688031,2.465595706823671,0.1008991008991009,0.9020979020979021,0.7789847665633972,7.615328592652917,4.0,9.0,5.0,0.7019416264674625,0.04995004995004995,0.955044955044955,0.0,chern simons modified gravity,screen,2008,2008-11,3103.0,31,False,B_s2_index,False,0.3550078211097066,L3,3,0.3550078211097066,1.5570753617681465,0.771318762795345,2.7682555126724173,False,UNDETERMINED,SOURCE,UNDETERMINED,UNDETERMINED,UNDETERMINED,UNDETERMINED,UNDETERMINED,UNDETERMINED,UNDETERMINED,UNDETERMINED,UNDETERMINED,,,False,below_nmin,30
c_b6ceebb6f368,2014,6,3106,host,11,9,7,True,0.42664536262361713,0.4908600463525878,-0.5473478526043275,-1.9339148815409497,0.8392191763322946,2014,0.5555555555555556,0.625,8,0.5555555555555556,6,0.33333333333333337,0.2222222222222222,3,0.001,0.16348656980327236,0.8010095610613278,1.589155632702731,0.27674426578006117,0.7338341091712811,0.5724275724275725,0.42957042957042957,0.34861348831754013,1.7080469520726453,0.04295704295704296,0.9590409590409591,1.1584771588207106,5.676009237964802,0.5724275724275725,0.42957042957042957,0.34861348831754013,1.7080469520726453,0.25274725274725274,0.7492507492507493,0.5146338798528862,2.5214710829415012,0.3806193806193806,0.6213786213786214,0.3823858082303939,5.830625364975839,7.0,9.0,6.0,0.46209988665215695,0.5334665334665335,0.4675324675324675,0.21415885788874872,chern simons modified gravity,screen,2008,2008-11,3103.0,31,False,B_s2_index,False,0.4689622613063039,L3,4,0.4689622613063039,0.9097648101473833,0.34861348831754013,1.7080469520726453,False,UNDETERMINED,UNDETERMINED,UNDETERMINED,UNDETERMINED,UNDETERMINED,UNDETERMINED,UNDETERMINED,UNDETERMINED,UNDETERMINED,UNDETERMINED,UNDETERMINED,,,False,below_nmin,30
c_b6f806466001,2019,6,1703,host,12,12,4,True,0.031188697173776224,0.9337323623116777,0.9471856871779809,-0.17320937524549684,2.0675807496014587,2019,0.08333333333333333,0.1,10,0.75,7,0.41666666666666663,0.16666666666666666,0,0.009,0.0,0.1247547886951049,2.263726715547694,0.8144506144726975,1.0,0.9760239760239761,0.03396603396603397,0.0,0.5039455980419945,0.9760239760239761,0.03396603396603397,0.0,0.5039455980419945,0.9760239760239761,0.03396603396603397,0.0,0.5039455980419945,0.999000999000999,0.01098901098901099,0.0,0.2886580741043706,0.9760239760239761,0.03396603396603397,0.0,0.7292239561385381,4.0,12.0,7.0,0.02899473503655014,0.9920079920079921,0.015984015984015984,0.8275030457481772,fractional p laplacian,heldout_concept,2013,2012-16,2604.0,17,False,B_s2_index,False,0.24755606394781707,L2,6,0.24755606394781707,0.12598639951049861,0.0,0.5039455980419945,False,UNDETERMINED,SINK,SINK,UNDETERMINED,UNDETERMINED,UNDETERMINED,UNDETERMINED,UNDETERMINED,UNDETERMINED,UNDETERMINED,UNDETERMINED,,,False,below_nmin,30
c_b90a0c18af13,2017,8,2208,host,11,10,5,True,0.0,,0.09897159989030738,-0.1866837921979632,0.38462699197857797,2017,0.0,0.0,3,0.0,0,1.0,0.0,0,,,,,,,,,,,,,,,,,,,,,,,,,,,,,,,,,,beam energy scan,heldout_concept,2009,2008-11,3106.0,22,False,A_openalex_native,True,0.3028199819579982,L2,5,0.20158599688842269,0.0,,,False,UNDETERMINED,UNDETERMINED,UNDETERMINED,UNDETERMINED,UNDETERMINED,UNDETERMINED,UNDETERMINED,UNDETERMINED,UNDETERMINED,UNDETERMINED,UNDETERMINED,,,False,below_nmin,30
c_baf08ae6e65e,2017,3,3107,host,21,21,0,True,,0.25757575757575757,1.834787180909157,0.9291210095501293,2.7404533522681844,2017,0.42857142857142855,0.5294117647058824,17,0.47619047619047616,11,0.47619047619047616,0.19047619047619047,0,,,,,,,,,,,,,,,,,,,,,,,,,,,,,,,,,,few layer black phosphorus,heldout_concept,2014,2012-16,2505.0,31,False,B_s2_index,True,0.42903170310983996,L3,7,0.40563448898237603,,,,True,UNDETERMINED,UNDETERMINED,UNDETERMINED,UNDETERMINED,UNDETERMINED,UNDETERMINED,UNDETERMINED,UNDETERMINED,UNDETERMINED,UNDETERMINED,UNDETERMINED,,,False,no_cohort_parents,30
c_baf08ae6e65e,2018,4,3107,host,24,24,2,True,3.3652655293453293,0.21794871794871795,1.5490419117328142,0.4316100085822887,2.66647381488334,2018,0.4583333333333333,0.5789473684210527,19,0.5,13,0.45833333333333337,0.16666666666666666,0,0.104,1.0571134623933875,8.985518338662029,2.1400654356218216,0.05948879551820728,0.3929112554112554,0.10589410589410589,0.999000999000999,2.569337108834344,21.83949645042406,0.10789210789210789,0.997002997002997,1.9599346081749285,16.659544117867398,0.10589410589410589,0.999000999000999,2.569337108834344,21.83949645042406,0.10589410589410589,0.999000999000999,3.33851434328982,28.377542168083306,0.10589410589410589,0.999000999000999,2.839942604107463,32.447950933955035,2.0,24.0,13.0,3.3652655293453293,0.12087912087912088,0.999000999000999,0.06240530303030303,few layer black phosphorus,heldout_concept,2014,2012-16,2505.0,31,False,B_s2_index,True,0.4114343185090953,L3,6,0.4114343185090953,8.179350574205772,2.569337108834344,21.83949645042406,True,UNDETERMINED,UNDETERMINED,UNDETERMINED,UNDETERMINED,UNDETERMINED,UNDETERMINED,UNDETERMINED,UNDETERMINED,UNDETERMINED,UNDETERMINED,UNDETERMINED,,,False,below_nmin,30
c_baf08ae6e65e,2018,4,2208,host,10,10,0,True,,0.9276456584206209,1.2731374982099941,0.6287716419295251,1.9175033544904632,2018,0.1,0.1111111111111111,9,0.7,7,0.30000000000000004,0.2,0,,,,,,,,,,,,,,,,,,,,,,,,,,,,,,,,,,few layer black phosphorus,heldout_concept,2014,2012-16,2505.0,22,False,B_s2_index,True,0.15884236625636072,L2,4,0.20158599688842269,,,,True,UNDETERMINED,UNDETERMINED,UNDETERMINED,UNDETERMINED,UNDETERMINED,UNDETERMINED,UNDETERMINED,UNDETERMINED,UNDETERMINED,UNDETERMINED,UNDETERMINED,,,False,no_cohort_parents,30
c_baf08ae6e65e,2019,5,3107,host,24,24,13,True,0.7430912519700779,0.21794871794871795,0.024757869424024345,-1.9688035185064414,2.01831925735449,2019,0.4583333333333333,0.5789473684210527,19,0.5,13,0.45833333333333337,0.16666666666666666,0,0.0,0.4324144445839309,1.2666666666666666,1.0747597192456846,0.05932539682539684,0.38461538461538464,0.03496503496503497,0.9660339660339661,1.0509926496915978,3.0786606991284935,0.04895104895104895,0.952047952047952,1.0078845955894893,2.952384771300635,0.03496503496503497,0.9660339660339661,1.0509926496915978,3.0786606991284935,0.05094905094905095,0.9500499500499501,1.000522080908356,2.9308178415964035,0.03596403596403597,0.965034965034965,1.0621680711534878,4.973766333123619,13.0,24.0,13.0,0.7430912519700779,0.04795204795204795,0.9530469530469531,0.0625,few layer black phosphorus,heldout_concept,2014,2012-16,2505.0,31,False,B_s2_index,False,0.4114343185090953,L3,4,0.4114343185090953,1.8060993420840534,1.0509926496915978,3.0786606991284935,False,UNDETERMINED,SOURCE,SOURCE,SOURCE,SOURCE,UNDETERMINED,UNDETERMINED,UNDETERMINED,UNDETERMINED,UNDETERMINED,UNDETERMINED,,,False,below_nmin,30
c_baf08ae6e65e,2019,5,2208,host,15,15,2,True,0.0,0.9017754377940221,1.232929404307979,0.5633474906682976,1.9025113179476605,2019,0.13333333333333333,0.16666666666666666,12,0.6,9,0.4,0.13333333333333333,0,0.114,0.0,0.0,1.0986122886681098,0.7854417211494256,1.0,1.0,0.11488511488511488,0.0,0.0,1.0,0.11488511488511488,0.0,0.0,1.0,0.11488511488511488,0.0,0.0,1.0,0.11488511488511488,0.0,0.0,1.0,0.11488511488511488,0.0,0.0,2.0,15.0,9.0,0.0,1.0,0.1028971028971029,0.7887902645979415,few layer black phosphorus,heldout_concept,2014,2012-16,2505.0,22,False,B_s2_index,False,0.4073592475216059,L1,3,0.20158599688842269,0.0,0.0,0.0,True,UNDETERMINED,UNDETERMINED,UNDETERMINED,UNDETERMINED,UNDETERMINED,UNDETERMINED,UNDETERMINED,UNDETERMINED,UNDETERMINED,UNDETERMINED,UNDETERMINED,,,False,below_nmin,30
c_bcd3d69b7a16,2016,3,2206,host,10,10,0,True,,0.875,1.480790441564099,0.5964230757075485,2.3651578074206494,2016,0.1,0.1111111111111111,9,0.6,4,0.6,0.4,2,,,,,,,,,,,,,,,,,,,,,,,,,,,,,,,,,,douglas rachford algorithm,screen,2013,2012-16,1703.0,22,False,B_s2_index,True,0.18435880431220825,L3,19,0.20158599688842269,,,,True,UNDETERMINED,UNDETERMINED,UNDETERMINED,UNDETERMINED,UNDETERMINED,UNDETERMINED,UNDETERMINED,UNDETERMINED,UNDETERMINED,UNDETERMINED,UNDETERMINED,,,False,no_cohort_parents,30
c_bcd3d69b7a16,2017,4,2206,host,12,12,2,True,0.25,0.9,0.9544209236411204,-0.06514385003793277,1.9739856973201735,2017,0.08333333333333333,0.09090909090909091,11,0.6666666666666666,5,0.5833333333333333,0.4166666666666667,2,0.119,0.0,1.0,2.3025850929940455,0.75,1.0,0.7182817182817183,0.4015984015984016,0.0,3.3022919872530148,0.7182817182817183,0.4015984015984016,0.0,3.3022919872530148,0.5814185814185814,0.5384615384615384,0.0,4.960662027300921,0.7572427572427572,0.3626373626373626,0.0,2.1342180868181577,0.6393606393606394,0.4805194805194805,0.0,4.577676430691857,1.0,12.0,5.0,0.0,1.0,0.3546453546453546,1.0,douglas rachford algorithm,screen,2013,2012-16,1703.0,22,False,B_s2_index,True,0.3028199819579982,L2,5,0.20158599688842269,0.8255729968132537,0.0,3.3022919872530148,False,UNDETERMINED,UNDETERMINED,UNDETERMINED,UNDETERMINED,UNDETERMINED,UNDETERMINED,UNDETERMINED,UNDETERMINED,UNDETERMINED,UNDETERMINED,UNDETERMINED,,,False,below_nmin,30
c_bcd3d69b7a16,2018,5,2206,host,13,12,7,True,0.07142857142857142,0.9,-0.019179704564848275,-0.37080052391642565,0.33244111478672905,2018,0.08333333333333333,0.09090909090909091,11,0.6666666666666666,5,0.5833333333333333,0.3333333333333333,2,0.0,0.0,0.25,1.6094379124341003,0.75,1.0,0.8331668331668332,0.16783216783216784,0.0,1.5738874073212752,0.8331668331668332,0.16783216783216784,0.0,1.5738874073212752,0.8331668331668332,0.16783216783216784,0.0,1.5738874073212752,0.99000999000999,0.01098901098901099,0.0,0.5784508897887639,0.8671328671328671,0.13386613386613386,0.0,1.4050408354120114,6.0,12.0,5.0,0.0,1.0,0.001998001998001998,1.0,douglas rachford algorithm,screen,2013,2012-16,1703.0,22,False,B_s2_index,True,0.15884236625636072,L2,4,0.15884236625636072,0.4496821163775072,0.0,1.5738874073212752,False,UNDETERMINED,UNDETERMINED,UNDETERMINED,UNDETERMINED,UNDETERMINED,UNDETERMINED,UNDETERMINED,UNDETERMINED,UNDETERMINED,UNDETERMINED,UNDETERMINED,,,False,below_nmin,30
c_bcd3d69b7a16,2019,6,2206,host,12,10,9,True,0.05555555555555555,0.9,-1.0039930395879941,-1.9687519691716244,-0.03923411000436383,2019,0.1,0.1111111111111111,9,0.7,5,0.5,0.2,2,0.0,0.0,0.15,1.2383742310432684,0.75,1.0,1.0,0.000999000999000999,0.0,0.3682253463315428,1.0,0.000999000999000999,0.0,0.3682253463315428,0.994005994005994,0.006993006993006993,0.0,0.7440993040951381,1.0,0.000999000999000999,0.0,0.36285442487621183,0.994005994005994,0.006993006993006993,0.0,0.6641946816756301,8.0,10.0,5.0,0.0,1.0,0.000999000999000999,1.0,douglas rachford algorithm,screen,2013,2012-16,1703.0,22,False,B_s2_index,False,0.4073592475216059,L2,5,0.20158599688842269,0.13637975790057139,0.0,0.3682253463315428,False,UNDETERMINED,SINK,SINK,UNDETERMINED,UNDETERMINED,UNDETERMINED,UNDETERMINED,UNDETERMINED,UNDETERMINED,UNDETERMINED,UNDETERMINED,,,False,below_nmin,30
c_be7b73687012,2018,5,2208,host,14,14,3,True,0.09135620635373233,0.9314828452347008,1.2081816965621135,0.4931032968832042,1.9232600962410227,2018,0.07142857142857142,0.125,8,0.35714285714285715,4,0.7142857142857143,0.14285714285714285,0,0.036,0.0,0.41110292859179554,2.014903020542265,0.8172875872925354,1.0,0.7532467532467533,0.2837162837162837,0.0,2.5881188896940976,0.7532467532467533,0.2837162837162837,0.0,2.5881188896940976,0.8181818181818182,0.21878121878121878,0.0,2.039342687177522,0.957042957042957,0.07992007992007992,0.0,0.9512114193547632,0.8351648351648352,0.2017982017982018,0.0,1.7814460238977805,3.0,14.0,4.0,0.09135620635373233,0.7402597402597403,0.3016983016983017,0.8172875872925354,monolayer wse2,screen,2013,2012-16,2505.0,22,False,B_s2_index,True,0.15884236625636072,L2,4,0.20158599688842269,0.5751375310431328,0.0,2.5881188896940976,True,UNDETERMINED,UNDETERMINED,UNDETERMINED,UNDETERMINED,UNDETERMINED,UNDETERMINED,UNDETERMINED,UNDETERMINED,UNDETERMINED,UNDETERMINED,UNDETERMINED,,,False,below_nmin,30
c_be7b73687012,2019,6,2208,host,19,19,4,True,0.06851715476529925,0.9543218968231338,0.8555977555046566,0.06522174654147683,1.6459737644678363,2019,0.05263157894736842,0.09090909090909091,11,0.3684210526315789,6,0.6842105263157895,0.10526315789473684,0,0.01,0.0,0.274068619061197,1.791759469228055,0.8629656904694015,1.0,0.97002997002997,0.04095904095904096,0.0,0.6727934144827796,0.97002997002997,0.04095904095904096,0.0,0.6727934144827796,0.8771228771228772,0.13386613386613386,0.0,1.3595617914516813,0.981018981018981,0.029970029970029972,0.0,0.6629800743071215,0.9410589410589411,0.06993006993006994,0.0,1.0922095151677877,4.0,19.0,6.0,0.06851715476529925,0.9530469530469531,0.053946053946053944,0.8629656904694015,monolayer wse2,screen,2013,2012-16,2505.0,22,False,B_s2_index,False,0.4073592475216059,L1,3,0.20158599688842269,0.1681983536206949,0.0,0.6727934144827796,True,UNDETERMINED,SINK,SINK,SINK,UNDETERMINED,UNDETERMINED,UNDETERMINED,UNDETERMINED,UNDETERMINED,UNDETERMINED,UNDETERMINED,,,False,below_nmin,30
c_be7b73687012,2019,6,3107,host,11,11,2,True,0.0,1.0,1.383695931453425,0.38664081082666923,2.3807510520801807,2019,0.0,0.0,9,0.36363636363636365,4,0.6363636363636364,0.09090909090909091,0,0.11,0.0,0.0,1.0986122886681098,1.0,1.0,1.0,0.1108891108891109,0.0,0.0,1.0,0.1108891108891109,0.0,0.0,1.0,0.1108891108891109,0.0,0.0,1.0,0.1108891108891109,0.0,0.0,1.0,0.1108891108891109,0.0,0.0,2.0,11.0,4.0,0.0,1.0,0.12187812187812187,1.0,monolayer wse2,screen,2013,2012-16,2505.0,31,False,B_s2_index,False,0.4114343185090953,L3,4,0.4114343185090953,0.0,0.0,0.0,True,UNDETERMINED,UNDETERMINED,UNDETERMINED,UNDETERMINED,UNDETERMINED,UNDETERMINED,UNDETERMINED,UNDETERMINED,UNDETERMINED,UNDETERMINED,UNDETERMINED,,,False,below_nmin,30
c_bf12df84c614,2014,3,3109,host,51,51,0,True,,0.32839460714398866,1.6319393250566234,-0.10584255888484373,3.3697212089980906,2014,0.21568627450980393,0.2619047619047619,42,0.0784313725490196,12,0.7647058823529411,0.35294117647058826,23,,,,,,,,,,,,,,,,,,,,,,,,,,,,,,,,,,superluminal neutrino,screen,2011,2008-11,3106.0,31,False,B_s2_index,False,0.4689622613063039,L3,4,0.4689622613063039,,,,False,UNDETERMINED,UNDETERMINED,UNDETERMINED,UNDETERMINED,UNDETERMINED,UNDETERMINED,UNDETERMINED,UNDETERMINED,UNDETERMINED,UNDETERMINED,UNDETERMINED,,,False,no_cohort_parents,30
c_bf12df84c614,2014,3,3103,host,17,17,0,True,,0.6666666666666666,0.7340246927827604,-1.1081689384950715,2.5762183240605925,2014,0.11764705882352941,0.16666666666666666,12,0.0,4,0.7647058823529411,0.058823529411764705,5,,,,,,,,,,,,,,,,,,,,,,,,,,,,,,,,,,superluminal neutrino,screen,2011,2008-11,3106.0,31,False,B_s2_index,False,0.4689622613063039,L3,4,0.4689622613063039,,,,False,UNDETERMINED,UNDETERMINED,UNDETERMINED,UNDETERMINED,UNDETERMINED,UNDETERMINED,UNDETERMINED,UNDETERMINED,UNDETERMINED,UNDETERMINED,UNDETERMINED,,,False,no_cohort_parents,30
c_bf12df84c614,2015,4,3109,host,52,52,22,True,0.294940715310468,0.303133483517528,0.6331780132240271,-1.1865995219056127,2.452955548353667,2015,0.23076923076923078,0.27906976744186046,43,0.09615384615384616,13,0.75,0.34615384615384615,24,0.0,0.16666666666666666,0.47779239766081866,1.0531805049869225,0.1817179589178847,0.4444444444444444,0.99000999000999,0.01098901098901099,0.29701486116041387,0.8514686559283758,0.7272727272727273,0.27372627372627373,0.46947322497202776,1.3458644267816524,0.99000999000999,0.01098901098901099,0.29701486116041387,0.8514686559283758,0.5804195804195804,0.4205794205794206,0.5259399359303054,1.507740618082308,0.6923076923076923,0.3086913086913087,0.3318415672630698,2.506046800214337,23.0,52.0,13.0,0.2821172059491433,0.996003996003996,0.004995004995004995,0.17937834428665408,superluminal neutrino,screen,2011,2008-11,3106.0,31,False,B_s2_index,False,0.5611391497903944,L3,4,0.5611391497903944,0.5256106536509508,0.29701486116041387,0.8514686559283758,False,FADING,FADING,FADING,FADING,FADING,FADING,FADING,UNDETERMINED,UNDETERMINED,UNDETERMINED,FADING,0.99000999000999,0.01098901098901099,True,tested,30
c_bf12df84c614,2015,4,3103,host,17,17,11,True,0.1212121212121212,0.6666666666666666,-0.3337162833548672,-2.3033140386011697,1.6358814718914354,2015,0.11764705882352941,0.16666666666666666,12,0.0,4,0.7647058823529411,0.058823529411764705,5,0.0,0.0,0.2777777777777778,2.2155737160044158,0.26,1.0,0.999000999000999,0.001998001998001998,0.0,0.49502476860068984,0.984015984015984,0.016983016983016984,0.0,0.7824553749533797,0.999000999000999,0.001998001998001998,0.0,0.49502476860068984,0.972027972027972,0.028971028971028972,0.0,0.8765665598838425,0.9120879120879121,0.08891108891108891,0.0,1.2418346161769558,11.0,17.0,4.0,0.1212121212121212,1.0,0.000999000999000999,0.25,superluminal neutrino,screen,2011,2008-11,3106.0,31,False,B_s2_index,False,0.5611391497903944,L3,4,0.5611391497903944,0.21601080811666462,0.0,0.49502476860068984,False,UNDETERMINED,FADING,FADING,FADING,UNDETERMINED,UNDETERMINED,UNDETERMINED,UNDETERMINED,UNDETERMINED,UNDETERMINED,UNDETERMINED,,,False,below_nmin,30
c_bf12df84c614,2016,5,3109,host,52,30,24,True,0.3234485148288122,0.30313348351752795,-1.5704195552498146,-2.5527677209089275,-0.5880713895907016,2016,0.4,0.4444444444444444,27,0.16666666666666666,13,0.5666666666666667,0.26666666666666666,24,0.0,0.18545503147183237,0.4892639493303192,0.970089678646073,0.1805323733135769,0.4331972084268929,0.978021978021978,0.022977022977022976,0.34384174203861545,0.9071167674411744,0.922077922077922,0.07892107892107893,0.3954583274040935,1.0432906647274016,0.7952047952047953,0.2057942057942058,0.4571973944747336,1.2061695014093752,0.46353646353646355,0.5374625374625375,0.5856933097817015,1.5451649899488706,0.7122877122877123,0.2887112887112887,0.36464668934318784,1.8470539298416333,25.0,30.0,13.0,0.3105105742356597,0.9820179820179821,0.01898101898101898,0.18491720301673292,superluminal neutrino,screen,2011,2008-11,3106.0,31,False,B_s2_index,True,0.5393615980778874,L3,5,0.40563448898237603,0.5996876974213208,0.34384174203861545,0.9071167674411744,False,FADING,FADING,FADING,FADING,FADING,FADING,UNDETERMINED,UNDETERMINED,FADING,UNDETERMINED,FADING,0.978021978021978,0.022977022977022976,True,tested,30
c_bf12df84c614,2016,5,3103,host,17,12,11,True,0.1212121212121212,0.6666666666666666,-1.4014572594924948,-2.7334756836239498,-0.06943883536103979,2016,0.16666666666666666,0.2,10,0.0,4,0.6666666666666667,0.0,5,0.0,0.0,0.2788888888888879,2.2194217680612187,0.25,1.0,0.999000999000999,0.001998001998001998,0.0,0.5170722014373268,0.998001998001998,0.002997002997002997,0.0,0.5946936713245053,0.999000999000999,0.001998001998001998,0.0,0.5170722014373268,0.97002997002997,0.030969030969030968,0.0,0.8807706919479463,0.97002997002997,0.030969030969030968,0.0,0.8125374827774822,11.0,12.0,4.0,0.1212121212121212,1.0,0.000999000999000999,0.2837301587301587,superluminal neutrino,screen,2011,2008-11,3106.0,31,False,B_s2_index,True,0.5393615980778874,L3,5,0.5393615980778874,0.22473257577862887,0.0,0.5170722014373268,False,UNDETERMINED,FADING,FADING,UNDETERMINED,UNDETERMINED,UNDETERMINED,UNDETERMINED,UNDETERMINED,UNDETERMINED,UNDETERMINED,UNDETERMINED,,,False,below_nmin,30
c_bf12df84c614,2017,6,3109,host,31,8,28,True,0.18664040646210012,0.1290114365101995,-1.0794113424518628,-2.438206980200436,0.2793842952967105,2017,0.75,0.8571428571428571,7,0.75,6,0.25,0.125,24,0.0,0.07675625451513114,0.3313387579574286,1.4625064040186595,0.0,0.2603151224547987,0.995004995004995,0.005994005994005994,0.17890578705201218,0.7722943445804047,1.0,0.000999000999000999,0.1367864896680304,0.5904752111507378,0.995004995004995,0.005994005994005994,0.17890578705201218,0.7722943445804047,0.7132867132867133,0.28771228771228774,0.3343508186932037,1.4433141075951865,0.8941058941058941,0.1068931068931069,0.17427572552523862,1.3837648336871606,29.0,8.0,6.0,0.1802045303772001,0.999000999000999,0.001998001998001998,0.0,superluminal neutrino,screen,2011,2008-11,3106.0,31,False,B_s2_index,True,0.42903170310983996,L3,7,0.42903170310983996,0.4350270740116302,0.17890578705201218,0.7722943445804047,False,UNDETERMINED,FADING,UNDETERMINED,UNDETERMINED,UNDETERMINED,UNDETERMINED,UNDETERMINED,UNDETERMINED,UNDETERMINED,UNDETERMINED,UNDETERMINED,,,False,below_nmin,30
c_bf12df84c614,2017,6,3103,host,12,1,12,True,0.0,,-1.215722350717804,-2.588933359752441,0.1574886583168329,2017,0.0,,0,0.0,0,1.0,0.0,5,,,,,,,,,,,,,,,,,,,,,,,,,,,,,,,,,,superluminal neutrino,screen,2011,2008-11,3106.0,31,False,B_s2_index,True,0.42903170310983996,L3,7,0.42903170310983996,0.0,,,False,UNDETERMINED,UNDETERMINED,UNDETERMINED,UNDETERMINED,UNDETERMINED,UNDETERMINED,UNDETERMINED,UNDETERMINED,UNDETERMINED,UNDETERMINED,UNDETERMINED,,,False,below_nmin,30
c_c95c87230241,2019,4,3106,host,11,11,0,True,,0.17390526313191934,1.1697120204653733,-0.3299202786044051,2.669344319535152,2019,0.5454545454545454,0.6,10,0.45454545454545453,6,0.4545454545454546,0.09090909090909091,2,,,,,,,,,,,,,,,,,,,,,,,,,,,,,,,,,,horndeski gravity,screen,2015,2012-16,3103.0,31,False,B_s2_index,False,0.4114343185090953,L3,4,0.4114343185090953,,,,False,UNDETERMINED,UNDETERMINED,UNDETERMINED,UNDETERMINED,UNDETERMINED,UNDETERMINED,UNDETERMINED,UNDETERMINED,UNDETERMINED,UNDETERMINED,UNDETERMINED,,,False,no_cohort_parents,30
c_cbade03273e8,2018,4,2505,host,10,10,0,True,,0.0,1.365147435097761,0.7005916992476047,2.0297031709479176,2018,0.3,0.375,8,0.3,3,0.7,0.0,0,,,,,,,,,,,,,,,,,,,,,,,,,,,,,,,,,,quantum machine learning,screen,2014,2012-16,1702.0,25,False,B_s2_index,True,0.19047619047619047,L4,23,0.19047619047619047,,,,True,UNDETERMINED,UNDETERMINED,UNDETERMINED,UNDETERMINED,UNDETERMINED,UNDETERMINED,UNDETERMINED,UNDETERMINED,UNDETERMINED,UNDETERMINED,UNDETERMINED,,,False,no_cohort_parents,30
c_cbade03273e8,2019,5,2505,host,13,13,1,True,0.0,0.0,1.2298889882526702,0.46873060309246917,1.9910473734128713,2019,0.38461538461538464,0.45454545454545453,11,0.38461538461538464,5,0.6153846153846154,0.0,0,0.342,0.0,0.0,0.8472978603872037,0.0,0.0,1.0,0.34265734265734266,0.0,0.0,1.0,0.34265734265734266,0.0,0.0,1.0,0.34265734265734266,0.0,0.0,1.0,0.34265734265734266,0.0,0.0,1.0,0.34265734265734266,0.0,0.0,1.0,13.0,5.0,0.0,1.0,0.3596403596403596,0.0,quantum machine learning,screen,2014,2012-16,1702.0,25,False,B_s2_index,False,0.3126026689018193,L4,28,0.3126026689018193,0.0,0.0,0.0,True,UNDETERMINED,UNDETERMINED,UNDETERMINED,UNDETERMINED,UNDETERMINED,UNDETERMINED,UNDETERMINED,UNDETERMINED,UNDETERMINED,UNDETERMINED,UNDETERMINED,,,False,below_nmin,30
c_ce417b0a39d3,2018,3,1702,host,22,22,0,True,,0.6666666666666666,1.4840964309056455,0.8098591101800969,2.158333751631194,2018,0.09090909090909091,0.11764705882352941,17,0.4090909090909091,6,0.7272727272727273,0.3181818181818182,2,,,,,,,,,,,,,,,,,,,,,,,,,,,,,,,,,,deep metric learning,screen,2015,2012-16,1707.0,17,False,A_openalex_native,True,0.1287725893153206,L2,7,0.1287725893153206,,,,True,UNDETERMINED,UNDETERMINED,UNDETERMINED,UNDETERMINED,UNDETERMINED,UNDETERMINED,UNDETERMINED,UNDETERMINED,UNDETERMINED,UNDETERMINED,UNDETERMINED,,,False,no_cohort_parents,30
c_ce417b0a39d3,2019,4,1702,host,44,44,5,True,0.2,0.8235495278595698,1.2056412783578023,0.4620532134780595,1.9492293432375452,2019,0.11363636363636363,0.13513513513513514,37,0.5227272727272727,16,0.6363636363636364,0.2727272727272727,2,0.002,0.0,1.0,2.833213344056216,0.6666666666666666,0.950396605293904,0.6103896103896104,0.3926073926073926,0.0,4.039489011308535,0.6103896103896104,0.3926073926073926,0.0,4.039489011308535,0.5254745254745254,0.4775224775224775,0.0,5.278143841364927,0.8281718281718282,0.17482517482517482,0.0,2.3138035591550556,0.5854145854145855,0.4175824175824176,0.0,4.3527087125432224,5.0,44.0,15.0,0.2,0.5854145854145855,0.4165834165834166,0.5382957400325925,deep metric learning,screen,2015,2012-16,1707.0,17,False,A_openalex_native,False,0.24755606394781707,L2,6,0.18946054333778825,0.807897802261707,0.0,4.039489011308535,True,UNDETERMINED,UNDETERMINED,UNDETERMINED,UNDETERMINED,UNDETERMINED,UNDETERMINED,UNDETERMINED,UNDETERMINED,UNDETERMINED,UNDETERMINED,UNDETERMINED,0.6103896103896104,0.3926073926073926,True,tested,30
c_da11b8df9771,2011,3,3104,host,11,11,0,True,,0.9502144596477836,1.7496539599995433,0.5905351409268915,2.908772779072195,2011,0.18181818181818182,0.2222222222222222,9,0.7272727272727273,6,0.4545454545454546,0.18181818181818182,3,,,,,,,,,,,,,,,,,,,,,,,,,,,,,,,,,,fidelity susceptibility,heldout_concept,2008,2008-11,3107.0,31,False,B_s2_index,False,0.20735545768759361,L4,32,0.20735545768759361,,,,True,UNDETERMINED,UNDETERMINED,UNDETERMINED,UNDETERMINED,UNDETERMINED,UNDETERMINED,UNDETERMINED,UNDETERMINED,UNDETERMINED,UNDETERMINED,UNDETERMINED,,,False,no_cohort_parents,30
c_da11b8df9771,2012,4,3104,host,11,11,1,True,0.1281321405552681,0.9502144596477836,0.05634545456878303,-2.1386860647932435,2.2513769739308094,2012,0.18181818181818182,0.2222222222222222,9,0.7272727272727273,6,0.4545454545454546,0.18181818181818182,3,0.354,0.0,0.2562642811105362,1.6492280913711557,0.8933540924617733,1.0,0.6943056943056943,0.6603396603396603,0.0,2.068353777682402,0.6943056943056943,0.6603396603396603,0.0,2.068353777682402,0.6943056943056943,0.6603396603396603,0.0,2.068353777682402,0.9760239760239761,0.3786213786213786,0.0,0.8093189696244768,0.8261738261738262,0.5284715284715285,0.0,2.2483192877165266,1.0,11.0,6.0,0.11006809450302603,0.8881118881118881,0.46853146853146854,0.9162033003607104,fidelity susceptibility,heldout_concept,2008,2008-11,3107.0,31,False,B_s2_index,False,0.12389770254761795,L4,23,0.12389770254761795,1.034176888841201,0.0,2.068353777682402,False,UNDETERMINED,UNDETERMINED,UNDETERMINED,UNDETERMINED,UNDETERMINED,UNDETERMINED,UNDETERMINED,UNDETERMINED,UNDETERMINED,UNDETERMINED,UNDETERMINED,,,False,below_nmin,30
c_da11b8df9771,2013,5,3104,host,12,9,4,True,0.07467831052832466,0.9402573515773401,-0.7129593121885922,-2.2490942670528753,0.8231756426756907,2013,0.2222222222222222,0.2857142857142857,7,0.7777777777777778,5,0.4444444444444444,0.2222222222222222,3,0.003,0.0,0.3199377226146799,2.5748256564886383,0.8790735625363557,1.0,0.964035964035964,0.03996003996003996,0.0,0.901213166556719,0.7942057942057942,0.2097902097902098,0.0,2.232031394314731,0.964035964035964,0.03996003996003996,0.0,0.901213166556719,0.972027972027972,0.03196803196803197,0.0,0.8026814375419098,0.8571428571428571,0.14685314685314685,0.0,1.8270900514472344,4.0,9.0,5.0,0.08028173591502702,0.974025974025974,0.03396603396603397,0.8715492225359569,fidelity susceptibility,heldout_concept,2008,2008-11,3107.0,31,False,B_s2_index,False,0.3550078211097066,L3,3,0.3550078211097066,0.21035680367517068,0.0,0.901213166556719,False,UNDETERMINED,SINK,UNDETERMINED,UNDETERMINED,UNDETERMINED,UNDETERMINED,UNDETERMINED,UNDETERMINED,UNDETERMINED,UNDETERMINED,UNDETERMINED,,,False,below_nmin,30
c_da11b8df9771,2013,5,3109,host,10,9,3,True,0.0,1.0,0.12463358278747368,-0.08257364257648918,0.3318408081514365,2013,0.0,0.0,5,0.2222222222222222,2,0.7777777777777778,0.1111111111111111,1,0.022,0.0,0.0,1.2992829841302609,1.0,1.0,1.0,0.022977022977022976,0.0,0.0,1.0,0.022977022977022976,0.0,0.0,1.0,0.022977022977022976,0.0,0.0,1.0,0.022977022977022976,0.0,0.0,1.0,0.022977022977022976,0.0,0.0,3.0,9.0,2.0,0.0,1.0,0.028971028971028972,1.0,fidelity susceptibility,heldout_concept,2008,2008-11,3107.0,31,False,B_s2_index,False,0.3550078211097066,L3,3,0.3550078211097066,0.0,0.0,0.0,False,UNDETERMINED,SINK,UNDETERMINED,UNDETERMINED,UNDETERMINED,UNDETERMINED,UNDETERMINED,UNDETERMINED,UNDETERMINED,UNDETERMINED,UNDETERMINED,,,False,below_nmin,30
c_da11b8df9771,2014,6,3104,host,13,12,8,True,0.05019566547237758,0.9498043345276224,-0.13380185536153102,-1.8582955060711794,1.5906917953481174,2014,0.25,0.3,10,0.8333333333333334,8,0.33333333333333337,0.16666666666666666,3,0.0,0.014215091796502545,0.10752997657075322,1.936453756050943,0.9093051719022668,0.9853068454763255,1.0,0.000999000999000999,0.03031180325023621,0.22929345374450022,0.9920079920079921,0.008991008991008992,0.10072912519116439,0.7619648628975658,1.0,0.000999000999000999,0.03031180325023621,0.22929345374450022,1.0,0.000999000999000999,0.044747209831988356,0.3384900001858686,0.975024975024975,0.025974025974025976,0.0313312087901199,0.736772402941917,8.0,12.0,8.0,0.04858306943042253,1.0,0.000999000999000999,0.9105402429581938,fidelity susceptibility,heldout_concept,2008,2008-11,3107.0,31,False,B_s2_index,False,0.4689622613063039,L3,4,0.4689622613063039,0.10703561803151608,0.03031180325023621,0.22929345374450022,False,UNDETERMINED,SINK,SINK,UNDETERMINED,UNDETERMINED,UNDETERMINED,UNDETERMINED,UNDETERMINED,UNDETERMINED,UNDETERMINED,UNDETERMINED,,,False,below_nmin,30
c_da11b8df9771,2014,6,3109,host,10,9,4,True,0.0,1.0,-0.018583249065995847,-0.29274894588297706,0.2555824477509854,2014,0.0,0.0,6,0.2222222222222222,2,0.7777777777777778,0.1111111111111111,1,0.007,0.0,0.0,1.0986122886681098,1.0,1.0,1.0,0.007992007992007992,0.0,0.0,1.0,0.007992007992007992,0.0,0.0,1.0,0.007992007992007992,0.0,0.0,1.0,0.007992007992007992,0.0,0.0,1.0,0.007992007992007992,0.0,0.0,4.0,9.0,2.0,0.0,1.0,0.005994005994005994,1.0,fidelity susceptibility,heldout_concept,2008,2008-11,3107.0,31,False,B_s2_index,False,0.4689622613063039,L3,4,0.4689622613063039,0.0,0.0,0.0,False,UNDETERMINED,SINK,UNDETERMINED,UNDETERMINED,UNDETERMINED,UNDETERMINED,UNDETERMINED,UNDETERMINED,UNDETERMINED,UNDETERMINED,UNDETERMINED,,,False,below_nmin,30
c_da11b8df9771,2015,7,3104,host,14,11,7,True,0.14349882312196535,0.85592404508417,0.11927846330535082,-1.624445899911333,1.8630028265220344,2015,0.2727272727272727,0.3333333333333333,9,0.8181818181818182,8,0.2727272727272727,0.09090909090909091,3,0.0,0.012856510208215254,0.4338875851209406,3.13079920483536,0.6952381180953425,0.964922027467962,0.978021978021978,0.022977022977022976,0.022911447567002984,0.7732263651235406,0.9110889110889111,0.0899100899100899,0.03621472385601967,1.222191623172319,0.978021978021978,0.022977022977022976,0.022911447567002984,0.7732263651235406,0.8861138861138861,0.11488511488511488,0.04057051293117629,1.369192852316775,0.8761238761238761,0.12487512487512488,0.02516526177667422,1.6033388395296135,7.0,11.0,8.0,0.18162128167858288,0.9470529470529471,0.053946053946053944,0.5967872644075751,fidelity susceptibility,heldout_concept,2008,2008-11,3107.0,31,False,B_s2_index,False,0.5611391497903944,L3,4,0.5611391497903944,0.25572769815751994,0.022911447567002984,0.7732263651235406,False,UNDETERMINED,SINK,SINK,UNDETERMINED,UNDETERMINED,UNDETERMINED,UNDETERMINED,UNDETERMINED,UNDETERMINED,UNDETERMINED,UNDETERMINED,,,False,below_nmin,30
c_da11b8df9771,2015,7,3109,host,10,8,6,True,0.0,1.0,-0.14720913463069546,-0.3955122653562536,0.10109399609486269,2015,0.0,0.0,6,0.25,2,0.75,0.125,1,0.0,0.0,0.0,0.8873031950009027,1.0,1.0,1.0,0.000999000999000999,0.0,0.0,1.0,0.000999000999000999,0.0,0.0,1.0,0.000999000999000999,0.0,0.0,1.0,0.000999000999000999,0.0,0.0,1.0,0.000999000999000999,0.0,0.0,6.0,8.0,2.0,0.0,1.0,0.000999000999000999,1.0,fidelity susceptibility,heldout_concept,2008,2008-11,3107.0,31,False,B_s2_index,False,0.5611391497903944,L3,4,0.5611391497903944,0.0,0.0,0.0,False,UNDETERMINED,SINK,UNDETERMINED,UNDETERMINED,UNDETERMINED,UNDETERMINED,UNDETERMINED,UNDETERMINED,UNDETERMINED,UNDETERMINED,UNDETERMINED,,,False,below_nmin,30
c_da11b8df9771,2016,8,3104,host,16,12,5,True,0.16678213205914538,0.797551362540669,0.6821750667043394,-0.938657432362229,2.3030075657709075,2016,0.3333333333333333,0.4,10,0.75,9,0.25,0.0,3,0.002,0.0,0.7653426058519123,3.6164696410757893,0.6346215296048113,0.9417114052951113,0.903096903096903,0.0999000999000999,0.0,1.4189786751213824,0.8831168831168831,0.11988011988011989,0.0,1.6319918871937262,0.903096903096903,0.0999000999000999,0.0,1.4189786751213824,0.7772227772227772,0.22577422577422576,0.0,2.417060569243394,0.8161838161838162,0.18681318681318682,0.0,2.061312069735238,5.0,12.0,9.0,0.22111688631738713,0.8581418581418582,0.14385614385614387,0.5787030287339978,fidelity susceptibility,heldout_concept,2008,2008-11,3107.0,31,False,B_s2_index,True,0.5393615980778874,L3,5,0.5393615980778874,0.30922136958490126,0.0,1.4189786751213824,False,UNDETERMINED,SINK,SINK,UNDETERMINED,UNDETERMINED,UNDETERMINED,UNDETERMINED,UNDETERMINED,UNDETERMINED,UNDETERMINED,UNDETERMINED,,,False,below_nmin,30
c_da11b8df9771,2016,8,3109,host,10,9,6,True,0.0,0.8178168709112734,-0.04243859562736064,-0.3164488567542692,0.23157166549954794,2016,0.1111111111111111,0.16666666666666666,6,0.3333333333333333,3,0.6666666666666667,0.1111111111111111,1,0.0,0.0,0.0,0.8873031950009027,0.45345061273382037,1.0,1.0,0.000999000999000999,0.0,0.0,1.0,0.000999000999000999,0.0,0.0,1.0,0.000999000999000999,0.0,0.0,1.0,0.000999000999000999,0.0,0.0,1.0,0.000999000999000999,0.0,0.0,6.0,9.0,3.0,0.0,1.0,0.000999000999000999,0.45345061273382037,fidelity susceptibility,heldout_concept,2008,2008-11,3107.0,31,False,B_s2_index,True,0.5393615980778874,L3,5,0.40563448898237603,0.0,0.0,0.0,False,UNDETERMINED,FADING,UNDETERMINED,UNDETERMINED,UNDETERMINED,UNDETERMINED,UNDETERMINED,UNDETERMINED,UNDETERMINED,UNDETERMINED,UNDETERMINED,,,False,below_nmin,30
c_da42247f2a8b,2015,5,2608,host,11,9,2,True,0.0493563422573817,0.9670957718284122,0.073619741412294,-0.14508833489665846,0.29232781772124644,2015,0.1111111111111111,0.1111111111111111,9,0.3333333333333333,3,0.6666666666666667,0.4444444444444444,4,0.105,0.0,0.1974253690295268,2.3155418249464237,0.9012873154852366,1.0,0.6903096903096904,0.4155844155844156,0.0,2.1696423897450248,0.994005994005994,0.11188811188811189,0.0,0.5418520577341486,0.6903096903096904,0.4155844155844156,0.0,2.1696423897450248,0.994005994005994,0.11188811188811189,0.0,0.6230033156304374,0.8491508491508492,0.25674325674325676,0.0,1.708939211309603,2.0,9.0,3.0,0.05476205135629713,0.7402597402597403,0.3776223776223776,0.8904758972874056,zero forcing number,heldout_concept,2010,2008-11,1703.0,26,False,B_s2_index,False,0.09099442837339111,L3,3,0.09099442837339111,0.5424105974362562,0.0,2.1696423897450248,False,UNDETERMINED,UNDETERMINED,UNDETERMINED,UNDETERMINED,UNDETERMINED,UNDETERMINED,UNDETERMINED,UNDETERMINED,UNDETERMINED,UNDETERMINED,UNDETERMINED,,,False,below_nmin,30
c_da42247f2a8b,2016,6,2608,host,13,12,4,True,0.0441020659158335,0.9747988194766666,0.23497296156658398,0.09994610819275118,0.3699998149404168,2016,0.16666666666666666,0.16666666666666666,12,0.5833333333333334,7,0.41666666666666663,0.25,4,0.002,0.0,0.176408263663334,2.526497683659069,0.9491792314376191,1.0,0.8251748251748252,0.17782217782217782,0.0,1.9386710463134234,0.995004995004995,0.007992007992007992,0.0,0.4841686817512789,0.8251748251748252,0.17782217782217782,0.0,1.9386710463134234,0.991008991008991,0.011988011988011988,0.0,0.557122333095147,0.9210789210789211,0.08191808191808192,0.0,1.2154569163984148,4.0,12.0,7.0,0.04178822622119267,0.8291708291708292,0.17782217782217782,0.7378079502613062,zero forcing number,heldout_concept,2010,2008-11,1703.0,26,False,B_s2_index,True,0.09099442837339111,L3,3,0.09099442837339111,0.48466776157835584,0.0,1.9386710463134234,True,UNDETERMINED,UNDETERMINED,UNDETERMINED,UNDETERMINED,UNDETERMINED,UNDETERMINED,UNDETERMINED,UNDETERMINED,UNDETERMINED,UNDETERMINED,UNDETERMINED,,,False,below_nmin,30
c_da42247f2a8b,2017,7,2608,host,13,12,5,True,0.0,0.9747988194766666,0.023231445233400733,-0.27971121735367155,0.32617410782047296,2017,0.0,0.0,12,0.5833333333333334,7,0.41666666666666663,0.16666666666666666,4,0.004,0.0,0.0,1.2237754316221159,0.9465951953295914,1.0,1.0,0.004995004995004995,0.0,0.0,1.0,0.004995004995004995,0.0,0.0,1.0,0.004995004995004995,0.0,0.0,1.0,0.004995004995004995,0.0,0.0,1.0,0.004995004995004995,0.0,0.0,6.0,12.0,7.0,0.12745912731456197,0.954045954045954,0.04695304695304695,0.7342272085769597,zero forcing number,heldout_concept,2010,2008-11,1703.0,26,False,B_s2_index,True,0.4815009162030858,L3,3,0.4815009162030858,0.0,0.0,0.0,False,UNDETERMINED,SINK,SINK,UNDETERMINED,UNDETERMINED,UNDETERMINED,UNDETERMINED,UNDETERMINED,UNDETERMINED,UNDETERMINED,UNDETERMINED,,,False,below_nmin,30
c_da42247f2a8b,2018,8,2608,host,13,11,6,True,0.0,0.9747988194766666,-0.1853462450184621,-0.43985499645009984,0.06916250641317559,2018,0.0,0.0,11,0.6363636363636364,7,0.36363636363636365,0.18181818181818182,4,0.002,0.0,0.0,0.9985288301111273,0.9449758103643806,1.0,1.0,0.002997002997002997,0.0,0.0,1.0,0.002997002997002997,0.0,0.0,1.0,0.002997002997002997,0.0,0.0,1.0,0.002997002997002997,0.0,0.0,1.0,0.002997002997002997,0.0,0.0,7.0,11.0,6.0,0.10925068055533882,0.7982017982017982,0.20279720279720279,0.7154283147341395,zero forcing number,heldout_concept,2010,2008-11,1703.0,26,False,B_s2_index,True,0.19047619047619047,L4,23,0.19047619047619047,0.0,0.0,0.0,False,UNDETERMINED,SINK,SINK,UNDETERMINED,UNDETERMINED,UNDETERMINED,UNDETERMINED,UNDETERMINED,UNDETERMINED,UNDETERMINED,UNDETERMINED,,,False,below_nmin,30
c_de3171466662,2010,3,1705,host,10,10,0,True,,0.5387827562698164,1.403528368213813,0.6908886800105656,2.1161680564170604,2010,0.2,0.25,8,0.2,3,0.7,0.1,1,,,,,,,,,,,,,,,,,,,,,,,,,,,,,,,,,,participatory sensing,screen,2007,2005-07,1706.0,17,False,B_s2_index,False,0.2431755594441165,L2,5,0.18946054333778825,,,,True,UNDETERMINED,UNDETERMINED,UNDETERMINED,UNDETERMINED,UNDETERMINED,UNDETERMINED,UNDETERMINED,UNDETERMINED,UNDETERMINED,UNDETERMINED,UNDETERMINED,,,False,no_cohort_parents,30
c_de3171466662,2011,4,1705,host,15,15,1,True,0.0,0.7667687893005591,1.0429352393718967,0.23822063599214627,1.8476498427516472,2011,0.2,0.25,12,0.4,7,0.5333333333333333,0.06666666666666667,1,0.357,0.0,0.0,0.8472978603872037,0.5358618937563521,0.9644333223277807,1.0,0.35764235764235763,0.0,0.0,1.0,0.35764235764235763,0.0,0.0,1.0,0.35764235764235763,0.0,0.0,1.0,0.35764235764235763,0.0,0.0,1.0,0.35764235764235763,0.0,0.0,1.0,15.0,6.0,0.0,1.0,0.3756243756243756,0.46852588873938844,participatory sensing,screen,2007,2005-07,1706.0,17,False,B_s2_index,False,0.09730449519278775,L2,10,0.18946054333778825,0.0,0.0,0.0,True,UNDETERMINED,UNDETERMINED,UNDETERMINED,UNDETERMINED,UNDETERMINED,UNDETERMINED,UNDETERMINED,UNDETERMINED,UNDETERMINED,UNDETERMINED,UNDETERMINED,,,False,below_nmin,30
c_de3171466662,2011,4,1702,host,15,15,0,True,,0.7307451184474996,1.6009494962754,0.8206352998546015,2.3812636926961988,2011,0.26666666666666666,0.2857142857142857,14,0.8,12,0.19999999999999996,0.0,0,,,,,,,,,,,,,,,,,,,,,,,,,,,,,,,,,,participatory sensing,screen,2007,2005-07,1706.0,17,False,B_s2_index,False,0.09730449519278775,L2,10,0.18946054333778825,,,,True,UNDETERMINED,UNDETERMINED,UNDETERMINED,UNDETERMINED,UNDETERMINED,UNDETERMINED,UNDETERMINED,UNDETERMINED,UNDETERMINED,UNDETERMINED,UNDETERMINED,,,False,no_cohort_parents,30
c_de3171466662,2012,5,1702,host,28,28,2,True,1.339365748326433,0.6871204699608492,1.5763810294298382,0.7810510502249395,2.371711008634737,2012,0.39285714285714285,0.4074074074074074,27,0.8214285714285714,23,0.1785714285714286,0.0,0,0.124,0.3002444296094918,4.137719542192959,2.6233024670211176,0.5465671884040533,0.8189931037927737,0.12687312687312688,0.998001998001998,2.5459777425434154,35.08655222350599,0.12687312687312688,0.998001998001998,2.5459777425434154,35.08655222350599,0.13686313686313686,0.988011988011988,1.5847332870474649,21.839478918921074,0.17482517482517482,0.9500499500499501,0.9482145203928388,13.067505553137291,0.14485514485514486,0.98001998001998,1.3708223891865072,37.30264023619293,2.0,28.0,19.0,1.3452383168330144,0.12887112887112886,0.996003996003996,0.42699597758915175,participatory sensing,screen,2007,2005-07,1706.0,17,False,B_s2_index,False,0.1179289294609267,L2,7,0.18946054333778825,11.35739766695842,2.5459777425434154,35.08655222350599,True,UNDETERMINED,UNDETERMINED,UNDETERMINED,UNDETERMINED,UNDETERMINED,UNDETERMINED,UNDETERMINED,UNDETERMINED,UNDETERMINED,UNDETERMINED,UNDETERMINED,,,False,below_nmin,30
c_de3171466662,2012,5,1705,host,22,21,5,True,0.27673034623811016,0.8515801386458104,0.3692674262250155,0.19190900696463598,0.5466258454853951,2012,0.14285714285714285,0.16666666666666666,18,0.42857142857142855,11,0.47619047619047616,0.047619047619047616,1,0.003,0.0,0.5891011541270338,2.038300629060747,0.6910390329355147,0.979252771357872,0.23076923076923078,0.7732267732267732,0.0,4.995391349857205,0.23076923076923078,0.7732267732267732,0.0,4.995391349857205,0.32867132867132864,0.6753246753246753,0.0,3.1093606285965745,0.6103896103896104,0.3936063936063936,0.0,1.8604650519243937,0.36163836163836166,0.6423576423576424,0.0,4.576113256326232,4.0,21.0,9.0,0.0,1.0,0.004995004995004995,0.9170110854314883,participatory sensing,screen,2007,2005-07,1706.0,17,False,B_s2_index,False,0.1179289294609267,L2,7,0.18946054333778825,2.3465857572276105,0.0,4.995391349857205,True,UNDETERMINED,UNDETERMINED,UNDETERMINED,UNDETERMINED,UNDETERMINED,UNDETERMINED,UNDETERMINED,UNDETERMINED,UNDETERMINED,UNDETERMINED,UNDETERMINED,,,False,below_nmin,30
c_de3171466662,2012,5,3313,host,11,10,1,True,0.0,1.0,0.7203862231186524,-0.7303427954221147,2.1711152416594195,2012,0.0,0.0,9,0.5,5,0.5,0.2,2,0.376,0.0,0.0,0.8472978603872037,1.0,1.0,1.0,0.37662337662337664,0.0,0.0,1.0,0.37662337662337664,0.0,0.0,1.0,0.37662337662337664,0.0,0.0,1.0,0.37662337662337664,0.0,0.0,1.0,0.37662337662337664,0.0,0.0,1.0,10.0,4.0,0.0,1.0,0.35664335664335667,1.0,participatory sensing,screen,2007,2005-07,1706.0,33,False,B_s2_index,False,0.12389770254761795,L4,23,0.12389770254761795,0.0,0.0,0.0,False,UNDETERMINED,UNDETERMINED,UNDETERMINED,UNDETERMINED,UNDETERMINED,UNDETERMINED,UNDETERMINED,UNDETERMINED,UNDETERMINED,UNDETERMINED,UNDETERMINED,,,False,below_nmin,30
c_de3171466662,2012,5,1707,host,10,8,2,True,0.0,1.0,0.49315287458423307,-0.7863012210861784,1.7726069702546445,2012,0.0,0.0,4,0.25,2,0.75,0.0,2,0.094,0.0,0.0,1.0986122886681098,1.0,1.0,1.0,0.09490509490509491,0.0,0.0,1.0,0.09490509490509491,0.0,0.0,1.0,0.09490509490509491,0.0,0.0,1.0,0.09490509490509491,0.0,0.0,1.0,0.09490509490509491,0.0,0.0,2.0,8.0,0.0,0.0,,,,participatory sensing,screen,2007,2005-07,1706.0,17,False,B_s2_index,False,0.1179289294609267,L2,7,0.18946054333778825,0.0,0.0,0.0,False,UNDETERMINED,UNDETERMINED,UNDETERMINED,UNDETERMINED,UNDETERMINED,UNDETERMINED,UNDETERMINED,UNDETERMINED,UNDETERMINED,UNDETERMINED,UNDETERMINED,,,False,below_nmin,30
c_de3171466662,2013,6,1702,host,36,36,8,True,0.79263401332925,0.6597968430346055,1.0798585218159908,0.1247384878341603,2.0349785557978213,2013,0.4722222222222222,0.4857142857142857,35,0.8611111111111112,31,0.13888888888888884,0.0,0,0.0,0.3686264396434177,1.8758649971724422,1.627041377808311,0.5503967207805333,0.7688135971437203,0.000999000999000999,1.0,3.0975097345277693,15.76259721093856,0.000999000999000999,1.0,3.0975097345277693,15.76259721093856,0.003996003996003996,0.997002997002997,1.945663372168185,9.901085282057762,0.07192807192807193,0.929070929070929,0.9248349899811347,4.706297213906087,0.014985014985014986,0.986013986013986,1.4324823079401634,15.584130490931695,8.0,36.0,28.0,0.8518814741596196,0.000999000999000999,1.0,0.48069059099985045,participatory sensing,screen,2007,2005-07,1706.0,17,False,B_s2_index,False,0.11900735469346849,L2,7,0.18946054333778825,6.660378388973235,3.0975097345277693,15.76259721093856,True,SOURCE,SOURCE,SOURCE,SOURCE,SOURCE,SOURCE,SOURCE,SOURCE,SOURCE,UNDETERMINED,SOURCE,0.001998001998001998,1.0,True,tested,30
c_de3171466662,2013,6,1705,host,32,31,9,True,0.18140205276623178,0.8744139634695318,0.3695648969143349,0.19221291722912345,0.5469168765995464,2013,0.0967741935483871,0.11538461538461539,26,0.3548387096774194,13,0.5806451612903225,0.0,1,0.0,0.027662971522837265,0.4155391437116893,2.3040155483397555,0.7353160278824572,0.9822759389600106,0.3306693306693307,0.6703296703296703,0.23244757934574525,3.491709775265641,0.3306693306693307,0.6703296703296703,0.23244757934574525,3.491709775265641,0.5454545454545454,0.45554445554445555,0.14600914277711688,2.1932753722279084,0.9370629370629371,0.06393606393606394,0.06940273740516119,1.042532760762137,0.3856143856143856,0.6153846153846154,0.15085464016468422,3.629725215177876,9.0,31.0,12.0,0.18140205276623178,0.31368631368631367,0.6873126873126874,0.7134038054447637,participatory sensing,screen,2007,2005-07,1706.0,17,False,B_s2_index,False,0.11900735469346849,L2,7,0.18946054333778825,1.524292790420185,0.23244757934574525,3.491709775265641,True,UNDETERMINED,UNDETERMINED,UNDETERMINED,UNDETERMINED,UNDETERMINED,UNDETERMINED,UNDETERMINED,UNDETERMINED,UNDETERMINED,UNDETERMINED,UNDETERMINED,0.3306693306693307,1.0,True,tested,30
c_de3171466662,2013,6,3313,host,21,21,3,True,0.0,0.8872167295051433,1.2383481884646603,0.09138511368582103,2.3853112632434996,2013,0.14285714285714285,0.15789473684210525,19,0.47619047619047616,12,0.4285714285714286,0.09523809523809523,2,0.04,0.0,0.0,1.466337068793427,0.7814144472989396,0.9705500628384766,1.0,0.04095904095904096,0.0,0.0,1.0,0.04095904095904096,0.0,0.0,1.0,0.04095904095904096,0.0,0.0,1.0,0.04095904095904096,0.0,0.0,1.0,0.04095904095904096,0.0,0.0,3.0,21.0,11.0,0.0,1.0,0.030969030969030968,0.7727272727272727,participatory sensing,screen,2007,2005-07,1706.0,33,False,B_s2_index,False,0.14333925742693499,L4,28,0.14333925742693499,0.0,0.0,0.0,True,UNDETERMINED,UNDETERMINED,UNDETERMINED,UNDETERMINED,UNDETERMINED,UNDETERMINED,UNDETERMINED,UNDETERMINED,UNDETERMINED,UNDETERMINED,UNDETERMINED,,,False,below_nmin,30
c_de3171466662,2013,6,2208,host,16,16,1,True,0.0,1.0,1.3365934536332895,0.7551463943696209,1.9180405128969582,2013,0.0,0.0,14,0.4375,6,0.625,0.0625,1,0.35,0.0,0.0,0.8472978603872037,1.0,1.0,1.0,0.35064935064935066,0.0,0.0,1.0,0.35064935064935066,0.0,0.0,1.0,0.35064935064935066,0.0,0.0,1.0,0.35064935064935066,0.0,0.0,1.0,0.35064935064935066,0.0,0.0,1.0,16.0,6.0,0.0,1.0,0.3516483516483517,1.0,participatory sensing,screen,2007,2005-07,1706.0,22,False,B_s2_index,False,0.09938876257415502,L2,6,0.09938876257415502,0.0,0.0,0.0,True,UNDETERMINED,UNDETERMINED,UNDETERMINED,UNDETERMINED,UNDETERMINED,UNDETERMINED,UNDETERMINED,UNDETERMINED,UNDETERMINED,UNDETERMINED,UNDETERMINED,,,False,below_nmin,30
c_de3171466662,2013,6,1709,host,12,11,4,True,0.03621103279481171,0.9710311737641506,0.766028300194735,-0.8638275290919573,2.395884129481427,2013,0.09090909090909091,0.1111111111111111,9,0.45454545454545453,5,0.5454545454545454,0.18181818181818182,0,0.008,0.0,0.14484413117924683,2.1144186289210953,0.9275779344103766,1.0,0.9000999000999002,0.1088911088911089,0.0,1.217102350962485,0.9000999000999002,0.1088911088911089,0.0,1.217102350962485,0.9000999000999002,0.1088911088911089,0.0,1.217102350962485,0.993006993006993,0.015984015984015984,0.0,0.3633947709707558,0.9070929070929071,0.1018981018981019,0.0,1.4233167350057014,4.0,11.0,5.0,0.042344365647336506,0.8851148851148851,0.12687312687312688,0.9153112687053269,participatory sensing,screen,2007,2005-07,1706.0,17,False,B_s2_index,False,0.11900735469346849,L2,7,0.11900735469346849,0.30427558774062125,0.0,1.217102350962485,False,UNDETERMINED,UNDETERMINED,UNDETERMINED,UNDETERMINED,UNDETERMINED,UNDETERMINED,UNDETERMINED,UNDETERMINED,UNDETERMINED,UNDETERMINED,UNDETERMINED,,,False,below_nmin,30
c_de3171466662,2013,6,1707,host,11,11,3,True,0.0,1.0,0.923700225328571,-0.05157880254811942,1.8989792532052614,2013,0.0,0.0,6,0.18181818181818182,2,0.8181818181818181,0.0,2,0.025,0.0,0.0,1.2992829841302609,1.0,1.0,1.0,0.025974025974025976,0.0,0.0,1.0,0.025974025974025976,0.0,0.0,1.0,0.025974025974025976,0.0,0.0,1.0,0.025974025974025976,0.0,0.0,1.0,0.025974025974025976,0.0,0.0,3.0,11.0,1.0,0.0,1.0,0.025974025974025976,1.0,participatory sensing,screen,2007,2005-07,1706.0,17,False,B_s2_index,False,0.11900735469346849,L2,7,0.18946054333778825,0.0,0.0,0.0,False,UNDETERMINED,UNDETERMINED,UNDETERMINED,UNDETERMINED,UNDETERMINED,UNDETERMINED,UNDETERMINED,UNDETERMINED,UNDETERMINED,UNDETERMINED,UNDETERMINED,,,False,below_nmin,30
c_de3171466662,2013,6,2215,host,10,10,0,True,,0.3457370665615097,1.735372508212235,0.8343123172188707,2.6364326992055993,2013,0.4,0.5,8,0.4,5,0.5,0.0,0,,,,,,,,,,,,,,,,,,,,,,,,,,,,,,,,,,participatory sensing,screen,2007,2005-07,1706.0,22,False,B_s2_index,False,0.09938876257415502,L2,6,0.09938876257415502,,,,True,UNDETERMINED,UNDETERMINED,UNDETERMINED,UNDETERMINED,UNDETERMINED,UNDETERMINED,UNDETERMINED,UNDETERMINED,UNDETERMINED,UNDETERMINED,UNDETERMINED,,,False,no_cohort_parents,30
c_de3171466662,2014,7,1702,host,49,47,15,True,0.5374058373150131,0.6415945098483369,0.2771595618091557,0.06995855336910131,0.4843605702492101,2014,0.5106382978723404,0.5217391304347826,46,0.851063829787234,39,0.17021276595744683,0.02127659574468085,0,0.0,0.2983068373028254,0.8932779400091653,1.0967752590631499,0.553995544656979,0.7260753551917846,0.03496503496503497,0.9660339660339661,1.0562551413715542,3.162949348863399,0.03496503496503497,0.9660339660339661,1.0562551413715542,3.162949348863399,0.003996003996003996,0.997002997002997,1.5745063961469574,4.714849457686525,0.07792207792207792,0.9230769230769231,0.9390300698860458,2.8119196127675363,0.07292707292707293,0.9280719280719281,0.9224357804439888,8.530268244766704,15.0,47.0,39.0,0.5851277908633251,0.012987012987012988,0.988011988011988,0.5228003237025485,participatory sensing,screen,2007,2005-07,1706.0,17,False,B_s2_index,False,0.28241929967363005,L2,7,0.18946054333778825,1.902865129741668,1.0562551413715542,3.162949348863399,True,UNDETERMINED,UNDETERMINED,UNDETERMINED,UNDETERMINED,UNDETERMINED,UNDETERMINED,SOURCE,UNDETERMINED,UNDETERMINED,UNDETERMINED,SOURCE,0.10489510489510491,0.9660339660339661,True,tested,30
c_de3171466662,2014,7,1705,host,43,39,13,True,0.0960743649004258,0.916735550419631,0.23966627976058613,0.15792416493225514,0.3214083945889171,2014,0.05128205128205128,0.06060606060606061,33,0.38461538461538464,15,0.6153846153846154,0.02564102564102564,1,0.0,0.0,0.2508817865397014,2.715600087066372,0.7942392066228782,1.0,0.964035964035964,0.03696303696303696,0.0,0.8883308854232904,0.964035964035964,0.03696303696303696,0.0,0.8883308854232904,0.8781218781218781,0.12287712287712288,0.0,1.324190156535155,0.9760239760239761,0.024975024975024976,0.0,0.789742346094326,0.8511488511488512,0.14985014985014986,0.0,1.9196223251966609,13.0,39.0,15.0,0.0960743649004258,0.962037962037962,0.03896103896103896,0.7998469789259203,participatory sensing,screen,2007,2005-07,1706.0,17,False,B_s2_index,False,0.28241929967363005,L2,7,0.18946054333778825,0.340183425889985,0.0,0.8883308854232904,True,SINK,SINK,SINK,SINK,SINK,SINK,UNDETERMINED,UNDETERMINED,SINK,SINK,SINK,0.964035964035964,0.09890109890109891,True,tested,30
c_de3171466662,2014,7,3313,host,33,31,5,True,0.030856154596377243,0.7672061037306799,0.3293476117658686,0.13719902476058238,0.5214961987711548,2014,0.22580645161290322,0.2692307692307692,26,0.41935483870967744,17,0.4516129032258065,0.03225806451612903,2,0.002,0.0,0.15428077298188622,2.0794415416798357,0.6269186441878843,0.8923383718159639,0.9370629370629371,0.06593406593406594,0.0,1.0932442448317923,0.9370629370629371,0.06593406593406594,0.0,1.0932442448317923,0.9370629370629371,0.06593406593406594,0.0,1.0932442448317923,0.997002997002997,0.005994005994005994,0.0,0.4856552613582404,0.919080919080919,0.08391608391608392,0.0,1.1828192595277944,5.0,31.0,15.0,0.030856154596377243,0.9430569430569431,0.061938061938061936,0.5815483575107083,participatory sensing,screen,2007,2005-07,1706.0,33,False,B_s2_index,False,0.14112196218844403,L4,32,0.14112196218844403,0.21864884896635842,0.0,1.0932442448317923,True,SINK,SINK,SINK,SINK,SINK,SINK,UNDETERMINED,UNDETERMINED,SINK,SINK,SINK,0.964035964035964,0.09890109890109891,True,tested,30
c_de3171466662,2014,7,2208,host,25,25,3,True,0.0,1.0,1.0349726697419088,0.35536508084131535,1.7145802586425023,2014,0.0,0.0,23,0.4,10,0.6,0.04,1,0.042,0.0,0.0,1.466337068793427,1.0,1.0,1.0,0.04295704295704296,0.0,0.0,1.0,0.04295704295704296,0.0,0.0,1.0,0.04295704295704296,0.0,0.0,1.0,0.04295704295704296,0.0,0.0,1.0,0.04295704295704296,0.0,0.0,4.0,25.0,10.0,0.0,1.0,0.014985014985014986,1.0,participatory sensing,screen,2007,2005-07,1706.0,22,False,B_s2_index,False,0.22049389964256247,L2,4,0.20158599688842269,0.0,0.0,0.0,True,UNDETERMINED,SINK,SINK,SINK,SINK,UNDETERMINED,UNDETERMINED,UNDETERMINED,UNDETERMINED,UNDETERMINED,UNDETERMINED,,,False,below_nmin,30
c_de3171466662,2014,7,1707,host,14,12,5,True,0.0,1.0,0.12034634187687787,-0.05490243379952692,0.29559511755328266,2014,0.0,0.0,8,0.3333333333333333,4,0.6666666666666667,0.0,2,0.001,0.0,0.0,1.2237754316221159,1.0,1.0,1.0,0.001998001998001998,0.0,0.0,1.0,0.001998001998001998,0.0,0.0,1.0,0.001998001998001998,0.0,0.0,1.0,0.001998001998001998,0.0,0.0,1.0,0.001998001998001998,0.0,0.0,5.0,12.0,3.0,0.0,1.0,0.001998001998001998,1.0,participatory sensing,screen,2007,2005-07,1706.0,17,False,B_s2_index,False,0.28241929967363005,L2,7,0.18946054333778825,0.0,0.0,0.0,False,UNDETERMINED,SINK,SINK,UNDETERMINED,UNDETERMINED,UNDETERMINED,UNDETERMINED,UNDETERMINED,UNDETERMINED,UNDETERMINED,UNDETERMINED,,,False,below_nmin,30
c_de3171466662,2014,7,1709,host,12,12,5,True,0.028968826235849364,0.9758593114701255,0.9725300858822941,-0.5128589362462512,2.4579191080108393,2014,0.08333333333333333,0.1,10,0.5,6,0.5,0.16666666666666666,0,0.0,0.0,0.07242206558962341,1.93209707212714,0.9275779344103766,1.0,1.0,0.000999000999000999,0.0,0.2564345484650516,1.0,0.000999000999000999,0.0,0.2564345484650516,1.0,0.000999000999000999,0.0,0.2564345484650516,1.0,0.000999000999000999,0.0,0.22797498685180734,0.991008991008991,0.00999000999000999,0.0,0.5150386451990618,5.0,12.0,6.0,0.033875492517869206,1.0,0.001998001998001998,0.915311268705327,participatory sensing,screen,2007,2005-07,1706.0,17,False,B_s2_index,False,0.28241929967363005,L2,7,0.28241929967363005,0.10257381938602063,0.0,0.2564345484650516,False,UNDETERMINED,SINK,SINK,UNDETERMINED,UNDETERMINED,UNDETERMINED,UNDETERMINED,UNDETERMINED,UNDETERMINED,UNDETERMINED,UNDETERMINED,,,False,below_nmin,30
c_de3171466662,2014,7,1710,host,11,10,3,True,0.0,1.0,0.12184775965114011,-0.12137585496463962,0.3650713742669198,2014,0.0,0.0,5,0.1,1,0.9,0.0,1,0.027,0.0,0.0,1.466337068793427,1.0,1.0,1.0,0.027972027972027972,0.0,0.0,1.0,0.027972027972027972,0.0,0.0,1.0,0.027972027972027972,0.0,0.0,1.0,0.027972027972027972,0.0,0.0,1.0,0.027972027972027972,0.0,0.0,3.0,10.0,1.0,0.0,1.0,0.030969030969030968,1.0,participatory sensing,screen,2007,2005-07,1706.0,17,False,B_s2_index,False,0.28241929967363005,L2,7,0.28241929967363005,0.0,0.0,0.0,False,UNDETERMINED,SINK,SINK,UNDETERMINED,UNDETERMINED,UNDETERMINED,UNDETERMINED,UNDETERMINED,UNDETERMINED,UNDETERMINED,UNDETERMINED,,,False,below_nmin,30
c_de3171466662,2014,7,2215,host,11,11,2,True,0.4338284732544497,0.45478088880125805,1.4066688252852217,0.2664548882894382,2.5468827622810055,2014,0.36363636363636365,0.4444444444444444,9,0.45454545454545453,6,0.4545454545454546,0.0,0,0.105,0.05962887070327553,1.4901999635817547,2.813060617337065,0.15967846361500046,0.7778815273193629,0.34865134865134867,0.7572427572427572,0.27043319928550635,6.758463458614878,0.34865134865134867,0.7572427572427572,0.27043319928550635,6.758463458614878,0.34865134865134867,0.7572427572427572,0.27043319928550635,6.758463458614878,0.6333666333666333,0.4725274725274725,0.13037578419856685,3.258253704509191,0.3206793206793207,0.7852147852147852,0.2912847722347324,16.74027390703734,2.0,11.0,6.0,0.47003950604926137,0.33466533466533466,0.7862137862137862,0.1485592854869251,participatory sensing,screen,2007,2005-07,1706.0,22,False,B_s2_index,False,0.22049389964256247,L2,4,0.22049389964256247,1.9675305029196677,0.27043319928550635,6.758463458614878,True,UNDETERMINED,UNDETERMINED,UNDETERMINED,UNDETERMINED,UNDETERMINED,UNDETERMINED,UNDETERMINED,UNDETERMINED,UNDETERMINED,UNDETERMINED,UNDETERMINED,,,False,below_nmin,30
c_de3171466662,2015,8,1702,host,54,48,26,True,0.36004319229946513,0.6235011541590632,0.03771188931870614,-0.13768581514165526,0.21310959377906755,2015,0.4791666666666667,0.5111111111111111,45,0.7916666666666666,37,0.22916666666666663,0.020833333333333332,0,0.0,0.2249838979059207,0.5309410037829462,0.8586221367898791,0.5296709899668828,0.7182417915983957,0.6913086913086913,0.3096903096903097,0.5504020684756981,1.298897518625517,0.6913086913086913,0.3096903096903097,0.5504020684756981,1.298897518625517,0.014985014985014986,0.986013986013986,1.1874973751384108,2.80238298924507,0.3166833166833167,0.6843156843156843,0.7099681010999418,1.6754584650742488,0.5264735264735265,0.4745254745254745,0.5318936855794681,2.536877613213269,26.0,48.0,37.0,0.3931483199169029,0.5824175824175825,0.41858141858141856,0.4926320959199071,participatory sensing,screen,2007,2005-07,1706.0,17,False,B_s2_index,False,0.4087628132085307,L2,7,0.18946054333778825,0.8808120031109308,0.5504020684756981,1.298897518625517,False,UNDETERMINED,UNDETERMINED,UNDETERMINED,UNDETERMINED,UNDETERMINED,UNDETERMINED,SOURCE,UNDETERMINED,UNDETERMINED,UNDETERMINED,UNDETERMINED,1.0,0.3096903096903097,True,tested,30
c_de3171466662,2015,8,1705,host,46,42,16,True,0.01556042148159596,0.8751237777392183,0.16600933096734777,0.002231091207153313,0.3297875707275422,2015,0.023809523809523808,0.02857142857142857,35,0.4523809523809524,19,0.5476190476190477,0.023809523809523808,1,0.0,0.0,0.04668126444478788,1.2929171570151978,0.7438159260375343,0.9851680562370325,1.0,0.000999000999000999,0.0,0.11058578616015256,1.0,0.000999000999000999,0.0,0.11058578616015256,1.0,0.000999000999000999,0.0,0.2463904284363847,1.0,0.000999000999000999,0.0,0.14730924738742432,1.0,0.000999000999000999,0.0,0.1738670328875877,16.0,42.0,19.0,0.01556042148159596,1.0,0.000999000999000999,0.7501130400048646,participatory sensing,screen,2007,2005-07,1706.0,17,False,B_s2_index,False,0.4221271653952266,L1,3,0.18946054333778825,0.036861928720050854,0.0,0.11058578616015256,True,SINK,SINK,SINK,SINK,SINK,SINK,SINK,SINK,SINK,SINK,SINK,1.0,0.003996003996003996,True,tested,30
c_de3171466662,2015,8,3313,host,38,36,8,True,0.019285096622735778,0.7135307819532382,0.2822128174596062,0.045339587405958004,0.5190860475132544,2015,0.25,0.3103448275862069,29,0.4166666666666667,18,0.5,0.027777777777777776,2,0.001,0.0,0.06636522139379528,1.8689811354013148,0.5820756112591596,0.8476061201242912,0.999000999000999,0.002997002997002997,0.0,0.31440464985721717,0.999000999000999,0.002997002997002997,0.0,0.31440464985721717,0.999000999000999,0.002997002997002997,0.0,0.31440464985721717,1.0,0.001998001998001998,0.0,0.20942472172711935,0.998001998001998,0.003996003996003996,0.0,0.34188573450195175,8.0,36.0,17.0,0.019285096622735778,1.0,0.001998001998001998,0.5419996739765738,participatory sensing,screen,2007,2005-07,1706.0,33,False,B_s2_index,False,0.21108218795089126,L4,30,0.21108218795089126,0.09136297482013261,0.0,0.31440464985721717,True,SINK,SINK,SINK,SINK,SINK,SINK,SINK,SINK,SINK,SINK,SINK,1.0,0.003996003996003996,True,tested,30
c_de3171466662,2015,8,2208,host,36,35,7,True,0.0,1.0,0.4166638034805634,0.2632123455691969,0.5701152613919299,2015,0.0,0.0,32,0.42857142857142855,15,0.5714285714285714,0.02857142857142857,1,0.001,0.0,0.0,1.1895840668738362,1.0,1.0,1.0,0.001998001998001998,0.0,0.0,1.0,0.001998001998001998,0.0,0.0,1.0,0.001998001998001998,0.0,0.0,1.0,0.001998001998001998,0.0,0.0,1.0,0.001998001998001998,0.0,0.0,8.0,35.0,15.0,0.0,1.0,0.000999000999000999,1.0,participatory sensing,screen,2007,2005-07,1706.0,22,False,B_s2_index,False,0.18517297873379288,L2,4,0.18517297873379288,0.0,0.0,0.0,True,SINK,SINK,SINK,SINK,SINK,SINK,SINK,SINK,SINK,SINK,SINK,1.0,0.003996003996003996,True,tested,30
c_de3171466662,2015,8,1709,host,20,17,7,True,0.05096938411376176,0.9490306158862383,0.03597716636700377,-0.3561978992240021,0.4281522319580096,2015,0.11764705882352941,0.16666666666666666,12,0.47058823529411764,7,0.5882352941176471,0.11764705882352941,0,0.0,0.0,0.132670045508559,2.054628791766761,0.8940292211914573,1.0,0.999000999000999,0.001998001998001998,0.0,0.32456486065154183,0.999000999000999,0.001998001998001998,0.0,0.32456486065154183,0.999000999000999,0.001998001998001998,0.0,0.32456486065154183,0.998001998001998,0.002997002997002997,0.0,0.41865885140785336,0.989010989010989,0.011988011988011988,0.0,0.5438867197649783,7.0,17.0,7.0,0.054474145743775924,0.999000999000999,0.001998001998001998,0.8813478844352967,participatory sensing,screen,2007,2005-07,1706.0,17,False,B_s2_index,False,0.4087628132085307,L2,7,0.4087628132085307,0.12469183219893266,0.0,0.32456486065154183,False,UNDETERMINED,SINK,SINK,SINK,UNDETERMINED,UNDETERMINED,UNDETERMINED,UNDETERMINED,UNDETERMINED,UNDETERMINED,UNDETERMINED,,,False,below_nmin,30
c_de3171466662,2015,8,1707,host,15,14,6,True,0.0,1.0,0.15519729459574316,0.007382096255412668,0.3030124929360737,2015,0.0,0.0,11,0.42857142857142855,4,0.7142857142857143,0.0,2,0.0,0.0,0.0,0.9985288301111273,1.0,1.0,1.0,0.000999000999000999,0.0,0.0,1.0,0.000999000999000999,0.0,0.0,1.0,0.000999000999000999,0.0,0.0,1.0,0.000999000999000999,0.0,0.0,1.0,0.000999000999000999,0.0,0.0,6.0,14.0,3.0,0.0,1.0,0.000999000999000999,1.0,participatory sensing,screen,2007,2005-07,1706.0,17,False,B_s2_index,False,0.4087628132085307,L2,7,0.18946054333778825,0.0,0.0,0.0,True,UNDETERMINED,SINK,SINK,UNDETERMINED,UNDETERMINED,UNDETERMINED,UNDETERMINED,UNDETERMINED,UNDETERMINED,UNDETERMINED,UNDETERMINED,,,False,below_nmin,30
c_de3171466662,2015,8,2215,host,12,12,3,True,0.5950168133799028,0.5326693332582212,0.7559534014435475,-0.4911426443480974,2.0030494472351923,2015,0.3333333333333333,0.4,10,0.5,7,0.41666666666666663,0.0,0,0.032,0.11845519363469521,2.251184925085304,2.6718172100167212,0.20798299968169515,0.8126814763427247,0.12987012987012986,0.903096903096903,0.6397002113628467,12.15719993531906,0.12987012987012986,0.903096903096903,0.6397002113628467,12.15719993531906,0.12987012987012986,0.903096903096903,0.6397002113628467,12.15719993531906,0.3336663336663337,0.6993006993006993,0.2930656572674997,5.569574194740704,0.15284715284715283,0.8801198801198801,0.4761256116200843,16.660877520949736,3.0,12.0,7.0,0.6191575019097771,0.13286713286713286,0.906093906093906,0.21695937507231106,participatory sensing,screen,2007,2005-07,1706.0,22,False,B_s2_index,False,0.18517297873379288,L2,4,0.18517297873379288,3.2133025965700255,0.6397002113628467,12.15719993531906,False,UNDETERMINED,UNDETERMINED,UNDETERMINED,UNDETERMINED,UNDETERMINED,UNDETERMINED,UNDETERMINED,UNDETERMINED,UNDETERMINED,UNDETERMINED,UNDETERMINED,,,False,below_nmin,30
c_de3171466662,2015,8,2305,host,11,9,3,True,0.021233774881610407,0.8190579582898607,0.284696820750517,-1.260573585866764,1.8299672273677978,2015,0.1111111111111111,0.2,5,0.5555555555555556,5,0.4444444444444444,0.0,0,0.027,0.0,0.11466238436069572,2.753549921567938,0.5694288288139151,1.0,0.996003996003996,0.03196803196803197,0.0,0.5432120325916471,0.996003996003996,0.03196803196803197,0.0,0.5432120325916471,0.996003996003996,0.03196803196803197,0.0,0.5432120325916471,1.0,0.027972027972027972,0.0,0.3618331625056822,0.987012987012987,0.04095904095904096,0.0,0.5064010767295619,3.0,9.0,5.0,0.021233774881610407,0.994005994005994,0.03796203796203796,0.5094553142838139,participatory sensing,screen,2007,2005-07,1706.0,23,False,B_s2_index,False,0.21108218795089126,L4,30,0.21108218795089126,0.10059482085030544,0.0,0.5432120325916471,False,UNDETERMINED,SINK,UNDETERMINED,UNDETERMINED,UNDETERMINED,UNDETERMINED,UNDETERMINED,UNDETERMINED,UNDETERMINED,UNDETERMINED,UNDETERMINED,,,False,below_nmin,30
c_de3171466662,2015,8,1710,host,10,9,6,True,0.0,1.0,-0.6160154889643108,-1.5842376887503082,0.35220671082168675,2015,0.0,0.0,4,0.1111111111111111,1,0.8888888888888888,0.0,1,0.0,0.0,0.0,0.6415500484755077,1.0,1.0,1.0,0.000999000999000999,0.0,0.0,1.0,0.000999000999000999,0.0,0.0,1.0,0.000999000999000999,0.0,0.0,1.0,0.000999000999000999,0.0,0.0,1.0,0.000999000999000999,0.0,0.0,6.0,9.0,1.0,0.0,1.0,0.000999000999000999,1.0,participatory sensing,screen,2007,2005-07,1706.0,17,False,B_s2_index,False,0.4087628132085307,L2,7,0.18946054333778825,0.0,0.0,0.0,False,UNDETERMINED,SINK,UNDETERMINED,UNDETERMINED,UNDETERMINED,UNDETERMINED,UNDETERMINED,UNDETERMINED,UNDETERMINED,UNDETERMINED,UNDETERMINED,,,False,below_nmin,30
c_e3cf4e8c060a,2018,3,1707,host,28,28,0,True,,1.0,1.871495756051928,1.0729080193970497,2.6700834927068064,2018,0.0,0.0,23,0.32142857142857145,10,0.6428571428571428,0.03571428571428571,0,,,,,,,,,,,,,,,,,,,,,,,,,,,,,,,,,,adversarial example,heldout_concept,2015,2012-16,1702.0,17,False,A_openalex_native,True,0.1287725893153206,L2,7,0.18946054333778825,,,,True,UNDETERMINED,UNDETERMINED,UNDETERMINED,UNDETERMINED,UNDETERMINED,UNDETERMINED,UNDETERMINED,UNDETERMINED,UNDETERMINED,UNDETERMINED,UNDETERMINED,,,False,no_cohort_parents,30
c_e3cf4e8c060a,2018,3,1711,host,20,20,0,True,,0.6097495036112661,1.9368434933034597,0.606422436983904,3.2672645496230155,2018,0.4,0.6666666666666666,12,0.55,10,0.5,0.05,0,,,,,,,,,,,,,,,,,,,,,,,,,,,,,,,,,,adversarial example,heldout_concept,2015,2012-16,1702.0,17,False,A_openalex_native,True,0.1287725893153206,L2,7,0.1287725893153206,,,,True,UNDETERMINED,UNDETERMINED,UNDETERMINED,UNDETERMINED,UNDETERMINED,UNDETERMINED,UNDETERMINED,UNDETERMINED,UNDETERMINED,UNDETERMINED,UNDETERMINED,,,False,no_cohort_parents,30
c_e3cf4e8c060a,2019,4,1707,host,47,47,1,True,0.0,0.8986485312147083,1.8308325908623797,1.000344470762725,2.6613207109620345,2019,0.06382978723404255,0.08108108108108109,37,0.3829787234042553,19,0.5957446808510638,0.02127659574468085,0,0.379,0.0,0.0,0.8472978603872037,0.79127289290794,1.0,1.0,0.37962037962037964,0.0,0.0,1.0,0.37962037962037964,0.0,0.0,1.0,0.37962037962037964,0.0,0.0,1.0,0.37962037962037964,0.0,0.0,1.0,0.37962037962037964,0.0,0.0,1.0,47.0,19.0,0.0,1.0,0.35864135864135865,0.7903681462234752,adversarial example,heldout_concept,2015,2012-16,1702.0,17,False,A_openalex_native,False,0.24755606394781707,L2,6,0.18946054333778825,0.0,0.0,0.0,True,UNDETERMINED,UNDETERMINED,UNDETERMINED,UNDETERMINED,UNDETERMINED,UNDETERMINED,UNDETERMINED,UNDETERMINED,UNDETERMINED,UNDETERMINED,UNDETERMINED,1.0,0.37962037962037964,True,tested,30
c_e3cf4e8c060a,2019,4,1711,host,42,42,0,True,,0.5177115560422547,2.311695671218535,1.1817985368334112,3.4415928056036584,2019,0.47619047619047616,0.7407407407407407,27,0.5952380952380952,24,0.4285714285714286,0.023809523809523808,0,,,,,,,,,,,,,,,,,,,,,,,,,,,,,,,,,,adversarial example,heldout_concept,2015,2012-16,1702.0,17,False,A_openalex_native,False,0.24755606394781707,L2,6,0.18946054333778825,,,,True,UNDETERMINED,UNDETERMINED,UNDETERMINED,UNDETERMINED,UNDETERMINED,UNDETERMINED,UNDETERMINED,UNDETERMINED,UNDETERMINED,UNDETERMINED,UNDETERMINED,,,False,no_cohort_parents,30
c_e470c5c98b3e,2016,5,1710,host,10,9,3,True,0.0,,0.11966739888508442,-0.0953668351420257,0.3347016329121945,2016,0.0,0.0,2,0.0,0,1.0,0.0,1,,,,,,,,,,,,,,,,,,,,,,,,,,,,,,,,,,quantum reading,screen,2011,2008-11,1702.0,17,False,B_s2_index,True,0.34009237637452083,L2,6,0.34009237637452083,0.0,,,False,UNDETERMINED,UNDETERMINED,UNDETERMINED,UNDETERMINED,UNDETERMINED,UNDETERMINED,UNDETERMINED,UNDETERMINED,UNDETERMINED,UNDETERMINED,UNDETERMINED,,,False,below_nmin,30
c_e470c5c98b3e,2017,6,1710,host,13,12,5,True,0.0,,0.18048902401071015,-0.048746779848294314,0.40972482786971465,2017,0.0,0.0,2,0.0,0,1.0,0.0,1,,,,,,,,,,,,,,,,,,,,,,,,,,,,,,,,,,quantum reading,screen,2011,2008-11,1702.0,17,False,B_s2_index,True,0.1157765219173888,L2,8,0.18946054333778825,0.0,,,False,UNDETERMINED,UNDETERMINED,UNDETERMINED,UNDETERMINED,UNDETERMINED,UNDETERMINED,UNDETERMINED,UNDETERMINED,UNDETERMINED,UNDETERMINED,UNDETERMINED,,,False,below_nmin,30
c_e470c5c98b3e,2018,7,1710,host,12,10,5,True,0.0,,-0.62477329573089,-1.6092622248145743,0.3597156333527942,2018,0.0,0.0,2,0.0,0,1.0,0.0,1,,,,,,,,,,,,,,,,,,,,,,,,,,,,,,,,,,quantum reading,screen,2011,2008-11,1702.0,17,False,B_s2_index,True,0.1287725893153206,L2,7,0.18946054333778825,0.0,,,False,UNDETERMINED,UNDETERMINED,UNDETERMINED,UNDETERMINED,UNDETERMINED,UNDETERMINED,UNDETERMINED,UNDETERMINED,UNDETERMINED,UNDETERMINED,UNDETERMINED,,,False,below_nmin,30
c_e470c5c98b3e,2019,8,1710,host,14,12,6,True,0.0,,-0.2845488797271635,-1.4586901668229921,0.8895924073686653,2019,0.0,0.0,3,0.0,0,1.0,0.0,1,,,,,,,,,,,,,,,,,,,,,,,,,,,,,,,,,,quantum reading,screen,2011,2008-11,1702.0,17,False,B_s2_index,False,0.24755606394781707,L2,6,0.24755606394781707,0.0,,,False,UNDETERMINED,UNDETERMINED,UNDETERMINED,UNDETERMINED,UNDETERMINED,UNDETERMINED,UNDETERMINED,UNDETERMINED,UNDETERMINED,UNDETERMINED,UNDETERMINED,,,False,below_nmin,30
c_e6673f0a4a58,2009,4,1705,host,12,12,1,True,0.0,0.25,0.944299310407968,0.057728925977921786,1.830869694838014,2009,0.25,0.25,12,0.5833333333333334,4,0.6666666666666667,0.4166666666666667,2,0.36,0.0,0.0,0.8472978603872037,0.0,0.6666666666666666,1.0,0.36063936063936064,0.0,0.0,1.0,0.36063936063936064,0.0,0.0,1.0,0.36063936063936064,0.0,0.0,1.0,0.36063936063936064,0.0,0.0,1.0,0.36063936063936064,0.0,0.0,2.0,12.0,3.0,0.0,1.0,0.12087912087912088,0.0,gaussian mimo,heldout_concept,2005,2005-07,2208.0,17,False,B_s2_index,False,0.2946477398815252,L2,3,0.18946054333778825,0.0,0.0,0.0,True,UNDETERMINED,UNDETERMINED,UNDETERMINED,UNDETERMINED,UNDETERMINED,UNDETERMINED,UNDETERMINED,UNDETERMINED,UNDETERMINED,UNDETERMINED,UNDETERMINED,,,False,below_nmin,30
c_e6673f0a4a58,2010,5,1705,host,14,13,3,True,0.3333333333333333,0.25,0.09720821852073411,-0.10998629617783784,0.30440273321930605,2010,0.23076923076923078,0.23076923076923078,13,0.46153846153846156,4,0.6923076923076923,0.3076923076923077,2,0.031,0.0,2.0,3.091042453358316,0.0,0.75,0.4645354645354645,0.5674325674325674,0.0,8.224510738545723,0.4645354645354645,0.5674325674325674,0.0,8.224510738545723,0.4155844155844156,0.6163836163836164,0.0,10.556287682729854,0.5394605394605395,0.4925074925074925,0.0,6.316283846638681,0.5064935064935064,0.5254745254745254,0.0,8.688128491123075,4.0,13.0,4.0,0.25,0.5274725274725275,0.48151848151848153,0.0,gaussian mimo,heldout_concept,2005,2005-07,2208.0,17,False,B_s2_index,False,0.2431755594441165,L2,5,0.18946054333778825,1.3707517897576205,0.0,8.224510738545723,False,UNDETERMINED,UNDETERMINED,UNDETERMINED,UNDETERMINED,UNDETERMINED,UNDETERMINED,UNDETERMINED,UNDETERMINED,UNDETERMINED,UNDETERMINED,UNDETERMINED,,,False,below_nmin,30
c_e6673f0a4a58,2011,6,1705,host,14,12,7,True,0.3935830482280416,0.2,-0.15690974104485791,-0.39543145307512684,0.08161197098541101,2011,0.3333333333333333,0.3333333333333333,12,0.4166666666666667,5,0.5833333333333333,0.16666666666666666,2,0.0,0.10786876251375585,1.075984082698252,2.300073772279061,0.0,0.5,0.03696303696303696,0.964035964035964,1.108569160140416,11.057907248441328,0.03696303696303696,0.964035964035964,1.108569160140416,11.057907248441328,0.15184815184815184,0.8491508491508492,0.5693468445376364,5.67919875950047,0.3176823176823177,0.6833166833166833,0.3742222409922155,3.732843181991124,0.0969030969030969,0.9040959040959041,0.7319115361490509,14.082622232545955,8.0,12.0,5.0,0.3443851671995364,0.08591408591408592,0.9150849150849151,0.0,gaussian mimo,heldout_concept,2005,2005-07,2208.0,17,False,B_s2_index,False,0.09730449519278775,L2,10,0.18946054333778825,4.044859874646512,1.108569160140416,11.057907248441328,False,UNDETERMINED,SOURCE,SOURCE,UNDETERMINED,UNDETERMINED,UNDETERMINED,UNDETERMINED,UNDETERMINED,UNDETERMINED,UNDETERMINED,UNDETERMINED,,,False,below_nmin,30
c_e6673f0a4a58,2012,7,1705,host,15,13,9,True,0.4743268245966661,0.16666666666666666,-0.11723644440926492,-0.38522673969310905,0.15075385087457918,2012,0.38461538461538464,0.38461538461538464,13,0.46153846153846156,6,0.5384615384615384,0.15384615384615385,2,0.0,0.1807572721852771,0.8509997955767605,1.5493379881299143,0.0,0.5,0.01998001998001998,0.981018981018981,1.5327644625585044,7.2162089443771436,0.01998001998001998,0.981018981018981,1.5327644625585044,7.2162089443771436,0.06493506493506493,0.936063936063936,0.9540628829666442,4.491699330026291,0.2057942057942058,0.7952047952047953,0.5708571192331685,2.6875781311471565,0.0979020979020979,0.903096903096903,0.7944270230267951,7.11678582742028,9.0,13.0,6.0,0.4743268245966661,0.011988011988011988,0.989010989010989,0.0,gaussian mimo,heldout_concept,2005,2005-07,2208.0,17,False,B_s2_index,False,0.1179289294609267,L2,7,0.18946054333778825,4.022141358909091,1.5327644625585044,7.2162089443771436,False,UNDETERMINED,SOURCE,SOURCE,UNDETERMINED,UNDETERMINED,UNDETERMINED,UNDETERMINED,UNDETERMINED,UNDETERMINED,UNDETERMINED,UNDETERMINED,,,False,below_nmin,30
c_e6673f0a4a58,2013,8,1705,host,18,14,9,True,0.5065229799703492,0.1111111111111111,-0.014058807727362786,-0.3536384067140479,0.3255207912593223,2013,0.5714285714285714,0.5714285714285714,14,0.6428571428571429,9,0.3571428571428571,0.07142857142857142,2,0.0,0.19428998263170594,1.0383838008544863,1.6760734716648429,0.0,0.3333333333333333,0.007992007992007992,0.993006993006993,1.6325880289680048,8.725375028535746,0.007992007992007992,0.993006993006993,1.6325880289680048,8.725375028535746,0.04395604395604396,0.957042957042957,1.0254904752664373,5.480739063453211,0.33166833166833165,0.6693306693306693,0.48744787355579783,2.6051676406846673,0.04195804195804196,0.9590409590409591,1.066863446464956,9.277180606948903,9.0,14.0,9.0,0.5065229799703492,0.011988011988011988,0.989010989010989,0.0,gaussian mimo,heldout_concept,2005,2005-07,2208.0,17,False,B_s2_index,False,0.11900735469346849,L2,7,0.18946054333778825,4.256232577179945,1.6325880289680048,8.725375028535746,False,UNDETERMINED,SOURCE,SOURCE,UNDETERMINED,UNDETERMINED,UNDETERMINED,UNDETERMINED,UNDETERMINED,UNDETERMINED,UNDETERMINED,UNDETERMINED,,,False,below_nmin,30
c_e81a3081874e,2014,4,2610,host,12,12,1,True,0.0,0.6666666666666666,1.2014367011454068,0.07170033734103631,2.3311730649497773,2014,0.08333333333333333,0.09090909090909091,11,0.4166666666666667,3,0.75,0.25,3,0.352,0.0,0.0,0.8472978603872037,0.0,1.0,1.0,0.35264735264735264,0.0,0.0,1.0,0.35264735264735264,0.0,0.0,1.0,0.35264735264735264,0.0,0.0,1.0,0.35264735264735264,0.0,0.0,1.0,0.35264735264735264,0.0,0.0,1.0,12.0,5.0,0.0,1.0,0.35764235764235763,0.2,mock modular,heldout_concept,2010,2008-11,2602.0,26,False,B_s2_index,False,0.36435290078088167,L3,4,0.3087121784766671,0.0,0.0,0.0,True,UNDETERMINED,UNDETERMINED,UNDETERMINED,UNDETERMINED,UNDETERMINED,UNDETERMINED,UNDETERMINED,UNDETERMINED,UNDETERMINED,UNDETERMINED,UNDETERMINED,,,False,below_nmin,30
c_e81a3081874e,2014,4,3106,host,11,11,3,True,1.0729130261004582,0.2317799044574078,0.9970524447015481,-0.0693550923772992,2.0634599817803956,2014,0.5454545454545454,0.6,10,0.6363636363636364,7,0.36363636363636365,0.09090909090909091,2,0.025,0.2516937791987636,4.6546683228128485,2.9174051613623906,0.0,0.4873444500859025,0.18681318681318682,0.8391608391608392,0.5367036965781969,9.925464598893683,0.03896103896103896,0.987012987012987,1.783519554969552,32.983302177993686,0.18681318681318682,0.8391608391608392,0.5367036965781969,9.925464598893683,0.1068931068931069,0.919080919080919,0.7922983905024271,14.652274014189729,0.15084915084915085,0.8751248751248751,0.6319994273379573,25.375898622777544,2.0,11.0,4.0,0.0,1.0,0.11788211788211789,0.0,mock modular,heldout_concept,2010,2008-11,2602.0,31,False,B_s2_index,False,0.4689622613063039,L3,4,0.4689622613063039,2.28784513088929,0.5367036965781969,9.925464598893683,False,UNDETERMINED,UNDETERMINED,UNDETERMINED,UNDETERMINED,UNDETERMINED,UNDETERMINED,UNDETERMINED,UNDETERMINED,UNDETERMINED,UNDETERMINED,UNDETERMINED,,,False,below_nmin,30
c_e81a3081874e,2014,4,2608,host,11,11,1,True,0.0,1.0,1.7816789892184397,0.8061338612313386,2.7572241172055407,2014,0.0,0.0,10,0.2727272727272727,4,0.6363636363636364,0.09090909090909091,0,0.324,0.0,0.0,0.8472978603872037,1.0,1.0,1.0,0.3246753246753247,0.0,0.0,1.0,0.3246753246753247,0.0,0.0,1.0,0.3246753246753247,0.0,0.0,1.0,0.3246753246753247,0.0,0.0,1.0,0.3246753246753247,0.0,0.0,1.0,11.0,4.0,0.0,1.0,0.3336663336663337,1.0,mock modular,heldout_concept,2010,2008-11,2602.0,26,False,B_s2_index,False,0.36435290078088167,L3,4,0.36435290078088167,0.0,0.0,0.0,True,UNDETERMINED,UNDETERMINED,UNDETERMINED,UNDETERMINED,UNDETERMINED,UNDETERMINED,UNDETERMINED,UNDETERMINED,UNDETERMINED,UNDETERMINED,UNDETERMINED,,,False,below_nmin,30
c_e81a3081874e,2015,5,2610,host,17,16,5,True,0.2183179493089332,0.7470979668818242,0.28774637734074965,0.0710097355661615,0.5044830191153378,2015,0.1875,0.2,15,0.625,6,0.625,0.3125,3,0.002,0.0,0.8205702569125929,3.9844185087703012,0.49741304476322623,0.989823361495037,0.3516483516483517,0.6513486513486514,0.0,9.017807700768486,0.7442557442557443,0.25874125874125875,0.0,2.252130434954533,0.6683316683316683,0.33466533466533466,0.0,2.662983534911115,0.6703296703296703,0.33266733266733267,0.0,2.5894240100815407,0.5094905094905094,0.4935064935064935,0.0,6.954104375047794,5.0,16.0,7.0,0.21222881353737058,0.36063936063936064,0.6413586413586414,0.2401261874300935,mock modular,heldout_concept,2010,2008-11,2602.0,26,False,B_s2_index,False,0.09099442837339111,L3,3,0.30813944065184834,2.3992452418413612,0.0,9.017807700768486,True,UNDETERMINED,UNDETERMINED,UNDETERMINED,UNDETERMINED,UNDETERMINED,UNDETERMINED,UNDETERMINED,UNDETERMINED,UNDETERMINED,UNDETERMINED,UNDETERMINED,,,False,below_nmin,30
c_e81a3081874e,2015,5,2608,host,14,14,3,True,0.0,0.7987522593776748,1.1920906827036342,0.05433156124370364,2.3298498041635645,2015,0.14285714285714285,0.15384615384615385,13,0.35714285714285715,6,0.5714285714285714,0.07142857142857142,0,0.038,0.0,0.0,1.466337068793427,0.5417876508951498,1.0,1.0,0.03896103896103896,0.0,0.0,1.0,0.03896103896103896,0.0,0.0,1.0,0.03896103896103896,0.0,0.0,1.0,0.03896103896103896,0.0,0.0,1.0,0.03896103896103896,0.0,0.0,3.0,14.0,6.0,0.0,1.0,0.03496503496503497,0.6887703343990728,mock modular,heldout_concept,2010,2008-11,2602.0,26,False,B_s2_index,False,0.09099442837339111,L3,3,0.09099442837339111,0.0,0.0,0.0,True,UNDETERMINED,UNDETERMINED,UNDETERMINED,UNDETERMINED,UNDETERMINED,UNDETERMINED,UNDETERMINED,UNDETERMINED,UNDETERMINED,UNDETERMINED,UNDETERMINED,,,False,below_nmin,30
c_e81a3081874e,2015,5,3106,host,13,12,4,True,1.151410197232116,0.4024954812446505,0.0689671401749208,-0.13272220359494608,0.2706564839447877,2015,0.5,0.5454545454545454,11,0.75,9,0.25,0.08333333333333333,2,0.008,0.46115716001861695,3.6094249609399762,2.0575641804251017,0.125,0.6622459331201854,0.12087912087912088,0.8881118881118881,0.8218231791363617,6.4323171218551165,0.04195804195804196,0.967032967032967,1.2990056347972894,10.167170260242157,0.12087912087912088,0.8881118881118881,0.8218231791363617,6.4323171218551165,0.03196803196803197,0.977022977022977,1.4552458031639581,11.3900443962121,0.07892107892107893,0.9300699300699301,0.8799943230450211,13.4348854183062,3.0,12.0,5.0,0.7184541344989879,0.46653346653346656,0.5684315684315684,0.0,mock modular,heldout_concept,2010,2008-11,2602.0,31,False,B_s2_index,False,0.5611391497903944,L3,4,0.5611391497903944,2.05191563921749,0.8218231791363617,6.4323171218551165,False,UNDETERMINED,UNDETERMINED,UNDETERMINED,UNDETERMINED,UNDETERMINED,UNDETERMINED,UNDETERMINED,UNDETERMINED,UNDETERMINED,UNDETERMINED,UNDETERMINED,,,False,below_nmin,30
c_e81a3081874e,2016,6,2610,host,20,19,8,True,0.13644871831808325,0.7754164469928344,0.18883699572783783,-0.04655326757006675,0.42422725902574243,2016,0.21052631578947367,0.2222222222222222,18,0.6842105263157895,8,0.5789473684210527,0.3157894736842105,3,0.0,0.0,0.5,3.8945133476290774,0.5775454111178913,0.9537564281562398,0.3836163836163836,0.6173826173826173,0.0,5.494841925356956,0.9140859140859141,0.08691308691308691,0.0,1.372295922245711,0.8701298701298701,0.13086913086913088,0.0,1.5762286927071418,0.8701298701298701,0.13086913086913088,0.0,1.5790709616596703,0.6563436563436563,0.34465534465534464,0.0,3.66322795023797,8.0,19.0,9.0,0.1326430084608566,0.3986013986013986,0.6023976023976024,0.35273974455699164,mock modular,heldout_concept,2010,2008-11,2602.0,26,False,B_s2_index,True,0.09099442837339111,L3,3,0.3172128526230923,1.4995282761508508,0.0,5.494841925356956,False,UNDETERMINED,UNDETERMINED,UNDETERMINED,UNDETERMINED,UNDETERMINED,UNDETERMINED,UNDETERMINED,UNDETERMINED,UNDETERMINED,UNDETERMINED,UNDETERMINED,,,False,below_nmin,30
c_e81a3081874e,2016,6,3106,host,17,14,6,True,0.9206464134878579,0.3802238578774086,0.050333840419726494,-0.13398922135536195,0.23465690219481494,2016,0.6428571428571429,0.6923076923076923,13,0.8571428571428571,12,0.1428571428571429,0.0,2,0.002,0.38334521706739394,2.1264985718218163,1.713277541369764,0.18156389585181645,0.5864403932861104,0.14385614385614387,0.8591408591408591,0.7107388038627777,3.9426213868395124,0.1008991008991009,0.9020979020979021,0.8174329763754935,4.534476966010892,0.14385614385614387,0.8591408591408591,0.7107388038627777,3.9426213868395124,0.023976023976023976,0.9790209790209791,1.2106586011244895,6.715784289549182,0.0979020979020979,0.9050949050949051,0.7988686161330285,6.408006701467255,5.0,14.0,8.0,0.7065806144590219,0.34565434565434566,0.6613386613386614,0.0,mock modular,heldout_concept,2010,2008-11,2602.0,31,False,B_s2_index,True,0.5393615980778874,L3,5,0.5393615980778874,1.7069187290469843,0.7107388038627777,3.9426213868395124,False,UNDETERMINED,UNDETERMINED,UNDETERMINED,UNDETERMINED,UNDETERMINED,UNDETERMINED,UNDETERMINED,UNDETERMINED,UNDETERMINED,UNDETERMINED,UNDETERMINED,,,False,below_nmin,30
c_e81a3081874e,2016,6,2608,host,16,15,6,True,0.04482357022833252,0.7890817335565791,0.11442107296284182,-0.14682910149761635,0.3756712474233,2016,0.2,0.23076923076923078,13,0.4,7,0.5333333333333333,0.0,0,0.0,0.0,0.17929428091333008,1.7832653167639585,0.5424384522543431,0.9701296928287183,0.8351648351648352,0.16583416583416583,0.0,1.970387463478587,0.9920079920079921,0.008991008991008992,0.0,0.4920896211586797,0.8351648351648352,0.16583416583416583,0.0,1.970387463478587,0.99000999000999,0.01098901098901099,0.0,0.5662367851637824,0.9100899100899101,0.09090909090909091,0.0,1.4777905976089403,5.0,15.0,7.0,0.053788284273999024,0.7732267732267732,0.23176823176823177,0.6924643190580277,mock modular,heldout_concept,2010,2008-11,2602.0,26,False,B_s2_index,True,0.09099442837339111,L3,3,0.09099442837339111,0.49259686586964674,0.0,1.970387463478587,False,UNDETERMINED,UNDETERMINED,UNDETERMINED,UNDETERMINED,UNDETERMINED,UNDETERMINED,UNDETERMINED,UNDETERMINED,UNDETERMINED,UNDETERMINED,UNDETERMINED,,,False,below_nmin,30
c_e81a3081874e,2017,7,2610,host,19,15,8,True,0.13644871831808325,0.7754164469928344,-1.0970805240157762,-2.4738699197555043,0.279708871723952,2017,0.26666666666666666,0.26666666666666666,15,0.8666666666666667,8,0.4666666666666667,0.3333333333333333,3,0.0,0.0,0.5,3.8945133476290774,0.5471251233867697,0.9534666436621931,0.9430569430569431,0.057942057942057944,0.0,1.0384196232538667,0.3806193806193806,0.6203796203796204,0.0,5.494841925356956,0.9430569430569431,0.057942057942057944,0.0,1.0384196232538667,0.7412587412587412,0.2597402597402597,0.0,2.1780037392737315,0.7642357642357642,0.23676323676323677,0.0,2.5449794180600636,10.0,15.0,9.0,0.33414656024903566,0.8101898101898102,0.19080919080919082,0.3416654456102854,mock modular,heldout_concept,2010,2008-11,2602.0,26,False,B_s2_index,True,0.4815009162030858,L3,3,0.4815009162030858,0.28338205333867394,0.0,1.0384196232538667,False,UNDETERMINED,SINK,SINK,UNDETERMINED,UNDETERMINED,UNDETERMINED,UNDETERMINED,UNDETERMINED,UNDETERMINED,UNDETERMINED,UNDETERMINED,,,False,below_nmin,30
c_e81a3081874e,2017,7,3106,host,17,15,6,True,0.5400939830830147,0.4533522469439207,0.10776736764180642,-0.03733709316588296,0.2528718284494958,2017,0.4666666666666667,0.5,14,0.8,12,0.19999999999999996,0.0,2,0.001,0.21947746561355955,1.0875256997838882,1.6004105811909997,0.25171046738189,0.6665261621298284,0.32667332667332666,0.6753246753246753,0.5115646793061568,2.5348376166631716,0.5404595404595405,0.46153846153846156,0.3911284138623054,1.9380677683781609,0.32667332667332666,0.6753246753246753,0.5115646793061568,2.5348376166631716,0.056943056943056944,0.945054945054945,0.956045481585309,4.73727008137118,0.32167832167832167,0.6803196803196803,0.5080282316635586,3.9819748276667104,6.0,15.0,9.0,0.8333333333333334,0.0979020979020979,0.9040959040959041,0.0,mock modular,heldout_concept,2010,2008-11,2602.0,31,False,B_s2_index,True,0.42903170310983996,L3,7,0.42903170310983996,1.2588673032042594,0.5115646793061568,2.5348376166631716,False,UNDETERMINED,UNDETERMINED,UNDETERMINED,UNDETERMINED,UNDETERMINED,UNDETERMINED,UNDETERMINED,UNDETERMINED,UNDETERMINED,UNDETERMINED,UNDETERMINED,,,False,below_nmin,30
c_e81a3081874e,2017,7,2608,host,16,14,10,True,0.026894142136999512,0.7890817335565791,-0.1727801756145925,-0.4271472108666423,0.08158685963745729,2017,0.21428571428571427,0.23076923076923078,13,0.42857142857142855,7,0.5,0.0,0,0.0,0.0,0.08964714045666504,1.3862943611198904,0.5577646446575012,0.9665690872047019,1.0,0.000999000999000999,0.0,0.18618269963759315,0.9600399600399601,0.04095904095904096,0.0,0.9851937317392935,1.0,0.000999000999000999,0.0,0.18618269963759315,1.0,0.000999000999000999,0.0,0.3905036142596277,0.993006993006993,0.007992007992007992,0.0,0.46950043980909734,9.0,14.0,7.0,0.02988238015222168,1.0,0.000999000999000999,0.6947816416022764,mock modular,heldout_concept,2010,2008-11,2602.0,26,False,B_s2_index,True,0.4815009162030858,L3,3,0.4815009162030858,0.055854809891277946,0.0,0.18618269963759315,False,UNDETERMINED,SINK,SINK,UNDETERMINED,UNDETERMINED,UNDETERMINED,UNDETERMINED,UNDETERMINED,UNDETERMINED,UNDETERMINED,UNDETERMINED,,,False,below_nmin,30
c_e81a3081874e,2018,8,2610,host,21,18,9,True,0.07834207527918424,0.8003701751047417,-0.5661312824785366,-2.285333087051828,1.153070522094755,2018,0.1111111111111111,0.11764705882352941,17,0.8333333333333334,9,0.5,0.3888888888888889,3,0.0,0.0,0.18628645213454628,1.792376767321771,0.5971140213473017,0.953644253513383,0.9530469530469531,0.04795204795204795,0.0,0.978003873706368,0.6323676323676324,0.36863136863136864,0.0,2.047229214629813,0.9530469530469531,0.04795204795204795,0.0,0.978003873706368,0.993006993006993,0.007992007992007992,0.0,0.5883190542325323,0.965034965034965,0.03596403596403597,0.0,0.9487787890477029,11.0,18.0,10.0,0.2592229902629411,0.2807192807192807,0.7202797202797203,0.38687498103706025,mock modular,heldout_concept,2010,2008-11,2602.0,26,False,B_s2_index,True,0.19047619047619047,L4,23,0.19047619047619047,0.4112958952157173,0.0,0.978003873706368,False,UNDETERMINED,UNDETERMINED,UNDETERMINED,UNDETERMINED,UNDETERMINED,UNDETERMINED,UNDETERMINED,UNDETERMINED,UNDETERMINED,UNDETERMINED,UNDETERMINED,,,False,below_nmin,30
c_e81a3081874e,2018,8,3106,host,20,18,7,True,0.440674395214429,0.3415559202559268,0.15900969905606405,0.0041740896870614,0.3138453084250667,2018,0.4444444444444444,0.5333333333333333,15,0.7222222222222222,13,0.2777777777777778,0.0,2,0.0,0.14484063373088601,1.0819061446474485,2.0108478767689686,0.15879473225345567,0.5244576076772571,0.4485514485514486,0.5524475524475524,0.35203828950327126,2.6295962586882053,0.6313686313686314,0.3696303696303696,0.26854087173994556,2.005901325758112,0.4485514485514486,0.5524475524475524,0.35203828950327126,2.6295962586882053,0.2677322677322677,0.7332667332667333,0.4574272775856525,3.4168131525079053,0.3726273726273726,0.6283716283716284,0.37677636041301144,4.219538805135824,7.0,18.0,11.0,0.620662513786148,0.26173826173826176,0.7392607392607392,0.09090909090909091,mock modular,heldout_concept,2010,2008-11,2602.0,31,False,B_s2_index,True,0.4114343185090953,L3,6,0.4114343185090953,1.0710686381517476,0.35203828950327126,2.6295962586882053,True,UNDETERMINED,UNDETERMINED,UNDETERMINED,UNDETERMINED,UNDETERMINED,UNDETERMINED,UNDETERMINED,UNDETERMINED,UNDETERMINED,UNDETERMINED,UNDETERMINED,,,False,below_nmin,30
c_e81a3081874e,2018,8,2608,host,18,15,11,True,0.1342207150094497,0.8359524594328948,-0.12052185218492843,-0.425420197051026,0.18437649268116912,2018,0.2,0.21428571428571427,14,0.5333333333333333,9,0.4,0.0,0,0.0,0.01590349390158585,0.3000715535392196,2.5661789905797994,0.6458298752361268,0.9792513556266048,0.7402597402597403,0.26073926073926074,0.08349334298332572,1.575375656080903,0.34965034965034963,0.6513486513486514,0.17477437010018518,3.2976915059885967,0.7402597402597403,0.26073926073926074,0.08349334298332572,1.575375656080903,0.9630369630369631,0.03796203796203796,0.05022549081785174,0.9476685532277735,0.7942057942057942,0.20679320679320679,0.035487523195824856,1.5115047293859853,10.0,15.0,9.0,0.1075694412438675,0.8731268731268731,0.12787212787212787,0.7646886685779908,mock modular,heldout_concept,2010,2008-11,2602.0,26,False,B_s2_index,True,0.19047619047619047,L4,23,0.19047619047619047,0.704658753799611,0.08349334298332572,1.575375656080903,False,UNDETERMINED,UNDETERMINED,UNDETERMINED,UNDETERMINED,UNDETERMINED,UNDETERMINED,UNDETERMINED,UNDETERMINED,UNDETERMINED,UNDETERMINED,UNDETERMINED,,,False,below_nmin,30
c_e895570ed25f,2016,3,2202,host,13,13,0,True,,0.7987522593776747,0.9521270638289081,0.249813119933461,1.6544410077243552,2016,0.15384615384615385,0.15384615384615385,13,0.6923076923076923,6,0.5384615384615384,0.3076923076923077,0,,,,,,,,,,,,,,,,,,,,,,,,,,,,,,,,,,object proposal,screen,2013,2012-16,1707.0,22,False,B_s2_index,True,0.18435880431220825,L3,19,0.18435880431220825,,,,True,UNDETERMINED,UNDETERMINED,UNDETERMINED,UNDETERMINED,UNDETERMINED,UNDETERMINED,UNDETERMINED,UNDETERMINED,UNDETERMINED,UNDETERMINED,UNDETERMINED,,,False,no_cohort_parents,30
c_e895570ed25f,2017,4,2202,host,23,23,0,True,,0.7018893761024606,1.177823708375884,0.5705321314126399,1.785115285339128,2017,0.2608695652173913,0.2727272727272727,22,0.7391304347826086,14,0.3913043478260869,0.17391304347826086,0,,,,,,,,,,,,,,,,,,,,,,,,,,,,,,,,,,object proposal,screen,2013,2012-16,1707.0,22,False,B_s2_index,True,0.3028199819579982,L2,5,0.20158599688842269,,,,True,UNDETERMINED,UNDETERMINED,UNDETERMINED,UNDETERMINED,UNDETERMINED,UNDETERMINED,UNDETERMINED,UNDETERMINED,UNDETERMINED,UNDETERMINED,UNDETERMINED,,,False,no_cohort_parents,30
c_e895570ed25f,2017,4,1702,host,10,10,0,True,,1.0,1.3998897175594427,0.5594742607852495,2.2403051743336357,2017,0.0,0.0,9,0.7,6,0.4,0.0,0,,,,,,,,,,,,,,,,,,,,,,,,,,,,,,,,,,object proposal,screen,2013,2012-16,1707.0,17,False,B_s2_index,True,0.1157765219173888,L2,8,0.18946054333778825,,,,True,UNDETERMINED,UNDETERMINED,UNDETERMINED,UNDETERMINED,UNDETERMINED,UNDETERMINED,UNDETERMINED,UNDETERMINED,UNDETERMINED,UNDETERMINED,UNDETERMINED,,,False,no_cohort_parents,30
c_e895570ed25f,2018,5,2202,host,27,27,7,True,0.5302045110436487,0.676653204089653,1.0280555233001683,0.3199358736043749,1.7361751729959616,2018,0.25925925925925924,0.28,25,0.7407407407407407,16,0.40740740740740744,0.18518518518518517,0,0.0,0.16027668399283845,1.3713753595274032,2.146667389665607,0.5020150514818738,0.8429273322774322,0.04895104895104895,0.952047952047952,1.0090298184941595,8.633561636283464,0.04895104895104895,0.952047952047952,1.0090298184941595,8.633561636283464,0.04895104895104895,0.952047952047952,1.0090298184941595,8.633561636283464,0.3926073926073926,0.6083916083916084,0.37084876187219973,3.173093187812049,0.09490509490509491,0.906093906093906,0.6870113410604668,8.284931524119948,7.0,27.0,13.0,0.5335695052986088,0.052947052947052944,0.949050949050949,0.36363636363636365,object proposal,screen,2013,2012-16,1707.0,22,False,B_s2_index,True,0.15884236625636072,L2,4,0.15884236625636072,3.337928812946131,1.0090298184941595,8.633561636283464,True,UNDETERMINED,SOURCE,SOURCE,SOURCE,SOURCE,UNDETERMINED,UNDETERMINED,UNDETERMINED,UNDETERMINED,UNDETERMINED,UNDETERMINED,,,False,below_nmin,30
c_e895570ed25f,2018,5,1702,host,14,14,4,True,0.0,1.0,1.2554684989687723,0.3397637628601853,2.1711732350773594,2018,0.0,0.0,13,0.5714285714285714,7,0.5,0.0,0,0.006,0.0,0.0,1.6094379124341003,1.0,1.0,1.0,0.006993006993006993,0.0,0.0,1.0,0.006993006993006993,0.0,0.0,1.0,0.006993006993006993,0.0,0.0,1.0,0.006993006993006993,0.0,0.0,1.0,0.006993006993006993,0.0,0.0,4.0,14.0,6.0,0.0,1.0,0.004995004995004995,1.0,object proposal,screen,2013,2012-16,1707.0,17,False,B_s2_index,True,0.1287725893153206,L2,7,0.1287725893153206,0.0,0.0,0.0,True,UNDETERMINED,SINK,SINK,UNDETERMINED,UNDETERMINED,UNDETERMINED,UNDETERMINED,UNDETERMINED,UNDETERMINED,UNDETERMINED,UNDETERMINED,,,False,below_nmin,30
c_e895570ed25f,2019,6,2202,host,29,29,13,True,0.4186530889181189,0.6570250703019138,0.5299640472342066,-0.314392573125737,1.3743206675941502,2019,0.27586206896551724,0.2962962962962963,27,0.7586206896551724,18,0.3793103448275862,0.1724137931034483,0,0.0,0.17844023137763831,0.9002376102161511,1.61840596092218,0.4825336880820994,0.8136657143254451,0.4885114885114885,0.5124875124875125,0.4380414399900766,2.209935372016818,0.4885114885114885,0.5124875124875125,0.4380414399900766,2.209935372016818,0.4885114885114885,0.5124875124875125,0.4380414399900766,2.209935372016818,0.5014985014985015,0.4995004995004995,0.43165218354207413,2.177701335379446,0.3276723276723277,0.6733266733266733,0.465465924118578,3.739056262751599,13.0,29.0,15.0,0.3932713235298774,0.5314685314685315,0.4695304695304695,0.42367959666771515,object proposal,screen,2013,2012-16,1707.0,22,False,B_s2_index,False,0.4073592475216059,L2,5,0.4073592475216059,1.02772452439763,0.4380414399900766,2.209935372016818,False,UNDETERMINED,UNDETERMINED,UNDETERMINED,UNDETERMINED,UNDETERMINED,UNDETERMINED,UNDETERMINED,UNDETERMINED,UNDETERMINED,UNDETERMINED,UNDETERMINED,,,False,below_nmin,30
c_e895570ed25f,2019,6,1702,host,18,18,6,True,0.013551957581836112,0.9909653616121091,0.7778109081217494,-0.20130398373489666,1.7569257999783954,2019,0.05555555555555555,0.058823529411764705,17,0.6666666666666666,9,0.5,0.1111111111111111,0,0.0,0.0,0.06098380911826251,2.391681766222701,0.9728960848363278,1.0,1.0,0.000999000999000999,0.0,0.24634342680095864,1.0,0.000999000999000999,0.0,0.24634342680095864,0.996003996003996,0.004995004995004995,0.0,0.3218813165205316,1.0,0.000999000999000999,0.0,0.14110455458866833,0.996003996003996,0.004995004995004995,0.0,0.3090952788692453,6.0,18.0,8.0,0.015034946576017024,0.998001998001998,0.002997002997002997,0.9699301068479659,object proposal,screen,2013,2012-16,1707.0,17,False,B_s2_index,False,0.24755606394781707,L2,6,0.18946054333778825,0.05474298373354636,0.0,0.24634342680095864,False,UNDETERMINED,SINK,SINK,SINK,UNDETERMINED,UNDETERMINED,UNDETERMINED,UNDETERMINED,UNDETERMINED,UNDETERMINED,UNDETERMINED,,,False,below_nmin,30
c_e895570ed25f,2019,6,2214,host,11,11,3,True,0.0,1.0,0.9466509829315447,-0.8549117988730656,2.748213764736155,2019,0.0,0.0,11,0.6363636363636364,3,0.7272727272727273,0.36363636363636365,0,0.032,0.0,0.0,1.2992829841302609,1.0,1.0,1.0,0.03296703296703297,0.0,0.0,1.0,0.03296703296703297,0.0,0.0,1.0,0.03296703296703297,0.0,0.0,1.0,0.03296703296703297,0.0,0.0,1.0,0.03296703296703297,0.0,0.0,3.0,11.0,5.0,0.0,1.0,0.03296703296703297,1.0,object proposal,screen,2013,2012-16,1707.0,22,False,B_s2_index,False,0.4073592475216059,L2,5,0.4073592475216059,0.0,0.0,0.0,False,UNDETERMINED,SINK,SINK,UNDETERMINED,UNDETERMINED,UNDETERMINED,UNDETERMINED,UNDETERMINED,UNDETERMINED,UNDETERMINED,UNDETERMINED,,,False,below_nmin,30
c_e8febadc6f35,2012,4,1702,host,17,17,2,True,0.0,1.0,1.032542531900769,0.2944308342557457,1.7706542295457925,2012,0.0,0.0,16,0.17647058823529413,5,0.7058823529411764,0.058823529411764705,1,0.105,0.0,0.0,1.0986122886681098,1.0,1.0,1.0,0.10589410589410589,0.0,0.0,1.0,0.10589410589410589,0.0,0.0,1.0,0.10589410589410589,0.0,0.0,1.0,0.10589410589410589,0.0,0.0,1.0,0.10589410589410589,0.0,0.0,2.0,17.0,4.0,0.0,1.0,0.11988011988011989,1.0,community question answering,screen,2008,2008-11,1710.0,17,False,B_s2_index,False,0.1179289294609267,L2,7,0.18946054333778825,0.0,0.0,0.0,True,UNDETERMINED,UNDETERMINED,UNDETERMINED,UNDETERMINED,UNDETERMINED,UNDETERMINED,UNDETERMINED,UNDETERMINED,UNDETERMINED,UNDETERMINED,UNDETERMINED,,,False,below_nmin,30
c_e8febadc6f35,2013,5,1702,host,24,23,4,True,0.0,1.0,0.3755399247590066,0.24762708663323926,0.5034527628847739,2013,0.0,0.0,21,0.2608695652173913,8,0.6521739130434783,0.043478260869565216,1,0.01,0.0,0.0,1.0986122886681098,1.0,1.0,1.0,0.01098901098901099,0.0,0.0,1.0,0.01098901098901099,0.0,0.0,1.0,0.01098901098901099,0.0,0.0,1.0,0.01098901098901099,0.0,0.0,1.0,0.01098901098901099,0.0,0.0,4.0,23.0,7.0,0.0,1.0,0.02197802197802198,1.0,community question answering,screen,2008,2008-11,1710.0,17,False,B_s2_index,False,0.11900735469346849,L2,7,0.18946054333778825,0.0,0.0,0.0,True,UNDETERMINED,SINK,SINK,SINK,SINK,UNDETERMINED,UNDETERMINED,UNDETERMINED,UNDETERMINED,UNDETERMINED,UNDETERMINED,,,False,below_nmin,30
c_e8febadc6f35,2014,6,1702,host,28,26,8,True,0.125,0.9090909090909091,0.22539518465566669,0.022052734139646896,0.4287376351716865,2014,0.038461538461538464,0.041666666666666664,24,0.34615384615384615,11,0.5769230769230769,0.038461538461538464,1,0.0,0.0,0.5,2.4423470353692043,0.75,1.0,0.8311688311688312,0.16983016983016982,0.0,1.7704172504422007,0.8311688311688312,0.16983016983016982,0.0,1.7704172504422007,0.7062937062937062,0.2947052947052947,0.0,2.6390719206824635,0.8671328671328671,0.13386613386613386,0.0,1.5739331997489412,0.7462537462537463,0.2547452547452547,0.0,3.4060058497098384,8.0,26.0,10.0,0.125,0.8111888111888111,0.18981018981018982,0.7142857142857143,community question answering,screen,2008,2008-11,1710.0,17,False,B_s2_index,False,0.28241929967363005,L2,7,0.18946054333778825,0.44260431261055017,0.0,1.7704172504422007,True,UNDETERMINED,UNDETERMINED,UNDETERMINED,UNDETERMINED,UNDETERMINED,UNDETERMINED,UNDETERMINED,UNDETERMINED,UNDETERMINED,UNDETERMINED,UNDETERMINED,,,False,below_nmin,30
c_e8febadc6f35,2015,7,1702,host,44,42,14,True,0.07142857142857142,0.6711640211640212,0.3050207021121881,0.0719057296164887,0.5381356746078876,2015,0.19047619047619047,0.2,40,0.2857142857142857,21,0.5,0.0,1,0.0,0.0,0.25,2.224623551524334,0.5128502415458936,0.8272087191358024,0.996003996003996,0.004995004995004995,0.0,0.6116016230479906,0.996003996003996,0.004995004995004995,0.0,0.6116016230479906,0.9040959040959041,0.0969030969030969,0.0,1.3195359603412318,0.9820179820179821,0.01898101898101898,0.0,0.7889099038954582,0.962037962037962,0.03896103896103896,0.0,0.836789075237205,14.0,42.0,20.0,0.07142857142857142,0.995004995004995,0.005994005994005994,0.49078087375301,community question answering,screen,2008,2008-11,1710.0,17,False,B_s2_index,False,0.4087628132085307,L2,7,0.18946054333778825,0.17474332087085445,0.0,0.6116016230479906,True,SINK,SINK,SINK,SINK,SINK,SINK,SINK,SINK,SINK,SINK,FADING,0.996003996003996,0.004995004995004995,True,tested,30
c_e8febadc6f35,2016,8,1702,host,86,82,19,True,0.18478444278620287,0.4448741100298345,0.37284050215261644,0.09619972596697973,0.6494812783382531,2016,0.4268292682926829,0.45454545454545453,77,0.5121951219512195,51,0.3780487804878049,0.036585365853658534,2,0.0,0.04685719390491486,0.42545280162831645,2.2060603915465316,0.3463019225646579,0.5414862185870075,0.8811188811188811,0.11988011988011989,0.1377778426097802,1.250991880981754,0.8811188811188811,0.11988011988011989,0.1377778426097802,1.250991880981754,0.5644355644355644,0.43656343656343655,0.24731900943286858,2.2456010847059527,0.8501498501498501,0.15084915084915085,0.1479816684802151,1.343640329216053,0.7472527472527473,0.25374625374625376,0.15111312615831798,2.38915171130168,19.0,82.0,54.0,0.18478444278620287,0.9140859140859141,0.08691308691308691,0.3132123036330734,community question answering,screen,2008,2008-11,1710.0,17,False,B_s2_index,True,0.34009237637452083,L2,6,0.18946054333778825,0.5433360334508416,0.1377778426097802,1.250991880981754,True,UNDETERMINED,UNDETERMINED,UNDETERMINED,UNDETERMINED,UNDETERMINED,UNDETERMINED,UNDETERMINED,UNDETERMINED,UNDETERMINED,UNDETERMINED,FADING,0.8811188811188811,0.11988011988011989,True,tested,30
c_ed80891593f2,2011,4,2206,host,26,26,0,True,,0.5641025641025641,1.9824350019271415,1.148919477601158,2.815950526253125,2011,0.23076923076923078,0.23076923076923078,26,0.7307692307692307,13,0.5,0.3076923076923077,0,,,,,,,,,,,,,,,,,,,,,,,,,,,,,,,,,,group lasso,heldout_concept,2007,2005-07,2613.0,22,False,B_s2_index,False,0.25586481791034005,L2,5,0.20158599688842269,,,,True,UNDETERMINED,UNDETERMINED,UNDETERMINED,UNDETERMINED,UNDETERMINED,UNDETERMINED,UNDETERMINED,UNDETERMINED,UNDETERMINED,UNDETERMINED,UNDETERMINED,,,False,no_cohort_parents,30
c_ed80891593f2,2011,4,1707,host,13,13,0,True,,0.6244918662403709,1.750281035993157,0.9534058116080121,2.5471562603783022,2011,0.23076923076923078,0.23076923076923078,13,0.8461538461538461,5,0.6153846153846154,0.46153846153846156,0,,,,,,,,,,,,,,,,,,,,,,,,,,,,,,,,,,group lasso,heldout_concept,2007,2005-07,2613.0,17,False,B_s2_index,False,0.09730449519278775,L2,10,0.18946054333778825,,,,True,UNDETERMINED,UNDETERMINED,UNDETERMINED,UNDETERMINED,UNDETERMINED,UNDETERMINED,UNDETERMINED,UNDETERMINED,UNDETERMINED,UNDETERMINED,UNDETERMINED,,,False,no_cohort_parents,30
c_ed80891593f2,2012,5,2206,host,40,40,1,True,1.0,0.5585966362667509,1.9168861262808012,1.030732190404351,2.8030400621572515,2012,0.275,0.28205128205128205,39,0.725,22,0.44999999999999996,0.225,0,0.377,0.0,2.0,2.639057329615259,0.4050660296079767,0.7222468922658977,0.6093906093906094,0.7682317682317682,0.0,10.79668945298131,0.6093906093906094,0.7682317682317682,0.0,17.344312260390772,0.6093906093906094,0.7682317682317682,0.0,10.79668945298131,0.6363636363636364,0.7412587412587412,0.0,4.337767594730449,0.6103896103896104,0.7672327672327672,0.0,27.813506215355396,1.0,40.0,18.0,1.0,0.5874125874125874,0.7542457542457542,0.28593036081738726,group lasso,heldout_concept,2007,2005-07,2613.0,22,False,B_s2_index,False,0.1852419678003924,L3,22,0.1852419678003924,5.398344726490655,0.0,10.79668945298131,True,UNDETERMINED,UNDETERMINED,UNDETERMINED,UNDETERMINED,UNDETERMINED,UNDETERMINED,UNDETERMINED,UNDETERMINED,UNDETERMINED,UNDETERMINED,UNDETERMINED,0.6093906093906094,0.7682317682317682,True,tested,30
c_ed80891593f2,2012,5,1702,host,18,18,1,True,0.0,0.8962567781330243,1.229557248383214,0.10942896392244017,2.3496855328439876,2012,0.05555555555555555,0.0625,16,0.3888888888888889,6,0.6666666666666667,0.1111111111111111,0,0.351,0.0,0.0,0.8472978603872037,0.6887703343990728,1.0,1.0,0.3516483516483517,0.0,0.0,1.0,0.3516483516483517,0.0,0.0,1.0,0.3516483516483517,0.0,0.0,1.0,0.3516483516483517,0.0,0.0,1.0,0.3516483516483517,0.0,0.0,1.0,18.0,5.0,0.0,1.0,0.37962037962037964,0.6265244012788873,group lasso,heldout_concept,2007,2005-07,2613.0,17,False,B_s2_index,False,0.1179289294609267,L2,7,0.18946054333778825,0.0,0.0,0.0,True,UNDETERMINED,UNDETERMINED,UNDETERMINED,UNDETERMINED,UNDETERMINED,UNDETERMINED,UNDETERMINED,UNDETERMINED,UNDETERMINED,UNDETERMINED,UNDETERMINED,,,False,below_nmin,30
c_ed80891593f2,2012,5,1707,host,17,17,1,True,1.9015634277644313,0.5594971551292143,1.5838982434701638,0.6594297084836401,2.5083667784566877,2012,0.35294117647058826,0.35294117647058826,17,0.8235294117647058,8,0.5294117647058824,0.35294117647058826,0,0.339,0.3775406687981454,3.010162675192582,2.0760711063949966,0.3431148328004636,0.7751471270931236,0.3436563436563437,0.996003996003996,3.201425388358466,25.5252268374906,0.3436563436563437,0.996003996003996,3.201425388358466,25.5252268374906,0.35064935064935066,0.989010989010989,1.992713955881727,15.888071585574302,0.3626373626373626,0.977022977022977,1.192327013889445,9.506520940536792,0.3516483516483517,0.988011988011988,1.670835593133186,51.677265723106096,1.0,17.0,8.0,1.9015634277644313,0.37662337662337664,0.993006993006993,0.33525086810069327,group lasso,heldout_concept,2007,2005-07,2613.0,17,False,B_s2_index,False,0.1179289294609267,L2,7,0.18946054333778825,16.124656065791513,3.201425388358466,25.5252268374906,True,UNDETERMINED,UNDETERMINED,UNDETERMINED,UNDETERMINED,UNDETERMINED,UNDETERMINED,UNDETERMINED,UNDETERMINED,UNDETERMINED,UNDETERMINED,UNDETERMINED,,,False,below_nmin,30
c_ed80891593f2,2012,5,1311,host,10,10,0,True,,1.0,1.6324384916787846,0.7239155172382556,2.5409614661193136,2012,0.0,0.0,9,0.6,2,0.8,0.4,0,,,,,,,,,,,,,,,,,,,,,,,,,,,,,,,,,,group lasso,heldout_concept,2007,2005-07,2613.0,13,False,B_s2_index,False,0.1572431072819973,L3,12,0.1572431072819973,,,,True,UNDETERMINED,UNDETERMINED,UNDETERMINED,UNDETERMINED,UNDETERMINED,UNDETERMINED,UNDETERMINED,UNDETERMINED,UNDETERMINED,UNDETERMINED,UNDETERMINED,,,False,no_cohort_parents,30
c_ed80891593f2,2013,6,2206,host,53,53,8,True,0.9225148134972433,0.5798988970565252,1.3543633881565724,0.2517900027286599,2.456936773584485,2013,0.33962264150943394,0.34615384615384615,52,0.7924528301886793,32,0.39622641509433965,0.22641509433962265,0,0.0,0.42616668493286375,2.15219235083694,1.619412484013509,0.45514715934913474,0.70494757623365,0.000999000999000999,1.0,4.287875951920583,21.654282587844538,0.000999000999000999,1.0,4.287875951920583,21.654282587844538,0.000999000999000999,1.0,2.1140688912471726,10.676298870244308,0.07792207792207792,0.9230769230769231,0.9243060179277388,4.667855118543613,0.005994005994005994,0.995004995004995,1.8473782128895302,52.45877042995505,8.0,53.0,28.0,0.913596633164099,0.000999000999000999,1.0,0.3932944232521603,group lasso,heldout_concept,2007,2005-07,2613.0,22,False,B_s2_index,False,0.09938876257415502,L2,6,0.20158599688842269,9.281882474479398,4.287875951920583,21.654282587844538,True,SOURCE,SOURCE,SOURCE,SOURCE,SOURCE,SOURCE,SOURCE,SOURCE,SOURCE,SOURCE,SOURCE,0.000999000999000999,1.0,True,tested,30
c_ed80891593f2,2013,6,1707,host,28,28,6,True,0.650260571294072,0.554403324748688,1.1827834479761288,0.1932920372030591,2.1722748587491987,2013,0.2857142857142857,0.3333333333333333,24,0.7142857142857143,11,0.6071428571428572,0.32142857142857145,0,0.002,0.2660804182753254,1.5398054473133842,1.7556106791061774,0.35835827959780353,0.748742368944918,0.007992007992007992,0.995004995004995,2.2358317178016294,12.938741906157952,0.007992007992007992,0.995004995004995,2.2358317178016294,12.938741906157952,0.01898101898101898,0.984015984015984,1.404410721027713,8.127314638637305,0.16983016983016982,0.8331668331668332,0.6675605830332655,3.863168243755135,0.053946053946053944,0.949050949050949,0.9958219834747362,26.246521422744685,6.0,28.0,12.0,0.650260571294072,0.003996003996003996,0.997002997002997,0.40355706347117537,group lasso,heldout_concept,2007,2005-07,2613.0,17,False,B_s2_index,False,0.11900735469346849,L2,7,0.18946054333778825,5.464036848554205,2.2358317178016294,12.938741906157952,True,UNDETERMINED,SOURCE,SOURCE,SOURCE,SOURCE,UNDETERMINED,UNDETERMINED,UNDETERMINED,UNDETERMINED,UNDETERMINED,UNDETERMINED,,,False,below_nmin,30
c_ed80891593f2,2013,6,1702,host,26,25,4,True,0.0,0.9308378520886829,0.8483088275717727,-0.2557382174315408,1.9523558725750862,2013,0.04,0.043478260869565216,23,0.44,9,0.64,0.12,0,0.021,0.0,0.0,1.6094379124341003,0.8076760271542989,1.0,1.0,0.02197802197802198,0.0,0.0,1.0,0.02197802197802198,0.0,0.0,1.0,0.02197802197802198,0.0,0.0,1.0,0.02197802197802198,0.0,0.0,1.0,0.02197802197802198,0.0,0.0,4.0,25.0,8.0,0.0,1.0,0.016983016983016984,0.7732974822156883,group lasso,heldout_concept,2007,2005-07,2613.0,17,False,B_s2_index,False,0.11900735469346849,L2,7,0.18946054333778825,0.0,0.0,0.0,False,UNDETERMINED,UNDETERMINED,UNDETERMINED,SINK,SINK,UNDETERMINED,UNDETERMINED,UNDETERMINED,UNDETERMINED,UNDETERMINED,UNDETERMINED,,,False,below_nmin,30
c_ed80891593f2,2013,6,1312,host,11,11,2,True,0.0,0.8527750551374812,0.8297367561323151,0.15382233270052847,1.5056511795641017,2013,0.09090909090909091,0.1,10,0.6363636363636364,5,0.5454545454545454,0.18181818181818182,0,0.101,0.0,0.0,1.0986122886681098,0.631937637843703,1.0,1.0,0.1018981018981019,0.0,0.0,1.0,0.1018981018981019,0.0,0.0,1.0,0.1018981018981019,0.0,0.0,1.0,0.1018981018981019,0.0,0.0,1.0,0.1018981018981019,0.0,0.0,2.0,11.0,5.0,0.0,1.0,0.1258741258741259,0.5889417216915293,group lasso,heldout_concept,2007,2005-07,2613.0,13,False,B_s2_index,False,0.14880431431696486,L2,3,0.18650947889491853,0.0,0.0,0.0,True,UNDETERMINED,UNDETERMINED,UNDETERMINED,UNDETERMINED,UNDETERMINED,UNDETERMINED,UNDETERMINED,UNDETERMINED,UNDETERMINED,UNDETERMINED,UNDETERMINED,,,False,below_nmin,30
c_ed80891593f2,2013,6,1311,host,10,10,2,True,0.0,1.0,0.5578636004441619,-1.3128599659285127,2.4285871668168366,2013,0.0,0.0,9,0.6,2,0.8,0.4,0,0.108,0.0,0.0,1.0986122886681098,1.0,1.0,1.0,0.1088911088911089,0.0,0.0,1.0,0.1088911088911089,0.0,0.0,1.0,0.1088911088911089,0.0,0.0,1.0,0.1088911088911089,0.0,0.0,1.0,0.1088911088911089,0.0,0.0,2.0,10.0,2.0,0.0,1.0,0.1038961038961039,1.0,group lasso,heldout_concept,2007,2005-07,2613.0,13,False,B_s2_index,False,0.14880431431696486,L2,3,0.14880431431696486,0.0,0.0,0.0,False,UNDETERMINED,UNDETERMINED,UNDETERMINED,UNDETERMINED,UNDETERMINED,UNDETERMINED,UNDETERMINED,UNDETERMINED,UNDETERMINED,UNDETERMINED,UNDETERMINED,,,False,below_nmin,30
c_ed80891593f2,2014,7,2206,host,77,76,26,True,0.5318308482428041,0.4727128760246699,0.4509465793361387,0.061065163387699906,0.8408279952845774,2014,0.42105263157894735,0.43243243243243246,74,0.8026315789473685,46,0.39473684210526316,0.21052631578947367,0,0.0,0.343046121694967,0.8097516154108276,0.8588627915201668,0.3702220713166473,0.567467669454545,0.001998001998001998,0.999000999000999,1.5558077672492123,3.672444528957477,0.001998001998001998,0.999000999000999,1.5558077672492123,3.672444528957477,0.000999000999000999,1.0,1.7017358695050735,4.016904090114072,0.26973026973026976,0.7312687312687313,0.7500545726384433,1.7704846766357374,0.017982017982017984,0.983016983016983,1.211284677861352,21.171781262076415,26.0,76.0,43.0,0.5058931692587275,0.001998001998001998,0.999000999000999,0.35066025926346645,group lasso,heldout_concept,2007,2005-07,2613.0,22,False,B_s2_index,False,0.22049389964256247,L2,4,0.20158599688842269,2.411998014933487,1.5558077672492123,3.672444528957477,True,SOURCE,SOURCE,SOURCE,SOURCE,SOURCE,SOURCE,SOURCE,SOURCE,SOURCE,UNDETERMINED,SOURCE,0.005994005994005994,0.999000999000999,True,tested,30
c_ed80891593f2,2014,7,1707,host,38,37,13,True,0.37704334059726397,0.693652285764723,0.3369191756263228,0.05083863478087025,0.6229997164717753,2014,0.21621621621621623,0.24242424242424243,33,0.7297297297297297,16,0.5675675675675675,0.2972972972972973,0,0.0,0.16727175698794322,0.7515484421499048,1.5025176434934893,0.528246786440732,0.8399758473455922,0.2707292707292707,0.7302697302697303,0.5922816081664608,2.6611086530503076,0.2707292707292707,0.7302697302697303,0.5922816081664608,2.6611086530503076,0.08391608391608392,0.9170829170829171,0.8828843939802034,3.9667807814209257,0.34865134865134867,0.6523476523476524,0.5265491434073216,2.3657740886386636,0.27672327672327673,0.7242757242757243,0.5080783953557482,6.661542015781116,13.0,37.0,17.0,0.37704334059726397,0.27172827172827174,0.7292707292707292,0.5478152834847625,group lasso,heldout_concept,2007,2005-07,2613.0,17,False,B_s2_index,False,0.28241929967363005,L2,7,0.18946054333778825,1.3350480687155004,0.5922816081664608,2.6611086530503076,True,UNDETERMINED,UNDETERMINED,UNDETERMINED,UNDETERMINED,UNDETERMINED,UNDETERMINED,UNDETERMINED,UNDETERMINED,UNDETERMINED,UNDETERMINED,UNDETERMINED,0.4060939060939061,0.999000999000999,True,tested,30
c_ed80891593f2,2014,7,1702,host,32,32,8,True,0.07780741640023182,0.9434127880725587,0.9952196175192481,-0.007646303873389271,1.9980855389118855,2014,0.03125,0.034482758620689655,29,0.46875,11,0.65625,0.15625,0,0.001,0.0,0.20896848976062127,1.5426278869124244,0.8443851671995364,1.0,0.987012987012987,0.014985014985014986,0.0,0.7399228381421166,0.987012987012987,0.014985014985014986,0.0,0.7399228381421166,0.9170829170829171,0.08491508491508491,0.0,1.102965747269353,0.996003996003996,0.005994005994005994,0.0,0.657804887471277,0.8951048951048951,0.1068931068931069,0.0,1.49640277401657,8.0,32.0,9.0,0.07780741640023182,0.98001998001998,0.02097902097902098,0.7925135562660485,group lasso,heldout_concept,2007,2005-07,2613.0,17,False,B_s2_index,False,0.28241929967363005,L2,7,0.18946054333778825,0.27550318441461963,0.0,0.7399228381421166,False,SINK,SINK,SINK,SINK,SINK,SINK,UNDETERMINED,UNDETERMINED,SINK,SINK,SINK,0.987012987012987,0.04495504495504496,True,tested,30
c_ed80891593f2,2014,7,1312,host,16,15,5,True,0.0,0.6159592697658828,0.292590610813082,0.14441764552244393,0.4407635761037201,2014,0.26666666666666666,0.2857142857142857,14,0.7333333333333333,8,0.4666666666666667,0.2,0,0.001,0.0,0.0,1.2237754316221159,0.3452609723101111,0.8571428571428571,1.0,0.001998001998001998,0.0,0.0,1.0,0.001998001998001998,0.0,0.0,1.0,0.001998001998001998,0.0,0.0,1.0,0.001998001998001998,0.0,0.0,1.0,0.001998001998001998,0.0,0.0,5.0,15.0,8.0,0.0,1.0,0.005994005994005994,0.33776832598550316,group lasso,heldout_concept,2007,2005-07,2613.0,13,False,B_s2_index,False,0.15162238820665583,L1,3,0.18650947889491853,0.0,0.0,0.0,True,UNDETERMINED,FADING,FADING,FADING,UNDETERMINED,UNDETERMINED,UNDETERMINED,UNDETERMINED,UNDETERMINED,UNDETERMINED,UNDETERMINED,,,False,below_nmin,30
c_ed80891593f2,2014,7,1311,host,12,12,7,True,0.05306689725546251,0.9071329298029406,0.30312704155573994,-1.484367431960533,2.0906215150720127,2014,0.08333333333333333,0.09090909090909091,11,0.6666666666666666,4,0.6666666666666667,0.3333333333333333,0,0.0,0.0,0.18573414039411879,1.504077396776274,0.7523544794745082,1.0,0.919080919080919,0.08191808191808192,0.0,1.1811909825784994,0.919080919080919,0.08191808191808192,0.0,1.1811909825784994,0.919080919080919,0.08191808191808192,0.0,1.1811909825784994,0.991008991008991,0.00999000999000999,0.0,0.584666259786269,0.9180819180819181,0.08291708291708291,0.0,1.2249783332852526,7.0,12.0,4.0,0.05306689725546251,0.9230769230769231,0.07792207792207792,0.7523544794745082,group lasso,heldout_concept,2007,2005-07,2613.0,13,False,B_s2_index,False,0.1572431072819973,L2,4,0.1572431072819973,0.33748313787957124,0.0,1.1811909825784994,False,UNDETERMINED,UNDETERMINED,UNDETERMINED,UNDETERMINED,UNDETERMINED,UNDETERMINED,UNDETERMINED,UNDETERMINED,UNDETERMINED,UNDETERMINED,UNDETERMINED,,,False,below_nmin,30
c_ed80891593f2,2015,8,2206,host,84,77,39,True,0.40984532161987636,0.4413785595135066,0.005198393060150968,-0.25884313077385385,0.2692399168941558,2015,0.42857142857142855,0.44,75,0.7922077922077922,47,0.38961038961038963,0.16883116883116883,0,0.0,0.2758696892430007,0.5661739651297755,0.7189728821050748,0.3410377054381535,0.5416743420080669,0.001998001998001998,0.999000999000999,1.4897945214760226,3.057540949015648,0.001998001998001998,0.999000999000999,1.4897945214760226,3.057540949015648,0.002997002997002997,0.998001998001998,1.3684962919110586,2.808597689665673,0.4905094905094905,0.5104895104895105,0.68251909703097,1.400750276346725,0.10989010989010989,0.8911088911088911,0.7550560791942789,4.668292291169221,39.0,77.0,46.0,0.40984532161987636,0.001998001998001998,0.999000999000999,0.3285741743107762,group lasso,heldout_concept,2007,2005-07,2613.0,22,False,B_s2_index,False,0.18517297873379288,L2,4,0.20158599688842269,2.2133106267576728,1.4897945214760226,3.057540949015648,False,SOURCE,SOURCE,SOURCE,SOURCE,SOURCE,SOURCE,SOURCE,UNDETERMINED,SOURCE,UNDETERMINED,SOURCE,0.005994005994005994,0.999000999000999,True,tested,30
c_ed80891593f2,2015,8,1707,host,49,44,16,True,0.28125,0.6721353651241982,0.14844962809897605,-0.014560177788482342,0.31145943398643444,2015,0.11363636363636363,0.13157894736842105,38,0.6818181818181818,18,0.5909090909090908,0.2727272727272727,0,0.0,0.08799019607843139,0.5559027777777775,1.8434406177378573,0.5087256791058667,0.8279258289059411,0.7932067932067932,0.2077922077922078,0.2152597869355183,1.3599641645831007,0.7932067932067932,0.2077922077922078,0.2152597869355183,1.3599641645831007,0.24875124875124874,0.7522477522477522,0.46442491153186505,2.934134822925432,0.6203796203796204,0.3806193806193806,0.2776653485279113,1.7542288279675387,0.6853146853146853,0.3156843156843157,0.22872232584600397,2.347920172785189,16.0,44.0,17.0,0.28125,0.7982017982017982,0.20279720279720279,0.47768578539005785,group lasso,heldout_concept,2007,2005-07,2613.0,17,False,B_s2_index,False,0.4087628132085307,L2,7,0.18946054333778825,0.6880518259289895,0.2152597869355183,1.3599641645831007,False,UNDETERMINED,UNDETERMINED,UNDETERMINED,UNDETERMINED,UNDETERMINED,UNDETERMINED,UNDETERMINED,UNDETERMINED,UNDETERMINED,UNDETERMINED,UNDETERMINED,1.0,0.31168831168831174,True,tested,30
c_ed80891593f2,2015,8,1702,host,41,38,17,True,0.03661525477657968,0.9585027112532097,0.15859659147129554,0.009977925392940179,0.3072152575496509,2015,0.02631578947368421,0.030303030303030304,33,0.5263157894736842,15,0.6052631578947368,0.13157894736842105,0,0.0,0.0,0.10984576432973905,1.5048940271360949,0.8832888753996523,1.0,1.0,0.000999000999000999,0.0,0.2687273909960619,1.0,0.000999000999000999,0.0,0.2687273909960619,0.998001998001998,0.002997002997002997,0.0,0.5797817444970355,1.0,0.000999000999000999,0.0,0.34663364552279036,0.996003996003996,0.004995004995004995,0.0,0.39042378232537156,17.0,38.0,13.0,0.03661525477657968,1.0,0.000999000999000999,0.8616757041773657,group lasso,heldout_concept,2007,2005-07,2613.0,17,False,B_s2_index,False,0.4087628132085307,L2,7,0.18946054333778825,0.0895757969986873,0.0,0.2687273909960619,True,SINK,SINK,SINK,SINK,SINK,SINK,SINK,SINK,SINK,SINK,SINK,1.0,0.002997002997002997,True,tested,30
c_ed80891593f2,2015,8,1312,host,24,23,7,True,0.1871745310400412,0.6353577165159368,0.3248800264655013,0.171590140653104,0.4781699122778986,2015,0.21739130434782608,0.23809523809523808,21,0.7391304347826086,10,0.5652173913043479,0.30434782608695654,0,0.001,0.0,0.4836685662956911,2.064895168630692,0.404198267451486,0.8564969778385012,0.4255744255744256,0.5764235764235764,0.0,2.967813875781553,0.4255744255744256,0.5764235764235764,0.0,2.967813875781553,0.5154845154845155,0.4865134865134865,0.0,2.5932653351532617,0.8181818181818182,0.1838161838161838,0.0,1.526283688614351,0.5074925074925075,0.4945054945054945,0.0,3.4876565756435545,7.0,23.0,10.0,0.1871745310400412,0.4305694305694306,0.5714285714285714,0.40987581698234915,group lasso,heldout_concept,2007,2005-07,2613.0,13,False,B_s2_index,False,0.16297132722594349,L1,5,0.18650947889491853,1.1485120372158617,0.0,2.967813875781553,True,UNDETERMINED,UNDETERMINED,UNDETERMINED,UNDETERMINED,UNDETERMINED,UNDETERMINED,UNDETERMINED,UNDETERMINED,UNDETERMINED,UNDETERMINED,UNDETERMINED,,,False,below_nmin,30
c_ed80891593f2,2015,8,1311,host,16,14,10,True,0.03714682807882376,0.9380886198686271,-0.18871259131866375,-1.6280279911648439,1.2506028085275163,2015,0.07142857142857142,0.08333333333333333,12,0.5714285714285714,6,0.5714285714285714,0.14285714285714285,0,0.0,0.0,0.12459665251438731,1.3921835129027045,0.8142658596058813,1.0,0.994005994005994,0.006993006993006993,0.0,0.5723311566918039,0.994005994005994,0.006993006993006993,0.0,0.5723311566918039,0.994005994005994,0.006993006993006993,0.0,0.5723311566918039,0.995004995004995,0.005994005994005994,0.0,0.3931821326432844,0.981018981018981,0.01998001998001998,0.0,0.6817702337356624,10.0,14.0,6.0,0.03714682807882376,0.996003996003996,0.004995004995004995,0.8142658596058812,group lasso,heldout_concept,2007,2005-07,2613.0,13,False,B_s2_index,False,0.21770027903876932,L2,6,0.21770027903876932,0.17063289143606675,0.0,0.5723311566918039,False,UNDETERMINED,SINK,SINK,UNDETERMINED,UNDETERMINED,UNDETERMINED,UNDETERMINED,UNDETERMINED,UNDETERMINED,UNDETERMINED,UNDETERMINED,,,False,below_nmin,30
c_ed80891593f2,2015,8,1711,host,13,13,4,True,0.0,1.0,1.171412248038721,0.05035592201489747,2.2924685740625446,2015,0.0,0.0,10,0.6153846153846154,7,0.46153846153846156,0.07692307692307693,0,0.009,0.0,0.0,1.0986122886681098,1.0,1.0,1.0,0.00999000999000999,0.0,0.0,1.0,0.00999000999000999,0.0,0.0,1.0,0.00999000999000999,0.0,0.0,1.0,0.00999000999000999,0.0,0.0,1.0,0.00999000999000999,0.0,0.0,4.0,13.0,7.0,0.0,1.0,0.015984015984015984,1.0,group lasso,heldout_concept,2007,2005-07,2613.0,17,False,B_s2_index,False,0.4087628132085307,L2,7,0.4087628132085307,0.0,0.0,0.0,True,UNDETERMINED,SINK,SINK,UNDETERMINED,UNDETERMINED,UNDETERMINED,UNDETERMINED,UNDETERMINED,UNDETERMINED,UNDETERMINED,UNDETERMINED,,,False,below_nmin,30
c_ed80891593f2,2015,8,2805,host,12,9,3,True,0.0,0.9551764297716675,0.218180374303591,-1.8527018886997313,2.2890626373069134,2015,0.1111111111111111,0.1111111111111111,9,0.7777777777777778,6,0.33333333333333337,0.1111111111111111,0,0.03,0.0,0.0,1.466337068793427,0.8847393908414307,1.0,1.0,0.030969030969030968,0.0,0.0,1.0,0.030969030969030968,0.0,0.0,1.0,0.030969030969030968,0.0,0.0,1.0,0.030969030969030968,0.0,0.0,1.0,0.030969030969030968,0.0,0.0,3.0,9.0,6.0,0.0,1.0,0.03696303696303696,0.8655292893150025,group lasso,heldout_concept,2007,2005-07,2613.0,28,False,B_s2_index,False,0.28906348656172787,L3,6,0.28906348656172787,0.0,0.0,0.0,False,UNDETERMINED,SINK,UNDETERMINED,UNDETERMINED,UNDETERMINED,UNDETERMINED,UNDETERMINED,UNDETERMINED,UNDETERMINED,UNDETERMINED,UNDETERMINED,,,False,below_nmin,30
c_ed80891593f2,2015,8,2208,host,10,10,1,True,0.0,0.6666666666666666,1.1710843195120149,0.5467437443448615,1.7954248946791682,2015,0.2,0.2222222222222222,9,0.7,6,0.4,0.1,0,0.348,0.0,0.0,0.8472978603872037,0.3333333333333333,1.0,1.0,0.34865134865134867,0.0,0.0,1.0,0.34865134865134867,0.0,0.0,1.0,0.34865134865134867,0.0,0.0,1.0,0.34865134865134867,0.0,0.0,1.0,0.34865134865134867,0.0,0.0,1.0,10.0,6.0,0.0,1.0,0.34765234765234765,0.3333333333333333,group lasso,heldout_concept,2007,2005-07,2613.0,22,False,B_s2_index,False,0.18517297873379288,L2,4,0.18517297873379288,0.0,0.0,0.0,True,UNDETERMINED,UNDETERMINED,UNDETERMINED,UNDETERMINED,UNDETERMINED,UNDETERMINED,UNDETERMINED,UNDETERMINED,UNDETERMINED,UNDETERMINED,UNDETERMINED,,,False,below_nmin,30
c_ef7889a4d23e,2013,5,2208,host,14,13,1,True,0.0,1.0,0.4407914064730834,-0.6283220866826189,1.5099048996287856,2013,0.0,0.0,3,0.07692307692307693,1,0.9230769230769231,0.0,1,0.363,0.0,0.0,0.8472978603872037,1.0,1.0,1.0,0.36363636363636365,0.0,0.0,1.0,0.36363636363636365,0.0,0.0,1.0,0.36363636363636365,0.0,0.0,1.0,0.36363636363636365,0.0,0.0,1.0,0.36363636363636365,0.0,0.0,1.0,13.0,1.0,0.0,1.0,0.33666333666333664,1.0,graphene growth,screen,2008,2008-11,2505.0,22,False,B_s2_index,False,0.09938876257415502,L2,6,0.09938876257415502,0.0,0.0,0.0,False,UNDETERMINED,UNDETERMINED,UNDETERMINED,UNDETERMINED,UNDETERMINED,UNDETERMINED,UNDETERMINED,UNDETERMINED,UNDETERMINED,UNDETERMINED,UNDETERMINED,,,False,below_nmin,30
c_ef7889a4d23e,2014,6,2208,host,23,22,4,True,0.0,1.0,0.7755758776363099,-0.18977458524803792,1.7409263405206576,2014,0.0,0.0,4,0.045454545454545456,1,0.9545454545454546,0.0,1,0.012,0.0,0.0,1.430648944115992,1.0,1.0,1.0,0.012987012987012988,0.0,0.0,1.0,0.012987012987012988,0.0,0.0,1.0,0.012987012987012988,0.0,0.0,1.0,0.012987012987012988,0.0,0.0,1.0,0.012987012987012988,0.0,0.0,4.0,22.0,1.0,0.0,1.0,0.011988011988011988,1.0,graphene growth,screen,2008,2008-11,2505.0,22,False,B_s2_index,False,0.22049389964256247,L2,4,0.20158599688842269,0.0,0.0,0.0,False,UNDETERMINED,SINK,SINK,SINK,SINK,UNDETERMINED,UNDETERMINED,UNDETERMINED,UNDETERMINED,UNDETERMINED,UNDETERMINED,,,False,below_nmin,30
c_ef7889a4d23e,2015,7,2208,host,31,31,6,True,0.0,1.0,0.9731047527094656,0.14682599274669672,1.7993835126722346,2015,0.0,0.0,5,0.03225806451612903,1,0.967741935483871,0.0,1,0.002,0.0,0.0,1.149083124161284,1.0,1.0,1.0,0.002997002997002997,0.0,0.0,1.0,0.002997002997002997,0.0,0.0,1.0,0.002997002997002997,0.0,0.0,1.0,0.002997002997002997,0.0,0.0,1.0,0.002997002997002997,0.0,0.0,6.0,31.0,1.0,0.0,1.0,0.001998001998001998,1.0,graphene growth,screen,2008,2008-11,2505.0,22,False,B_s2_index,False,0.18517297873379288,L2,4,0.18517297873379288,0.0,0.0,0.0,True,SINK,SINK,SINK,SINK,SINK,SINK,SINK,SINK,SINK,SINK,SINK,1.0,0.002997002997002997,True,tested,30
c_ef7889a4d23e,2016,8,2208,host,36,33,12,True,0.0,1.0,0.1538418562196906,-0.062393536224045115,0.3700772486634263,2016,0.0,0.0,6,0.06060606060606061,2,0.9393939393939394,0.0,1,0.0,0.0,0.0,0.8472978603872034,1.0,1.0,1.0,0.000999000999000999,0.0,0.0,1.0,0.000999000999000999,0.0,0.0,1.0,0.000999000999000999,0.0,0.0,1.0,0.000999000999000999,0.0,0.0,1.0,0.000999000999000999,0.0,0.0,12.0,33.0,2.0,0.0,1.0,0.000999000999000999,1.0,graphene growth,screen,2008,2008-11,2505.0,22,False,B_s2_index,True,0.18435880431220825,L3,19,0.18435880431220825,0.0,0.0,0.0,False,SINK,SINK,SINK,SINK,SINK,SINK,SINK,SINK,SINK,SINK,SINK,1.0,0.000999000999000999,True,tested,30
c_f9068dcb74a4,2018,3,1707,host,19,19,0,True,,0.6666666666666666,1.6177889031017516,0.9321328635481003,2.303444942655403,2018,0.05263157894736842,0.05555555555555555,18,0.6842105263157895,3,0.8421052631578947,0.5263157894736842,1,,,,,,,,,,,,,,,,,,,,,,,,,,,,,,,,,,sequence to sequence learning,heldout_concept,2015,2012-16,1702.0,17,False,B_s2_index,True,0.1287725893153206,L2,7,0.18946054333778825,,,,True,UNDETERMINED,UNDETERMINED,UNDETERMINED,UNDETERMINED,UNDETERMINED,UNDETERMINED,UNDETERMINED,UNDETERMINED,UNDETERMINED,UNDETERMINED,UNDETERMINED,,,False,no_cohort_parents,30
c_f9068dcb74a4,2019,4,1707,host,29,29,1,True,0.0,0.4,1.2469582865076454,0.4215863232355488,2.072330249779742,2019,0.10344827586206896,0.12,25,0.6551724137931034,5,0.8275862068965517,0.4827586206896552,1,0.338,0.0,0.0,0.8472978603872037,0.0,0.8099999999999985,1.0,0.3386613386613387,0.0,0.0,1.0,0.3386613386613387,0.0,0.0,1.0,0.3386613386613387,0.0,0.0,1.0,0.3386613386613387,0.0,0.0,1.0,0.3386613386613387,0.0,0.0,1.0,29.0,5.0,0.0,1.0,0.34865134865134867,0.0,sequence to sequence learning,heldout_concept,2015,2012-16,1702.0,17,False,B_s2_index,False,0.24755606394781707,L2,6,0.18946054333778825,0.0,0.0,0.0,True,UNDETERMINED,UNDETERMINED,UNDETERMINED,UNDETERMINED,UNDETERMINED,UNDETERMINED,UNDETERMINED,UNDETERMINED,UNDETERMINED,UNDETERMINED,UNDETERMINED,,,False,below_nmin,30
