irr,seed,reject_R2,p_R2,lnirr_sd_R2,n_R2,G_R2,p_wild_R2,reject_R1,p_R1,lnirr_sd_R1,n_R1,G_R1,reject_S1,p_S1,lnirr_sd_S1,n_S1,G_S1
1.0,20290929,False,0.16334300032720472,0.04671244506331653,2219,172,0.1575,False,0.20258234120268245,-0.13711108527926985,991,138,False,0.4789181698882656,-0.048626481543453205,794,111
1.0,20290930,False,0.8591829131136932,0.007337578454023769,2227,175,0.8475,False,0.2981489755961701,0.1193540871661116,945,135,False,0.1536000155099369,0.09126420020379743,778,112
1.0,20290931,False,0.7908001001153682,-0.015330385039619074,2191,171,0.795,True,0.0007152417935254994,0.3301038470923448,1027,132,False,0.5940857761778641,0.03606810611162151,791,113
1.0,20290932,False,0.2066990130237949,-0.05564751009797943,2194,169,0.1925,False,0.8198025536777858,-0.019288215523092397,1027,137,False,0.16234476499379824,-0.11075054058762404,791,107
1.0,20290933,False,0.28929067342924547,0.03274259726017281,2213,172,0.2675,False,0.3601116471873621,-0.06635059406091785,921,134,False,0.2254118167605135,-0.09789218513687538,804,113
1.0,20290934,False,0.3764959972466644,0.0404445066294933,2206,169,0.395,False,0.9074400708248516,-0.011016940187982972,919,136,False,0.30934281572127953,0.10214969747950159,785,117
1.0,20290935,False,0.3531441524906043,-0.038292101089922516,2203,170,0.3325,False,0.11426570626158285,-0.11880733419448165,981,133,False,0.8141311878102776,-0.014256266103266258,795,111
1.0,20290936,False,0.6653425483325113,-0.023382188486460592,2217,170,0.6675,False,0.34234299039087573,-0.0985700105187062,973,133,False,0.9192565875566775,-0.0076756899328642705,802,114
1.0,20290937,False,0.9514899990584555,-0.0022746376435851196,2180,168,0.945,False,0.2872811202782051,0.0908335674219485,1042,136,False,0.4478808943493662,-0.06404426920676651,810,115
1.0,20290938,False,0.887827727123742,-0.0056371436610881285,2181,169,0.895,False,0.1552576462425609,-0.1366619813342954,890,124,False,0.5880300651436251,-0.040144858790066094,791,111
1.0,20290939,False,0.7102399647713838,-0.016484852966636068,2205,170,0.7075,False,0.8100654861814587,-0.024067743907215344,897,130,False,0.7552657485271185,-0.028780128296147425,760,107
1.0,20290940,False,0.7039478805589929,-0.020221300712179868,2207,170,0.71,False,0.19316884458707576,-0.1208348312380926,961,133,False,0.43240734770498007,-0.056069262096951525,805,116
1.0,20290941,False,0.8638113487790575,0.006660989414237327,2191,169,0.87,False,0.0638696683959018,-0.15013076079562268,1081,139,False,0.3950599297581476,-0.05141440958462535,774,109
1.0,20290942,False,0.23378475052100214,0.10283525725100927,2164,166,0.315,False,0.37291484797926916,0.0855643816062405,910,128,True,0.0009413592088195235,0.24148104556780006,799,112
1.0,20290943,False,0.20519499014899636,0.05059763374367496,2179,168,0.24,False,0.08185368505623027,0.20246568870716242,894,128,False,0.41767909935342357,-0.06910865375513503,781,107
1.0,20290944,False,0.8106001176823192,-0.009100913070258053,2178,170,0.775,False,0.7598090815798242,-0.023092640509267685,997,141,False,0.7888723185170616,-0.020037662470727944,808,114
1.0,20290945,False,0.14912414650486616,-0.06954371755992446,2207,171,0.1475,False,0.8549199227944427,0.020635074544173623,964,134,False,0.4171846881102373,-0.07042094966095855,810,115
1.0,20290946,False,0.1985275980062403,-0.06008799866620509,2218,171,0.2125,False,0.7062160410106141,-0.0358717796964106,976,132,False,0.4977006365326093,-0.05245970576598981,799,112
1.0,20290947,False,0.9685695784040185,0.0018055535220683802,2204,170,0.9625,False,0.1464958434732518,-0.12869419086078943,1045,133,False,0.1240340636887161,0.11668714678333021,773,108
1.0,20290948,True,0.014514509939792178,0.13363274588234184,2207,171,0.02,False,0.36404423798541047,0.08803867600970429,901,133,False,0.15764601765070888,-0.1358156419399373,788,111
1.0,20290949,False,0.08225577167033178,0.06944784359911843,2178,167,0.055,False,0.3106477059456732,-0.08174834081482248,1015,139,False,0.47514025538999977,0.044567394842042134,804,114
1.0,20290950,False,0.23953606252803872,-0.06369774470069006,2210,172,0.27,False,0.20892142848292822,-0.16151137681775857,953,134,False,0.06869536980438548,-0.11318596229103144,787,107
1.0,20290951,False,0.050067748053735504,-0.06942552226137215,2191,172,0.055,False,0.16465980351864654,0.1381370286844972,993,128,False,0.30922947515277505,-0.06112811328809699,795,114
1.0,20290952,False,0.5288447163112656,0.021337048232903257,2175,169,0.5075,False,0.7366033989536922,-0.03457500958085963,944,132,False,0.6188559808373519,-0.036402158041735105,791,110
1.0,20290953,False,0.0880702502359984,-0.07646562435762493,2186,171,0.0925,True,0.0012042601784471776,0.2928452252933543,1019,142,False,0.5742495053620598,0.026431878961898685,814,112
1.0,20290954,False,0.934810938487184,0.0032913581881457467,2204,174,0.9325,False,0.09310347511104396,-0.1663008421852064,1016,130,False,0.6305410612947959,-0.048246572532236305,814,114
1.0,20290955,False,0.6081084534043458,0.021282797999688106,2193,166,0.6175,False,0.16515259356283615,-0.160079707853158,977,132,False,0.046425384163701504,0.17335793020767862,775,110
1.0,20290956,False,0.0008845785535545451,-0.1546223694732502,2231,174,0.01,False,0.17835793993682514,0.11170920167234202,992,136,False,0.1774210699234543,-0.10483589239021639,786,110
1.0,20290957,False,0.25397798946782674,0.04252807195842321,2231,175,0.2775,False,0.27736974231151706,0.11277476223726329,983,140,False,0.1313474752671396,-0.19122310860526626,808,116
1.0,20290958,False,0.9776626959629637,-0.0009667557341594722,2215,172,0.98,False,0.6584080979420631,0.05324106694161323,920,129,False,0.7489854318988883,0.02301509760661239,789,112
1.0,20290959,True,0.004513176242186193,0.10016724175128029,2220,173,0.01,False,0.5213158284007444,-0.07614754902856175,1023,140,False,0.10406965825603935,0.09942752169819881,796,111
1.0,20290960,False,0.36223504212139673,-0.03199632447129752,2221,174,0.33,False,0.9655375767684374,0.0033987941897246445,933,136,False,0.8641697079259097,0.010236460358273441,783,109
1.0,20290961,False,0.8770975718712878,0.0058231767115324564,2222,172,0.875,False,0.23812447505002823,-0.10749817476195583,1067,136,False,0.6233148945604317,-0.03296565898414844,790,111
1.0,20290962,False,0.00209751419825138,-0.10599348336004444,2216,171,0.005,False,0.2758090530164564,0.1401547005133105,983,135,False,0.5874300391411867,-0.03394484329544425,807,113
1.0,20290963,False,0.9719357925288227,-0.0014542972384819419,2180,168,0.9725,False,0.6847770268050639,-0.045698891937802605,940,133,False,0.11037032036600458,0.08908238038732019,803,112
1.0,20290964,False,0.6845121684216211,-0.017091760987726863,2191,170,0.67,False,0.7131810698275479,0.029547087874819526,977,134,False,0.21460091692076377,-0.07174945348327244,797,111
1.0,20290965,False,0.16627073715457874,0.056083793422386584,2194,168,0.1675,False,0.031988474165456936,0.2506550322425472,953,133,False,0.5144816193345263,0.0426830903209804,777,111
1.0,20290966,False,0.19911672187780066,0.044156177627892375,2195,173,0.1825,False,0.6563807655677685,-0.033538833347670605,1017,135,False,0.04899853726559688,0.12603258956215502,802,115
1.0,20290967,False,0.7156082722313326,-0.018091734999560145,2219,174,0.7375,False,0.18962546247824652,0.1324367212227796,978,134,False,0.4541100685964037,-0.06159567419318064,766,113
1.0,20290968,False,0.5623789670954586,-0.02352925766541258,2204,169,0.5125,False,0.8675026285428611,-0.01610282062239334,992,140,False,0.43847068905901543,0.08226689917974837,785,110
1.0,20290969,False,0.003885164393006875,-0.08533733732931777,2214,173,0.01,False,0.06450923407264127,0.16958496442829338,1012,141,True,0.02364554535792989,0.1722330648421307,785,111
1.0,20290970,False,0.3504006037149504,0.03548302093677898,2182,168,0.4025,False,0.5177437898221793,-0.048807769165691024,959,137,False,0.31124043445804805,-0.08315843266410929,797,110
1.0,20290971,False,0.21085596031881415,0.06006632527176646,2176,168,0.29,False,0.03074251287944937,-0.15328975528228955,1005,136,False,0.11872339626886101,0.1164909479576182,805,114
1.0,20290972,False,0.8433827433541268,-0.009541746218916689,2188,169,0.845,False,0.04645138192618571,-0.1653222322231696,987,135,False,0.6613274448942065,-0.026066704292771206,781,110
1.0,20290973,False,0.7487132553714357,-0.011812509036159435,2205,169,0.7475,False,0.00596405368222365,-0.22008495759372662,981,136,False,0.48074183789583286,-0.06835418963069038,805,109
1.0,20290974,False,0.6099925872450835,-0.020878390644005047,2192,166,0.595,False,0.753830420393756,0.022905695198500154,913,136,False,0.9352906564473134,-0.0052552991960202276,800,113
1.0,20290975,False,0.8982012024275416,0.005461882975694999,2213,171,0.8825,False,0.2669667999030602,-0.11192195054132502,1035,137,False,0.28187651545859105,0.09152344437173854,780,108
1.0,20290976,False,0.517977974101172,-0.03460548556457514,2217,173,0.4675,True,0.014282430915681576,0.2513397494839983,993,138,False,0.047260008749582055,0.13350265416987692,813,115
1.0,20290977,False,0.34476498964865115,-0.04666371565250188,2219,172,0.385,False,0.550138550187391,0.05299927403101747,1079,135,False,0.9097073155283232,-0.008492593440449081,796,115
1.0,20290978,False,0.8087243486463855,-0.009064180820865726,2222,172,0.79,False,0.8854868069993685,-0.012226237559861543,944,135,False,0.9310969960372932,-0.00735485958334956,784,109
1.0,20290979,False,0.3753796645998166,-0.0307382847864894,2183,171,,False,0.7508565398771136,0.04161598214954909,1001,139,False,0.9211781017155549,0.007623712462825237,802,111
1.0,20290980,False,0.5924192274395993,0.020183581083104203,2183,171,,False,0.06439136364164161,0.12559062554305164,1008,140,False,0.5057265448468212,0.05938070564088743,796,112
1.0,20290981,False,0.08124123724234798,-0.06453608680931913,2214,173,,False,0.16506993760140437,0.18066766370589687,1000,142,False,0.9447438820571643,-0.004793851703322587,802,114
1.0,20290982,False,0.2905969552389932,-0.04214572794966795,2198,166,,False,0.008691472941839704,-0.22462756965003358,988,136,False,0.9433355539807894,-0.005061842791958099,796,116
1.0,20290983,False,0.4456182929240129,0.032150467972149134,2160,168,,False,0.841688216445365,-0.019456087850896017,998,137,False,0.9413751407795903,-0.005166255257084001,805,112
1.0,20290984,False,0.6141371926730956,-0.02130842040166848,2164,169,,False,0.5932489428068272,-0.04070201738091898,930,135,True,0.01074597743250123,0.18733843632501296,791,115
1.0,20290985,False,0.7650775919359555,0.010508967452317615,2200,168,,False,0.9707136459823493,0.003351833663763131,924,128,False,0.992266587877996,-0.0008058200298276349,796,112
1.0,20290986,False,0.14814908686373426,0.04914103036648876,2198,170,,False,0.4724804870072372,0.07948721042489897,961,133,False,0.6072284892360498,-0.04193045424048578,769,105
1.0,20290987,False,0.9599195442555217,0.002103000694229775,2193,168,,False,0.9750461370812014,0.00208801880927026,1019,129,False,0.4971138279285872,0.04989593585634188,802,112
1.0,20290988,False,0.18610967190720187,-0.04994705850140466,2200,171,,False,0.940520063125868,0.00583955897160963,950,137,False,0.08108432913363389,-0.12311610427633139,775,108
1.0,20290989,False,0.20415635623965614,-0.04785064808308589,2213,170,,False,0.2460138172627478,-0.11043530136538601,968,138,False,0.23457878306820706,0.07954968236280176,789,111
1.0,20290990,True,0.0017073617374417532,0.13346167887404428,2202,171,,False,0.4402998422462506,0.07384791022652222,958,133,False,0.4159769875978835,-0.05867801862300243,777,111
1.0,20290991,False,0.9570681674726628,-0.002240047567235974,2221,172,,False,0.7905958118245595,0.022266177644283746,971,132,False,0.2883605394011036,0.09651796718757692,778,111
1.0,20290992,False,0.4194830281542481,0.03451288099228863,2193,168,,False,0.5101570123011768,-0.0779629886814418,927,129,False,0.687939406908991,0.024813327299449427,810,115
1.0,20290993,False,0.8402286426381196,-0.011215553057587445,2193,172,,False,0.9860947047564732,-0.001730666502647574,960,129,False,0.8954614843858693,0.00834722320095855,775,108
1.0,20290994,False,0.24243557725734022,-0.05295567095963293,2166,164,,False,0.3883523505771281,-0.07087337299610555,978,136,False,0.7277162120501811,-0.023866941084929365,808,113
1.0,20290995,False,0.3544198815817129,0.06170704042758589,2204,170,,False,0.6708838873440782,-0.034228164859170344,1031,136,False,0.07712652753786182,-0.13295045805352768,810,114
1.0,20290996,False,0.05868555944921043,0.09007063011871667,2184,166,,False,0.7399689625958744,0.041577850898377525,947,136,False,0.6046659833924918,0.031103543323995363,794,111
1.0,20290997,False,0.12720093478952033,0.06606369319031365,2221,172,,False,0.47052176959247277,-0.07475853760185751,965,127,False,0.05692456773270522,0.17891627309742478,754,109
1.0,20290998,False,0.6265594816592354,-0.02545197975350228,2206,170,,False,0.5940196770363083,0.0469677981485382,1026,140,False,0.21948922823924108,0.09013714371307885,815,115
1.0,20290999,False,0.5563472312008275,-0.03035254492212621,2205,171,,False,0.22947609477684272,-0.10292342993570426,1103,140,False,0.4460809242872647,0.0591574689528698,816,116
1.0,20291000,False,0.33021916312753385,-0.03607950114861778,2221,172,,False,0.7182749055371024,0.03618489321615306,963,134,False,0.04763950952712558,0.16751612800585267,795,115
1.0,20291001,False,0.5267891758883297,-0.019716196336029244,2219,173,,False,0.46515621057841383,0.058602978616405024,931,129,False,0.285221123680822,0.08380816503543478,781,111
1.0,20291002,False,0.9607692223231203,-0.0020252568819721507,2209,172,,False,0.1859723343033692,-0.15296563954404876,898,129,False,0.5475436672160646,0.041813604551563494,779,106
1.0,20291003,False,0.6310786293993107,0.019851940420467312,2205,171,,False,0.627928706186036,-0.04498456373905109,1006,137,False,0.4230535259729068,0.053355482975593824,793,112
1.0,20291004,False,0.3360024993893897,0.034842067201992726,2206,171,,False,0.698463425001641,-0.038447270628890445,908,126,False,0.10686475693216847,-0.12166933114879357,792,111
1.0,20291005,False,0.44182440969806597,-0.03431100912208299,2175,170,,False,0.2602036435120875,-0.13776213396684592,921,140,False,0.49622574003111425,-0.04451383300923295,780,113
1.0,20291006,False,0.8408542461990776,-0.010012545467227024,2207,173,,False,0.18652369391293538,-0.12615598607140974,987,137,False,0.5423242647110561,-0.04653639375684919,782,111
1.0,20291007,False,0.03683891236749404,0.08928118687324771,2210,170,,False,0.2071242755557475,-0.10782640700515236,972,136,False,0.6231321285061254,0.040086759658026834,817,117
1.0,20291008,False,0.2184962380439057,-0.051307916283014975,2220,171,,False,0.2545982056548741,0.1705841426791789,1044,134,False,0.17426807464310448,-0.07886252992727895,803,114
1.0,20291009,False,0.0783278643714251,0.09878820582739617,2194,172,,False,0.6660044671359482,0.048757044392507935,931,135,False,0.403780890068608,0.07741668436721928,793,111
1.0,20291010,False,0.031096608427891553,0.08024738631843537,2174,170,,False,0.2089143265441027,-0.12225655812146757,964,134,False,0.37841526053599506,0.07202087895277272,800,112
1.0,20291011,False,0.16355231674181242,0.05660014404455834,2155,167,,False,0.7386554652355529,0.03265242309436679,1028,135,False,0.9330060689917598,-0.008293640016627532,793,112
1.0,20291012,False,0.0889627504691074,0.06540007126529412,2205,170,,False,0.8478732868558858,0.01712612196595646,912,132,False,0.3014197480666585,-0.07155729167397064,804,115
1.0,20291013,False,0.6156112054868526,-0.023409474928922674,2191,171,,False,0.30649301509351917,0.0762547729495983,1028,137,False,0.6466026794596915,0.043763979830761836,803,111
1.0,20291014,False,0.4174211720380883,-0.03135884119563226,2147,163,,False,0.7583066295202529,0.039331773740684056,857,129,False,0.32833204598351085,-0.06895791831923885,811,113
1.0,20291015,False,0.7299718882344837,-0.01321336122769628,2201,169,,False,0.2988294451173916,-0.09913839267325565,1013,141,False,0.6457925680326244,-0.03568319970150588,819,117
1.0,20291016,False,0.8177878378883713,0.007899811737238667,2203,172,,False,0.05628251790562749,0.15122494112805965,1003,131,False,0.4967292883596685,0.04883437489947766,762,110
1.0,20291017,False,0.40460845544746477,-0.03721699887327902,2205,171,,False,0.2709443418640814,0.08881368192937958,1007,132,False,0.9367913913949271,-0.006162192711322346,795,112
1.0,20291018,False,0.6795004365829607,0.022317509634976807,2165,167,,False,0.11644832037130688,-0.13219295910214016,940,134,False,0.3797038328506433,0.07894222844822625,809,115
1.0,20291019,False,0.6122605333806135,0.02226767268967689,2185,168,,False,0.33945958067912735,-0.09006608183813816,957,135,False,0.18181455250121709,0.10583148246263971,812,115
1.0,20291020,False,0.36886355087916306,-0.03623770761084957,2209,171,,False,0.3915835970502817,0.09108960748051179,1076,137,False,0.7373928489730729,-0.026393485365033123,779,111
1.0,20291021,False,0.02270078902156754,-0.09157994781806865,2187,168,,False,0.48138388811714156,0.06198701295035428,981,131,False,0.0921254753079976,-0.1095971826219931,775,109
1.0,20291022,False,0.7189622994069327,0.014670628550422296,2196,169,,False,0.9545703641430924,0.005602710448888835,964,133,False,0.20794177897220406,0.10285745619111127,809,113
1.0,20291023,False,0.027571237020340908,0.08192215465297499,2190,169,,False,0.2226631716845913,0.15149157946085398,917,135,False,0.12369257092774039,0.10456664984590824,799,108
1.0,20291024,True,0.00877705667643031,0.07973990563135297,2208,172,,False,0.2476766630161376,0.08690431882508247,1017,133,False,0.1458384014924097,0.11656265640925859,804,115
1.0,20291025,False,0.2525154976907697,0.043423126215046993,2201,170,,False,0.6520781421874563,0.04696599287921895,1006,133,False,0.4999559366527807,-0.06849942568580139,800,111
1.0,20291026,False,0.7674252904261618,-0.008684664150874422,2232,174,,False,0.5341980612366901,-0.0545626554155281,952,136,False,0.14661312259030032,-0.10633735054512039,809,113
1.0,20291027,False,0.6555907857166741,0.020972116686894467,2178,170,,False,0.3050515746961446,0.0890448143601528,958,136,False,0.38508893175570785,0.05612350206329459,796,113
1.0,20291028,True,0.006647791203276058,0.11678842425989218,2152,167,,False,0.3568833752208911,-0.1127932824496036,858,124,False,0.3540217096437627,-0.07177761143753891,806,116
1.0,20291029,False,0.14364344361615583,-0.046352386505198205,2191,170,,False,0.4796619859588385,-0.08512529886613843,962,134,False,0.02694116010581214,-0.1608391545218642,777,110
1.0,20291030,False,0.3391142074476539,0.047733203654009695,2219,173,,False,0.24366006688737354,-0.12197655177857111,1018,138,False,0.708539642341911,0.034875966873255344,792,110
1.0,20291031,False,0.8466294513550257,0.008112764917978514,2206,172,,False,0.4885238919318045,0.06367621940841033,990,135,False,0.06576573846010629,0.12934793293015046,810,114
1.0,20291032,False,0.22646889737213138,0.061658621171301844,2194,170,,False,0.7376520588680319,0.029986260013666,1074,140,False,0.9930929643325229,0.0006766884869669679,786,109
1.0,20291033,False,0.30691438130755866,-0.04699760310828589,2197,168,,False,0.14322853454558168,0.15905705693862507,1003,133,False,0.5441139691987766,-0.03739190480539368,813,114
1.0,20291034,False,0.04333266522715547,0.0717663586241933,2145,167,,False,0.3607731946117869,0.08707492765231148,954,130,False,0.7456559900742288,-0.02297930538889599,810,115
1.0,20291035,False,0.595433339125672,-0.0239491359387765,2227,175,,True,0.0004703195460868779,0.3215633571437199,961,138,False,0.06131937859781856,-0.1750700628514677,791,110
1.0,20291036,False,0.5135763522104224,0.02509080171305098,2176,171,,False,0.8867103484563938,-0.015651726320105145,981,138,False,0.39464177845421783,-0.05151766052124272,790,109
1.0,20291037,False,0.6927816134674185,-0.021397289310459037,2218,171,,False,0.9545682108246232,-0.005943130927189009,872,133,False,0.6917303548602293,-0.03287767381980719,790,112
1.0,20291038,False,0.4955375124366493,-0.028216015115305863,2212,171,,False,0.27229746859235976,-0.12238553171453642,946,135,False,0.045917946819043695,0.12429855685637813,806,113
1.0,20291039,False,0.4844353624633914,-0.035663781493279686,2206,170,,False,0.9207323908015878,0.009980220653508422,952,130,False,0.8166102654660717,0.014690616952653807,757,110
1.0,20291040,False,0.3614652064923256,0.04526653473142348,2198,169,,True,9.300007949420524e-05,0.33364021970035,1041,137,False,0.07673012941716108,0.15831293526173015,818,117
1.0,20291041,False,0.012531099369010574,-0.09628061099685517,2200,169,,False,0.9219152143611361,0.00840973008238519,999,131,False,0.12054082257185078,-0.14082608156913887,773,109
1.0,20291042,False,0.21982957660054497,0.05975191967197812,2198,175,,False,0.17268754908054415,0.10919790663617084,1032,141,False,0.6534047569657442,0.04103579919757317,807,114
1.0,20291043,False,0.9095031828193093,-0.004819290650171242,2218,170,,False,0.897964505421176,0.011353302637634254,994,138,False,0.7810305675184203,-0.022112235276040136,756,105
1.0,20291044,False,0.23607070332178876,0.053036932947826444,2189,168,,False,0.0584253923420914,0.22298804526110358,1010,136,True,0.004399069521987463,0.23342808808575005,788,111
1.0,20291045,False,0.27372441098925776,0.03464992753812258,2214,172,,False,0.4026462924195472,0.07901009372196811,965,134,False,0.7517962775513889,0.017811117007762545,773,110
1.0,20291046,False,0.1300396399691045,-0.056748200896124014,2166,169,,False,0.7155837721210999,0.030235356611112294,1001,134,False,0.8800256331051,-0.012672023720052319,804,113
1.0,20291047,False,0.41726224970162223,-0.03721125215649919,2178,169,,False,0.7270369375681627,0.03312447507076048,934,129,False,0.8846857792457344,0.009940827571122919,797,111
1.0,20291048,False,0.5148148889177525,0.04784722138521474,2201,170,,False,0.006987179937966132,-0.33894215207080197,927,138,False,0.06404739703966597,-0.1462378233366679,806,116
1.0,20291049,False,0.9781299732553036,-0.0009974355287676383,2176,169,,False,0.2584323452899101,-0.10184534384424074,1028,139,False,0.9145928776345698,0.0066584890578023,786,111
1.0,20291050,False,0.24105917714516706,0.045253965518748565,2180,168,,False,0.005580199338587006,-0.24050253856827902,1032,143,False,0.5685333698892026,0.05542218046489224,793,114
1.0,20291051,False,0.776335564863434,-0.009662793306595684,2203,172,,False,0.4355717541741834,-0.07381222930841032,982,134,False,0.7562099850281635,-0.02045855605293314,796,112
1.0,20291052,False,0.4102685482522371,-0.031692563703356665,2174,168,,False,0.20862607988782633,0.11268409571288385,928,138,False,0.13826308495608472,0.10600100299940632,793,113
1.0,20291053,False,0.06879931165160388,0.07871293264751862,2213,170,,False,0.7742303153120792,0.025632088071573342,840,124,False,0.11168732222808866,0.10867831987341502,773,113
1.0,20291054,False,0.5561761940102404,-0.033105562702200574,2189,169,,False,0.38570728555026146,0.08058229237068919,979,135,False,0.23652154034020298,-0.0799789740071654,770,111
1.0,20291055,False,0.8373978906741995,-0.008933339992477694,2192,168,,False,0.7445707989131038,-0.0257455165328597,920,136,False,0.2596087888456976,0.09992890438518791,798,111
1.0,20291056,False,0.37646029763654915,-0.038176618984768866,2190,170,,False,0.08528422825843847,0.15166029114885396,935,130,False,0.6267593404739932,0.03673978809579377,809,113
1.0,20291057,False,0.6589233422551051,0.02320583332220904,2223,171,,False,0.39137597447531686,-0.07840483051516094,1040,134,False,0.07780879700125418,0.15523369601676323,818,117
1.0,20291058,False,0.23447032960836073,0.07116639103649494,2186,166,,True,0.02169814155083215,0.21182665914450433,973,139,False,0.41785454201398786,-0.06581505382950925,784,109
1.0,20291059,False,0.5810394425674569,0.023970851834121443,2190,167,,False,0.3856524127145861,0.0822461769298527,1016,139,True,0.003870355142023314,0.16927849903148154,789,113
1.0,20291060,False,0.34065172485312,-0.04789532251558612,2196,172,,False,0.211425645618999,0.11017748939597793,937,133,False,0.3609363702356834,-0.06959960345576602,807,113
1.0,20291061,True,0.010713299560694127,0.11131289005524421,2180,170,,False,0.042132651729103965,0.20560249128388058,968,138,False,0.6846003409587389,0.03429671110008915,817,115
1.0,20291062,False,0.6492152459433136,-0.018167946330504982,2221,172,,False,0.8286934446024022,-0.02255108178366442,940,129,False,0.6652065490340627,0.031163115830233113,802,114
1.0,20291063,False,0.5822319527000707,-0.028963858288122413,2227,173,,False,0.8472426832432611,0.020648797285537483,956,132,False,0.7693801563453619,0.019796491742290284,803,113
1.0,20291064,False,0.5989774643853546,0.02155034292460629,2206,172,,False,0.33150659739365435,-0.1264278846111944,982,137,False,0.0418205563168684,0.15421457680919554,782,111
1.0,20291065,False,0.2640241574175156,-0.06572421047912583,2211,170,,False,0.2217208441376556,-0.12058807969661897,920,134,True,0.015739807949449618,0.15251255367090708,773,112
1.0,20291066,False,0.5523172222269221,0.02380349264991332,2155,164,,False,0.4065318580232088,0.061469889841340275,942,126,False,0.27724355167448234,-0.0791321981690057,764,107
1.0,20291067,True,0.019225314399801394,0.11155163070470445,2193,169,,False,0.7513631091234713,0.03933889970851908,950,122,True,0.0047703092726914635,0.1873385932086908,758,112
1.0,20291068,False,0.44009948724623477,0.03569152438855638,2170,167,,False,0.2525238021311261,-0.14588114868192634,988,135,False,0.3323635622598785,-0.07277033914268727,778,108
1.0,20291069,False,0.9263662576652603,0.004723293142445373,2204,173,,False,0.13318933288543958,0.10378062410181113,910,135,False,0.30971632738387517,-0.08119954069520786,779,110
1.0,20291070,False,0.795456632084845,-0.01271028842227545,2197,168,,False,0.848876241863283,-0.02324248451414449,1011,138,False,0.20277347150390593,0.11351529966236065,787,113
1.0,20291071,False,0.06207846176475995,-0.10974339854092946,2202,173,,False,0.6246856541199056,-0.03784105585046891,1024,129,False,0.18141226972689786,0.11367182587569244,785,116
1.0,20291072,False,0.08792801621665848,-0.07204563933643529,2172,168,,False,0.03471084775143758,0.1949822329545984,962,133,False,0.4442391532262786,-0.060447412109289056,786,110
1.0,20291073,False,0.20754313943070507,0.05137819817419555,2195,169,,False,0.20986986928185258,0.11639739226570299,1026,134,False,0.25620376925629884,0.08876131681857254,795,114
1.0,20291074,False,0.490492342603956,-0.03231600253821929,2204,169,,False,0.0955607578478434,-0.138426837574138,1040,136,False,0.14489586881846575,0.13577599717646652,800,112
1.0,20291075,False,0.11694776535865216,0.07088611096053606,2201,172,,False,0.08290428403012791,0.17974189123800263,930,133,False,0.2956282857263249,-0.08992283679494674,804,113
1.0,20291076,False,0.09005248658288278,-0.09297887277099973,2208,171,,False,0.03335620495234356,-0.16544365429865726,991,130,False,0.19765329883615332,0.11379315578235373,801,113
1.0,20291077,False,0.5696487521109429,0.02339775827608346,2164,166,,False,0.2466249663563559,-0.08526612960850488,970,132,False,0.999368707318594,6.457472374337695e-05,809,114
1.0,20291078,False,0.4073737401140451,0.03871877167019212,2229,175,,False,0.9969266912312541,0.00037226142801801337,996,135,False,0.6414995695760036,0.043594264665647434,798,117
1.0,20291079,False,0.879420350673652,-0.0067087661792505,2231,174,,False,0.9510089870038292,-0.006588307661314058,949,131,False,0.047290557561249454,-0.13474022681449446,810,113
1.0,20291080,False,0.15567830154068207,0.06515609320373626,2222,171,,False,0.6059848813422511,0.05437819198709758,960,127,False,0.685379087014203,0.028671079330254444,798,113
1.0,20291081,False,0.0626924042544526,0.07673904777046191,2203,172,,False,0.5544282602811624,0.05479486503278526,1006,133,False,0.9229634316672609,0.0068469072480082166,800,116
1.0,20291082,False,0.45651539149482184,0.03284194143944387,2199,168,,False,0.18415152001352592,-0.13127130033491147,1073,135,False,0.955564141649447,-0.0036918699632485794,748,108
1.0,20291083,False,0.021337632666378583,-0.09036021868784491,2216,171,,False,0.21502156883542314,0.12339634039780223,930,130,False,0.10582694675737248,0.1442327454198993,787,113
1.0,20291084,False,0.12277002689511383,0.04457706888745396,2183,167,,False,0.7717009325242207,-0.030066583464887303,845,133,True,0.002326826605351192,0.22769894180325553,814,115
1.0,20291085,False,0.23264358636219168,0.05250778713969909,2200,171,,False,0.35637994418682906,0.07936600275783509,1045,137,False,0.4125576863703338,0.05260188023980272,782,109
1.0,20291086,False,0.44609343130392876,0.026518461668368992,2224,172,,False,0.650344643686878,-0.03541267298772359,1043,133,False,0.930238346909538,0.006055197459424881,789,111
1.0,20291087,False,0.24423848526296602,0.04037166288972787,2230,173,,False,0.31156342485475474,0.13429502121666373,927,129,False,0.07764028337997685,0.16307182353816044,797,111
1.0,20291088,False,0.028811766711237488,-0.08018787244689679,2220,173,,False,0.15323133682944243,-0.14504536120739192,865,134,False,0.05429561501157358,-0.09007155500788958,790,113
1.0,20291089,False,0.6267770034008877,0.02277655179754077,2177,167,,False,0.9553790580181095,0.005271999783090473,879,126,False,0.9761396586898716,0.001798989319976385,804,111
1.0,20291090,False,0.48938815429577004,-0.027413320805991702,2191,168,,False,0.2124584439607462,-0.11194701696747944,992,140,False,0.46669748616761186,-0.04618786883679038,776,112
1.0,20291091,False,0.6739925686400323,0.01870390932431004,2193,171,,False,0.9136684177702333,0.00971339459881468,1047,135,False,0.21095612523970053,0.10261632739672587,813,116
1.0,20291092,False,0.6936608540823935,0.017282176717935246,2184,170,,False,0.28135941591051883,0.12675208036310046,938,128,False,0.03781691408333559,0.13005350383749417,793,113
1.0,20291093,False,0.07344112243165808,-0.07850694263544279,2225,173,,False,0.8622137236721076,-0.018389656612943762,908,128,True,0.0009541515461082907,0.2952472658795275,793,109
1.0,20291094,False,0.4736374347170408,-0.03174826120642358,2198,171,,False,0.5574905295353557,-0.06411349652196732,950,136,True,0.016108331741576824,0.19036539654857929,764,111
1.0,20291095,False,0.45418103934801274,0.02657749842486395,2216,172,,False,0.4494347717907194,-0.05367125150334079,1004,133,False,0.906501257249579,0.0069529785826032255,817,118
1.0,20291096,False,0.49257729000291883,0.02519919093493093,2182,167,,False,0.893053730454212,0.012775733702643175,987,134,False,0.3285437021114031,0.08020300330205851,811,115
1.0,20291097,False,0.6379818144540205,-0.01956579341462391,2209,170,,False,0.2962009299956993,-0.14380043186821118,969,140,False,0.12461944563077125,-0.10303756304228152,792,112
1.0,20291098,False,0.694455601087807,-0.01525398213228529,2213,173,,False,0.26920457114478796,0.09998127370841442,876,132,False,0.16945735540033252,-0.1130635219116302,758,112
1.0,20291099,False,0.6578005071865285,0.020117689180411045,2192,166,,False,0.046499966810574334,0.16228545738324723,1000,136,False,0.4698125884843033,0.052672720874336,800,117
1.0,20291100,False,0.47814778323911483,0.030680112660626417,2191,171,,False,0.8297645483846924,-0.018051193744803674,977,136,False,0.03159896501667518,-0.15264545626811143,773,107
1.0,20291101,False,0.6330279940100696,0.020800887427572655,2203,172,,False,0.22876648466165667,0.10364185444868189,931,128,False,0.6753189327548791,-0.03565162394291418,814,117
1.0,20291102,False,0.008246023640880356,-0.09862043496056443,2173,168,,False,0.48989292738768736,0.06279797198328166,925,128,False,0.4929920184987795,-0.05595378875302599,780,113
1.0,20291103,False,0.7274278994629388,-0.014759761977459629,2177,167,,False,0.43790572058113947,-0.08768762889573857,942,132,False,0.5627021839527673,-0.04007292265061633,805,113
1.0,20291104,False,0.3201937363446741,0.04404696623243978,2216,172,,False,0.02531044338733864,0.20827853755933173,1010,140,False,0.08282943296489945,-0.11263747177060429,797,115
1.0,20291105,False,0.18195477318177497,-0.06968431590617616,2208,172,,False,0.3286713775255857,0.0727291051181297,891,130,False,0.9335540111030713,0.006813140379766709,772,108
1.0,20291106,False,0.9874978199255746,0.0006280274404156471,2198,172,,False,0.054391704403646386,0.18346960218326328,1037,134,False,0.027673869291980017,-0.17643877142246941,811,116
1.0,20291107,False,0.9516819551830473,0.0031554173572587167,2178,168,,False,0.318174473771128,0.09647623324946057,1060,139,True,0.012979031297667839,0.14390545129215263,819,117
1.0,20291108,False,0.9176434537737586,0.003632807901347453,2193,169,,False,0.27551251871610843,-0.12106229882602325,950,135,False,0.01397993706922964,-0.2605834562878314,799,113
1.0,20291109,False,0.40448146775723975,-0.037674218729321376,2196,170,,True,0.024861447666979734,0.2166593872250167,1075,139,False,0.5694567922595711,-0.0399470801702283,810,114
1.0,20291110,False,0.8793670085992847,0.005446841215109892,2199,170,,False,0.32966824662553373,0.09110499772187332,910,131,False,0.017004150856508107,-0.15681807944570103,810,113
1.0,20291111,False,0.5885396249058864,0.02711078075305926,2200,169,,False,0.1410118997999268,-0.1414133665289613,994,133,True,0.0020413169110065753,0.17848224135137805,791,110
1.0,20291112,False,0.1967392406043024,-0.057674471845630744,2209,171,,False,0.44583656913138675,0.07527277721381462,993,132,False,0.9339792492484547,-0.006767487491577488,773,111
1.0,20291113,False,0.23237509620852861,0.05879742982108581,2212,173,,False,0.9400555449540066,0.008690246216036373,888,130,False,0.47692485344604973,0.055142020326068575,785,116
1.0,20291114,False,0.849192603640076,0.00660055403729338,2228,174,,False,0.28016035464227457,-0.1304371903941152,958,137,False,0.9721244742266494,0.0021857826003837343,791,112
1.0,20291115,False,0.0036253183628078326,-0.12367137709056322,2184,169,,False,0.6078004262980513,0.042380225742775626,1058,137,False,0.3267851898218561,0.07505115452070804,797,116
1.0,20291116,True,0.0037468977847367113,0.1041037089458822,2201,171,,False,0.361518155099841,-0.0858797669059045,945,133,False,0.0748370572408282,0.15044959079370746,797,111
1.0,20291117,False,0.9704900039505395,-0.0013048293760836362,2219,174,,False,0.71021514295865,-0.038364615347464104,1009,137,False,0.0017682931721812267,-0.22442337001309123,791,116
1.0,20291118,False,0.8010260304060033,-0.011486512365595824,2203,169,,False,0.1553109820653465,0.12883967824375592,1014,137,False,0.970180076829183,-0.002705623677668352,827,119
1.0,20291119,False,0.24245931725768005,0.05032599326009219,2195,166,,False,0.548935173846689,-0.04984755456057127,991,136,True,0.005931756740530499,0.21280668875308822,802,114
1.0,20291120,False,0.7211670802939042,0.021707888620789352,2173,171,,False,0.7476019039775658,-0.03092182962252651,1008,134,False,0.7975515083141249,-0.016371610981959623,816,116
1.0,20291121,False,0.12209649175147816,0.05043781459520801,2218,172,,False,0.16409603297465689,-0.1266322348340254,1008,135,False,0.5229426607797908,0.044103746604316714,791,112
1.0,20291122,False,0.4590795181481362,0.026411847341428357,2181,168,,False,0.21876685479519983,-0.11705454855484346,906,128,False,0.730906803241728,0.02474924024430543,774,106
1.0,20291123,False,0.6580721292747128,-0.016222912917854715,2208,171,,False,0.7854519372481275,0.023523236633715458,929,140,False,0.030211796587511275,0.14116089406628066,798,115
1.0,20291124,False,0.40658072875736173,0.035677152636923906,2212,170,,False,0.6343091434738725,-0.0510632531550813,955,127,False,0.8138539952806303,-0.017293804834130906,806,117
1.0,20291125,False,0.21475030604174353,0.05369629347042027,2205,171,,False,0.5534957673295152,0.05569936312087662,918,133,False,0.7327839595782922,0.03359038036666079,780,112
1.0,20291126,False,0.5622961236823524,-0.027132664885988183,2187,168,,False,0.26601014880475077,-0.09336271720392463,1006,138,False,0.06589762425640237,0.1437846992771969,818,116
1.0,20291127,False,0.5318193507936455,0.025232280488572387,2212,171,,False,0.29916594010806785,-0.12094877791878658,837,129,False,0.22298334646767715,0.08199522240383451,795,110
1.0,20291128,False,0.13381661248566337,-0.047793797665852816,2208,171,,False,0.2902502357213246,-0.1161059822090714,839,131,False,0.43411160898564716,-0.0690756142918243,810,113
1.05,20291929,False,0.47033542600388023,0.02949884537446853,2194,171,,False,0.25396591454972495,-0.12769406114998744,987,134,False,0.055612308774376465,0.1330492482265126,806,115
1.05,20291930,True,0.00020337460577211718,0.13650528785600635,2213,170,,False,0.7736762042329334,-0.026051211289978504,1013,132,False,0.5045186338547508,0.05810034750351757,798,114
1.05,20291931,True,0.0009887705653434979,0.13060437524130628,2215,171,,False,0.01438311717282146,-0.18907179241783084,973,138,False,0.038360492407757185,0.12992870667009723,801,115
1.05,20291932,False,0.4881707019811321,0.0259861747798972,2185,169,,False,0.28585548453622894,0.0869007807311526,970,134,False,0.275093716391648,-0.09648017328326475,786,113
1.05,20291933,False,0.5672912510232883,0.0223361150102478,2215,172,,False,0.45142123047639254,0.0813172203332374,885,132,True,1.1601753470487664e-05,0.3321645877840621,798,111
1.05,20291934,False,0.3107613323908309,0.04131294124395216,2158,166,,False,0.05488936267627835,0.13865474555440854,943,139,False,0.6459096855556105,0.0318435264234517,794,110
1.05,20291935,False,0.9350822296999531,0.0035794502725843675,2195,167,,True,0.022115321779724625,0.21249404546916728,988,134,False,0.08837629891763561,0.13046562957918667,796,108
1.05,20291936,False,0.6442707647064203,-0.01728725026432516,2214,173,,False,0.35539244376940826,-0.06631442680282958,963,136,True,0.009319513097777087,0.16126277548740525,801,114
1.05,20291937,False,0.34860251950583176,0.04317921263366099,2195,168,,False,0.9519273341060079,0.0051878374365610614,964,140,False,0.12330077845203449,0.12687539450125337,782,111
1.05,20291938,False,0.8371050388905038,-0.011377066895734485,2206,169,,False,0.13419556825875414,0.15781687265952324,937,137,False,0.6533767021081761,-0.03216095752891527,798,113
1.05,20291939,False,0.044265904664509,0.07197517228547522,2201,170,,False,0.9720619570017959,-0.0030049266153432705,893,133,False,0.2929060365474939,0.07345156370775907,780,107
1.05,20291940,True,9.800175525336146e-05,0.17916437362855991,2225,172,,True,0.007771478229443581,0.2887525014772722,952,134,False,0.4045991518268974,0.07126145766255695,768,108
1.05,20291941,False,0.2800535370231827,0.05611443570826386,2195,170,,False,0.18274146015820655,-0.16451658582372128,913,136,False,0.2337267810654093,0.09377311066427063,787,110
1.05,20291942,False,0.038050345594491115,0.07180620051934065,2212,172,,False,0.9313601427996123,0.007630815780786252,1101,138,False,0.2256905360629611,-0.09480637262080915,802,116
1.05,20291943,True,0.0019114788103350951,0.11915106225161944,2229,174,,False,0.11813281412315718,0.1737903453098905,968,135,False,0.576818299346863,0.04717311798046241,788,111
1.05,20291944,False,0.07381832408351226,0.08597343226037747,2221,173,,True,0.011739264165962974,0.16721807958583768,1039,138,False,0.7511502979349736,0.025699995637953832,815,114
1.05,20291945,False,0.12182597179926215,-0.05291741251612343,2205,171,,False,0.1788342894288226,0.10900818903422878,982,129,False,0.33034995447169246,-0.0691566120062073,791,110
1.05,20291946,False,0.2975564046745938,0.040267746952472615,2208,171,,False,0.37230582234849097,0.08119798897177277,946,140,True,0.00010483763497634487,0.25374619432911627,772,107
1.05,20291947,False,0.5151558755079282,-0.02872767906825218,2211,173,,False,0.8722953494675711,0.01198876688191278,1043,140,False,0.6852934174875646,0.04157894991103779,751,109
1.05,20291948,False,0.047332920766260125,0.0994063283086411,2213,171,,True,0.021699743589829797,0.2064847782923602,899,132,False,0.7828185736729972,-0.01948751004651453,774,108
1.05,20291949,True,9.363802451792076e-08,0.18156958631833403,2159,168,,False,0.705068828853339,0.034684149985294385,984,134,False,0.12057771197500035,-0.1363015501490089,813,116
1.05,20291950,False,0.05569373459215526,0.08791161500041712,2226,172,,True,0.02215422858255568,0.16059363379070918,978,136,False,0.47567823946853444,0.053230327783310716,810,114
1.05,20291951,True,0.00026998734415490197,0.14213397372044223,2196,169,,False,0.4812344740586983,-0.0642163825029407,1028,139,False,0.35433688248166034,-0.04773159663434834,789,110
1.05,20291952,False,0.3672192357903895,-0.03813407383482866,2202,170,,True,0.004676248381460593,0.25232924122375744,969,139,False,0.17068688228718235,-0.08167305892757576,766,110
1.05,20291953,False,0.13185612957054602,0.06041843076339635,2219,173,,True,0.0011978843336058007,0.28094431022697675,967,131,False,0.293090235974363,-0.07090540140226942,819,119
1.05,20291954,True,0.0074168628510919285,0.12074304793703462,2203,169,,False,0.46622654910625744,-0.06173594618700957,1026,141,False,0.19350011868942368,0.12152384809477822,808,116
1.05,20291955,False,0.057492017064101605,0.0664529720355655,2180,168,,False,0.06459821511881063,0.19762612352741607,992,132,False,0.17047369868483714,-0.10016221132857522,782,113
1.05,20291956,False,0.9299950773924582,0.004551031319372121,2216,171,,False,0.3992605165250174,0.06819833035531178,997,138,False,0.45220197175759863,-0.06388508945661432,790,111
1.05,20291957,True,0.001492990355840475,0.10464193185608159,2194,168,,False,0.17021591042955153,0.12107474705296677,1015,141,False,0.02830595976956292,0.16140064669739485,806,113
1.05,20291958,False,0.2465066236803762,0.054871078863940125,2178,167,,False,0.6111968651899324,-0.05398788942048443,894,127,False,0.033916247839361126,0.1373305351795868,769,113
1.05,20291959,False,0.2659242323885688,-0.03754856819064003,2186,169,,False,0.2898096792368162,0.07941963623877696,998,129,False,0.3948702536765807,0.056661635722244155,781,114
1.05,20291960,False,0.49549107187004743,0.023482019827668368,2223,174,,False,0.17735410716460456,-0.12334590035103936,965,131,False,0.7210947237220664,-0.02225920798683843,792,110
1.05,20291961,False,0.2597179001831077,0.05562315884229887,2159,166,,False,0.4686965536256775,0.05585867062346838,964,132,False,0.4642172872493531,0.04146231276260421,795,112
1.05,20291962,False,0.16180022320779958,0.046081099979659264,2204,172,,True,0.0046461974547245145,0.31326784657352474,967,133,True,0.019042036652384388,0.17193325584823774,782,106
1.05,20291963,True,0.001211208148929159,0.10426700573771149,2229,173,,False,0.1095114565547897,0.14757741968430277,988,134,False,0.6515523883150663,0.028276042662314,786,114
1.05,20291964,True,0.015264781972566529,0.11935175233111261,2184,169,,False,0.18600114432578094,0.13256135221593626,1026,135,False,0.8548130694430095,0.014112528845577342,799,113
1.05,20291965,False,0.09309307850007191,0.07974510477291896,2183,169,,False,0.8886880844755906,-0.01290354360012473,875,130,False,0.6193122243719034,0.034994675605254336,782,108
1.05,20291966,False,0.47682091796902576,0.030940726103805185,2152,166,,False,0.00042195364747901526,-0.2808078499862191,1043,140,False,0.020068835689969748,-0.15726280244009452,786,111
1.05,20291967,True,0.006667551751643488,0.10320349543264938,2198,171,,True,0.013697285852328224,0.22567810113689174,967,137,False,0.7352125694698318,-0.024943628475440432,796,109
1.05,20291968,True,0.0034086942362859356,0.11638843852100245,2223,173,,False,0.4539831502843342,0.061013097525885844,949,136,False,0.6814860916169301,0.03185415375208737,795,113
1.05,20291969,False,0.3729307453182865,-0.029769895829114542,2205,170,,True,0.012989495207525728,0.22029984571713862,951,135,False,0.5210067542001316,-0.041552190700235275,797,114
1.05,20291970,False,0.047087631745008726,0.07973321162549646,2207,172,,False,0.6104556748008299,0.046280482843718204,965,137,False,0.6625967830890492,0.03253953919148984,809,111
1.05,20291971,False,0.8257071751383456,0.008890363791259504,2204,170,,False,0.39655535836092665,0.0754552393126152,941,133,False,0.315007898475806,0.08117493230282209,819,117
1.05,20291972,False,0.5558884614747248,-0.027547662082663973,2213,173,,False,0.041186160522925175,0.22444415939415138,956,135,False,0.4240154233171157,-0.06165348054037072,778,110
1.05,20291973,True,0.01515679546901586,0.08948770977923189,2210,170,,False,0.2294086940955072,0.09363407921346201,1042,142,False,0.3122479187497468,-0.0786146203868648,787,110
1.05,20291974,True,0.0003545028249975372,0.1215119155013313,2196,169,,False,0.05386887793843286,0.23282624300778385,958,134,False,0.6001821306679631,0.04433020651860305,794,113
1.05,20291975,False,0.19958896910103338,0.05729592930154429,2203,171,,False,0.7832272552883293,-0.026273700500727904,996,137,False,0.35240745715014826,0.06085204265714459,803,112
1.05,20291976,False,0.28564134109871026,0.04588974575956075,2199,170,,False,0.617283018035002,0.04971254228987623,976,136,False,0.24912787991940524,0.07214856948999966,802,114
1.05,20291977,True,0.009054290642593405,0.0924692577826565,2214,172,,False,0.8900249202820989,-0.01500388714524814,979,136,False,0.03799408427559126,0.12674557636577308,794,113
1.05,20291978,False,0.9979324371934817,0.00012170356915029768,2121,166,,False,0.45138101083640947,-0.06061258955055044,1016,135,False,0.1449182842597072,0.08700126014875875,811,115
1.05,20291979,False,0.37415495642466645,0.04280341453934199,2218,171,,False,0.7590860477642982,0.020901361689173288,1072,141,False,0.36144130890526555,-0.0965467631192143,805,111
1.05,20291980,False,0.5909300428523517,-0.027034318464887307,2214,172,,True,0.014805566491483808,0.2142894659208676,959,139,False,0.40500688553602426,0.05125375961098753,772,107
1.05,20291981,False,0.6904497101043682,0.017743859547354243,2217,172,,False,0.5370491973341144,0.06373882940198054,925,128,False,0.9763611325260062,0.0019923675280404778,785,113
1.05,20291982,True,0.013678425344293555,0.1172825924821827,2223,171,,False,0.3769416684355353,-0.09967341041072386,936,129,False,0.35517249523679384,0.06910584088731993,806,114
1.05,20291983,False,0.6486051351765221,-0.02038542079030402,2168,166,,False,0.7584971154818654,0.023166991809764486,980,135,False,0.3064357266140507,-0.08258783746586393,800,113
1.05,20291984,False,0.055860104186426264,0.06856880640750071,2207,170,,False,0.9818173292620478,0.0030344387059721787,834,136,False,0.6153466945074446,0.030150497570019596,801,114
1.05,20291985,False,0.08513024839024745,0.06771830474489267,2223,173,,False,0.2650532932103012,0.16722807304644033,967,133,False,0.2491105108309984,-0.07612078354593718,795,114
1.05,20291986,False,0.04135070880902734,0.08588377144601575,2183,167,,False,0.2731643071012815,0.07109632368633136,1029,140,False,0.5998719835223035,-0.03821682456740042,776,111
1.05,20291987,False,0.25473675959723935,0.04891321213159285,2193,168,,False,0.12384543389397933,0.10086359648744232,1021,139,False,0.12065134608733885,-0.1448590348715719,788,113
1.05,20291988,False,0.09348619864757676,0.06695320904449296,2199,171,,False,0.3131117353078472,0.08168705391008255,1070,141,False,0.6264094641856395,0.04144943613824505,775,112
1.05,20291989,False,0.44347773439524807,0.026274813188975323,2196,169,,False,0.027108012918896262,0.18960294701330735,952,137,False,0.37778940199025546,0.059024111171504294,790,110
1.05,20291990,False,0.850837222934802,0.005016407732861863,2197,170,,False,0.04570027805562617,0.19470498428032254,972,139,False,0.11591792606434728,0.10135309828083734,785,107
1.05,20291991,False,0.05673304166501295,0.08191056580750579,2204,173,,False,0.8715834290359518,-0.012112974266026307,1054,139,True,0.005810835611615157,0.2059202981044455,810,115
1.05,20291992,False,0.12324912620639482,0.06561853725503781,2208,172,,False,0.8072069858914546,-0.017747929683949247,1040,139,False,0.09770263375308832,0.16626347869746524,770,110
1.05,20291993,False,0.6191151214319841,-0.01979673772718481,2168,170,,False,0.12233630739179925,0.14072301306345808,1014,135,False,0.7314976542321421,0.026852243513183934,823,118
1.05,20291994,True,3.078652425697923e-05,0.14944828450144257,2213,172,,False,0.17814471788669034,-0.10524398139320096,966,136,False,0.4144161866186098,0.07599459787663332,785,110
1.05,20291995,False,0.30255390510286995,0.034929414131787545,2196,171,,False,0.4486162856826369,-0.07381469043677981,1001,136,False,0.057476010252840694,0.15196354587245395,771,111
1.05,20291996,False,0.0561284725335594,0.09412115584800793,2210,169,,False,0.14055998542606613,0.15340478169170751,969,137,False,0.8648040001929334,0.014594806388085612,794,117
1.05,20291997,False,0.028914481577266574,0.11606885160714396,2195,168,,True,0.00017934140969319242,0.2841768348291961,965,137,False,0.9525741076341253,0.0036410286251268567,797,114
1.05,20291998,False,0.39617194740084943,0.03801723100289653,2174,169,,False,0.037006435340368286,0.234916956608846,869,131,False,0.8019867255805538,0.014708035947106478,797,110
1.05,20291999,False,0.6512338289571027,0.016761825921255476,2199,170,,False,0.027031849216547076,0.20820394271411036,1004,135,True,0.012693004241341187,0.2165427011326654,804,113
1.05,20292000,False,0.7573344634892951,0.011201602770987544,2214,173,,False,0.1491250170849771,-0.131656964306459,992,138,False,0.6354802978945963,0.046020506104354715,775,107
1.05,20292001,True,0.012599003706631393,0.1542285825218825,2172,167,,False,0.47861329579168,-0.04486080756587883,1027,140,False,0.04319308633735904,0.12986842492630776,795,110
1.05,20292002,False,0.2526950097837872,0.03451359867558365,2211,173,,False,0.8174559704657219,0.01598909902425855,985,135,False,0.8596354641660886,0.01070118627042543,782,109
1.05,20292003,False,0.1449281087469487,0.06232954811677208,2177,167,,True,3.245174395169276e-05,0.3202307329220094,985,137,False,0.2682190999527344,0.06383705307825278,801,113
1.05,20292004,True,0.014393515411450392,0.09278940834135407,2192,168,,False,0.5782646111145133,-0.055656716124060354,897,131,False,0.40525510625824107,0.0659229850974135,762,107
1.05,20292005,False,0.9724390249976749,-0.0011734274172818387,2194,170,,False,0.06328519256949071,0.20146977951472908,942,132,True,0.007134991894329287,0.17180336490519568,784,111
1.05,20292006,True,0.002106820198543006,0.09367534733256236,2212,170,,False,0.18469677761195893,0.12826747505224917,943,132,True,0.0045812642209072454,0.20676505584646207,793,110
1.05,20292007,False,0.4340437559454518,-0.030187113144218437,2197,169,,False,0.6885404123787151,0.04047864169878354,995,133,False,0.9026056445677741,0.007830655199545032,794,111
1.05,20292008,False,0.30623140290255524,0.04730124239414617,2207,173,,False,0.3936608715352224,0.08928232380955584,970,133,True,0.010860515167898073,0.1911385758845196,806,113
1.05,20292009,False,0.38526735182965993,0.04071523986120639,2200,171,,False,0.24806899580353142,0.1478394356500129,961,129,False,0.042271050800773105,-0.12636649338368233,825,118
1.05,20292010,False,0.673178756515337,0.02066116548250343,2215,171,,False,0.02939798602662204,0.22512598838759032,1009,134,True,0.005530586297749949,0.20390841420244862,775,110
1.05,20292011,False,0.4339659205910832,0.033174031472692274,2177,167,,False,0.5337567212584178,-0.053501907799113235,1102,136,False,0.503680486655304,0.053687778823103695,797,112
1.05,20292012,True,0.00369529972694765,0.10743792496591553,2172,170,,False,0.17646321534817286,-0.122460560040989,1100,141,False,0.0761309275772875,0.18471594464329055,809,115
1.05,20292013,False,0.09825101512048771,0.06829019347516849,2157,166,,False,0.5844803797943342,-0.04473800127648642,907,136,False,0.17552711313511385,0.094113683754901,797,111
1.05,20292014,False,0.2582498390582392,0.045633593441905096,2208,172,,False,0.6494996083109441,0.03739423278009457,992,137,True,0.0002408928871308153,0.25884325957160104,806,114
1.05,20292015,False,0.06468974051028022,0.07566785244663683,2207,170,,False,0.9619681781058843,0.006635266190375241,994,134,False,0.032877771582706675,0.15320776661370059,810,117
1.05,20292016,False,0.9800856979770691,-0.0010120283881623784,2208,172,,False,0.18908921655434882,0.10578754517058464,968,135,False,0.4396542985429004,0.05630529688026722,823,118
1.05,20292017,True,0.001681406979718112,0.13290225455964205,2189,169,,False,0.7860280696415083,0.02351708109013583,872,130,False,0.4921513632865873,-0.04305388430915842,809,114
1.05,20292018,False,0.13534058661502715,0.06311139266206187,2224,173,,False,0.7388032379960109,0.03443778473425502,997,133,False,0.9047968303504111,-0.009856350182375238,799,112
1.05,20292019,True,0.0002582237516125476,0.14365622952521184,2199,168,,False,0.17239553164421628,0.11303538971034663,991,134,False,0.13857768317766167,0.1200368530689137,744,110
1.05,20292020,False,0.03982780744408636,0.1002039447805069,2199,168,,False,0.5524132440047875,-0.09324600663998589,941,132,False,0.793551863096516,0.015126534844760524,789,110
1.05,20292021,True,0.01116105688164352,0.10313462743752962,2217,173,,False,0.8552987617701022,-0.017342741236843175,962,135,False,0.2358375252047718,0.07827806666768222,811,115
1.05,20292022,False,0.2965807604937051,0.051579519295569594,2209,172,,False,0.9111048124327278,0.01102815196389481,950,138,False,0.9580788935214454,-0.003592724271925864,789,111
1.05,20292023,False,0.4481571249556558,0.032037206134419356,2210,171,,False,0.07480969859662838,0.18332860259522774,919,123,False,0.026537611862291893,0.1269920772714669,756,110
1.05,20292024,True,0.0005295816361991774,0.14004285032917144,2170,168,,True,0.0005458159247314258,0.35029508581428725,1060,135,False,0.2571737472947579,0.1008039434020306,770,111
1.05,20292025,False,0.9952031365499816,-0.00023672113377966742,2213,173,,False,0.051253716130026286,0.1662942171040509,890,126,True,0.0029291471112828727,0.23153505859875226,798,110
1.05,20292026,False,0.03261924618106664,0.0828963050116172,2170,165,,False,0.34430756353025066,0.08732105309078493,1026,135,False,0.038899029091833195,0.15677965181482678,825,119
1.05,20292027,False,0.1495672206360843,-0.07550587034375048,2181,168,,False,0.38862143401131155,0.08634587984399726,1000,142,True,0.011486270019230723,0.19482674326769167,789,112
1.05,20292028,False,0.4800011777772044,-0.037380079693112696,2161,168,,False,0.07101323753093422,0.17202563630882092,953,139,False,0.11685400744489129,0.1448492253810027,787,114
1.05,20292029,False,0.742047356179146,-0.0125863471207247,2232,175,,False,0.7396697583458931,-0.03332881710498977,998,134,False,0.08218865662678779,0.1321145013367062,796,114
1.05,20292030,False,0.300906987567513,0.05104093355641665,2179,167,,False,0.8979422230367216,0.010438818324678295,994,137,False,0.10095630427004999,0.14202982533511688,807,115
1.05,20292031,False,0.8441957912470129,0.010076277685849691,2192,170,,False,0.3201058824238197,0.09249406713972812,945,136,False,0.09038106292039641,-0.13334389395451257,798,110
1.05,20292032,True,0.005068821537156131,0.11239668867841252,2187,166,,False,0.8080313152267988,-0.021974430508534832,1028,138,False,0.7397896352888608,0.029202349841371895,784,108
1.05,20292033,False,0.040821050507400244,0.0974094789937899,2179,169,,False,0.5077134141325044,0.0733957024103768,943,137,False,0.24513989385854706,0.08849802300512424,783,110
1.05,20292034,False,0.27554421728686335,0.0433324340566739,2180,165,,False,0.1206606813154464,-0.12698230097218202,1065,142,False,0.18211459905246868,-0.08756881304797161,786,108
1.05,20292035,False,0.3525840555481653,0.04508529928538926,2196,167,,False,0.0369464041684364,0.1773148133801989,991,133,True,0.0009120452409673845,0.16705827702372966,802,114
1.05,20292036,False,0.19760504614707672,0.05895571501583372,2185,168,,False,0.8671642826161187,0.016479118622871804,917,133,False,0.7298833087097788,-0.04142452869723741,798,116
1.05,20292037,False,0.1829715232426942,0.05841861994560295,2204,171,,False,0.8543301051425302,0.018980266299906953,1014,133,False,0.20506756909962232,-0.10617491965809976,779,112
1.05,20292038,True,0.013606456262363955,0.10232662445896641,2213,171,,False,0.5329616288265717,0.06416353995551786,922,126,False,0.8906406814234171,0.008126871534591075,808,117
1.05,20292039,False,0.5657188788366925,0.02501031219558877,2203,169,,False,0.7623242259426217,0.025846385934635358,958,129,False,0.22156743561559578,0.09934552674538366,805,114
1.05,20292040,False,0.1395681973117594,0.06324452585427613,2195,169,,False,0.05809910435083772,0.1550491629724186,1007,132,False,0.6505565083097865,-0.03304666208712553,806,116
1.05,20292041,False,0.19140096515947297,0.055778518004346564,2234,175,,False,0.8365750830939339,-0.022087461691548713,961,136,True,0.0084100808818193,0.16058678902332366,799,114
1.05,20292042,True,0.002198103531456144,0.16852557015580344,2198,169,,False,0.12281399632519462,0.12313701947919609,1086,136,False,0.2974054805573449,-0.0735034163622563,765,106
1.05,20292043,False,0.3126161686482594,0.04145485772963194,2163,167,,False,0.8063228445659607,0.021473083600723333,952,140,False,0.03633296875406428,0.17473989839839407,792,110
1.05,20292044,False,0.7382305444671641,0.012606378411567832,2212,173,,False,0.8475500433559071,0.021983792355742084,965,141,False,0.28757092355182917,-0.08437540049008108,809,113
1.05,20292045,False,0.7729198911756584,-0.014488533306080083,2217,172,,False,0.6886470396461769,-0.03980366900828524,938,130,False,0.5946551174297646,-0.040441946614814664,791,109
1.05,20292046,False,0.3844866671524539,0.03228233418728842,2195,168,,False,0.6669150977199549,0.04962681408620729,1001,138,False,0.050954074612620866,0.12379355840677252,793,114
1.05,20292047,True,0.015119191006192445,0.11688546419148618,2207,169,,False,0.0626719072247385,-0.1554876281334683,883,131,True,1.1645729717517795e-05,0.33356883909645557,824,118
1.05,20292048,False,0.9386257935705843,-0.003205551140883246,2189,168,,False,0.5380957900879075,-0.041999526465855086,1102,135,False,0.2942622920263429,-0.06984115498651759,791,112
1.05,20292049,False,0.26103085857825004,0.05285002816893358,2174,167,,False,0.2561659659249721,0.10119778632879248,873,137,False,0.1805099045083959,0.08953455369803508,786,110
1.05,20292050,False,0.9570838245075595,-0.0018036532712371507,2194,169,,False,0.2637057283055285,0.08876113485075063,936,137,False,0.011797157558495208,-0.13936734255675587,755,105
1.05,20292051,True,0.00477092289265073,0.1183256967768187,2201,170,,True,0.011713000368299156,0.29094305027906486,930,131,False,0.7021968832849788,0.032756803237813006,807,114
1.05,20292052,True,0.007278455554635856,0.1146106664344869,2188,171,,False,0.10117758635370434,-0.18738030511035483,983,135,False,0.6913200363664158,0.035946764818626506,798,113
1.05,20292053,True,0.0016244349110219921,0.1162769172534554,2216,171,,False,0.2807712865885138,-0.12426858469204646,1030,136,False,0.5675616921149768,-0.03779695045986708,817,115
1.05,20292054,False,0.27585121204054075,-0.05309995477062015,2207,171,,False,0.4301701229388997,0.07386604523471597,1018,134,True,0.024040063736178945,0.18041020421363907,792,111
1.05,20292055,False,0.03886196924208296,0.07589462022988273,2190,169,,False,0.09133532323449246,0.13736914945038453,954,133,False,0.3830773863254819,-0.07481242277239471,817,114
1.05,20292056,False,0.03560837539754231,0.09755176945043671,2211,172,,False,0.26740754109031223,-0.08154681239718695,1012,137,False,0.7858952753032732,0.021667208315508574,815,115
1.05,20292057,False,0.5531299888651972,0.02219289856849852,2185,166,,False,0.484694035231036,0.06561885420771163,965,133,False,0.8353278789378833,0.012733309259303268,788,108
1.05,20292058,False,0.10348658331128335,0.07347950091220747,2192,168,,False,0.9049287066897669,0.010361230189656831,1040,138,False,0.04112912931964724,0.16692800458722604,802,114
1.05,20292059,False,0.7730724100955161,-0.01366372001574579,2222,172,,False,0.25076629890489516,0.10954034389044603,995,138,False,0.42267508986254393,-0.06922855073468143,798,113
1.05,20292060,False,0.21405834378142832,0.06076971572094545,2179,168,,False,0.07352542345900127,0.20406280260531767,857,128,True,0.003818826051554582,0.1627306149828546,782,112
1.05,20292061,False,0.20859792404510671,0.058757739814308,2212,172,,False,0.4700579619523547,0.07556208315171055,987,135,True,0.021480303473250018,0.14034373633621103,788,109
1.05,20292062,False,0.38497538838965367,0.030903641553512284,2212,172,,False,0.6585673072894072,0.04231953195162522,923,134,False,0.9185564006878317,-0.006883419702475248,770,111
1.05,20292063,False,0.9961986763196451,-0.00019855477648826242,2204,172,,False,0.11459974144728739,0.14193391354509838,922,139,False,0.5495431209930974,0.047091557748898935,814,115
1.05,20292064,False,0.06227139291182224,0.061903766030365015,2214,170,,False,0.9743298789942191,0.0032282714197679604,927,130,False,0.9979148633988617,-0.0001910480194226048,790,115
1.05,20292065,False,0.0511207367484743,0.06890325075665771,2224,172,,True,0.003244180183740028,0.30531122742654176,1033,137,False,0.09623282633844739,0.12494965540733288,790,112
1.05,20292066,False,0.8193684320112009,-0.012962368021728635,2194,170,,False,0.40726288094011115,0.07021402646492263,1007,139,False,0.3537021976789933,-0.06192442930258626,791,109
1.05,20292067,True,0.01785326824635627,0.11289873250574295,2184,168,,False,0.5242409592089479,-0.06597264877987848,928,128,True,0.018514535233351948,0.16119848859544364,817,115
1.05,20292068,True,0.0082940449876763,0.10205206989760007,2194,169,,False,0.26942487399659953,0.11083111630786163,915,133,False,0.04247670754378975,0.22013429611388516,794,112
1.05,20292069,True,0.006333283635523634,0.11850698550506135,2213,171,,False,0.8199903397299725,0.024920645445734285,950,140,False,0.5286645515995833,0.05894638698579288,758,108
1.05,20292070,False,0.5288426629376553,0.02729799914788334,2210,171,,True,0.0015586223672587106,0.2931062493624198,957,137,False,0.17502451781923875,0.11327832462084912,779,106
1.05,20292071,False,0.8758731728592727,0.006805735802177431,2188,166,,False,0.7306104587919914,0.030847510170502922,1006,138,True,0.009469615197013588,0.15215288570615873,800,113
1.05,20292072,True,0.0044122032960351555,0.11275411310759788,2204,170,,False,0.3107772103302177,0.10221880394573211,968,132,False,0.13816633079028634,-0.1371587794515763,766,109
1.05,20292073,False,0.10223279819855273,0.06100882711148772,2199,171,,False,0.5748842860477166,-0.042385354087174476,1008,134,True,0.004990875869037785,0.2418344849535202,805,114
1.05,20292074,False,0.19304546831493993,0.04393565044452974,2195,171,,False,0.44272331776755414,0.0733164363722548,925,132,False,0.3672061447645694,0.06581731913210447,781,110
1.05,20292075,False,0.035096908752048954,0.07921526909141728,2188,169,,False,0.07628211804614017,0.16974804678370775,1016,132,False,0.32888775407299475,0.06751651387839035,779,112
1.05,20292076,False,0.3854764619770213,0.029262075307278805,2196,167,,False,0.2898597563160702,0.10274865558056848,1013,137,False,0.09579748745047706,0.1289920300504397,804,114
1.05,20292077,True,0.003614176063761829,0.10651883107976545,2193,172,,False,0.8623849810407744,-0.015720007673177345,923,131,False,0.7450232710069298,0.02894253768444114,797,115
1.05,20292078,False,0.15672869756431224,0.07213820336377225,2210,172,,True,0.0002802127770710302,0.35512464797296023,955,133,False,0.6369732085270178,0.03708347112147163,800,110
1.05,20292079,False,0.44986530388721174,-0.032782997114505164,2212,171,,False,0.3014783851683437,0.08616484639660422,937,135,True,0.0022825605144755064,0.21754094562525553,813,114
1.05,20292080,True,0.010517117789504524,0.10014785142736293,2130,166,,False,0.17467396472753816,-0.14090480500621178,918,132,False,0.977552113400636,-0.001842662554690608,800,111
1.05,20292081,True,0.0039011092000930353,0.125719126513136,2213,172,,False,0.326530572703725,0.09516565399360181,1003,138,False,0.41720935559734385,0.04744592002493187,785,114
1.05,20292082,False,0.7955187973634359,0.009487479162786623,2195,173,,True,0.0006289970001093931,0.2464413515435709,943,134,False,0.28180304153194796,-0.0875346687804481,815,115
1.05,20292083,False,0.6013287717535255,0.020514369493369176,2189,169,,False,0.1464094790968538,0.09937242317479886,976,131,False,0.15461110750409235,0.10427333985704132,800,111
1.05,20292084,False,0.2555321058651046,0.05991739092045847,2146,162,,False,0.028560531747215324,0.2304573676909881,983,141,False,0.8129715585549137,-0.01293414299476788,813,113
1.05,20292085,False,0.7003962555474583,-0.02286789435850241,2186,170,,False,0.9745109069232248,0.0028750233014501253,932,129,False,0.12004007623559287,0.15532981709846838,805,110
1.05,20292086,False,0.30939433413291,-0.058640955896933605,2207,171,,False,0.09763661868255208,-0.13110285050198106,970,135,False,0.004797788462892511,-0.2177068894590442,787,108
1.05,20292087,False,0.08859896176697213,0.05352234934459372,2176,167,,False,0.450535894739386,-0.08085177390036348,954,131,False,0.2816789403220305,0.07929283127446218,759,111
1.05,20292088,False,0.9463870972426107,-0.003011247674231413,2225,174,,False,0.647941389134615,0.047127172658182864,944,126,False,0.48774221021055825,0.05789203015114479,800,113
1.05,20292089,False,0.599565638656193,0.023843462766800407,2225,175,,True,0.010326487324381338,0.2502913007628383,1019,133,False,0.4272721678747377,0.05777552261457651,773,110
1.05,20292090,False,0.9166731656696981,-0.004471249154748979,2220,174,,False,0.0437112467073511,0.1707682568082201,958,139,False,0.73071959598531,-0.027368668047685406,774,108
1.05,20292091,False,0.32023399180926077,0.046576002014620026,2211,171,,False,0.01842440087229762,-0.20768975904762238,886,131,False,0.8980304982130202,-0.010936689924121163,793,111
1.05,20292092,False,0.07768883070516827,0.06496459467720407,2188,166,,False,0.7261088016518478,0.028537006916271236,908,128,False,0.18063921298887428,0.10728410515367316,777,107
1.05,20292093,False,0.1998217474138039,0.05306278811092486,2197,169,,False,0.5278921331758927,-0.05135103886914429,897,134,False,0.7400954664846611,0.02982646523683814,788,113
1.05,20292094,True,0.003942705965268526,0.10149193743916354,2210,173,,False,0.3192273855329704,0.08540592950877159,1020,142,False,0.060430603238025384,0.1263628026025859,803,115
1.05,20292095,False,0.7782025057682166,0.011279389112969473,2210,169,,False,0.08329455092056709,0.14553713408135704,942,135,False,0.10968843336107305,0.10327376390797538,796,113
1.05,20292096,False,0.3864618167814861,0.038245395824447664,2183,169,,False,0.9829484983084249,0.0017775300808067866,1045,140,False,0.811468041293962,0.016356767767639054,770,112
1.05,20292097,True,0.008708779342908545,0.11493448321809806,2193,169,,False,0.03598701938526117,0.17209782386242253,1012,135,False,0.7110964077192343,0.02546363155034843,782,108
1.05,20292098,True,0.02332882087716383,0.09101611481395257,2146,167,,False,0.640612968478752,0.03474758366664966,992,135,False,0.4599828741214575,-0.04776966182036567,806,114
1.05,20292099,False,0.7668562311814374,0.012548193559037277,2230,174,,False,0.03757387368988137,-0.19246046459919466,964,131,False,0.7369635822260115,0.022147355421611382,776,109
1.05,20292100,False,0.5046335667531383,0.03540522287085238,2208,172,,False,0.5495275790912773,0.05214838200692931,975,133,False,0.21154625495720353,0.09461332453452091,756,109
1.05,20292101,True,0.012353531848932219,0.10710066755946601,2186,171,,False,0.7166600044229017,0.030788816655586578,1087,134,False,0.07438567189184207,0.14103582614152538,780,107
1.05,20292102,False,0.03306329935142151,-0.13462811348767306,2172,167,,True,0.0008140492433770666,0.33311196280692396,939,133,False,0.09453217812670704,0.150174998270985,798,115
1.05,20292103,False,0.17576143665409658,0.05288291315191845,2193,171,,True,0.006015970406555899,0.2446809286211437,969,136,False,0.360566893637346,0.07271913984929076,794,113
1.05,20292104,True,0.0013019717137353266,0.13948017451812042,2184,168,,False,0.08775775538713289,0.1550709626769901,1020,137,False,0.7552849364703366,-0.024570776619217742,783,106
1.05,20292105,True,0.00010703065830002748,0.1516693416356961,2159,165,,False,0.9502981304762234,-0.006323776343524051,982,133,False,0.5776134986177742,-0.046718441693010745,811,114
1.05,20292106,False,0.21527780769800084,0.048451968297846426,2205,170,,False,0.5005480465231771,-0.06428628674349658,1006,138,True,0.0044484404732727904,0.20793048007550347,804,114
1.05,20292107,False,0.1860588158514831,0.06264889388428867,2170,169,,False,0.9314028273122847,0.009006654790087078,957,135,False,0.047735879072308474,0.12908802648068018,804,114
1.05,20292108,False,0.03516932334149485,0.08246191615164403,2202,168,,False,0.06825611204802173,0.14699583457994436,943,132,False,0.7591891830169116,0.03288866386657613,781,109
1.05,20292109,False,0.08633005638510687,0.061253937794340234,2200,169,,False,0.639821610718019,-0.04754784586148874,912,132,False,0.12127189147788395,0.09475971936755101,792,111
1.05,20292110,False,0.11383488513974155,0.06824584023948053,2207,170,,False,0.035963737769742356,0.32026488820279564,899,129,True,0.008525620815792698,0.20926558757611888,805,113
1.05,20292111,False,0.7714387631888523,0.012410714450276198,2210,171,,False,0.030835082271069486,0.16207897720597642,1047,140,False,0.2739318430926757,0.0769038004322284,799,111
1.05,20292112,False,0.07048066002591027,0.08241299733334354,2211,170,,False,0.9487506697596942,-0.005527800400463276,992,140,False,0.0961435045427162,-0.13531467651806747,779,109
1.05,20292113,False,0.4066232106315788,0.03176177304814995,2191,168,,False,0.4047045603821336,-0.08638777179269028,874,128,False,0.841507743632966,0.015306486181002218,787,111
1.05,20292114,False,0.7244187575584782,0.02117296265436717,2213,171,,False,0.7038615950675,0.03622476483619355,1048,137,False,0.6206283133275977,-0.04326902478437918,783,109
1.05,20292115,False,0.5730827832134424,0.016211102715488666,2214,170,,False,0.49433582456457875,0.050859076906004316,856,128,False,0.1327665010483258,0.12615318121227334,797,115
1.05,20292116,False,0.11653442610080751,0.08172969687179961,2179,167,,False,0.6893330459697841,-0.032375167175804534,999,128,True,0.019260169787057038,0.14087930531343917,801,112
1.05,20292117,False,0.8585451067109747,0.005909000027159226,2207,171,,False,0.09728120947271374,0.13947284927133904,987,136,False,0.16074347961326937,0.07902850672752322,784,110
1.05,20292118,False,0.7309777369970134,-0.01852093972577206,2210,172,,False,0.04252195997748222,-0.18135386034739268,960,133,False,0.10024122107502216,-0.09882558528066183,797,112
1.05,20292119,False,0.5729546259879812,0.02050276090102166,2214,171,,False,0.6667275123697468,0.051460255625097505,948,133,False,0.2368239437390218,0.08209362779251611,788,111
1.05,20292120,True,2.4744406776518196e-05,0.1562994776576195,2230,175,,False,0.6581180795539888,0.042476876257587094,1027,138,False,0.9798805253160097,-0.0015167097631707995,785,114
1.05,20292121,False,0.9472265955396039,-0.003023469369193174,2229,174,,False,0.8108105566622591,-0.02364410251018627,971,135,True,0.0003838062322113261,0.29457184048169816,798,114
1.05,20292122,False,0.16932291788360468,-0.044296676466071494,2215,171,,False,0.12823688809252776,0.12810098300330136,1011,137,False,0.11303942728669537,0.09465188389625487,800,111
1.05,20292123,False,0.12347092664881931,0.06448733523439693,2167,168,,False,0.17301310627338276,0.14997315241547796,901,128,False,0.47612478057160734,-0.0658776004543519,787,115
1.05,20292124,False,0.14600514449049085,0.05878207401928187,2203,171,,False,0.8884609566969408,0.015066567153990412,1002,134,False,0.4179463610736873,0.06789428335776646,796,116
1.05,20292125,False,0.03783688247699295,0.09323408881071185,2203,170,,False,0.8131745790276835,-0.021978421348220215,1010,136,True,0.0015547784268098348,0.1823313237781791,794,110
1.05,20292126,False,0.06629827396381217,0.06986336356439529,2199,169,,False,0.04623957007610312,0.21234149911111147,1013,136,False,0.22334449984684535,-0.07791947721151975,766,108
1.05,20292127,False,0.09217922190998003,0.07464797485916752,2200,168,,False,0.6528662065805478,0.0439608970319671,1040,141,False,0.0743862599480515,0.1474902489493273,779,109
1.05,20292128,False,0.07314242671458956,0.06913891368562956,2220,173,,False,0.7889789286263068,0.03430646012694946,990,139,False,0.8993844774403923,-0.007017280696256101,825,117
1.1,20292929,True,9.445208301259048e-05,0.13019317991830906,2193,171,,False,0.4735863870434286,0.05782762874852076,998,132,False,0.6037871923041748,0.03914739805403074,803,113
1.1,20292930,True,0.008120265652488782,0.13823881307786334,2226,173,,False,0.3927699667261478,0.08138022629204172,966,140,False,0.49113440950253173,-0.048660157981560245,810,115
1.1,20292931,True,0.0005801411046021755,0.22257019051071902,2213,172,,False,0.9197440340373456,-0.008343176135330678,981,134,False,0.14423125750690086,0.10162644592541709,814,115
1.1,20292932,False,0.4599362568181112,0.04344259943249592,2188,167,,False,0.4853386567561881,0.07606591242406623,962,134,False,0.03941237803654439,0.1425717752902952,797,110
1.1,20292933,True,0.0016681391132330882,0.13652164846605885,2205,169,,False,0.075883810651033,0.2081978308409676,948,138,True,0.0121282472026024,0.16674887089759413,798,115
1.1,20292934,False,0.8940430024427221,-0.004560543621387212,2201,169,,False,0.07803224543477683,0.15411324215727687,971,129,False,0.8537898558189974,0.015840634174922225,764,106
1.1,20292935,True,0.017678937525277202,0.10781001728714157,2210,173,,False,0.6893399936767745,-0.04386705048215588,939,133,False,0.4614637719558992,-0.06834574891308345,788,109
1.1,20292936,False,0.25020395955165925,0.04947878193360347,2192,169,,False,0.5910524421230837,0.05244098839877902,1014,139,True,5.774244137451898e-06,0.3537543286974955,779,114
1.1,20292937,True,0.009773217506316354,0.10038169841751754,2213,173,,True,0.0019390075903895408,0.30790154164674327,926,130,True,0.00011790804370173014,0.2925517332695419,797,113
1.1,20292938,False,0.07039455922328398,0.10318384535838285,2179,169,,True,0.0002036563402369176,0.359742964209973,957,134,False,0.22256050752829076,0.09256744249886982,802,112
1.1,20292939,False,0.7076825130037324,-0.018231728157261585,2206,170,,False,0.32872530972016595,0.12819775686487445,858,133,False,0.2092632741857152,0.08990619285694847,753,108
1.1,20292940,False,0.39644611243842914,0.03156913505312893,2206,171,,True,0.0131370780212577,0.28482865049371997,908,134,False,0.6435935057331301,0.028413335371427536,808,115
1.1,20292941,True,0.0008201351773616004,0.10771025594203995,2225,175,,True,0.003948618064253262,0.19565925853853783,1115,136,False,0.06192997405576658,0.14611087716656024,792,112
1.1,20292942,False,0.12969990246429267,0.06869235680785003,2199,169,,False,0.2760991440161735,0.08028463512626445,989,136,False,0.42499474486400673,-0.08806075148196554,813,117
1.1,20292943,True,0.0008037411409684672,0.15046383560562301,2205,171,,False,0.22526834131312687,-0.16077712169000177,944,132,True,0.020204839157857996,0.14946863209752517,775,107
1.1,20292944,True,0.0016076739495255667,0.1351194971285382,2219,173,,True,0.001275691190821856,0.2943274610805743,976,130,False,0.3142399521532876,0.0959706936519629,814,115
1.1,20292945,True,0.004487317173781705,0.10730913621903836,2189,167,,True,0.0021242064904098724,0.25632579717267284,1015,134,False,0.33531189569721465,-0.06086055132589119,806,114
1.1,20292946,False,0.5503413952542229,0.02055335797910404,2208,170,,False,0.7672008741170382,0.03736134891854787,845,127,False,0.12126581268406945,0.10028254440097836,802,115
1.1,20292947,False,0.4308652646657918,0.03787865452872977,2203,170,,False,0.7956258232838878,0.020053090926516533,997,139,False,0.08247589057800464,-0.14055607973775122,790,113
1.1,20292948,False,0.5618100146375481,0.021519371468880014,2213,172,,False,0.327023390768871,0.091279830261391,1042,139,True,0.004185946542102472,0.18222119076720478,770,108
1.1,20292949,False,0.03711656568574166,0.08636835386639333,2209,171,,False,0.6719985345575362,0.03701683155407476,992,145,True,0.003977278003300385,0.20521613923950185,783,111
1.1,20292950,False,0.15594731026619912,0.04861374265586845,2197,170,,False,0.37684703132272573,0.07806364359462266,983,135,False,0.7546033895222071,-0.03078915272787477,788,113
1.1,20292951,False,0.0779735760413863,0.05719759665916024,2204,169,,False,0.05243663315746214,0.19860369843864537,1010,140,False,0.30056669790895096,0.08257225931027118,804,113
1.1,20292952,True,0.0016208947305948308,0.10242048063778335,2225,172,,False,0.4591745104825535,0.04734524312588423,991,139,False,0.17731992570483682,0.10158519789576614,784,112
1.1,20292953,True,5.107771996650321e-05,0.17211394539568486,2224,173,,False,0.7564274291906101,0.024856800863570703,958,131,True,0.00034311387604552283,0.2736700924122411,788,109
1.1,20292954,True,1.0847614913535553e-05,0.17895662012329847,2213,171,,False,0.2258451605076728,0.10426678454030287,1077,142,True,0.002457816424900709,0.22814638759899958,792,109
1.1,20292955,True,0.00042234779250908895,0.19664215316879594,2191,169,,True,0.016434342841041946,0.19443867456514535,990,135,False,0.04334506075558662,0.1821462290011008,802,112
1.1,20292956,True,0.0049449049332060645,0.13257588312743812,2175,167,,False,0.7116561354116535,-0.03385345904956237,986,131,False,0.1542407854566013,0.110280731607407,805,111
1.1,20292957,False,0.39248869016816507,0.034841976019542656,2202,171,,False,0.38719025479912034,0.0705574584568798,1042,138,False,0.5030812556579733,-0.057480123792553156,778,111
1.1,20292958,True,0.017040116767801157,0.16075219213771608,2211,172,,False,0.21218643166884685,0.10449523979973205,995,135,False,0.23073998611551805,0.10431163920076403,791,109
1.1,20292959,True,0.023723979189856345,0.10535327673907216,2217,172,,False,0.08569050914032522,0.10719825864862338,907,121,False,0.11372172459996828,0.11775146390981432,802,112
1.1,20292960,False,0.505881654949546,0.029424688341597855,2163,169,,True,0.008810068425161525,0.22482810013215307,960,132,True,9.456267494854118e-06,0.3105578873928994,783,110
1.1,20292961,False,0.07179086735047499,0.07520940518617797,2226,174,,False,0.6127689717022076,0.044011829772555744,991,133,False,0.14064259228441495,0.11220694844122293,798,112
1.1,20292962,False,0.5259454520511855,0.021256938494822995,2214,172,,True,0.021633022472461898,0.2099155439873119,957,136,False,0.11485786815778591,0.1231589491686778,798,112
1.1,20292963,False,0.32271590048990334,0.034839840609427436,2207,174,,False,0.6984715633838382,-0.04320848249913692,950,127,True,0.005880063740251317,0.20451511814006437,779,111
1.1,20292964,True,0.0023286111607295932,0.13877242423212194,2215,172,,False,0.3945519276447563,0.09451549914294653,908,129,False,0.842104302519073,0.015425761084253755,791,111
1.1,20292965,False,0.11230526648497773,0.06680006168623664,2212,174,,False,0.6429412616880269,0.04617795979381257,897,130,False,0.6258625768599233,0.03540880582257618,774,109
1.1,20292966,True,0.0008473887934693111,0.13598824886420313,2222,172,,False,0.7374048155172145,0.023099234748485502,1032,136,False,0.041122338682311396,0.12516774951235382,806,119
1.1,20292967,False,0.36695680168730005,0.04009345829252968,2197,169,,False,0.5953861648102464,0.05529099245986207,1019,137,False,0.7465534826435999,-0.04288246097719263,807,113
1.1,20292968,False,0.31600511666695497,0.04357674590716356,2141,168,,False,0.35903142922900294,0.10506694875550907,861,133,False,0.9776801759799912,-0.0018830855100964933,805,113
1.1,20292969,True,3.3761665718634602e-06,0.1595232947984798,2199,169,,False,0.059578315924530605,0.17810614149194892,1028,138,False,0.33099061050230294,0.07110373323767286,776,114
1.1,20292970,True,0.005888358128515933,0.08958176666732709,2209,172,,False,0.25737912729698,-0.09931227622627803,1067,140,False,0.15965673229308203,0.10318489517294002,779,109
1.1,20292971,False,0.0693709048145247,0.06515707992672962,2221,173,,False,0.0408186891384571,0.18745330567608573,944,131,False,0.1031271967456071,0.14096391402381114,807,117
1.1,20292972,False,0.6245912634490502,-0.017469783599643126,2201,168,,False,0.911255747525978,0.011794166100638735,970,134,False,0.43858112475358335,0.05369431399257713,807,114
1.1,20292973,True,0.0010209087814274332,0.17657746867265814,2190,168,,False,0.957123492050745,-0.006214506982876741,934,126,False,0.30563907672959156,0.08232928927249887,800,110
1.1,20292974,True,0.0065796287566824594,0.09945546855033605,2195,169,,True,0.004865983434797047,0.25786796498270576,920,130,False,0.9720918480512329,0.0030941589580968662,774,108
1.1,20292975,False,0.09632893554951982,0.08276631326490438,2183,168,,False,0.09423514761562352,0.14693744894819802,973,138,False,0.7023109942469812,0.03077948697844431,792,115
1.1,20292976,True,0.00644891216808452,0.12323193760007516,2195,170,,False,0.14647466488187227,0.13392340771694297,950,128,False,0.8927825998431889,0.010764712086942269,794,114
1.1,20292977,False,0.40333580213371667,0.02970613838560458,2208,170,,False,0.13624847886548616,0.1093066012903214,1019,134,False,0.24811314385527786,-0.07003817175627415,800,113
1.1,20292978,False,0.3788155947607059,0.0380990612034888,2209,170,,False,0.20891482103650882,0.11501887873972094,887,137,False,0.3155391879817553,-0.08813265906409726,777,108
1.1,20292979,True,0.00010753603362710306,0.16235301992112672,2184,169,,False,0.08861743462232699,0.17196197988719894,933,131,False,0.7728838403178522,0.01846584362250097,797,112
1.1,20292980,False,0.07596108653761097,0.09104917718793176,2190,169,,False,0.8132497344455729,0.018021925284617955,955,137,False,0.9401312586292675,-0.005797768426437527,771,108
1.1,20292981,True,0.0015847862271372729,0.13187547088455,2196,170,,False,0.4930651330556897,0.057665705369211756,914,127,False,0.3836460808026775,0.07051778988846323,795,113
1.1,20292982,True,4.0397651524554894e-05,0.17771088435345428,2223,172,,False,0.7720143598081454,-0.023167870148039275,974,134,False,0.1286266909146355,0.10984404766812902,803,112
1.1,20292983,True,0.0017295473718984802,0.15292708304017588,2184,166,,False,0.29624197008756653,0.10605737681630922,913,129,False,0.7481150353514291,0.027250490924036093,796,112
1.1,20292984,True,0.01691883423890621,0.09410873874100663,2187,170,,False,0.1697596303070558,0.1608528479211372,966,140,False,0.3121805019999622,0.09618809941634018,804,113
1.1,20292985,True,0.0017331907826619783,0.1348335450791202,2198,167,,False,0.768108499064835,-0.023050814101267816,1048,139,False,0.8099449018026456,-0.014852255105715763,791,115
1.1,20292986,True,0.00037682138923810345,0.1319708777850498,2203,170,,False,0.09884696183044742,-0.16675676892247404,902,130,False,0.08958100052980703,0.116545923047458,799,114
1.1,20292987,False,0.6538430157464663,0.020575553831848684,2216,171,,False,0.6623832436383791,0.040900430960505725,986,133,False,0.10823592016919872,0.1360785289845092,799,113
1.1,20292988,True,0.004752469767021816,0.13125853017542705,2211,169,,False,0.9030876172479103,0.013924506577530282,930,133,False,0.025867884414492906,0.16120842786092296,757,107
1.1,20292989,False,0.219953050215776,0.05280505559075837,2204,170,,False,0.053962073629738094,0.14386116689627956,1015,133,False,0.049188911985507074,0.15456801309683413,790,113
1.1,20292990,False,0.5245197189789117,-0.025096784568972796,2187,170,,False,0.14501798884750627,0.1213870199256741,979,131,False,0.44337095039449015,0.046181472715237544,780,105
1.1,20292991,True,0.0009087354715362054,0.10759394912035447,2177,167,,False,0.931655270301006,0.009614953196609644,976,131,True,0.00572921490875146,0.18730821638165415,775,108
1.1,20292992,False,0.6098440959005076,0.024285177546110415,2206,170,,False,0.037455478663986845,0.17091826599549323,997,139,False,0.028331742521884692,0.14144571934604339,782,113
1.1,20292993,False,0.18095316925714292,0.047104965890585646,2192,170,,False,0.9695007720061634,-0.003426453969311759,918,129,False,0.5003354772933326,0.05121177436380529,806,113
1.1,20292994,False,0.08954887826847242,0.10326396042068892,2218,173,,False,0.2921288541562461,-0.10316267198824032,915,133,False,0.05772035776987334,0.1744343092932057,787,116
1.1,20292995,False,0.0450214241974928,0.09461097441859959,2193,169,,True,0.018324099709421168,0.23022420918146083,937,135,True,0.004638263570939998,0.21395351772150945,804,115
1.1,20292996,True,0.012052602769381207,0.13020603782041473,2172,168,,False,0.04972516726555676,0.16188779288550387,1008,136,True,1.0273701291102377e-05,0.3618504881865007,794,113
1.1,20292997,True,1.474614517789491e-06,0.1503719305772638,2208,171,,True,0.0005789065214261665,0.21780074819085699,1027,128,False,0.6966331007358583,-0.03536420090424459,793,112
1.1,20292998,True,0.005992996073852529,0.14727634107927967,2208,170,,False,0.8483540565089546,-0.018590170203044914,994,137,True,0.0133301104231019,0.14130588572956804,821,117
1.1,20292999,True,0.005668559576577935,0.13465553398848845,2217,173,,False,0.04541047428524966,0.19550060368318803,974,135,False,0.062407863547753975,0.09510262214560382,788,109
1.1,20293000,False,0.10369816806205819,0.0692284041141487,2212,171,,False,0.5671924215326768,0.05519673829372405,1037,136,False,0.16886692912553186,0.11081489932623002,801,110
1.1,20293001,False,0.16033599180137004,0.055396964591726036,2208,169,,True,0.017762769799050792,0.19993188346384236,989,140,False,0.17350069169400334,0.10394514084633608,825,119
1.1,20293002,True,0.018157945546801488,0.09620725653631054,2195,169,,False,0.04663445459235725,0.17709848424187935,960,138,True,0.01251610590572662,0.2087436958370474,789,112
1.1,20293003,False,0.1982325806524714,0.07062913743134099,2207,172,,True,0.014032429559848084,0.24137790789557712,982,136,False,0.2610724423985969,-0.10720825985964705,772,106
1.1,20293004,True,0.015848039668357024,0.1007350714078199,2169,168,,True,0.019122421576752393,0.21777595834546112,924,138,False,0.861575954368411,0.008252067050284627,801,111
1.1,20293005,False,0.8696466574319586,0.00873696787014641,2202,171,,False,0.3455242359289785,0.07811925144543899,1003,134,False,0.048263663359235924,0.1679379533217,784,108
1.1,20293006,False,0.04748125669543849,0.09735220821177379,2190,171,,False,0.06222417423619279,0.16678355235406225,923,136,False,0.0828557197926338,0.12853676233190148,817,116
1.1,20293007,False,0.7839242139173861,0.014415628631222269,2181,173,,False,0.08700866681943775,0.1506941512001048,959,134,False,0.040442792151574355,0.17120730799042339,795,110
1.1,20293008,True,0.00016558145277122856,0.16735110501082562,2188,168,,False,0.03771029872040538,0.21005655627695127,976,135,False,0.3221955927759983,-0.06566187116973163,797,113
1.1,20293009,True,0.01726663034517239,0.12866915113672597,2216,172,,False,0.5622154856908165,0.049844755996848095,1020,135,False,0.8060256093076161,0.01706079431335046,786,109
1.1,20293010,False,0.0878637572415571,0.07940024414883337,2181,168,,True,0.011761907939015019,0.21913484945433168,1025,136,False,0.1410931788502544,0.14945494781824728,812,116
1.1,20293011,True,9.889000997005357e-05,0.15251629256035887,2196,168,,False,0.22719220319080813,0.11191040788156016,990,138,False,0.03217565824983701,0.16955003033660088,790,112
1.1,20293012,True,0.0036672330420971155,0.09990754368957352,2201,169,,False,0.6348639248552695,0.049748375228094915,953,143,True,1.6696949851970787e-05,0.37822823559726615,805,117
1.1,20293013,False,0.09170659431625279,0.06032276507676537,2213,174,,False,0.15035564998040635,-0.12305329496474117,1029,134,False,0.25751976559436657,0.11346869686933045,767,111
1.1,20293014,False,0.1189541837679236,0.061039499917973035,2201,170,,False,0.8581956551007548,0.01973733359210519,901,128,False,0.0561978549957405,0.1446001121333385,818,116
1.1,20293015,True,0.000976877132907681,0.11902188814821803,2211,170,,False,0.3514485411771652,0.1444013348653297,1039,136,False,0.8875501977644037,-0.009307314136502749,777,118
1.1,20293016,False,0.06030735645641115,0.06588811527534118,2205,170,,True,0.00515824018081642,0.25440634120865246,1027,136,False,0.9265409215210727,0.005723775689007166,798,113
1.1,20293017,False,0.5435549466644222,0.02838492914244235,2209,170,,False,0.13834472755006885,0.18300387646944918,964,131,False,0.7820854654092715,-0.023854356368651335,793,112
1.1,20293018,False,0.04926081316799362,0.09054859294834383,2210,172,,False,0.6056600738049718,-0.04807056606733046,1033,135,True,0.0014749968109655767,0.18377157617919224,783,108
1.1,20293019,True,0.005824627752434712,0.14133409566918081,2202,169,,False,0.8598807541215006,0.017814915329574233,992,133,True,0.0006143515394018026,0.19702353523627386,795,112
1.1,20293020,False,0.09370859209814839,0.06328031515289102,2208,169,,False,0.28923767427333436,0.12355745045454912,1013,137,False,0.9536089604576552,-0.00426321493140427,779,111
1.1,20293021,False,0.380793090568051,0.033082147225435135,2173,167,,False,0.04591489826370836,0.17595860095921365,1067,142,False,0.3757773844906235,-0.07477547974606888,808,114
1.1,20293022,True,0.0011366463082598454,0.11822177591449523,2177,168,,False,0.9354738201735338,0.00750346188256042,1011,138,False,0.267469643083059,0.09618569818559257,805,113
1.1,20293023,False,0.04949322969143153,0.08354562569024725,2190,170,,False,0.9677367840671558,0.004063358426038375,924,136,False,0.34087799996671175,0.06990898727632114,771,111
1.1,20293024,True,0.0059466770780823444,0.07989408749068523,2217,172,,False,0.6572553704698558,0.02881778145300365,975,136,False,0.10697563253009769,0.11556664860657907,778,110
1.1,20293025,True,0.0006999614566713649,0.12243122869807554,2186,170,,True,0.0006755578447526779,0.3586364784673372,813,127,False,0.31680590203843095,0.06483635110056024,794,116
1.1,20293026,False,0.13605688152225404,0.05425318379154051,2167,168,,False,0.028704959640784716,0.20507403576556993,1002,140,False,0.10237656421264588,0.09395133787153373,779,108
1.1,20293027,False,0.2063954067020446,0.0611264088524647,2209,171,,False,0.44393676479390054,0.06839241549584171,944,137,False,0.3565312187305492,0.06984800739711015,787,113
1.1,20293028,False,0.4738211711265383,0.02987413966859233,2206,170,,False,0.08587252337553167,0.1627508221588896,1044,142,False,0.0550224762279087,0.15919840823413478,807,115
1.1,20293029,True,0.00819151115635719,0.08841824882274923,2202,170,,False,0.4986113092002045,-0.058981786476108904,1008,133,False,0.7887437847057438,0.01915335795359506,797,113
1.1,20293030,True,0.013024435231053653,0.09468457028234267,2164,168,,True,0.012955806328053255,0.22672171473492045,996,136,False,0.14747050931836672,0.09264445638192421,788,110
1.1,20293031,True,0.024128511647890608,0.0752147104499829,2226,173,,False,0.7733180410283002,-0.026351802625000777,1012,141,True,0.000971743547860555,0.20482813910500064,787,111
1.1,20293032,False,0.251019112413415,0.04918501101380863,2163,168,,False,0.7840219266224441,0.023486944682120058,932,132,False,0.16484033079683588,0.10231308963595193,810,118
1.1,20293033,True,0.014109566749105832,0.09726347506802273,2204,169,,True,0.00019151908259212982,0.36581940882963493,936,135,False,0.2595411740141724,0.08088178653454592,781,116
1.1,20293034,True,0.002545116183015098,0.14745547084081742,2202,172,,False,0.056927188160316826,0.1394389212396066,1017,132,False,0.24290951107312966,-0.11354658530545331,803,111
1.1,20293035,True,0.009669715832775722,0.0803244164870771,2192,169,,False,0.03414975445535326,0.2317465667564618,947,132,True,0.000709576691503591,0.2335412696430366,805,110
1.1,20293036,False,0.1928742159785455,0.05380391719368291,2204,170,,False,0.053795093760308145,0.16175138173963677,1023,137,False,0.29198044159914777,0.09319251378566776,806,111
1.1,20293037,True,3.5703332853048286e-05,0.1566096642403906,2191,169,,False,0.08374848199011747,0.1385931779278913,992,134,True,0.003814919740276544,0.1955520940623368,767,106
1.1,20293038,False,0.45332005930982305,0.0303654715132221,2197,170,,False,0.6319017066455882,0.04364062044655178,1051,137,False,0.5572264327180949,0.04379502423571894,789,110
1.1,20293039,False,0.879900818097358,0.009026961185854573,2197,168,,True,0.017932822649494667,0.2587676597397296,926,138,False,0.4008540968574908,0.07831108810467508,808,116
1.1,20293040,False,0.5957157259508072,-0.018822574296106297,2182,171,,False,0.04493811267939549,0.20294453932629986,1056,135,True,0.0005633573534247116,0.24661625353792552,798,113
1.1,20293041,False,0.7838849548321997,0.014841128881904031,2194,168,,False,0.4460877615152626,0.0718953776866954,1019,139,True,0.009873727674674456,0.2226090148522513,791,110
1.1,20293042,True,0.012741323229149325,0.09285197038826441,2203,171,,False,0.15243508385482163,0.13092099204900448,1037,134,True,0.009405081072835378,0.1433750260818758,807,113
1.1,20293043,True,1.0338534064999127e-05,0.16043030442355088,2158,166,,False,0.31828343117305014,0.09980866698066533,960,136,False,0.032284129735258495,0.1547616415513247,789,111
1.1,20293044,False,0.10558358384833666,0.07800902368722068,2207,171,,False,0.14928874824455068,-0.14862331229568426,1019,141,False,0.23796886531017483,0.09595774174735179,803,113
1.1,20293045,False,0.5088063401467234,0.03520388033659546,2168,165,,False,0.05618981872513183,0.14780057750689257,998,135,False,0.051345667046540054,0.13540785038387304,813,113
1.1,20293046,False,0.07241856890641521,0.06566491267747271,2185,166,,False,0.08050730666383671,0.1319274949621545,1092,141,False,0.07843468564666499,0.1431018638261061,775,108
1.1,20293047,True,6.602696225878762e-05,0.156885058289031,2185,166,,False,0.17702883439532374,0.10423661998577617,979,134,True,0.005741438850775885,0.1950410087590909,803,112
1.1,20293048,True,0.00149093592593767,0.10556039167398171,2210,173,,False,0.25805006930031815,0.06589818978789438,1009,139,False,0.6913489495907781,0.023474589343420723,782,111
1.1,20293049,False,0.14571425222098355,0.042604543079301505,2207,171,,False,0.1234467586978762,0.15691200649430107,995,138,False,0.11969458268017878,0.1158511798044612,743,103
1.1,20293050,True,3.9024262892789567e-07,0.20985668258143986,2216,172,,False,0.32671332242230194,-0.10238172494726056,888,129,True,0.0008988028269495358,0.21130545187934605,805,114
1.1,20293051,True,0.0005214864059968111,0.12997383336345814,2172,170,,False,0.3828692059878476,0.052939326760922896,1075,140,False,0.24609030763923478,0.07569792243546519,809,113
1.1,20293052,True,0.00045703092102242736,0.12191214065225617,2165,168,,False,0.5008915299572153,0.054437680989357626,1024,137,False,0.20410459588934418,0.11312622194591594,763,105
1.1,20293053,True,0.009076791118660766,0.10871080631840424,2172,166,,False,0.5545861316869962,0.053924092215367314,918,132,True,0.00017247265497159257,0.2399092961863064,760,107
1.1,20293054,True,0.020536528275554418,0.08854399227467785,2213,171,,False,0.059705864297090606,0.17683792493584108,908,136,False,0.2993768207734404,0.08603398053527846,783,114
1.1,20293055,False,0.8517852265325199,-0.0073770009276375136,2206,169,,False,0.8401799108160091,0.016966303113920066,1006,133,True,0.007232301550876811,0.20934936533062995,823,117
1.1,20293056,True,0.009411110496078826,0.14632581534252992,2221,173,,False,0.12123894252869324,0.1692642141464975,950,134,False,0.21804618023552186,0.09091755843230004,804,111
1.1,20293057,False,0.11758220112588506,0.08328664091353985,2219,170,,False,0.08788044357746713,0.153479317993987,1027,134,False,0.15727073281236942,0.08579632386590211,811,116
1.1,20293058,False,0.40376768061176627,0.03470515880436258,2210,173,,True,0.0010518344543728536,0.3146142280431298,980,130,False,0.9297259068623923,0.005639403570191738,791,108
1.1,20293059,False,0.24754157452690664,0.04643250877776047,2205,170,,False,0.6256303753094808,0.044172516179473764,987,136,False,0.47440607872605156,0.051398201462765976,788,112
1.1,20293060,True,0.00727737886193615,0.12302972033086994,2215,173,,False,0.3688796782103461,-0.06730263741848472,963,130,False,0.10828581749962246,0.1456754169690791,791,114
1.1,20293061,True,0.015653232026673847,0.11798234289535015,2202,170,,False,0.2827474669579661,0.09126665151275212,1020,131,False,0.3712768028924189,-0.05829627300319186,814,115
1.1,20293062,False,0.09431317736726763,0.05627018863009816,2194,171,,False,0.06605966320419115,0.17858230746214337,1009,139,False,0.9847714757717325,-0.0014240469415801528,785,110
1.1,20293063,True,0.011598107123250654,0.0897086832969598,2198,171,,False,0.10731396303737353,0.14678004856828425,995,136,True,0.003236523075514408,0.22389684984445526,815,117
1.1,20293064,True,0.004250803658551952,0.11670612658516204,2145,167,,False,0.2981719196545515,0.10917654233049917,964,133,False,0.06100117561014377,0.14944644683848837,772,110
1.1,20293065,True,0.0014951160798313428,0.13357225239026468,2201,171,,False,0.034371203176011375,0.1438634480520462,1030,134,False,0.2084826802255737,0.08654536193371665,793,113
1.1,20293066,False,0.10130580490166397,0.10067243471022194,2232,176,,False,0.4918173291964681,0.08854148747750955,858,124,True,0.007207297948235259,0.2028499526235035,796,114
1.1,20293067,False,0.06757807698979308,0.07809448747464473,2186,169,,True,0.0027545374350812354,0.22386239515511186,1109,141,False,0.8343951700201601,0.02350532781277764,763,109
1.1,20293068,True,0.012493417848489683,0.08760324595022978,2202,169,,True,0.024521540288311005,0.18928500622086425,967,130,False,0.20966229268520406,0.07612540730948571,815,114
1.1,20293069,False,0.6852955624312901,0.0223029561722642,2195,170,,False,0.0996197129648901,0.1812474282928886,954,138,False,0.05395114835236234,0.14376854588162186,800,113
1.1,20293070,False,0.6122195413532752,0.02124982903035659,2190,173,,True,0.02381222309277994,0.1926998195333506,1077,137,False,0.6747948260963548,-0.03066258731191462,785,109
1.1,20293071,True,0.01291796531373496,0.10341074313462487,2216,174,,False,0.945926420274982,-0.007313070964157206,925,139,False,0.544101362484832,-0.04551018547229411,790,110
1.1,20293072,False,0.6910690568275791,-0.015137541515658453,2191,168,,False,0.08176896466544048,0.18801801630978263,989,131,False,0.320358407679337,0.06343853955182797,792,108
1.1,20293073,True,0.006178307630061851,0.11659719176229186,2183,169,,False,0.11287039198586929,0.14943646733984833,1019,137,True,6.515834901601468e-06,0.2740954207715192,798,112
1.1,20293074,True,0.005795880214295998,0.12882512698539758,2204,169,,False,0.1596518086291974,0.14414203580329396,936,129,True,0.0021238129454650163,0.21504031099898444,786,112
1.1,20293075,True,0.02436475242946705,0.10047132526291987,2199,171,,True,0.0007929539366790904,0.29748228387174364,1021,135,False,0.13666759277708548,0.09695379900014466,787,111
1.1,20293076,True,0.020200323471460644,0.13689376375010212,2220,174,,False,0.1118849639223284,0.16831776617598476,889,136,False,0.05828732186237761,0.139393314759245,788,113
1.1,20293077,False,0.03201874537762146,0.08917215295879652,2212,172,,False,0.09056065194480267,0.19145674942608462,1020,138,False,0.4632012262025512,0.06465114432832134,768,112
1.1,20293078,False,0.8645806086402361,-0.006121746251892667,2200,169,,False,0.9115237948565214,0.011136549609751703,1005,140,False,0.642932610152693,-0.03590660696151986,810,116
1.1,20293079,False,0.16555063065142367,0.058187068472577756,2225,174,,False,0.7552832887757792,-0.022146237025375003,1004,142,False,0.1297637869624882,0.07962088314813918,800,115
1.1,20293080,False,0.22391835038842836,0.053205130971995446,2180,170,,False,0.19422236200236465,-0.11028671907272813,1010,130,False,0.22392836160570967,0.09980261138178195,797,112
1.1,20293081,False,0.44731187115214693,0.03941907789140202,2198,171,,False,0.8685652452071315,0.010467007511502598,990,135,False,0.2905789028947861,0.07423896567750626,809,115
1.1,20293082,False,0.2033827728805527,0.05644091321286758,2209,172,,False,0.6653416898556637,-0.04816713198788849,867,131,False,0.2634011894787646,0.10601445560308498,773,111
1.1,20293083,False,0.5379694559235737,0.027143594445593996,2223,174,,False,0.7527788073196454,-0.025792296775770773,1023,137,True,6.117016327099691e-07,0.36969552406122924,808,114
1.1,20293084,False,0.09759471159008141,0.07748166547873897,2201,170,,False,0.20807809507440653,0.1028972483075952,997,134,False,0.08944652269448103,0.17227003095829513,787,110
1.1,20293085,True,0.006191355224450243,0.0987762075887745,2193,171,,False,0.1655780830337716,0.1362094034882325,952,135,False,0.34633507115990014,0.05572190362972171,801,113
1.1,20293086,False,0.4213246176299158,-0.030654270324444358,2213,172,,True,0.0036578195344823343,0.2046565500020081,977,136,False,0.2937165681384065,0.0764973095247839,804,112
1.1,20293087,True,0.004852696800796052,0.1280390228700664,2196,169,,True,0.0009457915470478056,0.27593083395664597,1081,138,False,0.2798486315286358,0.0861497618028598,781,109
1.1,20293088,False,0.0416817785767694,0.07603604860359492,2208,171,,False,0.16793401150840065,0.10685223114118052,1076,139,False,0.5194402091374428,0.04810681374948298,802,114
1.1,20293089,False,0.16039201219906252,0.08840797852607417,2204,170,,False,0.265811050050164,0.13824130385550365,980,134,False,0.6561072141950006,0.024124516651926366,825,118
1.1,20293090,True,0.004533108272602889,0.13437769827661372,2224,171,,False,0.0564499286105185,0.16311255259589189,1031,133,True,0.00015466450604103164,0.17723323255493387,823,117
1.1,20293091,False,0.5384087774603534,-0.026480492476111693,2212,172,,False,0.6977688759225847,0.03232078797608733,949,134,False,0.8583308562439782,0.014552666561778579,813,116
1.1,20293092,True,0.0030543258335975045,0.11516973484068424,2173,170,,True,1.4817266471894463e-06,0.4310220275201018,891,137,False,0.4240344436326221,-0.06382389695182765,805,113
1.1,20293093,True,7.372582768713988e-05,0.1754290249428753,2210,171,,False,0.19448794276422657,0.11317186668182021,1039,140,True,0.014582146562361158,0.20141939606573375,797,114
1.1,20293094,True,0.00010341728592447826,0.15226132659064281,2173,169,,False,0.9821646039275129,0.00219395677109556,940,133,False,0.9064458709882496,-0.007813066987151476,802,115
1.1,20293095,True,0.0001197240491534888,0.15032599260348556,2191,168,,False,0.48883938675944844,0.050786832697311796,997,136,False,0.4560329314321682,0.04641936176161731,797,110
1.1,20293096,False,0.2132015982569021,0.04838627669086611,2188,170,,False,0.11359614765808704,0.1663468993427869,927,132,True,0.0002156843635158464,0.26597393907941946,799,113
1.1,20293097,False,0.9715457064032813,0.001514646359772882,2176,168,,False,0.952927082072834,-0.00435399126491459,967,136,False,0.5553603853817042,-0.04870794997372271,810,116
1.1,20293098,True,0.00662235961811406,0.09389641237337583,2170,167,,True,0.00025870200317805995,0.3220633868907328,919,136,False,0.06386420524614018,0.14926590322001618,783,108
1.1,20293099,False,0.7897020720558398,-0.009110994529112616,2182,170,,False,0.2559340667327301,0.11625025158478115,900,133,False,0.9563941982868507,0.00300934069421969,813,117
1.1,20293100,False,0.06617436489137936,0.06538337128572579,2184,167,,False,0.04319369291064562,0.2617795909225849,932,133,False,0.8502905631512794,0.014873007594301853,790,115
1.1,20293101,False,0.14475866290436928,0.06497478408030176,2185,169,,True,0.009454843035521548,0.28538195650902054,993,138,True,0.012670567427572882,0.2337921469600608,797,112
1.1,20293102,True,0.012142934097013305,0.09319914020333082,2203,169,,False,0.5363206708796585,0.05716498679748493,919,134,False,0.0396062856812439,0.14971924639518416,783,111
1.1,20293103,True,0.00525570196708831,0.1304350677433776,2199,169,,False,0.5657200902604912,0.05522768685742156,1024,134,True,0.0030142856841202485,0.1943911845634703,800,112
1.1,20293104,True,0.016061848352592493,0.09161386485650888,2129,165,,False,0.39661260177040947,0.0684182175697929,1009,135,False,0.20490147778613302,0.10206562024660404,780,110
1.1,20293105,True,1.0975469685900623e-05,0.144932150844643,2200,170,,False,0.5095473014854985,0.052445381630105446,956,134,False,0.1047855059534986,0.13877238784779078,793,111
1.1,20293106,False,0.7765743424448611,0.012011186809029448,2207,170,,True,9.222557503940077e-05,0.4373938036270192,929,134,False,0.5693694140512273,-0.04031965573311609,778,110
1.1,20293107,True,0.0014342579735269817,0.1460367071248353,2177,170,,False,0.38520819240492815,0.0750775876102858,1101,139,False,0.7062469963713701,-0.0488006147670926,781,108
1.1,20293108,True,0.0008230684340019973,0.14670097740265317,2224,173,,True,0.001278905483580287,0.23291847828688367,1039,137,False,0.7406273542077378,-0.029444080196005647,796,113
1.1,20293109,True,0.01406781686530261,0.10781807590416287,2187,171,,False,0.700950451738623,-0.03795925268834224,1028,129,False,0.5592423120275947,0.03689854008373044,776,109
1.1,20293110,False,0.08962834946135924,0.08706594720684856,2209,171,,True,2.489611342920213e-05,0.4543670752827877,954,135,False,0.10001543568269212,0.09900539128015555,798,112
1.1,20293111,True,1.979715113568335e-06,0.15636418783012795,2187,168,,False,0.07131558677273123,0.1408168274950568,1085,139,False,0.5671024610516074,-0.05240153268768826,780,109
1.1,20293112,True,0.0020931091300730956,0.11234857367563286,2173,168,,False,0.5136685845091599,0.04435291693011795,1033,139,False,0.026551410231549867,0.1893980989038402,813,115
1.1,20293113,True,5.816488518083497e-06,0.2066452567049321,2176,170,,False,0.19073284874390375,0.1516805546268052,900,135,False,0.13540329396479456,0.09611458629838185,785,110
1.1,20293114,True,0.005917435759996524,0.1311032928596266,2211,170,,False,0.633289888955813,-0.032799027047632205,1035,136,False,0.8934868349512364,0.010437997147146473,805,112
1.1,20293115,False,0.02660286399672731,0.11116735698546805,2224,172,,False,0.9131989828739787,0.00972297054501908,917,133,False,0.17321206982871512,0.10340988527620756,813,118
1.1,20293116,True,1.2409677920289435e-05,0.142170345472881,2202,170,,False,0.286029189528319,0.10980658667365385,927,126,False,0.28361981621741644,-0.0827845854874672,817,116
1.1,20293117,True,5.838255603529062e-07,0.19739163710472526,2197,169,,False,0.16963437721782548,0.11840546979930926,1095,137,True,0.006839101195609506,0.19306934645078527,797,115
1.1,20293118,False,0.9313407702128212,0.003967603206908617,2206,170,,False,0.34020990420746106,0.08924226276770406,979,129,False,0.7724093494758314,0.021279055930527545,805,113
1.1,20293119,True,0.004752963835864572,0.13621213740438454,2224,174,,False,0.7366917225736118,-0.031907817636372696,963,133,False,0.3328541756315556,0.04855352656902345,794,112
1.1,20293120,True,4.906153254255767e-07,0.15555539552309397,2171,165,,False,0.8252313238439422,0.023298307181345564,1016,137,True,0.0034133222946794357,0.2282006544331488,808,115
1.1,20293121,False,0.32372595951862226,0.048753489482177136,2229,175,,True,0.02044742932320217,0.22241060772546636,935,134,False,0.8232085362738242,0.021956735545005428,794,112
1.1,20293122,True,9.756998100823956e-06,0.1560215375267076,2215,170,,False,0.04528587215024281,0.20109820578257903,945,136,True,0.0012585451472547557,0.2225650151789882,794,112
1.1,20293123,True,1.9392648573434103e-07,0.26241362526933526,2189,171,,False,0.4218820437459051,0.07196117539387259,942,132,False,0.23888597953699936,0.1035076683473333,794,113
1.1,20293124,False,0.3738205085576181,0.0430491422930789,2193,168,,False,0.1695973961251205,0.1216738562128859,1015,136,False,0.7710361858223738,0.01607630057650516,813,114
1.1,20293125,True,0.0011952301134655699,0.1094091013009541,2196,168,,False,0.7481908726477764,-0.027458143368658285,1009,134,False,0.012226720095889971,-0.1472304506244272,780,111
1.1,20293126,False,0.10560369855801871,0.06070028696694573,2203,170,,False,0.2111090211230157,0.11203397382850448,1027,136,False,0.6339423791480043,0.03142843043663364,806,112
1.1,20293127,True,0.0015360134881943158,0.11966476489871744,2194,169,,False,0.373270793807029,0.07700485837439082,986,139,False,0.15137719498921703,0.11773479420827669,785,109
1.1,20293128,False,0.15293017881242754,0.0617660096119786,2208,172,,False,0.14192299476439174,0.11724640215197805,990,142,False,0.7062485135285337,-0.02986917497659714,791,109
1.15,20293929,True,0.005866146224861742,0.11690233774407818,2227,174,,True,0.009431242056221228,0.24165965566333225,1042,134,True,0.014164430797962542,0.17167274570160432,810,115
1.15,20293930,True,0.0002624197051824412,0.1345850379108147,2229,173,,False,0.080233734240242,0.14819180945901073,980,134,False,0.5598684152816111,0.043586622968732606,792,112
1.15,20293931,True,0.0003517737832881986,0.13817557811091807,2191,167,,False,0.6417707242854561,0.0546446951032905,986,132,False,0.05581308697549588,0.12591799594286562,812,113
1.15,20293932,True,1.532613156247158e-06,0.22552025472815232,2200,170,,False,0.8958208024315882,0.01304125351331029,980,137,True,0.0025997429797397385,0.2152224722483664,810,115
1.15,20293933,False,0.03421086766284869,0.1208778676723306,2199,171,,False,0.1535832684386938,0.147890496552546,933,137,True,0.003243357418041135,0.16011073678667082,781,110
1.15,20293934,True,0.00040975807208199465,0.16616297001831376,2186,170,,False,0.24842682022573295,0.11076166486759079,949,133,False,0.2720910453008116,0.10614431369091051,798,115
1.15,20293935,True,2.0377688744124225e-12,0.25034083934283713,2227,173,,False,0.2341527825991451,0.11119203797662748,988,139,False,0.13262303808470433,0.1344291679480612,797,114
1.15,20293936,False,0.05350952509938742,0.06723758056757911,2210,174,,False,0.5812066175061825,0.06615772156729256,1048,136,False,0.8883686364626513,-0.010738113035291524,789,116
1.15,20293937,True,2.052627814368117e-06,0.19963866322138932,2213,173,,True,0.0025334219700364714,0.3387271023096362,999,137,True,0.0029221494224166444,0.20069080689556465,803,115
1.15,20293938,False,0.34050583035947396,0.045703760702273194,2197,169,,False,0.39543320119951886,0.07642233790433743,1025,141,False,0.3928474954140578,0.05566308544570285,802,111
1.15,20293939,True,0.008458313372565413,0.11948557499701912,2213,173,,False,0.12916726004753257,0.14027962308980096,1024,144,False,0.3673264753097521,0.07025224616392377,795,109
1.15,20293940,True,3.309433685785871e-06,0.15681343982979332,2218,173,,True,0.0004265558038346539,0.2980545137782314,936,136,False,0.3725566444882367,0.08426669116478705,818,117
1.15,20293941,True,0.015747974987225404,0.11270461744395958,2185,170,,False,0.10366725324737798,0.10666514251359789,1038,140,False,0.2452617766700128,0.08519490499203759,798,112
1.15,20293942,True,0.004562585066796285,0.10503015242019532,2215,171,,True,0.0011359784142811165,0.3210991863107264,929,136,False,0.6684981998681491,0.020252043198296977,788,108
1.15,20293943,True,4.467632859022763e-05,0.13794646057730836,2172,167,,True,0.002705423052332947,0.28926762660364447,916,136,True,0.01160478127132996,0.24695272081108421,787,110
1.15,20293944,True,6.463413469751547e-06,0.1558712555819701,2196,170,,True,0.000884988738687892,0.27823103149289297,954,138,False,0.28754495086037013,0.05000890214789043,787,111
1.15,20293945,False,0.03634235696872121,0.08588462889362852,2215,172,,False,0.19203250407375447,0.10042635334816667,1026,136,False,0.9704983921825208,0.003741859986405111,798,111
1.15,20293946,True,0.00019303692130362746,0.11786498123131248,2231,175,,True,0.0038031300923097077,0.22552991164919553,928,130,False,0.17723879448961188,0.1153477727984422,807,117
1.15,20293947,True,0.0028078435486002555,0.13459473858583518,2191,173,,False,0.05965371877108167,0.17917595430830546,945,132,False,0.02638367311455316,0.18877587042407035,781,111
1.15,20293948,True,0.0070659737079969125,0.12043503366708307,2199,166,,True,0.000463229248046178,0.2764300589865557,1009,138,True,0.0006920394018679101,0.29708255967696956,817,117
1.15,20293949,False,0.26258359294724154,0.05014709881076575,2230,174,,True,0.01534411764648688,0.18752162783521265,1075,141,True,0.0008898166413710924,0.22555935466755211,795,109
1.15,20293950,True,0.0013564633223640743,0.13216145965103032,2198,169,,False,0.666037493890445,0.05276536034578137,1016,136,False,0.3351036612503062,0.08799601418191609,797,112
1.15,20293951,True,1.2966326217197727e-07,0.22099555119958053,2180,171,,False,0.6665606531354985,-0.06445288573588981,982,137,False,0.4239854044075604,0.06520897805338725,802,114
1.15,20293952,True,1.6129947737751434e-05,0.1901220000361471,2216,172,,True,0.0010898572502391316,0.322918175120775,1036,139,True,0.000784847863353222,0.2972052426536323,815,117
1.15,20293953,True,3.209849713797479e-05,0.1756048940335283,2196,170,,False,0.09114220515691993,0.19253524321484594,1056,135,True,0.01972916397644199,0.2036169332877286,807,115
1.15,20293954,True,0.018907258378680795,0.10291023452525923,2183,168,,False,0.6638517671562244,0.032860327316505615,1027,133,False,0.17020468965003566,0.09735897685827428,795,114
1.15,20293955,True,0.00023108213913041725,0.1253787234211952,2209,170,,True,0.022055194498458313,0.20143471683441852,1004,137,False,0.03533615224509615,0.13323311215191525,799,110
1.15,20293956,True,0.011926783277392794,0.13967669150389678,2185,171,,False,0.04977384174322853,0.21777049273771468,921,131,False,0.2156763962760759,0.12187330409812043,797,112
1.15,20293957,True,0.00010673327811527694,0.12760749316400738,2194,171,,False,0.5328112859704269,0.09365482501751188,966,134,True,0.000974329580952161,0.20540468022172692,775,110
1.15,20293958,True,0.0023264585342533018,0.10753315094315576,2203,170,,False,0.06902893832203219,0.20492132275463865,991,132,False,0.20631965729791468,-0.08700633031428742,809,113
1.15,20293959,True,0.0015972291824885082,0.14456382542889212,2199,169,,False,0.7789083633455225,0.02038045999449288,977,136,True,5.212919307358468e-05,0.407077199661438,782,110
1.15,20293960,True,0.0023254941161212567,0.11993773544898793,2202,171,,False,0.329572079139767,0.0921637761043122,973,137,False,0.5013496955719006,0.06352292571085165,802,114
1.15,20293961,True,0.0002537330873545055,0.15253282564267484,2224,172,,True,0.0021601205763414964,0.29553830887681215,979,135,False,0.41258159934914973,0.059523371006972074,767,110
1.15,20293962,True,3.188722833233994e-05,0.1548831452436959,2189,167,,False,0.02992885879688682,0.17368356827763556,996,138,False,0.29179573065922015,0.0973173181695205,805,116
1.15,20293963,False,0.04737970991262005,0.0849541760534717,2194,170,,True,0.001986842568355185,0.2816237144867812,1018,137,True,0.017636918125118004,0.18236602952133982,797,114
1.15,20293964,True,0.00046602400727548495,0.12644811484765744,2218,175,,False,0.1721174259578476,0.12909731413489867,1049,137,True,0.00016624393880621997,0.22732571166361887,816,117
1.15,20293965,True,0.003464372172622658,0.09983502968540194,2196,174,,False,0.18316526386381346,0.16753974979280165,988,137,False,0.17767492991814196,0.13291860950755652,770,114
1.15,20293966,False,0.10106803322007066,0.05655624775242994,2174,166,,False,0.32829310309090554,0.1184924905772491,1032,142,False,0.3449362124260782,0.06655740660330323,813,116
1.15,20293967,True,8.006962848672398e-08,0.23521129133914864,2201,171,,True,0.0035064063135828026,0.32125889708102184,934,131,True,0.0006503258499384233,0.27071186186615015,781,115
1.15,20293968,True,0.005447529635622665,0.10253365874739961,2218,171,,True,0.0001578106960441492,0.26651365991410564,1005,138,False,0.5289283456299344,0.06424630908404072,793,110
1.15,20293969,False,0.460259744232498,-0.03205849520998321,2209,169,,False,0.5832035678596401,-0.04907408103093098,923,134,False,0.5171268459447035,0.04689216727925583,785,112
1.15,20293970,True,0.01445733371674755,0.08658655858287935,2214,172,,False,0.3888897811541891,0.08896296216584636,959,133,False,0.8595389311506564,0.01276638808484498,786,112
1.15,20293971,True,1.2482595599189754e-05,0.1616766297553219,2197,169,,False,0.14404848080138,0.10871320923062153,1042,140,False,0.8241925412964455,0.014597709281108076,789,110
1.15,20293972,True,0.004763320196948081,0.10804410453362973,2186,167,,True,0.013391009822358245,0.18488971784017816,1011,138,False,0.02911791271125259,0.15098028507034772,788,110
1.15,20293973,True,0.010670602959034029,0.1096209694969269,2211,170,,False,0.27172763577516296,0.12390879178955866,923,134,False,0.788309308502714,-0.026987569324422037,812,116
1.15,20293974,True,0.001712334006040836,0.10817411499147173,2189,170,,False,0.061442775393181416,0.13388112084222126,917,129,True,0.0032925574232280643,0.20949933478692945,799,114
1.15,20293975,True,2.7147646544009367e-05,0.13129474381613696,2197,170,,False,0.026574631574345284,0.1888707151340832,983,135,False,0.18084521958845698,0.11510394327127847,812,115
1.15,20293976,False,0.2012505164812794,0.07145928681125158,2187,172,,True,0.0016408014851665063,0.2776746360383982,989,136,True,0.01085952116478721,0.176589412223058,807,116
1.15,20293977,False,0.04104722554474031,0.09618944014439355,2198,170,,False,0.6683321449527341,0.031539861285666,926,133,False,0.5205675276891771,-0.05716019411699164,789,111
1.15,20293978,True,0.0011754561007851227,0.12720541861824927,2178,168,,False,0.2013657952541761,0.10705911339510914,988,140,True,0.0006262705611764494,0.20688280894499353,805,115
1.15,20293979,False,0.06223970821541449,0.11596012047282074,2204,169,,False,0.3651547403566485,0.09290383117673127,996,139,False,0.5211131200978052,-0.04839121699469812,750,106
1.15,20293980,True,0.000865194844648011,0.12806842466260215,2198,170,,False,0.6356415851538919,0.0685115297169891,947,132,True,0.0055118828323298995,0.22314876734965466,775,111
1.15,20293981,True,0.00025411683888985605,0.1401687810936711,2211,171,,False,0.6766265765954305,0.049192842333210966,958,141,False,0.02743476682985053,0.13049636567595066,788,113
1.15,20293982,True,0.01837185968580056,0.09595059070131146,2187,169,,False,0.16391725588174655,0.1138328460057264,1009,135,True,1.0668407016662282e-05,0.3537114356196648,808,116
1.15,20293983,True,3.231519758597475e-08,0.18458332087957446,2212,171,,False,0.1096316889861265,0.16352646321119663,932,135,True,0.009438429853873706,0.2174169024445191,816,115
1.15,20293984,True,0.0003006408280476542,0.14259516821660187,2196,169,,False,0.0567981913570437,0.24032086913068013,901,136,False,0.8806160923793359,0.011705452396178982,784,110
1.15,20293985,True,0.00034608922763808216,0.14658356067724493,2218,172,,True,1.1692061719873071e-06,0.37405230694524916,994,134,True,0.0048123105288958475,0.20170097165243017,796,110
1.15,20293986,False,0.06335866189732228,0.08786558329710248,2205,172,,True,0.0005902942193698116,0.3524543262541497,1002,139,True,0.003732001857334077,0.3041544685590077,784,112
1.15,20293987,True,0.00017113998113134222,0.17420424659987324,2215,171,,False,0.352334252849374,0.07438354689658348,1003,133,False,0.09826411756542036,0.11190870505914662,806,114
1.15,20293988,False,0.06311249526551942,0.09819351754618405,2171,168,,True,0.00289217257669733,0.31823644818793123,981,140,True,0.0019337125329135314,0.19850703715093826,772,108
1.15,20293989,False,0.031317345460328036,0.13217435542227748,2218,171,,False,0.06801954168636908,0.17025230948948,970,135,True,0.006715855628046193,0.1547063232025839,791,112
1.15,20293990,True,0.006297245218330549,0.12244965131493969,2208,169,,False,0.06019345642749783,0.1775666527933632,919,128,False,0.030308310562888737,0.15014489207296383,782,110
1.15,20293991,True,0.003648360651115901,0.16556003595599525,2175,168,,False,0.7188562004617357,0.03340703904560917,917,132,False,0.06733247797663906,0.13040494804276132,793,112
1.15,20293992,True,0.0026928915513071677,0.11236229585264843,2198,170,,False,0.03369893965973027,0.1955087153811437,917,135,True,4.663953091007996e-06,0.27249544946503035,771,108
1.15,20293993,True,0.0017911663789324662,0.1383701473473966,2198,170,,False,0.05842399942276007,0.23143026390333546,1035,135,False,0.7068382424816538,0.026226452681667737,794,111
1.15,20293994,True,0.0014240647210304652,0.13611056048775605,2204,170,,True,0.007574292093642578,0.23627199666140078,967,133,True,0.0009612009443022442,0.3325369045099199,814,118
1.15,20293995,True,1.268788173671508e-07,0.2008040902593657,2195,169,,False,0.07762086619078985,0.1481865787228875,1000,141,True,0.004322909526490675,0.1804433869112484,811,116
1.15,20293996,True,0.0009924946869218066,0.1382925609860915,2186,169,,False,0.08203865812290542,0.14896051816206798,994,131,True,0.02364999991081687,0.1898421173031533,806,114
1.15,20293997,True,8.094874170312112e-05,0.19439389049771397,2183,167,,True,0.010639667722135227,0.24264550662727477,1007,137,False,0.157808499500904,0.10285112392542092,799,114
1.15,20293998,True,0.0020414155022455945,0.14755999841674353,2204,172,,True,5.637913536202273e-05,0.4059164023889715,1008,137,False,0.059288230874287966,0.12484756575334366,811,116
1.15,20293999,True,0.00883161701580653,0.10595653721172645,2212,171,,True,0.002965170157967235,0.2944650884415347,932,136,False,0.7281943874300865,0.022674880515768766,782,110
1.15,20294000,False,0.09701818091248558,0.0687953162811398,2189,169,,False,0.7961167227084208,-0.03826742911583758,902,133,False,0.8751505486035367,0.011242468131995212,787,112
1.15,20294001,True,7.625882888225923e-06,0.236215806058752,2171,168,,True,0.003944659688601267,0.30890714369847294,1018,136,True,9.90979549382625e-08,0.3021923065746585,792,113
1.15,20294002,True,0.005267191845487698,0.11721212066388668,2212,171,,False,0.15018530885744866,0.09282006219573949,1031,129,False,0.5613402981191257,-0.04902110523958834,807,117
1.15,20294003,True,0.0015360880051964682,0.1481287237372199,2178,168,,False,0.9681941495590577,0.0040360043392911205,939,129,True,0.0006349512657051815,0.275726246478746,793,114
1.15,20294004,True,0.011961107791918212,0.11431332284894671,2207,172,,False,0.0673863178491201,-0.15332034759437457,1026,136,False,0.9532655215407492,-0.003315600137785742,796,112
1.15,20294005,True,3.8607133496102874e-06,0.17390339356752899,2214,170,,False,0.6468367282214421,0.04541043954119549,965,142,True,0.0067574124017745355,0.2106470097174595,770,108
1.15,20294006,True,7.27898764330937e-06,0.18007033254136753,2221,171,,True,0.0019254731070969962,0.3394160393516228,989,142,False,0.9886530812041288,0.001197687889761348,789,113
1.15,20294007,True,3.804631547742632e-06,0.15467237961223518,2206,170,,True,0.015507187697821029,0.18094720882010576,1034,137,False,0.15887853858287612,0.11995565289257885,787,111
1.15,20294008,True,0.0025779141061868975,0.09740877237628476,2230,174,,True,0.014593189351229172,0.1724025461887708,1028,130,False,0.28217873999554344,0.06610322045030863,819,117
1.15,20294009,False,0.10746531793399687,0.0802411323859881,2199,169,,False,0.10630685850583622,0.10183715894201646,976,133,False,0.028241942690886295,0.20978440524037426,786,113
1.15,20294010,True,0.004267163947662718,0.1521411156541801,2197,172,,True,0.015165592688889902,0.20053383158948596,979,141,False,0.05317039516055759,0.14543330987025643,800,114
1.15,20294011,True,0.0005233262557900356,0.15845727320071698,2199,167,,True,0.02300217063043316,0.18419982226610365,896,130,True,0.0006380217135376036,0.25575438906468123,789,112
1.15,20294012,True,2.0897895636343225e-06,0.1886786593530884,2193,168,,False,0.11440131172704933,-0.16932291447745698,953,137,True,0.003340166692680176,0.1993048648690109,816,117
1.15,20294013,True,1.7646666486653801e-06,0.18573180909686532,2204,172,,False,0.1826733481420944,0.14830293799357838,879,136,True,0.004010219849845636,0.23550678078207282,812,115
1.15,20294014,True,0.00023819433118451097,0.11961133063837784,2188,168,,True,0.0008828258847232991,0.362475658455205,871,128,False,0.2562155336812256,0.08224606189727617,807,116
1.15,20294015,True,0.000722305992660247,0.1424181998065553,2168,167,,False,0.11707628967933466,0.1237678639169674,966,128,True,0.006999503561209264,0.20084353585029124,797,111
1.15,20294016,False,0.12726175702299905,0.09524756796997363,2192,169,,False,0.8007782960651846,0.020782319081131623,924,132,False,0.15453579012038138,0.12767577054130463,787,111
1.15,20294017,True,0.004073413569643582,0.13577117033315014,2188,167,,True,5.8827779037531354e-05,0.31717167540998004,1058,142,True,0.007342995565694839,0.17399638746243998,800,114
1.15,20294018,True,0.0005673118367786228,0.1434604142960275,2178,169,,False,0.7200719617029837,0.03186803660138437,951,130,True,0.0011803943879310106,0.23138295057432698,802,112
1.15,20294019,False,0.06940445513848367,0.08993964869207564,2187,169,,True,0.0028495055487170614,0.29219237709795337,1003,139,False,0.03654177631350264,0.1272193121775085,794,112
1.15,20294020,True,0.002024883266348211,0.1447111524112739,2190,170,,False,0.035742905598128004,0.16956913726846998,1062,138,False,0.04554003609743821,0.145418608615496,795,109
1.15,20294021,True,0.0007648769884011904,0.1096206559604393,2193,168,,False,0.027331680108477682,0.1789007445960591,957,132,False,0.23114349493011674,0.08480766546700388,764,106
1.15,20294022,True,0.0002462529343806676,0.14564333019347153,2214,172,,True,0.007450507703582918,0.21950824041928807,1015,133,True,0.00017649250272201193,0.2215069129429157,786,112
1.15,20294023,False,0.19089448581137133,0.045174201523567485,2206,168,,True,0.01795132675029954,0.19634855993104233,1017,127,False,0.5507994437481234,0.04542272462769759,742,106
1.15,20294024,True,0.0008564695161158057,0.12996052426450427,2190,169,,False,0.12029791762894267,0.1129139100435992,1037,138,False,0.994925693901044,-0.00048479577142158205,800,113
1.15,20294025,False,0.0422758728120416,0.08590706311159714,2213,171,,False,0.032886441832599186,0.22468338617341133,892,134,False,0.5456148737212501,0.0492974348505483,773,114
1.15,20294026,True,0.00014615771321984552,0.13240918848573985,2209,171,,False,0.9553219731842573,-0.0056556177651215,916,133,True,0.0011197122310302157,0.20610677153956478,811,115
1.15,20294027,False,0.16512727318574955,0.07163379014225021,2176,169,,False,0.47646284617513274,0.06669821689491519,865,130,False,0.4541094656129256,0.05456238309253955,780,111
1.15,20294028,True,5.771577881888501e-05,0.17822384910477346,2198,171,,False,0.9392151743507478,-0.006990065667915351,1064,137,True,0.00022624994199391338,0.23898048383999823,802,113
1.15,20294029,True,0.003964223713893762,0.09169339458131624,2227,174,,True,0.011441679207085427,0.2057789799364829,959,139,True,0.006800055932095285,0.1600241387256028,786,110
1.15,20294030,True,1.3512843204752307e-07,0.19104895355201118,2222,172,,False,0.04568093958073474,0.1826494804945715,970,138,False,0.07780625987588119,0.18481114314479935,793,109
1.15,20294031,True,0.006476721419848755,0.17992503269461582,2228,173,,True,0.021147108031028303,0.2372835689022914,913,139,False,0.07448771326554957,0.13803158135153157,799,116
1.15,20294032,True,0.000551640165094093,0.12670071535919003,2188,169,,False,0.36292599159736755,0.09472044879944443,889,134,True,0.0011313903069087024,0.26611006593322883,785,113
1.15,20294033,True,1.5778214040809137e-08,0.22663698028546883,2199,172,,False,0.02770664124603754,0.28019574753558807,922,134,False,0.1349251376441461,0.09195642347733664,806,115
1.15,20294034,False,0.028237009268619006,0.08177966113753404,2187,168,,False,0.04182517729302917,0.1704535777441364,1041,138,False,0.18236292139109184,0.09440734617394451,776,108
1.15,20294035,False,0.027069333137530245,0.09035322170034107,2191,168,,True,0.0022910517600132135,0.3157795567846548,1035,138,False,0.07362658738296372,0.16783015316921573,811,113
1.15,20294036,True,0.00025273130624374723,0.18245222669995773,2222,174,,False,0.503046848043836,0.05152085082819476,977,135,False,0.8328777624568666,-0.01979979124312971,790,112
1.15,20294037,True,0.0028614401435097243,0.10814264531319208,2231,174,,False,0.11579754350019775,0.13665798238727322,963,133,True,0.020432972435086294,0.1422049503757605,781,109
1.15,20294038,True,1.0198475937396637e-05,0.17976945533202493,2223,174,,False,0.22078641148431705,0.10134284466448168,982,132,False,0.6552201400551769,-0.03989784451247663,799,114
1.15,20294039,True,0.012466113044219742,0.09827180708077414,2196,172,,False,0.8493080520559417,0.01761106101554238,961,135,True,0.006821815568208087,0.16397731476759433,797,111
1.15,20294040,True,3.404766608242043e-07,0.14650425860548486,2192,168,,False,0.5505966905127968,0.06779603956368033,1046,141,True,0.002576762683467708,0.18692879159239287,772,106
1.15,20294041,True,5.188028654742834e-05,0.1726395023673658,2170,165,,False,0.7726484218021641,-0.0294024109407968,903,128,False,0.46797603268855953,0.05429327535418749,769,109
1.15,20294042,False,0.7434357558489293,-0.014734067910791149,2204,174,,False,0.2382865203658761,0.09780692833392005,975,135,False,0.15908466492034787,0.1016717122721922,795,111
1.15,20294043,False,0.09562521443533555,0.07373467563477393,2220,172,,False,0.4773083055321674,0.06929763360479223,943,132,False,0.6570508741977658,-0.026002500633305888,806,113
1.15,20294044,True,1.7192495109535194e-07,0.2115791149424059,2156,166,,False,0.09594943659417564,0.18373112799611824,889,135,True,1.3753469827520409e-07,0.35278216559239217,782,110
1.15,20294045,True,4.289335045164987e-07,0.23021886081655296,2201,170,,False,0.06684066978863483,0.12167661825718859,961,132,False,0.4139993202810483,0.06829571363595036,750,110
1.15,20294046,True,0.0003826421803977712,0.1475455277051416,2181,170,,True,0.014382464589277631,0.2090185350740482,982,137,True,0.001345461338844471,0.21513003539507072,804,116
1.15,20294047,True,3.759499223034959e-08,0.22865372346717627,2192,168,,False,0.05112652991946002,0.22149641801310863,1035,131,False,0.6163948261452643,0.030144121545848356,796,115
1.15,20294048,False,0.059477751819877446,0.08409654147703913,2170,167,,True,0.0001414207250262217,0.4111212295284675,937,132,True,0.001836485650581385,0.2668500775250794,782,107
1.15,20294049,True,1.107624048266893e-05,0.25370485671639903,2202,169,,True,2.3364735025670183e-05,0.39515269821634347,982,133,False,0.2591328143042431,0.0837880109961299,755,105
1.15,20294050,False,0.9861078964135309,0.0009123815045665488,2201,168,,True,0.004028081108346925,0.2734752585338464,1087,138,False,0.17233153709686155,0.10191642793164954,796,110
1.15,20294051,True,6.102912706281966e-06,0.1598730211407934,2222,173,,False,0.16157040569762307,0.12415619250376597,1080,137,True,0.003577440960330165,0.25804374398329344,802,114
1.15,20294052,True,0.004205812469433903,0.1294533949689968,2179,168,,False,0.03547848960878818,0.1859094912240098,913,133,True,1.570797527035278e-05,0.3323905808677152,784,112
1.15,20294053,True,0.00228973885643735,0.13550075657124547,2166,167,,True,0.019098759026322992,0.23500964857342008,970,138,True,0.0024435068697034905,0.2060135310959849,789,112
1.15,20294054,True,2.177617580996692e-06,0.1491157682787358,2208,171,,True,0.0010869760132273998,0.352593245285962,922,137,False,0.16311354208918152,0.11524691230219453,800,113
1.15,20294055,True,1.4788971222075987e-05,0.16016889519131372,2222,172,,False,0.5859717143297162,0.05383916046041338,859,131,False,0.2539917918600099,0.10481775832535054,805,112
1.15,20294056,True,3.6428438213319116e-07,0.2343451047891969,2202,172,,True,0.003158928599395452,0.3126004206229232,1012,143,True,0.0014673675366040733,0.19827127281055135,787,112
1.15,20294057,True,1.5997622627178156e-07,0.1782076750054798,2198,172,,True,0.0066383413181014626,0.23108997481890514,1021,135,True,0.00368570699674117,0.25253935865079197,806,115
1.15,20294058,True,3.94233008646583e-06,0.18642367436336824,2234,175,,True,0.004262370403389533,0.24671999725690924,972,140,True,0.018904221053164777,0.18506372439738875,802,111
1.15,20294059,False,0.06050769672285076,0.07349124016589548,2156,165,,False,0.27948424769269187,0.10044083691135225,1023,137,False,0.9956237820447204,-0.0003949520761706256,804,113
1.15,20294060,False,0.03443187025587803,0.08626500603214,2199,172,,False,0.052812833015789644,0.15659916700527957,1045,137,False,0.8469068804561679,-0.01456286939616314,800,112
1.15,20294061,True,1.2442206155242483e-05,0.1765463356124818,2191,172,,True,0.001285973648900696,0.3470998698311024,1019,140,False,0.8164956523658569,-0.017448505335493487,790,110
1.15,20294062,False,0.12449176459113746,0.08235118473130143,2192,169,,True,0.001887337950876601,0.3009926433932001,1022,137,False,0.12305499047802676,0.10419687093225408,806,114
1.15,20294063,True,0.021342412351898727,0.10402257037422531,2232,174,,False,0.0720449217858606,0.14553091510105212,1067,138,False,0.08387350195357854,0.12467307029039319,811,113
1.15,20294064,False,0.032937723290395855,0.09222606893083136,2204,171,,True,0.001376983640284721,0.33766449913666013,975,136,False,0.0859633641078953,0.13591738325833785,812,115
1.15,20294065,True,1.5963423633191108e-05,0.23111620387372653,2217,171,,True,1.3095076208216786e-07,0.43719682341780153,966,140,False,0.13857254216294285,0.1438076730761601,805,114
1.15,20294066,True,3.1077202076341836e-09,0.19866406817272145,2196,169,,False,0.18114771406472951,0.10120696027317296,1022,138,False,0.05418002754667839,0.16204561357582278,784,108
1.15,20294067,True,0.0040646186831031165,0.11437502489286921,2169,166,,True,0.018495090099004543,0.21262299503270718,963,138,False,0.8505650186612977,-0.01620984413597209,807,115
1.15,20294068,True,1.8638339207864095e-05,0.16887723573855637,2185,170,,False,0.3417009886207619,0.10392489702795506,1029,136,True,0.016956441832972978,0.15005010912198888,798,111
1.15,20294069,False,0.16416409446439398,0.0751889158843762,2214,172,,False,0.12514904879134,0.11983146291117285,921,130,False,0.12970209842160565,0.14384300113261467,784,107
1.15,20294070,True,0.0020028868421353733,0.1403834221031762,2191,171,,False,0.2245449112481085,0.1171799891031983,997,132,True,4.6292455674596116e-05,0.2775940280402041,808,115
1.15,20294071,False,0.04274711785070615,0.11537270060442723,2198,170,,True,0.0009753477518927935,0.28348452070974633,960,136,True,0.0006798152879758002,0.24755493446738816,793,111
1.15,20294072,True,0.006352282228090095,0.11319571169261473,2180,168,,False,0.04668877492201064,0.16294292411358646,1070,135,False,0.15006737077246673,0.09469292767269369,788,110
1.15,20294073,False,0.22022653039896115,0.05274803657512482,2224,173,,False,0.12499045960334096,0.13336575064487863,1113,139,False,0.09320874563840673,0.14601396402428912,798,114
1.15,20294074,False,0.04377578230026835,0.09147430416180534,2204,171,,False,0.4247763472716868,0.06041487415575102,939,129,False,0.8556714174039802,0.017116142979541178,805,111
1.15,20294075,False,0.041517481704483994,0.08752854882786316,2217,172,,False,0.7459455917161362,0.032819468027082764,926,135,False,0.6252440644314302,0.03898812861225338,807,115
1.15,20294076,True,0.014925150060160826,0.09915083665684044,2199,168,,True,0.00030528975981543413,0.2658636267947535,1032,141,True,2.6490901846328694e-05,0.2595920823091268,794,112
1.15,20294077,True,4.89753131171224e-07,0.2155536078277921,2174,166,,False,0.08732343802585016,0.15666835228532122,954,132,True,0.0001235961660441051,0.3142686930009403,809,117
1.15,20294078,True,0.006653095381031624,0.13006108878180697,2205,172,,False,0.5859433565010979,-0.052490201379543695,972,137,False,0.13773031076236456,0.08015811483258685,794,111
1.15,20294079,True,2.5982762316995713e-06,0.1541860186147391,2215,171,,False,0.02642444300105505,0.20054659497864297,980,134,False,0.8573852327875963,-0.015988805221702002,776,110
1.15,20294080,True,3.4445251799594347e-07,0.17815708691169876,2213,172,,False,0.19601359820202943,0.14509490917684445,932,131,False,0.802135287091925,-0.017956481658975107,794,111
1.15,20294081,True,1.1622646923502255e-05,0.22614279420476877,2222,173,,False,0.49492920318959016,0.06627537913650468,953,144,False,0.05300849200271728,0.18398056277867456,810,114
1.15,20294082,True,5.864010161106189e-08,0.19744578455077244,2195,167,,False,0.6237151132399208,0.0326499104962386,968,130,False,0.02659596666990818,0.21430599864917443,788,112
1.15,20294083,True,6.849429298533101e-07,0.1625424922123371,2203,170,,False,0.03527164143153955,0.22855671759765153,889,129,False,0.17264510231210545,0.10882472858666063,806,113
1.15,20294084,True,0.003329090017264924,0.09603342230309342,2173,164,,False,0.09227912574484269,0.13931489538788216,1002,138,False,0.14619071570822856,0.07430534940324578,809,115
1.15,20294085,True,0.00020212512599143616,0.1438361488680476,2219,171,,True,0.007086128131378902,0.32218437402065253,903,133,False,0.894608642437887,0.010684689584376867,807,112
1.15,20294086,True,2.700981412492595e-06,0.1752636573117049,2197,168,,False,0.22316512113345224,0.1235967893286396,936,138,True,0.00011932530192660027,0.31893426025958505,745,111
1.15,20294087,True,7.804894287271459e-05,0.1791019878324532,2212,171,,False,0.07458148177353066,0.1505088136344352,994,133,True,6.526790857203587e-05,0.2823762480667847,811,117
1.15,20294088,True,0.005160934597677742,0.1144262143321613,2182,170,,False,0.09519960218901821,0.14937309952471117,969,135,True,0.0029738651550009643,0.22831830270479198,763,110
1.15,20294089,True,0.021951858516058194,0.08196541742236532,2187,169,,True,0.00229520460558392,0.30465087454405687,1007,138,True,0.0050696926701697875,0.20009066409480863,800,112
1.15,20294090,False,0.03946047104113817,0.0935468604941199,2197,169,,True,0.0020154031452150824,0.2177797185526165,1016,133,False,0.19608558044471608,0.0706323448281267,781,108
1.15,20294091,False,0.12467750702741605,0.07890242136481888,2199,171,,False,0.053017574655739856,0.1419872634118086,953,135,True,0.0009208157145120257,0.23170217613747415,813,115
1.15,20294092,False,0.02769839935165158,0.07865991922686655,2199,169,,False,0.38442822134652294,0.09377719258516488,949,139,False,0.43818671807360815,0.061299177195167115,811,114
1.15,20294093,True,0.008207431623056018,0.09780086264044291,2234,176,,False,0.14136428948777663,0.167592478499399,981,134,True,0.021656169691975775,0.15819640674912072,762,105
1.15,20294094,True,4.654805112010684e-05,0.23677034026365584,2197,173,,False,0.2972788656729809,0.08782745240287784,976,134,False,0.11659844517288802,0.1392803582196293,829,120
1.15,20294095,True,0.0016046537851193013,0.14000606235547883,2205,171,,False,0.46537852256257684,0.06370309729929613,954,129,True,9.314376251381628e-06,0.39402479637829296,793,111
1.15,20294096,False,0.029252460253404198,0.08203715590811746,2204,171,,False,0.3912873441821769,0.10255821139040164,1017,136,False,0.08323296877079021,0.12474571627043779,811,115
1.15,20294097,False,0.03245886007755315,0.09763908488501173,2187,169,,False,0.37657792392951345,0.07463492189120706,936,139,False,0.36638191629461725,0.059586106864100444,812,113
1.15,20294098,True,2.4719558407324545e-06,0.17600277239571285,2187,169,,True,0.021009790544775624,0.22835141220555838,955,133,False,0.12090823297143835,0.12515147985540187,784,114
1.15,20294099,True,1.5916849175716897e-08,0.20225308492435193,2158,164,,False,0.15460353957089779,0.11125322166157335,1060,137,True,0.0010276060836705162,0.21456363743790804,794,113
1.15,20294100,False,0.0641632495453314,0.10900888888633199,2214,170,,True,0.0018118647819211423,0.3034524247199018,1060,135,True,0.0008900362675383986,0.35029846866172154,797,112
1.15,20294101,False,0.026437549829738515,0.1182237077631656,2211,172,,False,0.03236929450595728,0.19539763602471305,958,135,False,0.33647113375862414,-0.06659898807872923,798,112
1.15,20294102,True,0.0006137816673268427,0.13076945367066678,2207,171,,False,0.9194615178876415,-0.0073712648668402825,1047,129,True,0.0022702669619159405,0.3182445917461478,790,113
1.15,20294103,True,3.0260511612451304e-08,0.2372000335053666,2208,172,,False,0.6121120720649283,-0.0455564706831123,962,134,False,0.39932596784076874,0.07940764419509998,812,115
1.15,20294104,True,0.000518115935799695,0.16788602426477642,2210,171,,True,0.004006026078964171,0.36779063613103957,918,127,True,0.005052664543188483,0.20364457114517437,810,113
1.15,20294105,True,4.730870721626019e-06,0.18078135891112454,2216,171,,True,0.006190414699179669,0.2069255227383767,881,129,True,0.004424013807342365,0.2614264971745126,772,111
1.15,20294106,True,9.762287953854242e-05,0.17121937035442542,2214,170,,False,0.8297042410771079,-0.021092419902685164,986,137,False,0.051253341028705594,0.14888948634746696,790,110
1.15,20294107,True,0.0007846095897130764,0.1453219813552127,2226,173,,False,0.36952469446885866,0.07601149441130786,979,137,True,0.012887288055781392,0.18087629071940897,792,115
1.15,20294108,True,0.0031889419166583376,0.1464351501807973,2170,164,,True,0.00016936507626372926,0.390547216142755,923,133,False,0.30201311073634257,-0.0636486441840865,780,106
1.15,20294109,True,0.00023779725405716193,0.15105075978209262,2204,172,,True,0.01113697819354512,0.30505614407609627,975,141,True,0.001107970169107942,0.2440940186678918,791,113
1.15,20294110,True,0.011440524277102753,0.10106565044186762,2203,167,,False,0.14990338777936854,0.12587666488625981,937,133,False,0.03520683661518469,0.15371113984794835,791,109
1.15,20294111,True,4.481783013019274e-06,0.16178893414831108,2218,171,,False,0.14412333353653542,0.14352001677296713,968,133,True,8.755897299446532e-05,0.3373524876759627,790,110
1.15,20294112,True,1.7313182488542495e-05,0.1535667420418109,2209,171,,True,0.0076611355990481135,0.20781638359282611,1013,133,False,0.0489559039520748,0.14469869044313105,812,114
1.15,20294113,False,0.028045144322986913,0.07135455340896309,2196,168,,True,0.018209242098485654,0.22382729619362174,1058,135,False,0.02718380947183438,0.17812570511101533,802,117
1.15,20294114,True,9.60455048000138e-07,0.1833580376091006,2202,171,,False,0.9185526895898884,0.009835823786595027,991,133,False,0.033727174720786464,0.13205886335679543,800,111
1.15,20294115,False,0.03587193219968289,0.09708659107833573,2206,171,,True,0.0013673794582265628,0.21319589276450165,943,130,False,0.05491527316593609,0.14796511334739498,806,114
1.15,20294116,True,0.0005079210069936811,0.15108589690724533,2192,169,,False,0.26194084408538,-0.1131913498858945,924,131,True,0.009492270665856105,0.16982875578227283,813,115
1.15,20294117,True,2.8267575184556846e-07,0.2211440600332639,2195,170,,False,0.7700805619324064,0.029447968558970455,962,138,True,0.0005282679164813776,0.21696952551692428,774,111
1.15,20294118,True,0.006453071007885867,0.11432130208814976,2138,163,,False,0.12817529517340884,0.18070102013298406,926,127,False,0.16888670295078287,0.0976053930939057,797,110
1.15,20294119,True,8.795145080528801e-07,0.18553677802461244,2208,172,,True,1.3814656809050843e-05,0.32687277775166446,1061,142,False,0.46661233497437465,0.06836137589200664,798,114
1.15,20294120,True,0.003909293398369355,0.11956891279399182,2195,169,,False,0.9147168316341951,0.008310741769976458,1024,137,False,0.3600130050472527,0.09040666434629348,796,114
1.15,20294121,True,0.0010539037460712605,0.1467561151950474,2200,170,,False,0.18687890039034388,0.12412008298266104,912,128,False,0.7716703212002048,0.020638387590054784,787,107
1.15,20294122,True,7.136567907230071e-06,0.24321098085035675,2190,168,,True,3.8096392882160876e-05,0.2778250318190017,1013,136,False,0.09710182225237711,0.12283740988836983,775,110
1.15,20294123,True,0.0063794396553052265,0.10628815040149742,2230,175,,True,0.0021755557228716788,0.26550615963393054,947,131,False,0.06903392010906904,0.14341692415656052,787,111
1.15,20294124,True,3.398488274505313e-08,0.24440655293332555,2205,170,,True,0.019961046633186808,0.2563953187556184,993,131,False,0.5741234103772375,-0.051243340887636366,777,114
1.15,20294125,True,1.712815336294075e-08,0.22848240833228994,2189,171,,True,0.0009079459533298229,0.34689394147935,964,131,True,0.014866388383235292,0.162833445969515,786,110
1.15,20294126,True,1.4838572495005648e-05,0.16177415783819443,2179,168,,True,0.005605017355683078,0.26272641168783145,1012,135,False,0.04889945525649925,0.13555458713129673,809,115
1.15,20294127,True,0.00470299671154586,0.1224128279580844,2156,166,,False,0.038042209460566516,0.16966661016626702,992,133,False,0.06734780782511622,0.14820565986811965,787,110
1.15,20294128,True,1.7639461204026445e-05,0.20001830871757606,2167,167,,False,0.8639494654127047,0.01721041642463343,873,126,False,0.272904571220043,0.08043108760032365,796,112
1.2,20294929,True,0.0006281814955906301,0.1378422329065989,2149,168,,False,0.7754670291241323,0.02366173378913936,969,141,False,0.04284658417661942,0.17556685823659046,812,115
1.2,20294930,True,0.010076318852068345,0.099550831049443,2194,171,,False,0.0965131987388465,0.1383775353272375,1094,136,False,0.08550552371061997,0.1452847442392817,795,109
1.2,20294931,True,1.1949756479285024e-07,0.20551397840653737,2207,171,,True,0.005805736352558455,0.24078263538766073,915,129,True,0.0007678331732831801,0.22974998105565062,787,108
1.2,20294932,True,0.0023527198196020126,0.12469964509534487,2186,167,,False,0.5618052363226426,0.06317396720828095,980,131,False,0.06599768844923194,0.1360888645867034,778,110
1.2,20294933,True,1.8784020975545657e-05,0.18120202439362998,2194,170,,True,0.0007139684682008713,0.2811769765879276,1080,143,False,0.4305879003031539,0.060657406977130075,774,112
1.2,20294934,True,0.0012507908874179465,0.11114311869899689,2187,168,,True,0.008265299216258055,0.2565875471831048,1007,140,True,0.006211837197755412,0.20556556384610453,797,113
1.2,20294935,True,0.00017228363596768744,0.17282729021449875,2183,168,,True,0.00023780682831451362,0.5266373367680826,857,131,True,9.188656652492994e-05,0.29715022163800625,766,111
1.2,20294936,True,0.009195062855104599,0.11425021449493716,2154,166,,False,0.6782083999058166,0.04233885533727012,983,137,True,0.0027566876634271026,0.1658590038294642,800,112
1.2,20294937,True,1.8843963988832186e-07,0.17521025780083216,2191,167,,True,1.23586689409021e-05,0.5035661366319267,863,130,False,0.20520940694130058,0.08686176785272057,795,116
1.2,20294938,True,7.30598702462071e-10,0.20984664841253536,2226,173,,False,0.025280353669697074,0.21967404140970231,957,132,False,0.7536105194472696,0.029866752456786952,799,111
1.2,20294939,True,4.544141290523452e-06,0.19720661680558182,2217,172,,True,0.014979504998849154,0.19783815387682818,953,136,False,0.1464173883025326,0.14237828046753906,788,112
1.2,20294940,True,0.0010661193785752529,0.21021000512143875,2212,172,,False,0.19244717467184896,0.14232967409064845,980,136,False,0.18922787015811568,0.09374940620789807,790,111
1.2,20294941,True,2.761239234008761e-05,0.14078433770002777,2214,173,,False,0.02881190993758836,0.19888754122692168,1027,136,True,1.5908923388856067e-05,0.33975873011812285,798,114
1.2,20294942,True,1.630823349724386e-10,0.26737032502624375,2205,173,,False,0.0525642807371622,0.1893856864264266,944,131,True,0.00849058011638124,0.21635720612009413,797,110
1.2,20294943,False,0.03633825687429675,0.08650521175568239,2221,172,,False,0.15352036106537723,0.15149930246585866,998,136,True,0.0007481143418514419,0.31957067500767644,777,108
1.2,20294944,True,2.852506025859216e-08,0.2175446596925524,2218,172,,False,0.3903687421827469,0.08827798923361159,996,132,True,0.00029631344105749254,0.2968207313462261,798,114
1.2,20294945,True,1.883737997341641e-06,0.2328753605105135,2184,172,,True,0.007811413024600423,0.23746072503642596,919,131,False,0.02541236849292179,0.22097204113802235,769,105
1.2,20294946,True,6.503246475505529e-07,0.2055671322621483,2167,167,,True,9.162666881982406e-05,0.34085779285633216,883,132,True,0.008311808846387207,0.18184784384809127,812,113
1.2,20294947,True,6.072769000426782e-05,0.18717520506144486,2216,173,,False,0.9324471016109653,0.007918411108328648,842,134,True,0.0003973874077741305,0.24737922068099377,747,104
1.2,20294948,True,4.6405462920207844e-07,0.19616516679868187,2209,170,,True,0.000111588535461692,0.43523156520094985,923,135,False,0.5099368857807964,0.062438529389717876,783,114
1.2,20294949,True,0.0035131984426081163,0.1428396922949674,2211,171,,False,0.343261605512199,0.10401479398524402,964,136,False,0.0535517181293197,0.18318518643476775,799,114
1.2,20294950,False,0.04826071754355168,0.09644573432382801,2201,170,,True,0.020484042314130313,0.2166517582994835,1006,134,True,0.00010778397902344492,0.30796039065231146,756,108
1.2,20294951,True,2.411528882355509e-09,0.22664016300181802,2207,171,,False,0.48489002921198915,0.0641269243435076,934,132,True,0.008586996805805462,0.20840666224241827,799,115
1.2,20294952,True,0.0039980866101384455,0.13330308230164567,2230,174,,False,0.7349452403237662,0.032196165944351915,964,129,False,0.044669733803079086,0.16239268637513393,795,112
1.2,20294953,True,3.4082422233682444e-06,0.2073857138964027,2207,170,,False,0.48388942519874356,0.0790766970442097,936,135,False,0.2357779162430518,0.07911218597270205,809,114
1.2,20294954,True,3.14451477590652e-07,0.19171445380993618,2221,172,,True,0.008665952486406737,0.2653406698372941,960,131,True,4.519780669237335e-05,0.35007263103544745,782,109
1.2,20294955,True,0.0031527995486742154,0.13245572830907337,2212,173,,False,0.735453537958893,-0.03866939117131895,965,136,True,0.002101517492881762,0.26211270037102874,786,112
1.2,20294956,True,1.5785066307507498e-06,0.20586911130047705,2199,172,,False,0.026326155078143933,0.19124518516624478,960,133,True,0.011439011945565939,0.2307902807879745,769,109
1.2,20294957,True,2.9567936785807685e-10,0.22399146190910993,2174,169,,False,0.055300637788339435,0.1779050360214191,991,134,False,0.6870757384313516,-0.02949649081645255,770,107
1.2,20294958,True,1.1108034452331762e-06,0.15630126083310164,2200,168,,False,0.2192325296546273,0.10380989514919321,919,130,True,0.011789597368335136,0.16549486546687292,795,114
1.2,20294959,True,6.289558647296206e-05,0.14043998084928347,2220,174,,True,0.0002528904252750742,0.30770067178544747,956,133,False,0.057297627409236385,0.14459295565694005,782,107
1.2,20294960,True,1.4388301894878102e-05,0.19112391969128084,2198,168,,True,0.008931495516337734,0.24658670066782626,1036,134,True,0.0001017805421108884,0.3719790647605968,779,111
1.2,20294961,True,0.0002258013065801613,0.13963035043291083,2193,168,,False,0.04514106667007317,0.15065458810833487,1031,135,False,0.037092027281254325,0.1500175304086629,801,115
1.2,20294962,True,0.0016218508637157228,0.12442663528645946,2156,167,,False,0.2125299333082059,-0.10795353807528688,977,133,False,0.04859262289592474,0.14448891983153098,804,110
1.2,20294963,True,1.1163696698163219e-06,0.18242908777125813,2197,169,,False,0.9659187131688884,0.0045480857661587,983,137,False,0.03397666339202374,0.17118556293367013,785,110
1.2,20294964,True,4.11327637033901e-06,0.24761206226766444,2188,168,,False,0.743461696605786,-0.028172974409789595,1015,137,True,1.0127265818939996e-11,0.43697062128350783,793,114
1.2,20294965,True,6.54605612830145e-06,0.19381196422965205,2186,169,,False,0.06470322569342002,0.16267535841585756,999,133,False,0.129645665062773,0.10342681372716979,787,109
1.2,20294966,True,3.480739157113564e-05,0.1947488536990399,2199,171,,False,0.3512905224402405,0.10751849773987941,1042,135,True,0.019368588019833752,0.1760927537179806,798,112
1.2,20294967,True,4.248157178353182e-06,0.22877376798766344,2199,173,,True,0.000236950897678241,0.3409914964553692,1033,134,False,0.18696902572131777,0.11918623469088994,813,114
1.2,20294968,True,0.023901505282156836,0.08032660123318243,2216,171,,True,0.0016456703491381914,0.28153592931335253,1005,132,True,0.0004441719454065354,0.2683792176266857,803,112
1.2,20294969,True,0.00011857821780504927,0.19210592218596775,2187,170,,False,0.2319490123653273,0.12607593075211265,1009,133,True,2.5754562503917804e-08,0.3896697252507554,802,112
1.2,20294970,True,2.1396205851013278e-05,0.18611874759972946,2192,169,,False,0.8780042992193051,-0.014691708575364174,1031,132,False,0.027561769316204823,0.17576470255216076,790,110
1.2,20294971,True,0.001019128511878544,0.16349663277093018,2203,171,,True,0.0003100559256592148,0.3391077804377673,917,132,False,0.513310287547285,0.044127695755281145,803,115
1.2,20294972,True,6.830795178767633e-09,0.18161383205439158,2214,171,,True,3.790985191746468e-05,0.4002235251563451,926,141,False,0.057104302850872084,0.1539143684725815,791,108
1.2,20294973,True,1.1683145702725416e-08,0.2315091450740801,2224,173,,True,0.0032084825176957603,0.29193715523879277,1016,138,True,0.0012416796823568894,0.2526964167644686,811,116
1.2,20294974,True,5.307622650930753e-07,0.2417261699539576,2191,170,,True,2.3346707721281318e-05,0.31911229543094083,1038,136,False,0.03273873644232165,0.13102736063397769,813,117
1.2,20294975,True,7.24086691292045e-05,0.13028783589603707,2199,167,,True,0.00040798164631268753,0.313929696249741,1020,139,True,0.00715074569688416,0.18938821879346845,786,108
1.2,20294976,True,0.0008633897698458274,0.1314859111136697,2178,168,,False,0.16358589297297166,0.1382395339864321,971,134,True,0.0008194487655449149,0.22096624386950772,781,111
1.2,20294977,True,1.758210145153931e-07,0.19227346818239846,2218,170,,True,0.003953704025082886,0.2654486885803416,1042,137,True,5.248039407842258e-05,0.4645578821348699,781,109
1.2,20294978,True,8.159032027121222e-05,0.19264555236141798,2190,168,,True,0.004686412265955104,0.2987177118229769,979,137,False,0.6396879577455834,0.04545584110191033,775,111
1.2,20294979,True,0.00011437472114910236,0.15964252357854714,2201,170,,True,0.00041157289494870187,0.3132074576053454,944,137,False,0.19213167406407416,0.09722913208274894,803,111
1.2,20294980,True,2.1555158078097423e-07,0.18250626077080997,2227,174,,False,0.5989919020933321,0.05820676155508437,955,137,False,0.21139668461556596,0.10224971350414312,792,110
1.2,20294981,True,3.2247938231107973e-07,0.16886528678602822,2190,171,,False,0.5921563351493672,0.05688487210678207,940,134,True,0.011738334498303912,0.17033364368500095,813,115
1.2,20294982,False,0.042157431855287086,0.12582868762040209,2203,171,,False,0.06154209003088329,0.15182663318264658,1087,139,True,0.0028085590310143985,0.19436505071998844,806,112
1.2,20294983,True,2.5603646604411252e-06,0.17008481791472876,2208,171,,True,0.00010048165660093252,0.3916843682016413,939,135,False,0.6456355205541143,0.03202743547596224,802,113
1.2,20294984,True,2.9982940957929105e-06,0.22387789769337033,2183,167,,True,0.0006073538146072061,0.2836563697640346,1010,139,True,0.011632379733148528,0.1652418700884006,778,114
1.2,20294985,True,3.6669248285789277e-07,0.15188373887943787,2203,171,,True,0.007044550180987265,0.22228640932908927,922,128,True,0.0002512183056067752,0.25154242071130745,794,115
1.2,20294986,True,2.548694197041221e-06,0.2291941255130329,2188,170,,True,0.0060426809099588885,0.24494133381492897,971,135,False,0.1460375510462128,0.10254826618151233,733,106
1.2,20294987,True,1.5543117977104334e-07,0.20783406391138948,2182,168,,False,0.4181265793263319,-0.08811910077410276,913,137,False,0.02632248956784707,0.17833693493105798,802,116
1.2,20294988,True,4.37825626637565e-07,0.17006840069607654,2190,168,,True,0.005283522394756566,0.2848580522844873,988,135,True,7.658322467578512e-06,0.2839243543720497,795,110
1.2,20294989,True,0.003956103364186175,0.12048162871784493,2212,169,,True,1.7813958431715056e-05,0.3960225363054846,994,130,True,0.010083733200322433,0.19572419415350045,779,110
1.2,20294990,True,2.118204009136677e-06,0.20215570523341767,2207,171,,False,0.025081017206695914,0.20429065989397754,963,132,False,0.049907247033988425,0.13332441741027432,814,116
1.2,20294991,True,1.7018846159521522e-08,0.23080473813918154,2182,169,,False,0.046109726487634825,0.21754869118931328,982,133,False,0.0793328766791502,0.167088390652213,767,108
1.2,20294992,True,3.864892280049518e-06,0.17895348946961104,2217,171,,True,0.009045281809703782,0.24966359567217292,954,134,True,4.96762328297289e-05,0.283033170186317,816,114
1.2,20294993,True,0.00022430339177528297,0.21524470700374038,2206,172,,True,4.2716980520933e-06,0.36413247889107203,983,133,True,4.16354229556447e-06,0.2822901158296257,799,111
1.2,20294994,False,0.04490614086692505,0.08610451068199038,2177,168,,False,0.06872625634794462,0.20439979403708472,891,127,False,0.0347810207831553,0.11847067933741433,782,110
1.2,20294995,True,2.179746236074391e-12,0.26301115199917097,2225,174,,True,0.02052979545047906,0.26064225930789947,987,133,False,0.13030755952900594,0.1048143737683929,777,110
1.2,20294996,True,8.03308808097445e-10,0.21948821363721102,2198,169,,False,0.11654351126782134,0.1328496301101724,1003,136,True,0.0015541410001956228,0.22544919151683446,793,113
1.2,20294997,True,0.0019307478917546291,0.1074263333609666,2187,171,,False,0.04533228445680975,0.19155080633642863,1053,139,False,0.10813499884670523,0.13170437080946903,804,112
1.2,20294998,True,5.805100336436503e-05,0.14653913297665938,2206,172,,False,0.09940592604535244,0.18569571871459262,844,137,False,0.33193512316334917,0.06690852237899042,794,109
1.2,20294999,True,1.6705758806870172e-08,0.22497360020815305,2175,168,,False,0.05983171492497208,0.21691953686959903,917,130,True,0.012177853539496672,0.23024675036060563,810,117
1.2,20295000,True,0.002161495580846004,0.12870970244429641,2155,166,,True,0.008629115797438223,0.2854198376833983,930,131,True,0.005312712171986435,0.19233263052485025,814,116
1.2,20295001,False,0.072593848679776,0.0978026898135284,2221,172,,False,0.19632034319895206,0.11473414990735888,966,132,True,2.031274122315475e-05,0.3194871872204762,812,115
1.2,20295002,True,0.0024968590390600414,0.13093629232446638,2198,169,,False,0.07629422764240537,0.15676717156789258,994,140,True,0.01834634618761457,0.16571316587737475,806,113
1.2,20295003,True,2.2124598317009106e-07,0.25916021072436213,2206,171,,False,0.038840028147935496,0.20813828770605736,932,133,True,0.009232941146052831,0.19106889126936005,807,113
1.2,20295004,True,2.433239984946282e-07,0.24055644420048036,2173,166,,True,0.00024886087014444944,0.2818481673988999,979,132,False,0.06704333491727436,0.11923687283901194,789,114
1.2,20295005,True,1.4248547739960608e-09,0.23949978249355236,2204,170,,False,0.1106808412118771,0.19945631136441475,1050,129,True,6.197238152193063e-06,0.277621631628941,789,114
1.2,20295006,True,1.288436853994504e-08,0.18077995674792385,2157,167,,True,8.795580072565634e-06,0.4048574945448023,972,126,True,0.004307892389458755,0.1927296586411195,804,113
1.2,20295007,True,0.0021589744265572306,0.13727826812693866,2185,169,,False,0.7462986640594457,0.028128212837066197,1054,134,True,0.0005029414183981641,0.2918711064286363,794,113
1.2,20295008,True,0.004152027756016327,0.1462781006740914,2201,171,,True,0.0004995848985541182,0.27563630717315823,985,135,False,0.2430612742235647,0.0790381305750567,802,114
1.2,20295009,True,1.6478323934002337e-08,0.24845379064255757,2177,170,,True,0.006057170696305606,0.237173196833141,1013,137,True,5.571611908438364e-05,0.28749549114857254,777,112
1.2,20295010,True,6.872526819705098e-09,0.23203127712977734,2213,170,,False,0.027008830265359638,0.2380454459842863,965,132,False,0.16354420347384013,0.09923766766551233,786,110
1.2,20295011,False,0.04594826438559071,0.09680640260343834,2200,168,,False,0.0725894197680727,0.14805493442183484,1023,132,True,0.00820984698403578,0.21534478469157475,767,109
1.2,20295012,True,0.00021562259533081752,0.14369665371673762,2203,170,,True,0.0006131300303898824,0.2866633635908982,962,136,True,0.0005283211296374761,0.20523856274049945,772,111
1.2,20295013,False,0.03902425077871126,0.1324514406242817,2207,171,,True,0.004630268917757115,0.27993918791706274,935,136,True,0.00016385046260811658,0.25847901024447767,818,116
1.2,20295014,True,4.620657683974502e-05,0.14244552320699122,2222,172,,False,0.09328468837751834,0.16222172334113827,1000,134,True,0.0004158498277677137,0.2293367001628285,798,114
1.2,20295015,True,5.953655775018397e-05,0.15295125412737415,2207,170,,False,0.05000551588647048,0.23777307490416313,951,128,True,0.000362709850790452,0.2506291525348784,785,110
1.2,20295016,True,0.0007138406425646439,0.14172599907500874,2211,171,,False,0.7154298616646455,-0.031118232388770508,1015,136,True,7.247055056264368e-05,0.2501026119581395,774,109
1.2,20295017,True,0.0003151451855603356,0.192395810414498,2213,172,,True,3.3418943950388724e-05,0.38816273954036173,1004,135,True,0.009225321507565085,0.23330763322157672,799,113
1.2,20295018,True,0.00019401482760942663,0.13931224553505347,2163,169,,False,0.1319868955782904,0.1438857675541144,955,128,True,0.0004321997603104072,0.26251471705683965,774,111
1.2,20295019,True,0.0037257549606403663,0.10271506682632499,2226,173,,False,0.09171497220422203,0.14548440389484268,929,136,True,0.0015280293374568177,0.2652245702362907,797,113
1.2,20295020,True,1.6646313657186703e-07,0.1721854985740432,2192,168,,True,0.0036875659695744523,0.2826312901610106,981,135,True,0.0005131375920622713,0.19200126821501365,820,115
1.2,20295021,False,0.05963200421422078,0.06521353899643809,2193,168,,True,0.013559565659195905,0.22751555422620084,1017,129,False,0.6572171421667716,0.03444288232772036,754,108
1.2,20295022,True,9.890530163307133e-05,0.183594206699813,2213,171,,False,0.02979762031757268,0.2644728697995549,910,136,False,0.13397077113663208,0.10320454695337895,798,112
1.2,20295023,True,0.005344831015618126,0.11203297128002215,2208,171,,False,0.08687980690042825,0.15897356806916763,1009,133,True,0.0007004226335887418,0.23089932185340664,795,112
1.2,20295024,True,2.475562574631444e-07,0.17934615226241712,2191,171,,False,0.08044378365840694,0.21977524982201407,929,129,False,0.26435960651742335,0.08220851907963314,816,117
1.2,20295025,True,3.4786239606758967e-09,0.24089078081376553,2172,166,,False,0.41111128325024476,0.061386573776499746,1003,131,False,0.02898870949471908,0.13480029299705915,806,113
1.2,20295026,True,1.8390937191790766e-06,0.21306294357074326,2182,169,,False,0.09621360689802873,0.2034687872037591,886,120,False,0.677807135230186,0.032624285280171486,811,115
1.2,20295027,True,4.423546448644092e-06,0.20982234824461113,2206,172,,False,0.03738689913667782,0.21602663221713536,962,128,False,0.9951775575264826,0.0005108489871857974,783,112
1.2,20295028,True,2.5693351416742846e-05,0.17181532767358837,2177,167,,True,1.4570727749158392e-05,0.40469599210215074,955,140,True,0.0009485296329070924,0.28692313762869043,801,112
1.2,20295029,True,2.14732612396783e-07,0.18079408120682386,2205,172,,False,0.442254568627673,0.07543422124709452,969,140,False,0.13313872979420704,0.1032389562621806,805,113
1.2,20295030,True,5.208754468137897e-07,0.21988440517532087,2222,173,,False,0.2519148271880632,0.07832163297062159,973,136,False,0.5312704257526835,-0.0496958923518804,784,112
1.2,20295031,True,9.307571947810446e-07,0.1837957307797648,2193,170,,False,0.15806693882423647,0.11106105884474862,1049,138,True,0.0005734647494568733,0.2961499221087111,781,106
1.2,20295032,True,0.0023689164120935346,0.12977494275268225,2189,170,,False,0.13295617200377732,0.1062174974061033,984,136,True,0.008124319204642213,0.21710998485470373,800,113
1.2,20295033,True,4.1088278184283796e-06,0.20878035768371025,2207,170,,True,0.010395248921185226,0.20860613703623845,983,140,True,0.004365266125331023,0.24787115065140383,803,114
1.2,20295034,True,0.00021820183720949792,0.13801067270650108,2188,171,,False,0.03906539008117822,0.23305476417840645,974,140,False,0.03344459094764462,0.14826301412012965,787,112
1.2,20295035,True,9.215921003141428e-10,0.2473601723330592,2196,172,,False,0.17783840028031744,0.18055997373175584,941,134,True,0.004383609444852594,0.16172981183590057,803,114
1.2,20295036,True,2.8191492623994897e-07,0.228466057473909,2210,171,,True,0.003476028115909597,0.22135296813744695,983,139,False,0.10619965088135096,0.10423455262153129,787,110
1.2,20295037,False,0.255767886030114,0.09734205039066401,2149,165,,True,0.0033068640861001193,0.20270512041375363,940,138,True,0.0008506615307324018,0.1824126324841571,776,111
1.2,20295038,True,3.953355540910656e-11,0.27149655135594053,2166,169,,False,0.9156783089310443,-0.01214660844716238,946,136,False,0.03680652812482489,0.1617819198303033,762,107
1.2,20295039,True,0.0011330919683746716,0.15048961358225635,2184,168,,False,0.4900756695187097,0.0816460614415566,913,139,True,0.000627943837841035,0.3215960368795228,813,114
1.2,20295040,True,1.2528016997677636e-05,0.15639426852803565,2207,171,,False,0.07551684101555949,0.2030455584809226,931,132,False,0.051232738139542565,0.12860547381152865,809,115
1.2,20295041,False,0.07178827005612766,0.10519431393182568,2216,170,,False,0.14124168128563597,0.11760368025630945,972,132,False,0.5474767157787097,0.04670698275501443,788,110
1.2,20295042,True,0.00030834966238766227,0.13996848196437175,2201,171,,False,0.05120516190601506,0.13314136573253563,1091,136,True,0.00278998642936512,0.23284654331691615,779,109
1.2,20295043,True,9.154843138628338e-06,0.16005281979012764,2215,171,,False,0.5502146188513424,0.050371424635394804,1005,132,True,0.011324451115720323,0.2196540745137785,782,112
1.2,20295044,True,1.711461988292466e-05,0.16456103277349302,2216,170,,False,0.7052978910537151,-0.03767502100502536,852,129,True,0.009126466691438961,0.1556017034006908,816,116
1.2,20295045,True,1.1529604894125741e-07,0.19154858056567503,2201,171,,True,0.01618601497045627,0.20563390368994955,874,122,False,0.047244301078668956,0.1292120579447359,784,109
1.2,20295046,True,1.2496852030881673e-12,0.27316875305023897,2172,170,,False,0.4745979952499894,-0.08292902398499781,935,132,True,4.8827529832692255e-06,0.2795811475506655,788,110
1.2,20295047,True,5.083576285761176e-10,0.20619343881067445,2152,167,,False,0.2843815541666484,0.08943361196393347,930,136,True,0.003484723536321328,0.17545718627299584,799,113
1.2,20295048,True,1.515970996766614e-10,0.17959505032431392,2215,171,,False,0.08837289894634186,0.12532953693299106,1016,136,False,0.8655585019941768,0.01217473682295456,794,114
1.2,20295049,True,8.08638471602219e-06,0.18568251991224521,2198,171,,True,0.0007051300711061494,0.257980152014171,1006,139,True,0.007845008734874752,0.17614497886967834,792,112
1.2,20295050,True,0.0003589124519228776,0.12697340975900495,2209,172,,True,0.008313696110396658,0.31740760544283075,883,128,True,0.0034128386123118176,0.23199441079545016,791,116
1.2,20295051,True,5.090541626013063e-07,0.2203852874120136,2201,169,,True,0.008534365669713004,0.30141958754346326,934,134,False,0.130244733011496,0.09698318873169356,795,110
1.2,20295052,False,0.03725602439799512,0.11675607423983403,2207,170,,True,0.0010780916534139549,0.31376350313096296,981,138,False,0.15552206645085065,0.11230659531232162,794,109
1.2,20295053,True,4.777194111851628e-05,0.21369275025820464,2189,168,,True,0.0013018823060535912,0.26532152220619687,1060,138,True,4.180377183280958e-05,0.2818802862219018,773,109
1.2,20295054,True,3.4421315368201122e-06,0.18862767471855638,2196,169,,True,0.0002849218531307501,0.28149990367705885,1058,140,False,0.1657837972611376,0.11679975105387005,803,114
1.2,20295055,True,8.594046864539871e-09,0.2296423156464371,2192,167,,True,0.0005279627333474821,0.2958760895570567,989,135,True,0.007556797297347263,0.23851483390429853,770,109
1.2,20295056,True,1.9487113589775565e-07,0.2601643512969773,2175,168,,True,0.0007039195145681443,0.30872545770880966,1000,135,True,0.008541105653293185,0.19153917313115731,811,116
1.2,20295057,True,0.000507859516165126,0.1256655458449508,2192,168,,False,0.05793692137910569,0.2455625896790454,947,130,False,0.0468457853091394,0.17971201911262305,818,116
1.2,20295058,True,0.00044524851516928774,0.16846664137534284,2203,168,,False,0.10069983703857585,0.1436962525327805,997,135,True,0.01838337144585929,0.17245305857427923,819,116
1.2,20295059,True,4.9344135716960895e-08,0.22048142582862915,2216,171,,True,0.010606405882465355,0.22937802203637808,977,140,False,0.057617067396831964,0.17774226343610008,756,103
1.2,20295060,True,1.7413327337392012e-06,0.1951628699384221,2219,170,,False,0.33644821965635,0.09793770714955524,970,138,True,0.021855055755910104,0.14923293833333348,813,116
1.2,20295061,True,0.0008543307279430665,0.1361106211154356,2207,172,,False,0.45141280577226855,0.0731608602352778,910,126,True,0.004258656947921217,0.21308479801671953,806,112
1.2,20295062,True,0.0017499715397188726,0.21375556606628263,2197,173,,False,0.4902449466038131,0.05515952565736823,1004,136,False,0.5363464933066553,0.04712949192068234,810,113
1.2,20295063,True,4.839732290401531e-13,0.2866945660313833,2185,168,,True,0.0007657618235722177,0.2938386705100446,1013,138,False,0.7893880392033469,0.024168034328145897,769,106
1.2,20295064,True,9.056727731385406e-08,0.23352067546325292,2207,170,,False,0.04656431661967707,0.19235244632195522,1033,137,False,0.05507990240557759,0.1319769622096039,795,111
1.2,20295065,True,0.00039581241533397186,0.16310684752954682,2193,168,,False,0.10992528254937936,0.10214378929238493,958,132,True,1.4708674944881144e-06,0.40139161371211074,798,111
1.2,20295066,True,3.096649688078182e-11,0.25770253270380405,2193,168,,False,0.18000246772471745,0.10325066436278901,1003,136,True,4.390184887951877e-05,0.31056236987189245,802,112
1.2,20295067,True,6.058636228532014e-05,0.15666457203395567,2201,169,,False,0.025801362483575042,0.222213449795345,1028,143,True,0.0015939265328559714,0.21798663344450672,809,114
1.2,20295068,True,7.934573600943154e-05,0.18121128122534952,2213,171,,True,0.021458510641761824,0.19544778658149925,987,138,True,0.010077563231768586,0.20500878194465508,765,106
1.2,20295069,True,8.681754355567699e-10,0.18319112195276532,2195,171,,True,0.00043347029165079665,0.31580891262755467,1037,143,True,0.0005942868194785232,0.2704874507472807,753,110
1.2,20295070,True,0.0015323610592363635,0.15292543589030508,2200,172,,False,0.05411362257511895,0.20100239405489426,995,139,False,0.19102611960609206,0.08810283222496748,808,115
1.2,20295071,True,1.8685339359052588e-06,0.2638532661386823,2186,168,,False,0.42355558933251064,0.08105343589191566,924,132,True,0.00029608479997376345,0.2871841814198411,802,116
1.2,20295072,True,1.8318785859463864e-05,0.25466313814926644,2172,168,,True,0.0012435158642622982,0.24057510831943044,844,128,False,0.15899533384430042,0.0980772254543498,802,114
1.2,20295073,True,4.569331756031154e-07,0.23108824966972835,2172,170,,False,0.027113304081605553,0.1655132475651508,1031,140,False,0.19164292413738107,0.10890558039277319,763,110
1.2,20295074,True,8.415135929003262e-09,0.22646950487626805,2183,169,,False,0.18353679226019798,0.13402512140981532,910,127,True,0.00289813552562953,0.19193932215968232,784,111
1.2,20295075,True,3.533341063832833e-05,0.1844946760790834,2217,171,,False,0.28033640273088506,0.08291212469315552,916,130,False,0.08845366775576506,0.11104947184301064,811,116
1.2,20295076,True,1.40610097665751e-05,0.19557000019362575,2217,173,,True,0.008780710032687723,0.26511311624145967,993,134,True,3.2620313821683175e-05,0.349498027041927,777,111
1.2,20295077,False,0.09994034158538537,0.10475036968987415,2183,171,,False,0.08958634518924842,0.15681447955025618,996,133,False,0.041447485712289366,0.1402462292380472,801,111
1.2,20295078,True,0.01889450024710717,0.09709297995570794,2215,172,,False,0.16792751804351994,0.11697874556734632,945,137,False,0.8630796406242707,0.009844932796053064,806,113
1.2,20295079,True,1.3737505073000207e-05,0.18158110648626186,2212,171,,False,0.08424508133979686,0.14004240676876098,947,138,False,0.28139091028088686,0.07057477058185463,805,114
1.2,20295080,False,0.075881526559569,0.10517458629695398,2201,170,,True,0.002546862111410294,0.23851986356327481,952,137,False,0.026163157405681505,0.15426718977170972,789,112
1.2,20295081,True,6.964190946131776e-09,0.20700530454891725,2223,174,,True,0.0033545089561310337,0.31217632997495504,922,141,True,0.0003343707899056333,0.3264134152734826,773,112
1.2,20295082,True,0.00029764234629233756,0.18124536594440807,2197,169,,False,0.7670862662558477,0.031456413533040135,972,132,True,0.0059885249940320115,0.2036184519420254,811,116
1.2,20295083,True,2.9589878583707416e-09,0.2742123835064681,2205,169,,False,0.3231364882201883,0.09983135420529346,939,134,False,0.04180062514602833,0.1771216895977757,780,110
1.2,20295084,True,5.498653933408829e-05,0.1953983410781823,2213,171,,True,1.1285467716718965e-05,0.2631473834151156,1029,135,True,0.0038569651830800923,0.23653237323449028,779,110
1.2,20295085,True,0.014545432003274758,0.11856922914314037,2170,168,,False,0.17059605962367935,0.14966575937127935,1015,133,True,0.0014046215336381551,0.29999311239147186,781,110
1.2,20295086,True,3.222264766553444e-08,0.25698799146780343,2207,172,,True,0.0027377008341222275,0.23581878440813323,994,137,True,0.01976723564014515,0.14796000423350855,803,115
1.2,20295087,True,1.6723479453270585e-08,0.18331771886633128,2198,171,,True,0.018301961873909735,0.24834239454088283,953,133,True,0.005887294899563765,0.2019791541223177,806,113
1.2,20295088,True,7.811094385103235e-07,0.1916111841331106,2202,171,,True,0.009294707957136954,0.27282015173118607,948,136,True,0.0007646675698715388,0.280758286403791,757,103
1.2,20295089,True,0.00015621288612182146,0.1767320820124293,2192,170,,True,0.02005095751494014,0.21520903480188786,1038,136,False,0.043667177947395,0.14523004364867018,791,111
1.2,20295090,True,0.0001349726304368478,0.18153216647749018,2214,173,,False,0.748308334492269,0.03040723199678395,1085,140,False,0.1580802590641973,0.138560940750547,805,112
1.2,20295091,True,1.814077772046921e-08,0.1961759048111768,2206,172,,False,0.12356444400104706,0.18419737984497203,824,126,False,0.9861573761932078,0.0014773124892272808,793,111
1.2,20295092,True,1.2108138143614045e-08,0.24681408750615114,2179,169,,False,0.050612903270353386,0.15857063177821049,982,136,True,0.007105689477786948,0.17668776697417243,791,115
1.2,20295093,True,0.0037962892413431594,0.16295151274350558,2197,169,,True,0.014533849162198076,0.18383561940049456,947,132,True,0.01189310330974784,0.16992343567463702,795,112
1.2,20295094,False,0.0393543224284705,0.10441085296658216,2203,169,,True,0.001859612395260708,0.20790505939745638,1019,130,True,0.0015667241663925278,0.2030734418321634,809,116
1.2,20295095,True,3.816985815282209e-13,0.27968205679333313,2227,175,,True,0.0037228994277921294,0.22812834963830866,1013,132,False,0.1855753105097443,0.0998125217875814,791,115
1.2,20295096,True,4.275429530399489e-11,0.21679231747208394,2175,169,,False,0.11181643983368268,0.14999063552134528,1022,136,False,0.11265212175929672,0.13964568531026103,813,113
1.2,20295097,True,0.0007512115213757616,0.14447477035719528,2210,173,,False,0.2974284431747166,0.15258441839968725,1020,136,True,0.0019587654015859263,0.17741652297636898,810,115
1.2,20295098,True,8.987988141962668e-05,0.1590672864600741,2199,171,,False,0.03331063461931095,0.2076236115459215,969,128,False,0.08783770509747373,0.18427659857725148,789,112
1.2,20295099,True,0.023251907868770252,0.09857348477484447,2197,172,,False,0.10092372687638956,0.12480771014906807,972,132,False,0.27805908611400426,0.11640951421748506,794,110
1.2,20295100,True,5.326644596923337e-06,0.18687333500277448,2155,168,,True,1.0100598586474709e-05,0.3457135440715959,922,137,False,0.036233998550131916,0.18507315286672157,771,108
1.2,20295101,True,0.006451148729826446,0.12620574934672987,2218,173,,False,0.055569396592994924,0.1862586021760332,932,124,True,0.001128867822289474,0.21728304887086122,793,111
1.2,20295102,True,0.00015057260863524067,0.15590404275626596,2198,169,,False,0.2939786873820374,0.09697822911934241,1008,138,True,0.0011572650939191233,0.22608882819827655,815,116
1.2,20295103,True,6.5210474336453e-10,0.1964421287588509,2192,169,,False,0.13587096937118182,0.12864787134632952,1030,134,True,0.0012947039668924306,0.23965702673278677,802,114
1.2,20295104,True,0.00021940308527422238,0.1562399041141822,2217,172,,True,0.0007036179313343469,0.3779966876071981,980,132,False,0.03139028502060509,0.15680779546053594,796,111
1.2,20295105,False,0.03230196647064104,0.11219556316110911,2211,171,,False,0.10914040245154978,0.16183004884963087,901,129,True,0.0011859219454932145,0.2092288781158458,803,114
1.2,20295106,True,0.0004984740984393821,0.13018497066275858,2191,169,,True,0.0018390009137108,0.35093402463123397,970,128,True,0.00045551783653304304,0.3435354301428323,772,112
1.2,20295107,True,1.1661424695609763e-06,0.2086939294753503,2203,169,,False,0.2599789768923211,0.09961762152143473,983,138,True,0.0028888723198899876,0.20977514962253316,786,107
1.2,20295108,True,7.174857710502411e-08,0.18222672625811515,2201,169,,False,0.03884888436552545,0.2831089002194866,988,132,False,0.03521908834422514,0.17556926446941948,765,113
1.2,20295109,True,1.6983129135419042e-06,0.19717521159930398,2172,168,,True,0.002359136794754717,0.3297536712263492,991,138,True,0.007992347053408459,0.18150629746870595,786,109
1.2,20295110,True,4.43518311249183e-08,0.18035228136442963,2206,172,,False,0.05439479057885029,0.2270793451767312,1032,136,True,0.0029209776733585616,0.23528041873927338,811,117
1.2,20295111,True,1.0707876911723918e-08,0.2644054858836483,2211,171,,False,0.2802215402889719,0.07804542411585158,1039,139,True,0.004651955784268139,0.20546920350309067,817,116
1.2,20295112,True,0.01784085169987479,0.10821447853437434,2197,168,,True,6.597251405067511e-06,0.45188569974652987,953,138,True,0.00035029430391123344,0.2553974479629394,776,109
1.2,20295113,True,8.016924982279611e-06,0.16425558849344848,2205,170,,False,0.3606223083682829,0.08286401013097347,994,131,False,0.14820070134383562,0.1286196178013844,824,119
1.2,20295114,True,5.0627301218940746e-08,0.2687308579651891,2219,172,,True,0.0026724267546605427,0.31354545202328854,935,130,False,0.038811870052045644,0.15059065349007167,787,110
1.2,20295115,True,8.016174354494179e-08,0.20412442277227505,2164,166,,False,0.4531879371179675,0.12550732447227414,963,135,False,0.02853726237471331,0.17759755414808065,786,111
1.2,20295116,True,1.5547035093534414e-05,0.23305407486602706,2201,170,,False,0.6866742074038389,0.03387789921593564,931,129,False,0.0501583021973995,0.1655251102081687,771,111
1.2,20295117,True,2.8536703231268675e-08,0.20770182240508017,2170,168,,False,0.11978937140227582,0.13600662611359926,982,132,True,0.0018966165257592545,0.14183085570422965,808,116
1.2,20295118,True,8.330849930650033e-05,0.16195362840231195,2210,171,,True,0.001041510109658165,0.24569878549423432,1007,135,False,0.03100002854932184,0.18435618400606968,785,113
1.2,20295119,True,0.002201420542454137,0.18370872289209506,2178,168,,True,0.00123101836147302,0.3614729672723718,985,135,True,0.0017972786657666022,0.23959956991018955,791,112
1.2,20295120,True,0.004675594369487432,0.13362081679954887,2204,172,,True,0.0111239573636987,0.19649409940018536,1015,135,False,0.3220306217954911,0.08963379282776121,785,110
1.2,20295121,True,1.1981954580480984e-06,0.20294110034276086,2179,167,,False,0.11812947390806279,0.11102734228735248,975,134,False,0.9356576330302433,0.007884628422767222,818,116
1.2,20295122,True,1.5156325768587374e-05,0.17265954643948708,2210,171,,True,0.005469251513832294,0.2166884725129113,980,142,False,0.33613814826960126,0.06138630924591427,810,116
1.2,20295123,True,1.2063744212787456e-07,0.25043179638108165,2162,168,,True,1.4001916246028437e-05,0.4983376287596186,869,133,False,0.6555407967377292,0.03472919070673272,809,115
1.2,20295124,True,0.002268963793730605,0.18562942812874053,2199,169,,True,0.011811084844312125,0.20443378894883407,1018,130,True,0.002370738369492972,0.20343455863939894,810,116
1.2,20295125,True,6.252467579260349e-06,0.20897341711985332,2197,169,,True,0.011614588301465919,0.23589875814797345,972,133,True,0.0009597011216734312,0.2452989420533353,815,116
1.2,20295126,True,0.0001080069240656765,0.16452010084798926,2177,165,,False,0.3815019121153582,0.09683831350622318,940,131,False,0.7698047602517081,0.0349340764769628,770,110
1.2,20295127,True,2.5169515408235956e-07,0.20035359340396916,2173,168,,True,0.01637188230787459,0.2193425267602186,1021,134,True,6.668017507997619e-06,0.26950501754209305,805,115
1.2,20295128,True,3.0925122601252766e-07,0.2191388856814659,2217,172,,True,0.003898191797804516,0.228320334684477,935,135,True,0.0013285310002123147,0.2319302610813192,809,115
1.3,20295929,True,2.5004967001921606e-12,0.30095309395457226,2215,174,0.0025,False,0.31187338171496853,0.09462606101888302,1006,139,False,0.08818047180799937,0.11381949659199063,769,110
1.3,20295930,True,1.018298502845595e-06,0.20792344442505684,2203,170,0.0025,True,0.002083399851323381,0.2923839348058467,993,135,True,5.6003890208034795e-05,0.31361385984575074,788,110
1.3,20295931,True,6.656294589274845e-08,0.2013498534788391,2207,169,0.0025,True,4.550427348201147e-07,0.39855283167350347,1074,138,False,0.0319943445644606,0.13764468477549177,792,110
1.3,20295932,True,1.3186464642870581e-08,0.2653943476463202,2176,169,0.0025,True,0.020522767062292467,0.22973215372789396,1037,137,True,6.0417095722349895e-06,0.4059163042862552,781,110
1.3,20295933,True,6.465866958831854e-07,0.181180013435726,2207,171,0.0025,True,1.593920109485584e-05,0.4546874233454938,997,133,False,0.1184786101895328,0.11703845874825045,782,111
1.3,20295934,True,2.0319084922621672e-05,0.2222906223344918,2208,169,0.0025,True,3.4256834116720815e-05,0.34660949268353164,943,134,True,0.003187976431007876,0.16354006138887633,801,110
1.3,20295935,True,1.2661785618111668e-08,0.2456807835523558,2213,173,0.0025,True,0.00044218895623049674,0.2629184510108223,876,131,True,0.01429483728280907,0.20320662610131274,797,110
1.3,20295936,True,6.205074706474412e-12,0.3159374479090943,2181,169,0.0025,False,0.1348101893962639,0.15065943417257832,923,134,False,0.2550379329043426,0.10719001443587817,802,113
1.3,20295937,True,2.7923098825676844e-08,0.2485544876782535,2218,171,0.0025,True,3.434335341496585e-05,0.4802493707748564,947,134,True,3.4321756904432185e-06,0.31225842764488115,809,115
1.3,20295938,True,3.7172276753576326e-14,0.32533666216007306,2228,172,0.0025,False,0.7151452318198044,0.03207381052246879,1002,134,True,1.0170979880461199e-07,0.2900870700133195,784,109
1.3,20295939,True,2.7707968695906333e-06,0.24809801383070001,2220,172,0.0025,True,0.00610318315256024,0.21060812834264767,913,131,True,0.02054337624924384,0.1641206742008789,801,112
1.3,20295940,True,0.00025633182857063273,0.18007090944408152,2202,169,0.0025,True,3.1864906860592467e-07,0.5664690431385742,947,134,False,0.05299029899326277,0.13829377797528886,745,109
1.3,20295941,True,3.260654060916306e-09,0.23213335833744494,2200,170,0.0025,False,0.043401182979994055,0.1587319975955919,948,135,True,0.0004739505927320344,0.30998179879597526,781,113
1.3,20295942,True,5.917339561736296e-09,0.23525049368991538,2222,174,0.0025,True,2.3920559852614593e-05,0.4014502120852743,1010,139,True,5.1027085098232644e-05,0.3041672963991027,763,110
1.3,20295943,True,2.666959938601195e-27,0.32730868230074994,2210,172,0.0025,True,0.00026758625530364297,0.33769814402588905,965,129,True,0.007914652222064193,0.19536293850105438,771,114
1.3,20295944,True,1.0771723224019966e-12,0.32779903362472057,2204,168,0.0025,True,0.001240568354650631,0.2726246681205457,1012,135,True,0.0008576234846506257,0.2406355461533138,797,113
1.3,20295945,True,2.3085917583643865e-18,0.30494605924146473,2219,172,0.0025,True,0.00028218651901182546,0.3331542631307389,968,133,False,0.06352014832274083,0.1657896457343461,794,118
1.3,20295946,True,0.009280756738336995,0.13570465254964129,2212,173,0.0025,True,0.001080443782416637,0.3852356007916445,1002,133,True,9.165953844143549e-10,0.37588303952870555,776,108
1.3,20295947,True,1.832487559724036e-16,0.31286437149257534,2213,172,0.0025,True,5.986498415528408e-05,0.3696118275195127,986,134,True,0.0007092925261599608,0.356970228622118,773,113
1.3,20295948,True,1.7161406128349582e-13,0.28682987578587293,2186,169,0.0025,True,0.0018725863734215637,0.3642915904539419,971,138,False,0.2447925588702644,0.09119504132898443,787,111
1.3,20295949,True,2.5501844208592157e-05,0.19869309502107746,2214,171,0.0025,False,0.029039274684251614,0.2306762660151721,1019,134,True,3.7782309043196723e-07,0.4634041626378775,785,111
1.3,20295950,True,8.285727275503481e-07,0.26886633551193195,2185,168,0.0025,True,0.0007761588947315947,0.3166595409824083,966,138,True,2.507113624797363e-05,0.29450069448512717,800,114
1.3,20295951,True,6.380189105421857e-16,0.29891100523509395,2186,171,0.0025,True,1.4283596654634644e-05,0.3613359738858503,977,137,False,0.2622438009920158,0.1175145661239787,778,114
1.3,20295952,True,1.448633052543868e-06,0.24061153254279194,2192,169,0.0025,True,0.006812780385440309,0.2874665941816444,916,128,True,0.012019654719702103,0.23289235450187432,803,116
1.3,20295953,True,2.828500428181055e-07,0.2382090497649423,2226,173,0.0025,True,5.301639755390272e-07,0.43657418692942684,958,133,True,4.5783599107111304e-06,0.28792847810907063,787,113
1.3,20295954,True,1.1025322115972795e-11,0.2488102654165955,2194,169,0.0025,True,0.003547750293369407,0.25718521549526896,1016,135,True,0.014300655882078963,0.2041947849980965,787,109
1.3,20295955,True,2.9755042613169685e-05,0.1816573361748623,2210,172,0.0025,True,0.0028072000820379543,0.272417546799516,949,131,True,7.403989724275746e-08,0.35905271372302433,805,115
1.3,20295956,True,2.9502296542188656e-06,0.211071627698699,2146,165,0.0025,False,0.8759301144835359,0.020677495806071616,870,128,True,0.022382011136792352,0.15516992857914486,801,113
1.3,20295957,True,1.4000565411807088e-18,0.34680234585556113,2169,167,0.0025,True,0.00045346743603081913,0.30874324458567015,1036,136,True,0.000736798716068846,0.19436089362763073,756,110
1.3,20295958,True,4.32213875992108e-08,0.2653390137489382,2199,167,0.0025,True,0.00014841074769122623,0.3327706990372593,978,130,True,2.3682141464137772e-05,0.3053376929113443,823,118
1.3,20295959,True,1.0086360495645618e-13,0.288081297592159,2204,172,0.0025,True,3.525064072185185e-07,0.34923392546241927,1032,140,True,0.004117846373789898,0.160175896168501,737,107
1.3,20295960,True,1.3748399199760652e-12,0.3093807845824367,2210,172,0.0025,True,0.004128346911981579,0.3080694151055205,1028,141,True,0.011246876190616735,0.21984168557248915,798,112
1.3,20295961,True,1.173281577286016e-15,0.2836965091979107,2206,171,0.0025,True,9.063856927225768e-05,0.2720734024204532,1058,138,True,0.005798582178480427,0.20167295603465796,817,116
1.3,20295962,True,1.2674430366579412e-13,0.27328862235263096,2213,172,0.0025,True,0.0010682566771240186,0.3628139002155274,925,129,False,0.3529317222071636,0.10309644676975692,802,110
1.3,20295963,True,6.025247085125059e-08,0.25115196668087597,2193,168,0.0025,True,0.0002674826374987863,0.3318990304547556,952,138,True,2.982515879214512e-06,0.27293985583578456,810,113
1.3,20295964,True,4.938899064027494e-12,0.23553751426273659,2211,170,0.0025,True,0.010637192172494531,0.254517634383381,1006,134,True,9.736944391796938e-08,0.3627898627929508,799,113
1.3,20295965,True,4.8600875591784165e-11,0.2554270348765015,2183,172,0.0025,True,0.0006957432767932507,0.35235895307725246,887,134,True,0.00040511798654852693,0.293554830870013,805,115
1.3,20295966,True,3.798146486806293e-07,0.18328614362782525,2206,172,0.0025,False,0.03010931508974469,0.19779688452946467,1001,136,True,6.02025947319883e-08,0.3938551535439609,803,113
1.3,20295967,True,1.4546590262277118e-12,0.3250717714828592,2166,169,0.0025,True,2.022609527968734e-06,0.45825098935480224,1000,136,True,0.000173870759912483,0.2727058372815475,805,113
1.3,20295968,True,4.317170365412603e-07,0.2593704601225185,2166,168,0.0025,False,0.07894220419816601,0.21025924979582922,1000,138,True,0.00018112613647050855,0.2620735044977853,796,112
1.3,20295969,True,5.080909877574235e-09,0.2092595569327302,2212,172,0.0025,True,5.479893553490889e-05,0.5180988751200608,857,128,False,0.6257046507221689,0.0458146438741946,808,114
1.3,20295970,True,3.73601237829428e-07,0.23092977195528835,2184,168,0.0025,False,0.04229667783133061,0.17973861971946417,919,133,True,0.0001487641446339747,0.2874513278574581,813,114
1.3,20295971,True,1.44114033429467e-05,0.21272429776868476,2205,171,0.0025,True,2.7195646555448175e-06,0.3676124612911427,966,135,False,0.08218071927608123,0.10966238945366932,806,119
1.3,20295972,True,9.755329143589643e-09,0.23725018439343826,2190,168,0.0025,False,0.09239886062143961,0.17157102706546334,1026,137,True,0.00012653107448645212,0.3025430194142114,802,110
1.3,20295973,True,2.4174455089776534e-09,0.33900199858913427,2204,172,0.0025,False,0.25234728921406874,0.1378954837320331,904,127,True,0.006003534883236303,0.15799937539961437,807,116
1.3,20295974,True,5.810065612281232e-10,0.23895099472306955,2215,174,0.0025,True,0.005432184588722731,0.27884276538766073,964,135,True,3.5836077874554884e-06,0.3445958691070489,812,115
1.3,20295975,True,7.527258619106603e-10,0.26804317602249395,2202,169,0.0025,True,0.00799281237115958,0.22703491012969657,1026,139,True,0.02075173922533745,0.12895032691523797,788,108
1.3,20295976,True,2.0135530834081403e-07,0.21455594296431998,2219,172,0.0025,True,6.2855978986044e-05,0.3579926702044137,1008,136,True,0.0003947004095379655,0.26375730828464783,800,113
1.3,20295977,True,3.3625948039963235e-17,0.29035126345035245,2169,169,0.0025,False,0.45571378849941513,0.08514385501578066,884,136,True,0.0003055356143201727,0.307574668977656,819,118
1.3,20295978,True,1.2307892599473447e-10,0.3539617418957098,2205,172,0.0025,True,0.0018313886382777297,0.3208270641385555,944,140,True,0.02248739876493015,0.1638245715791447,784,113
1.3,20295979,True,0.00011037144381081394,0.17092584988192472,2225,173,,True,8.050980400346942e-11,0.45495398196430076,994,136,True,4.794398438944473e-08,0.46728112328182864,773,109
1.3,20295980,True,4.9674082934914266e-05,0.13987694962429703,2169,169,,False,0.6672604541662029,0.040817894632630476,965,133,True,0.0191031142965119,0.18013790530293847,811,112
1.3,20295981,True,3.3609107941602123e-06,0.24047179703225421,2195,172,,False,0.4371255712770406,0.08335975635940598,928,128,True,0.0013371136571201936,0.2701390534101732,775,110
1.3,20295982,True,7.608989856767821e-11,0.3079530899330118,2208,172,,True,0.0003068000804107187,0.2873544133989268,1047,140,False,0.13836793749349896,0.16338218508350777,811,117
1.3,20295983,True,2.5383512891202948e-14,0.2700355778054524,2192,170,,True,0.0004837886785779871,0.3396859606256543,1017,135,True,0.0009463809609406616,0.22653324652721937,783,111
1.3,20295984,True,3.5895356813908585e-06,0.20565964648079593,2223,173,,True,4.297358577264095e-06,0.3551224999686304,1054,135,True,1.0789631435301025e-09,0.36622588043116217,762,107
1.3,20295985,True,3.6587883550653164e-09,0.2472462496540051,2218,173,,True,0.010031748612392375,0.2786997712435125,1040,136,False,0.05406325204319985,0.18048264887537127,774,111
1.3,20295986,True,1.9868470505849953e-10,0.2801298697287746,2194,170,,False,0.17836180150868255,0.1331076258950925,980,135,False,0.038319622618302254,0.1687277377918636,790,109
1.3,20295987,True,2.0182542175124817e-11,0.2688801859383216,2191,169,,True,0.004537146426273611,0.18126736505560642,1018,138,True,0.008487600634515194,0.18987102092423527,808,115
1.3,20295988,True,6.196955067938079e-15,0.3166922383607271,2208,171,,True,0.0012392787209247154,0.3046891805575633,959,138,True,5.0643229889352615e-06,0.29277418164689234,789,112
1.3,20295989,True,3.8407688654344215e-14,0.3102598533918954,2185,170,,True,0.00013776564234989656,0.44003672372170033,994,130,True,1.988607419535636e-05,0.34516711199281763,772,107
1.3,20295990,True,3.4283185805248076e-05,0.199947434260907,2223,172,,True,0.021112470792296965,0.18914189179734417,987,133,True,0.0015392533060180056,0.19587457590235705,807,116
1.3,20295991,True,2.9647093856653835e-09,0.23580264420012484,2205,171,,False,0.07915019968011351,0.20870850206035038,971,138,True,1.246440339400825e-05,0.46589186990314224,806,112
1.3,20295992,True,7.795011820768276e-11,0.32218620569205125,2196,168,,True,0.0012501504483956368,0.35985309785332975,939,130,True,0.00030692239761767864,0.27176306143697065,804,112
1.3,20295993,True,4.722941871535688e-08,0.2157013085008148,2201,170,,True,0.0035050339169863443,0.2375784802834689,932,133,True,7.709585943980173e-06,0.34479037032895726,749,106
1.3,20295994,True,9.158545632702101e-09,0.24002137709590976,2200,171,,False,0.056709114286776566,0.21045387616181688,954,136,True,0.004628568488203443,0.2087027031141823,806,116
1.3,20295995,True,5.679341259197043e-08,0.25018335005894565,2193,170,,True,0.0030670734611463767,0.28303881774403256,951,136,True,1.9553500199890318e-05,0.31759290139864044,803,112
1.3,20295996,True,0.0001424396210534585,0.16890748232060054,2199,169,,True,0.00048404931965075873,0.3299133945420115,1104,141,True,2.5676950567339237e-05,0.3142665328972533,803,112
1.3,20295997,True,5.946732785045907e-16,0.252537269388558,2194,170,,True,0.004460015985757938,0.25871806759750215,975,134,True,0.0009272295471464033,0.26104310582213,811,115
1.3,20295998,True,7.89548278411069e-11,0.30217782663479176,2216,172,,True,0.01599428934005519,0.21678305972335438,961,138,True,0.002175062121889777,0.21617633299187583,806,115
1.3,20295999,True,6.295687145494185e-10,0.24998614652015372,2198,169,,True,0.009556390550352687,0.2550620888963711,910,135,False,0.10166631877450467,0.13242830003476877,816,117
1.3,20296000,True,4.708242070648013e-13,0.2873865337268137,2217,172,,True,0.00409145504406997,0.24115160537829475,1020,135,False,0.026722167244076354,0.2201348045602496,789,110
1.3,20296001,True,2.262552939151867e-06,0.17604815097506443,2209,170,,True,0.0070120668892385855,0.4374982148747545,930,129,True,0.004355249307786224,0.2337688988795181,815,115
1.3,20296002,True,4.1188908482662936e-13,0.34477870020078827,2193,168,,True,1.9499792662031045e-06,0.31244430149796804,936,132,True,0.013777306432527605,0.16918177286627825,801,115
1.3,20296003,True,7.865718503108411e-09,0.2738351352615802,2157,168,,True,0.0002649620062378452,0.3378239874768928,943,134,False,0.10314808450261327,0.18259818803212144,802,112
1.3,20296004,True,4.659055354332913e-12,0.277555442062258,2201,170,,True,7.19787832831157e-06,0.523931038063895,990,134,True,3.490856355160281e-10,0.4185245185402754,789,111
1.3,20296005,True,4.240497763116234e-11,0.2709016745383162,2197,168,,True,8.736303760809692e-06,0.3755422997870032,1041,135,True,0.0035236384676601206,0.29680432945979823,769,108
1.3,20296006,True,5.7245552885312144e-08,0.2303392387605114,2185,171,,False,0.36858524975280715,0.0944537237098977,934,137,True,0.0007960039514555276,0.23448977876904026,806,113
1.3,20296007,True,2.379664583238318e-08,0.2252274514192095,2208,170,,True,0.019913416958126928,0.230786773992876,919,128,True,6.351162669143925e-06,0.3101276456636784,788,114
1.3,20296008,True,2.1879886970126525e-15,0.3885853097111719,2223,173,,True,0.021232001910689777,0.20284873694327657,890,132,True,2.732344681444893e-08,0.2927517989935244,781,115
1.3,20296009,True,1.3937365753856004e-08,0.20781488904771508,2201,170,,False,0.19056275493413044,0.1561686830889553,1003,139,True,0.002679495574573026,0.229621968721647,794,113
1.3,20296010,True,4.1586940362201333e-10,0.2859081814966204,2203,170,,True,0.001286113739297381,0.29392666796890937,1038,139,True,0.004215819404613725,0.24510507593171624,806,116
1.3,20296011,True,1.5588841193481923e-10,0.26123230767096756,2181,168,,True,0.00012956870517484925,0.3707932217990094,979,143,False,0.11434364296078785,0.1468299698748881,799,113
1.3,20296012,True,3.814052343834214e-11,0.2656241446895901,2192,170,,True,0.0002344334095661059,0.27595019430854006,1085,137,True,0.001422791262895972,0.2631286833409442,806,116
1.3,20296013,True,6.841601205617567e-09,0.21400332411344708,2179,171,,False,0.06573547109316577,0.15808610360880393,984,136,True,1.1282959369768584e-05,0.30295579011917945,805,111
1.3,20296014,True,1.3928381810906653e-05,0.25494995309986895,2193,169,,False,0.1670852272884135,0.15235073507498306,891,129,True,0.0027818625973654834,0.2359915266963177,787,113
1.3,20296015,True,0.007994566893179277,0.09865801026981695,2175,171,,True,0.02363925906871879,0.1871327924268037,998,135,True,0.0011595472218772502,0.2726308758604484,793,111
1.3,20296016,True,3.2226388024823707e-06,0.2193758151288766,2198,171,,True,0.0066338351023688446,0.29647314053732493,966,138,True,5.047031596800511e-09,0.4017147572794299,784,111
1.3,20296017,True,8.242741960599353e-08,0.22094047072470785,2184,166,,True,0.002871359328317588,0.25391008831691975,918,132,True,0.00036649186044347015,0.2864418497652132,811,116
1.3,20296018,True,1.0658088905099765e-15,0.29750706738426264,2192,170,,False,0.10372193274410207,0.1205596792735304,948,142,True,0.0038277527521653745,0.23058918328775238,802,114
1.3,20296019,True,1.131639004806599e-13,0.26089487772488323,2205,172,,True,5.528851331985733e-11,0.5390555026542394,987,136,True,0.0048422442692602425,0.2172809629041829,775,112
1.3,20296020,True,6.835852327690462e-13,0.26047468061058476,2214,171,,True,0.00031938804141124887,0.33956078804939926,1027,140,True,5.6457960785496476e-05,0.33987521502465967,801,115
1.3,20296021,True,4.33719415802085e-08,0.19807503806293125,2217,173,,True,2.5613813035109567e-05,0.4153258085270882,1013,139,True,0.006933222374143986,0.23952417250715308,779,110
1.3,20296022,True,5.444847424172219e-11,0.2730633479708716,2219,172,,True,0.002203332439367864,0.2945921253197179,899,130,False,0.8428084558641072,0.016273883274702892,805,115
1.3,20296023,True,4.4633160379391927e-11,0.25727618731046437,2178,166,,True,2.210731572434024e-08,0.509001791174303,947,136,True,0.00946545445657476,0.23869062368119984,789,113
1.3,20296024,True,2.4960554515545367e-08,0.21253110145228374,2198,170,,True,1.7838212971180864e-06,0.4041475896755228,966,132,True,2.5375455843446523e-05,0.3096880917689485,779,111
1.3,20296025,True,4.360758714141983e-08,0.23176289538291722,2214,170,,True,5.615310829079284e-05,0.35656514116561216,943,139,True,0.005152559335034823,0.20585745558056617,746,107
1.3,20296026,True,4.1627391625136645e-13,0.265564281049854,2209,169,,True,0.008049003925503798,0.23625942700797561,1006,134,True,1.0614683718342903e-05,0.35136534800956515,784,112
1.3,20296027,True,1.8471177955949586e-12,0.33089341834664016,2190,169,,True,9.171383513619519e-05,0.3500116859788592,978,137,True,0.0003868423881806381,0.3292430740138415,815,118
1.3,20296028,True,7.833595118861538e-13,0.2516980359517716,2172,169,,True,0.005518204445892517,0.27251489335938156,936,138,False,0.08266644806223097,0.14328090081403963,790,112
1.3,20296029,True,0.0021640748427906504,0.13313344001912308,2199,171,,True,0.018516094777319678,0.2370332919693752,1040,138,True,0.024432267362736144,0.18883760438580174,803,116
1.3,20296030,True,3.0076856155052185e-16,0.31511404939439874,2202,171,,True,8.775958871158682e-05,0.4495090146527384,1017,138,True,5.873626826164e-06,0.3225069089427769,787,110
1.3,20296031,True,1.861322921096751e-12,0.29541820312207623,2177,167,,True,0.00018456395922994426,0.2900196369631227,928,127,True,0.0006604463385472264,0.16752606919890545,791,111
1.3,20296032,True,3.925723583187459e-18,0.3340342634066035,2213,171,,False,0.43695733180982876,0.07932338902983085,976,136,True,5.444366552348305e-05,0.2702673411605118,779,110
1.3,20296033,True,3.2396318137755976e-12,0.30330594909781194,2190,169,,True,0.007481433364339739,0.24733133459205922,883,131,True,8.55840946308933e-06,0.3384457185329803,790,111
1.3,20296034,True,3.181042596966907e-08,0.25702676265199764,2191,169,,True,9.748655569573232e-06,0.2940182977510212,1033,135,True,0.00035572730115947216,0.2605671384031421,795,111
1.3,20296035,True,7.471941081978466e-07,0.2706956851299958,2189,171,,False,0.07611689393975728,0.20334013942914053,904,125,True,3.109753854262629e-05,0.29090252990854004,785,108
1.3,20296036,True,2.1725826753400374e-13,0.3488463797649982,2195,170,,True,0.005476406431869724,0.25778420810679303,964,140,True,9.750657027601165e-09,0.39996432091581213,802,117
1.3,20296037,True,1.4426300048708571e-08,0.20662282879760677,2180,168,,True,6.022814135889821e-06,0.5125645728398157,928,136,False,0.028548949874644562,0.16521262775997783,773,112
1.3,20296038,True,1.003367055079067e-10,0.3483817499525337,2218,172,,True,0.0010826258311089974,0.36539299653521284,1002,135,True,0.005699633637903935,0.19549877565593604,809,113
1.3,20296039,True,6.410934943673495e-12,0.25350883365359006,2208,170,,True,0.0003127025486885283,0.33663949480251565,1007,136,False,0.5097093941457341,0.044122821959651566,784,113
1.3,20296040,True,6.395399014349826e-11,0.23939252179545972,2215,172,,True,0.0024211858193216415,0.3135395742544846,950,135,True,0.0007976119951162518,0.2381431306105272,792,114
1.3,20296041,True,3.077180889565565e-12,0.2843288829153282,2180,166,,False,0.06837918915311422,0.19417888117421017,924,130,True,0.014316888502376349,0.15630460015903339,792,111
1.3,20296042,True,6.505096664858659e-11,0.2678941083255993,2181,169,,True,0.0006753890203958698,0.28491487910394314,1017,139,False,0.3670965636529907,0.07671576819213116,815,116
1.3,20296043,True,3.4952257594570395e-10,0.2865244074113574,2234,176,,True,0.00867793876078753,0.24905017800390386,946,134,True,0.0031049368295115853,0.20336401664985407,794,113
1.3,20296044,True,2.6098103118399825e-14,0.2640134965935962,2223,171,,True,0.00010839033502726886,0.2908561183801891,1008,137,True,0.0001279882467360679,0.33911257588002686,810,115
1.3,20296045,True,0.006140873108312327,0.13218788686418456,2225,172,,True,0.008880456123438686,0.23030728222337096,962,132,False,0.045159600951343096,0.17402140608482683,811,114
1.3,20296046,True,1.3697212803384203e-10,0.31886522496936553,2190,169,,True,0.0054796342579515305,0.2372674251753187,989,137,True,6.49250170546016e-06,0.4320002178296227,806,112
1.3,20296047,True,1.197957471554152e-08,0.31629174361819484,2226,173,,True,0.02333489368603082,0.1929052650427546,1060,138,True,5.064960030148813e-06,0.3225449984567541,815,117
1.3,20296048,True,1.0355209985709525e-08,0.23634260513244018,2205,169,,False,0.08774778318500577,0.19205938396975775,980,138,True,7.225708706979961e-06,0.38005003034134616,798,109
1.3,20296049,True,8.223396583386551e-07,0.19140437485118894,2205,169,,False,0.24938323284844965,0.13009557833230664,946,133,True,4.163067101651769e-06,0.32301798259382664,777,107
1.3,20296050,True,5.39324574537189e-11,0.2721306861198589,2200,170,,True,0.004662600902864819,0.2650766972833141,946,133,True,0.01212469457238393,0.23679839895142912,785,114
1.3,20296051,True,1.0566713480459878e-06,0.20327520343650138,2180,168,,True,4.669239945953329e-06,0.46045329914987054,878,128,True,0.022509434610309766,0.162602348100757,812,115
1.3,20296052,True,3.9732892965070386e-13,0.2904308587198922,2172,168,,True,0.0014832916469389502,0.34539734573081426,1010,133,True,5.615096482236743e-08,0.4076570934516822,795,111
1.3,20296053,True,4.292255450770213e-08,0.2732777709564625,2215,172,,True,0.0001713090448582443,0.3389679704917433,1010,136,True,9.876881761897987e-05,0.27293916360891884,795,113
1.3,20296054,True,1.1367461743898718e-15,0.3236172822583034,2209,172,,True,0.004262362353788209,0.2364780638289323,883,130,True,1.4918842804566542e-07,0.35378520342551667,769,108
1.3,20296055,True,6.366613555904799e-07,0.23716728131759013,2210,172,,True,0.0003428725078068724,0.4334970580544556,1034,134,False,0.27448497813918254,0.10695634958710683,796,113
1.3,20296056,True,1.527159005786255e-11,0.28030703173877697,2182,166,,False,0.03227005683743096,0.2728720054640973,939,136,True,0.0009551292883373902,0.29884376499518445,796,116
1.3,20296057,True,1.6291810834543197e-20,0.3402588057474615,2215,170,,True,0.013764806903870944,0.21641099426843166,1125,140,True,0.010722746362872062,0.23177725602069835,788,113
1.3,20296058,True,5.786084224498242e-11,0.2852102079378739,2186,169,,True,0.0030177954701616373,0.21691030030769784,1012,138,True,0.009425647379398279,0.2160198282685688,760,105
1.3,20296059,True,3.418938180499313e-05,0.18756638293606342,2200,169,,True,9.874550178976614e-07,0.473260552438103,952,135,True,5.3319049561987e-08,0.4060734078510127,812,116
1.3,20296060,True,4.784473249138629e-10,0.23651071979174465,2218,172,,False,0.03765076238674716,0.23968259469641331,1003,139,True,0.0005201524080218077,0.32349861745406494,804,115
1.3,20296061,True,0.0016377938177106514,0.2361728100540319,2198,169,,True,4.537825968050673e-06,0.37238158788838144,967,137,False,0.1044647631734937,0.1588802483795986,788,112
1.3,20296062,True,3.920290300601209e-08,0.2625918151020362,2147,163,,True,1.844276832024446e-06,0.34704548834713056,936,137,True,0.00045076751985436423,0.40810560713302724,797,113
1.3,20296063,True,2.209818203821e-09,0.30047127369455895,2208,170,,True,0.0035126674914719197,0.2570937064825466,978,132,True,4.0133306441750154e-07,0.3436295363900946,808,115
1.3,20296064,True,1.5071565412352775e-12,0.2657607171813063,2196,170,,False,0.16602684013067734,0.14488639994436625,1017,142,True,5.680815878909277e-06,0.28780235693354583,799,113
1.3,20296065,True,7.473461405912737e-10,0.22960822853390342,2209,172,,True,0.0009054785576002604,0.38257037617779005,958,138,False,0.22918247604454384,0.10554301075630339,819,117
1.3,20296066,True,1.8066760120875932e-12,0.26408993195238234,2201,170,,False,0.05312723427020975,0.14456202551308694,1009,137,True,1.9267099291127156e-10,0.44348912965609427,796,114
1.3,20296067,True,4.405990871664193e-11,0.2676455387569318,2192,168,,True,0.0008069533083510242,0.37753019906068164,965,139,True,0.001173785275091376,0.2084016909124918,806,113
1.3,20296068,True,3.334603633834895e-09,0.25899794456911746,2201,170,,True,0.002546302726836846,0.26423551871411916,1004,136,True,0.012867457356268461,0.19142289727631898,790,113
1.3,20296069,True,0.0008274575353139778,0.16500825404276137,2182,167,,True,0.0007618094812251125,0.3236425137143044,928,131,True,6.2438291054480775e-09,0.3807073868999126,805,116
1.3,20296070,True,2.0898541543912808e-10,0.26277630002173913,2210,169,,False,0.248564845333585,0.12251701330908543,936,135,True,6.231765883909898e-05,0.22710667062602485,799,114
1.3,20296071,True,1.7227992723852285e-08,0.2532977623307175,2169,171,,True,0.00012401877391788447,0.3018715869249549,1073,138,True,0.0011146198268944705,0.2697620185091841,794,112
1.3,20296072,True,4.734524146881073e-06,0.18376355008809644,2210,171,,True,0.0031135581025069875,0.2618112314308576,943,138,True,0.005305437844050186,0.3139033400879778,777,107
1.3,20296073,True,4.1694144926019654e-14,0.30769088765316827,2206,172,,True,1.5774629622917325e-05,0.4130518102532503,974,135,False,0.5663679486888096,-0.05591643026706616,800,112
1.3,20296074,True,1.556702034823801e-05,0.18636885947399,2191,169,,True,0.004531833243997382,0.2370330504490693,1064,142,True,1.9818689611373118e-05,0.24402318317758656,792,111
1.3,20296075,True,6.069298025220309e-13,0.243281718656105,2178,169,,False,0.07988773273632456,0.14058529820979754,963,142,True,0.004310604188003639,0.20941490849873357,807,113
1.3,20296076,True,4.000254952055984e-14,0.3179302381039081,2209,171,,True,0.0011395423636094096,0.26515668481211324,976,136,False,0.027885955308938604,0.15715912589091144,788,113
1.3,20296077,True,6.664769964577692e-07,0.27200827279333706,2187,171,,False,0.1230641292382589,0.17893637255421485,908,131,True,0.011882292102890756,0.2332907736314466,792,115
1.3,20296078,True,2.79478301226626e-20,0.32420440683211055,2199,170,,True,0.014956227078012106,0.1935848422784759,954,135,True,0.0016402535149166505,0.2353276966533804,808,116
1.3,20296079,True,1.9004972294995822e-08,0.2423616363382991,2207,170,,True,6.610710716561178e-10,0.5825967135277981,1020,135,True,8.379405124199177e-06,0.38440965536209243,811,116
1.3,20296080,True,2.6215118969086192e-05,0.18206750843843503,2173,167,,True,1.2015209208326776e-06,0.33575840213972336,1023,134,True,3.8643956413313756e-05,0.28057306533078097,801,112
1.3,20296081,True,7.804835105084304e-13,0.2800387224793225,2189,169,,True,0.01923292487778988,0.21516180750683897,898,127,True,0.0009155189060249097,0.29076353583623255,784,109
1.3,20296082,True,1.6167829775755645e-11,0.2858849162908282,2171,165,,True,4.005681757028179e-07,0.5163529907015235,907,130,True,8.93061901521702e-05,0.3087773800302685,801,115
1.3,20296083,True,0.00012595307384383035,0.17033251613856742,2201,171,,True,0.0005061407929683995,0.43966476848789915,941,135,False,0.04021232482391222,0.24470865549958468,804,111
1.3,20296084,True,2.0796989649006772e-07,0.20567505718707083,2217,171,,True,2.588018584898731e-05,0.2960329443222548,1006,138,False,0.684223725471268,-0.039510075784731216,810,115
1.3,20296085,True,1.9288679189039788e-11,0.24809433354201021,2207,171,,False,0.03175058786882566,0.2201537031688085,844,124,True,1.1653994000090006e-06,0.38535315029416806,813,114
1.3,20296086,True,1.2249065332975294e-17,0.2812839777471064,2197,170,,True,5.0440868604153925e-06,0.34505478636547077,954,138,True,0.00020666719694057028,0.2534566620610862,810,113
1.3,20296087,True,4.236053861739806e-08,0.26495855789333855,2206,171,,False,0.10490952149166931,0.16010844573042765,855,127,False,0.06010713045038222,0.17310319283701903,782,112
1.3,20296088,True,3.892094511738634e-22,0.3344361362154844,2172,169,,True,0.00015322645972350288,0.39172724600885384,951,132,True,6.125147508447686e-05,0.28965530593684474,798,115
1.3,20296089,True,5.644491523351928e-09,0.23669334561280542,2229,173,,True,3.257052739483951e-05,0.3148124659313672,839,131,True,0.01312245348572324,0.17525246848393844,796,111
1.3,20296090,True,2.3378520358752996e-09,0.28858599218066716,2194,166,,True,0.0241340121807628,0.22017589464277634,1015,134,True,4.049434196666896e-06,0.2792116958801648,795,111
1.3,20296091,True,0.0005300053840523951,0.18992125383092578,2225,173,,True,0.011361405290432156,0.32297528161286515,811,133,True,2.5309616468324647e-09,0.43655070185993233,777,109
1.3,20296092,True,1.2743868595526056e-11,0.27458005139739594,2175,168,,True,1.139334665334521e-08,0.4414998964603355,996,133,True,3.163290994502013e-05,0.3396883721228662,808,117
1.3,20296093,True,7.29023832771905e-15,0.27193815791545795,2206,170,,False,0.20998102139651503,0.09803694011238237,904,133,True,0.00023185850498883605,0.2309816595134302,797,113
1.3,20296094,True,2.1767730090678838e-09,0.30570476377543737,2196,169,,True,0.008396579303539296,0.2518329602935064,1014,136,True,0.0006149042163808718,0.24283404549100235,803,110
1.3,20296095,True,2.275030486234263e-15,0.359878254874661,2221,173,,False,0.10493148854180216,0.19566594906719345,905,134,True,0.0077643245649556825,0.21434172845010424,783,113
1.3,20296096,True,2.6615931571498643e-18,0.3226594192996364,2190,166,,False,0.14924201219385833,0.19437897437084994,1017,140,True,3.064205919810168e-09,0.4021981576632451,815,116
1.3,20296097,True,4.900685408895878e-16,0.27594021015812015,2205,170,,True,0.0006390419902480083,0.26192713413223306,1009,136,True,0.000619741132111242,0.26677239951161896,815,114
1.3,20296098,True,9.228147555479845e-07,0.23972359949038502,2199,170,,False,0.11501556594337828,0.16959153517268927,955,128,True,2.0976662249139774e-12,0.40842254829693897,789,111
1.3,20296099,True,9.055429367150596e-10,0.24151131074623453,2206,171,,False,0.09402735196487162,0.13796525545059982,930,134,True,0.0007125443085205709,0.21798416878474053,799,115
1.3,20296100,True,2.5233364249509243e-17,0.2281337463624359,2177,169,,False,0.21391668370000774,0.14091664903057605,1043,135,True,1.873404580049543e-08,0.38657650318279974,802,114
1.3,20296101,True,2.6353703481576635e-23,0.36385225320156545,2180,169,,True,6.993053228863347e-06,0.4578308748099099,990,133,True,5.784544153826749e-08,0.275600235457749,787,113
1.3,20296102,True,1.2653978762387324e-07,0.2373680696495145,2215,172,,True,9.784645535054546e-06,0.40582928571251403,954,133,True,2.4029174971505653e-06,0.353196021629781,809,114
1.3,20296103,True,5.493946447283222e-10,0.24675544181238543,2193,170,,True,0.005804766867629519,0.32747732954814207,844,122,True,0.003662869767409568,0.24195382863902154,753,108
1.3,20296104,True,3.7641658494750736e-14,0.2277908217139223,2207,170,,True,0.00142529285313482,0.2780309569921626,1050,140,True,3.024874858925304e-06,0.3925062165530683,787,110
1.3,20296105,True,3.2839667072666696e-07,0.19616175132879926,2217,173,,True,4.962077676746741e-06,0.44980140226144905,811,127,False,0.5638762331831847,0.03854595539715946,800,112
1.3,20296106,True,0.0001955478382772843,0.19852633763726552,2185,172,,False,0.6291853113150595,0.04429304398423047,1009,138,True,3.2956739211706447e-06,0.32689739333125156,779,111
1.3,20296107,True,3.7856112508510557e-06,0.2394602173653884,2184,172,,True,8.754981513936409e-05,0.43437832209526434,1012,129,True,0.003378704031525282,0.20358200153343284,803,114
1.3,20296108,True,2.4795951961332883e-13,0.3188920743123395,2185,168,,True,0.007053448911153514,0.2434357288600163,998,135,True,0.011935878675634625,0.23595371939402143,803,115
1.3,20296109,True,2.60075340393601e-10,0.27510334695171795,2210,171,,True,0.0011754114443821013,0.32172170653427484,1050,139,True,3.6055832540430342e-06,0.33080058295859366,795,111
1.3,20296110,True,1.207421270412786e-11,0.2679572030126308,2159,169,,True,0.00013566564458285685,0.3721159499801323,907,133,True,0.00011734119979637417,0.2786607453210978,814,117
1.3,20296111,True,0.00036209857829757133,0.12199306070781124,2193,169,,True,0.003473475080642801,0.45430492166397113,868,129,False,0.07154798553592885,0.12975583782747335,792,113
1.3,20296112,True,2.0340131784039613e-12,0.27565511997985875,2202,171,,True,1.3867621199337076e-05,0.38646171688685693,1009,134,True,0.011442828063175777,0.20013179189682753,792,114
1.3,20296113,True,1.633232997771663e-16,0.3979856250205684,2198,169,,True,0.004163717331627291,0.25567190369046866,1007,130,True,9.282713161709453e-06,0.39083407521968394,773,110
1.3,20296114,True,5.540889148855139e-13,0.2709809274840595,2147,165,,True,0.0007212488609682605,0.29553456839598474,1004,133,True,1.71672823672065e-07,0.3161440927186797,784,114
1.3,20296115,True,1.1230309958572075e-05,0.20815225106583155,2172,171,,True,0.003983319721043606,0.2685692662554339,936,133,False,0.1371602138032194,0.1227168161397295,795,110
1.3,20296116,True,6.847918160321263e-08,0.26487023256138914,2224,172,,False,0.5876439444981533,0.053756357373678176,960,138,True,2.5513490667456035e-08,0.4280770230145159,812,115
1.3,20296117,True,4.216133685875094e-15,0.331421128942799,2203,171,,False,0.12646607676227553,0.1503762717924509,889,126,True,0.0006388476418399617,0.20425810136908723,763,110
1.3,20296118,True,1.4943920493689678e-09,0.22061527888308208,2214,173,,True,0.00026855148979023757,0.34286468715762675,962,132,True,0.003117998472166357,0.2576351356892308,799,114
1.3,20296119,True,1.578190999132763e-09,0.2359038683816453,2223,172,,False,0.12578366022404758,0.12432343502298104,945,133,True,0.01016784199862386,0.1774289923880851,812,114
1.3,20296120,True,2.049096634986005e-09,0.24430581818356786,2190,170,,True,0.0016648098860053736,0.3282930151316126,974,135,False,0.8678850158865183,0.012722867053417766,783,113
1.3,20296121,True,4.3135491160279235e-12,0.29378855899609035,2217,171,,False,0.03343953631645129,0.15446001458938813,1024,142,True,0.0014365006927870058,0.24831440106136002,796,112
1.3,20296122,True,3.6091573896979796e-07,0.27743674849646605,2181,168,,True,0.022710080392999557,0.166600435089442,1055,138,True,9.798397740118781e-07,0.3579007890547717,810,116
1.3,20296123,True,0.00037273977287819853,0.18623259940333828,2163,168,,True,0.0014771029652121046,0.2764673710265767,896,136,True,0.013589230622156247,0.1854410574707991,803,116
1.3,20296124,True,1.1751136754559749e-08,0.23260399129101797,2211,170,,False,0.02626074813839894,0.22814243851526533,1010,138,True,0.01732331100796607,0.16495099598436072,783,111
1.3,20296125,True,6.08594659742859e-13,0.2910946327086332,2205,169,,True,4.51963021129768e-06,0.4765863632763517,1008,137,False,0.04129236878115117,0.14095069771813803,806,112
1.3,20296126,True,4.985566245792953e-13,0.3313168566456021,2179,170,,True,6.936973718922833e-06,0.44642857205507985,960,134,True,0.00010359615088203267,0.35228286921198426,819,117
1.3,20296127,True,1.1106764143174964e-09,0.19209482967862782,2206,171,,True,2.6094395154918847e-08,0.3935077339832775,1022,140,True,0.011248681108795996,0.1860934006058104,775,109
1.3,20296128,True,2.185711340193475e-08,0.2768676390996622,2194,171,,True,8.503188868420818e-05,0.35167432150074185,885,126,True,0.003032210446309301,0.2268628007169397,816,113
1.4,20296929,True,2.6533761138606962e-18,0.29554151132395357,2212,173,,True,1.755059123636922e-05,0.3505523296174938,925,132,True,0.00015172449127588713,0.2958940529857246,805,114
1.4,20296930,True,2.447344528717218e-14,0.30930619792215486,2209,172,,True,0.0002584915357848986,0.2943619832656008,1035,139,True,2.7979877637630133e-05,0.2685873510352024,812,116
1.4,20296931,True,3.781556232989435e-12,0.3192379771387233,2172,170,,True,1.1541763761117129e-09,0.49344443542693944,1001,137,True,9.651671976250084e-08,0.42623796581816703,796,111
1.4,20296932,True,2.3053693049780065e-14,0.2881165930415767,2218,174,,True,3.087866168152704e-09,0.5894756913031419,965,129,True,0.0008752340844256874,0.3079388036467642,798,113
1.4,20296933,True,9.932707592805584e-15,0.30749322671714574,2214,170,,True,0.00019228985090833365,0.33150750513878197,919,135,True,0.003847269319290376,0.25467285149178387,800,111
1.4,20296934,True,4.68418183135921e-18,0.39380384410516905,2198,170,,True,9.296966505596699e-09,0.6841611394512243,941,134,True,1.3040526450373931e-05,0.3124160265159878,808,116
1.4,20296935,True,2.5374449992318495e-13,0.32415073387355137,2197,168,,True,0.00023698213767338043,0.33788594908137276,1028,139,True,3.7623676959094277e-07,0.359830224038528,805,114
1.4,20296936,True,1.667249117407149e-24,0.41504785241043657,2219,170,,True,3.657796468192539e-05,0.3636962377576239,986,139,True,4.101741567116367e-05,0.3772123074737853,756,106
1.4,20296937,True,4.187613952518675e-17,0.35840286930258514,2224,173,,True,8.459176561638724e-08,0.49362303314766803,913,131,True,0.0002849035912733102,0.2803713781820303,781,112
1.4,20296938,True,1.480538291023708e-14,0.37494464557174995,2207,169,,True,0.0004462665098860809,0.3268128158289194,1006,138,True,1.1947512097666222e-07,0.3019256707264788,817,117
1.4,20296939,True,2.8471522241070166e-07,0.271537282402451,2207,170,,True,2.6296712917875396e-07,0.48921190314649615,920,134,True,1.349909186904834e-06,0.37788335755149144,786,112
1.4,20296940,True,3.928766287938591e-11,0.25090054639523823,2212,173,,False,0.05307400378270889,0.2021048239372488,960,133,True,3.633988599818417e-05,0.3163940037972731,806,115
1.4,20296941,True,8.442172006470998e-25,0.38397180222170146,2222,172,,True,2.801609472174753e-06,0.41999554078859336,1039,138,True,1.9028062200348209e-07,0.3625859290882926,797,111
1.4,20296942,True,2.712188487871526e-16,0.2890522994189028,2203,169,,True,6.329797019966926e-06,0.4841570248261459,966,143,True,0.0012501420860989237,0.2775145104122192,806,114
1.4,20296943,True,6.389668518269258e-16,0.3160526187660271,2188,170,,False,0.04653361712784824,0.22308636921954555,864,128,True,1.3274829733524855e-09,0.47965750141477287,798,113
1.4,20296944,True,4.063794955965836e-17,0.41205785776895026,2212,173,,True,3.225117699091599e-08,0.4557482621924515,998,135,True,1.3285583820282687e-12,0.591295099364913,780,112
1.4,20296945,True,6.179834773470463e-13,0.3084268419983717,2188,167,,True,6.072697554442743e-05,0.4206555885706663,867,130,True,1.5295599729387683e-09,0.3726578937844441,802,115
1.4,20296946,True,1.511337307235085e-12,0.33305058792341713,2210,172,,True,0.0010576530915903724,0.3082401130209532,966,133,True,9.903056722872316e-09,0.40900764283013175,811,113
1.4,20296947,True,1.687665546027513e-21,0.4103529148009871,2220,172,,True,4.48048308323583e-06,0.3699537977712692,1022,138,True,1.7806237695237274e-05,0.38190148746598,803,113
1.4,20296948,True,6.205055200270924e-21,0.37393627780835126,2206,173,,True,9.04959010364801e-09,0.6133918706594521,951,134,True,5.775260213077115e-06,0.31847429812018246,805,115
1.4,20296949,True,1.1511457612740258e-12,0.27811939196805097,2191,170,,True,2.4150345063476695e-06,0.4133207028293426,981,134,True,3.878383696954934e-13,0.5212061533297156,787,110
1.4,20296950,True,1.3723238040220169e-14,0.2688576620862452,2205,170,,False,0.10435548000023775,0.1471147230177034,980,137,True,4.239990704681502e-15,0.43750269010715853,810,115
1.4,20296951,True,1.1745470082059512e-18,0.3095810473273878,2197,168,,True,0.0007923750948325643,0.3282046509171689,884,128,True,2.6197033044324455e-05,0.2856707816525792,810,112
1.4,20296952,True,3.9927488346114124e-13,0.2768513425821946,2205,173,,True,4.1106819044542227e-05,0.298165763200073,995,137,True,2.796869469724099e-07,0.3343545116865343,813,112
1.4,20296953,True,4.865582530075199e-13,0.3060424273618879,2213,172,,True,3.567864365288471e-09,0.5828457712984204,981,133,True,1.2071550899576235e-05,0.35342030313163986,774,108
1.4,20296954,True,2.673486556651753e-18,0.38038088759297706,2221,173,,True,0.0003222271784330155,0.36064735371216566,948,134,True,0.00022219539267167782,0.3567254674071095,804,116
1.4,20296955,True,2.287129100906931e-10,0.2798187057770942,2201,173,,True,7.251308350955088e-10,0.6109741247922374,1015,134,True,4.815862110514958e-07,0.3431907925304733,788,111
1.4,20296956,True,2.315898606730595e-13,0.33563790712870045,2222,173,,True,3.995126302157377e-06,0.4303041349809356,1002,144,True,1.765255196863497e-06,0.44780543723133853,793,111
1.4,20296957,True,8.236816209651978e-10,0.23954314786756636,2225,173,,True,6.138470852991899e-10,0.4228249054478537,983,133,True,0.0015314156282468018,0.22393303188180883,814,115
1.4,20296958,True,3.0942695135713054e-20,0.34055360555683517,2178,168,,True,2.5191925269858923e-06,0.4183276877407459,956,138,True,0.0019191597946725848,0.26036054640591166,814,114
1.4,20296959,True,1.4213228703872743e-06,0.25386508799176494,2197,169,,True,0.004109413235883658,0.2440376621746918,958,134,True,0.016143327049013764,0.18275308211488622,781,112
1.4,20296960,True,4.087234811199113e-15,0.3480491975341302,2197,168,,True,3.250179775338441e-06,0.562658380366026,1010,134,True,0.00030017655013223743,0.19072065900141882,802,115
1.4,20296961,True,9.337231892010888e-20,0.36089157739414934,2212,172,,True,5.339221003935081e-08,0.5684293439718545,992,134,True,0.0002705699986612359,0.3120339429548443,762,106
1.4,20296962,True,3.759508543039258e-06,0.25742192204102987,2189,168,,True,0.0011928029901367152,0.4226280238352862,891,135,True,2.0597948335856406e-05,0.4268942451060587,798,115
1.4,20296963,True,1.2228759602662728e-16,0.36429559806336503,2195,170,,True,4.210309456419394e-12,0.4349220944255343,1076,135,True,1.6564536486774194e-05,0.32984047022114804,805,112
1.4,20296964,True,2.214275311083431e-24,0.3928868042163239,2199,170,,True,7.608020227272711e-08,0.473306878650315,954,139,False,0.043866654077925525,0.23648682901467794,801,113
1.4,20296965,True,2.1988878765857503e-10,0.30942805418711355,2172,166,,True,0.00010894877521421273,0.32739674248293005,914,129,True,0.000804274909182124,0.261775992879998,826,121
1.4,20296966,True,1.1942154629766697e-22,0.4222217631232808,2202,171,,True,6.063627466423552e-08,0.4709970925079422,1040,133,True,0.0004374310989753297,0.2849990925896956,809,114
1.4,20296967,True,3.6584835246786224e-15,0.36408088944559847,2221,171,,True,0.00466064440489517,0.27577856670016154,1011,138,False,0.04658850387137416,0.1801524889085982,793,113
1.4,20296968,True,1.74924600547206e-18,0.34649038260590037,2169,166,,True,0.004140222046990805,0.28543782707830495,1047,138,True,1.9251905314088236e-08,0.4007843597816402,794,108
1.4,20296969,True,4.32193940676548e-19,0.379107495020098,2215,171,,True,2.7604592780052473e-06,0.4441960565579561,1047,136,True,1.7158743373848432e-07,0.398937421531652,805,113
1.4,20296970,True,7.372644262481008e-15,0.3245532159297119,2203,169,,True,0.008355837720936307,0.25223163283828165,1030,138,True,0.007462612730315204,0.218633528190343,766,109
1.4,20296971,True,7.171351103728743e-15,0.3294392020531782,2225,173,,True,2.522233605154443e-06,0.42958872827410693,990,138,True,4.5777859785003046e-05,0.29111621469005017,795,112
1.4,20296972,True,5.171255968168606e-11,0.30529229650690476,2227,173,,False,0.25951136185151696,0.10437689248583065,1001,136,True,4.684632317755735e-06,0.4132922225067704,797,115
1.4,20296973,True,3.7723251124673316e-12,0.3450960433961795,2160,166,,True,0.008416035866479526,0.315078468623049,967,136,True,0.0016060402040891032,0.23132437380905282,817,115
1.4,20296974,True,9.508720506069479e-19,0.3943944338396029,2197,166,,True,0.00014590633459533544,0.5073551048632392,998,139,True,6.297491785726191e-07,0.4452471631727482,789,110
1.4,20296975,True,1.1146822939722562e-08,0.23400145987308732,2208,169,,True,2.5887638491875847e-05,0.38151565629956063,1023,135,True,3.316688575773438e-10,0.4582697409039206,812,113
1.4,20296976,True,7.852388810035708e-22,0.32348716116927834,2156,166,,True,0.0008726371704150728,0.4114239243248323,998,133,True,1.0352009773064401e-06,0.5162229772114593,786,110
1.4,20296977,True,1.155793661010155e-18,0.32396524349523126,2223,173,,True,9.342733385961858e-06,0.4243181643311982,1022,135,True,1.8925305266745038e-10,0.4652053513639441,801,115
1.4,20296978,True,1.311684410486635e-13,0.36039214698118466,2203,169,,True,2.5426659824894697e-06,0.4671819612133794,997,129,True,0.0009191042253734749,0.218213345177549,783,110
1.4,20296979,True,3.955454557897301e-15,0.3144593786546191,2193,167,,False,0.033764907360067514,0.23474197732351143,910,126,True,0.0025820458507668054,0.2405732416547135,804,113
1.4,20296980,True,3.389890395529224e-13,0.4003215810650437,2162,169,,True,4.154653057883129e-09,0.5478116609135711,955,139,True,0.006074029239192618,0.21503050283318298,788,113
1.4,20296981,True,1.6502464519654473e-11,0.2618324537476315,2215,171,,True,0.014158998781495038,0.2159019712873563,922,133,True,0.00014246912084256238,0.36928821656042593,801,112
1.4,20296982,True,4.577333357893449e-20,0.35418666920974207,2201,171,,True,0.010256246060776998,0.264584277443799,924,137,True,8.248761381755562e-06,0.2974017788874375,803,115
1.4,20296983,True,2.0421475475190207e-09,0.25670755358734054,2192,169,,True,6.852859417208013e-09,0.4248020075596288,996,138,True,5.424812507250765e-07,0.44619502807153094,785,112
1.4,20296984,True,3.915285799700753e-12,0.33234301867905247,2205,169,,True,4.744993708726245e-07,0.4120713766474489,920,132,True,0.001281216612057038,0.1953623119974493,807,111
1.4,20296985,True,5.73895305519753e-06,0.3266205613780164,2226,173,,False,0.16012395558128956,0.19174162371650694,930,133,True,6.9979023149062135e-09,0.388033994588031,814,115
1.4,20296986,True,8.52161141728661e-14,0.3504563488933896,2192,167,,True,0.001478539804649669,0.31684859596189063,977,128,True,1.118710274052483e-07,0.3833986711436941,812,114
1.4,20296987,True,1.974261772893071e-21,0.34747863410596375,2203,169,,True,0.014303665349578892,0.2632889506963592,1007,139,True,4.960090366078499e-09,0.4048810082481041,767,107
1.4,20296988,True,5.379488619470527e-17,0.3272080910689133,2219,173,,True,0.0008656447001561301,0.31544895561109004,892,133,True,0.00013642128126090792,0.336003955047532,789,111
1.4,20296989,True,3.250588712775295e-11,0.2713736670691364,2210,172,,True,5.602183663146943e-06,0.45114239917532467,909,130,True,1.312525434588338e-05,0.27232925806151387,783,109
1.4,20296990,True,1.0353529201335031e-24,0.4280495536561291,2220,171,,True,3.5374126628456004e-06,0.45935024800169144,1006,139,True,1.287672902719204e-12,0.48368519347034516,798,113
1.4,20296991,True,1.1306552302506238e-21,0.37219696697274923,2214,170,,True,1.674462767940589e-05,0.412199163246552,960,138,True,9.325153551388373e-05,0.27947647371569395,820,115
1.4,20296992,True,3.141203823627582e-14,0.3425615319041615,2208,169,,True,2.6823573611067462e-11,0.5704219789004962,974,139,True,1.5620342045272492e-06,0.3727257241965353,769,111
1.4,20296993,True,1.5733014978332592e-21,0.3019699051441302,2202,168,,False,0.03470933023612891,0.22748203527913716,948,139,True,6.461707830733029e-07,0.3200966369350599,781,113
1.4,20296994,True,5.505300516633658e-11,0.291009527404682,2198,172,,True,4.2907849145951505e-06,0.45826153779030815,931,135,True,3.270888779798271e-11,0.49457848552819716,795,112
1.4,20296995,True,1.8627799414622686e-09,0.2664671376097079,2181,168,,True,5.01656774199865e-06,0.36461506724740333,1019,134,True,7.688495710146474e-09,0.35818337164205527,810,115
1.4,20296996,True,8.306879966027051e-14,0.34975912790356345,2225,173,,True,2.6459235429979137e-06,0.3747652272373749,1070,138,True,8.968863547212212e-09,0.3723065225314219,789,114
1.4,20296997,True,7.786187291611236e-13,0.277369776264001,2218,172,,True,4.616382053325216e-05,0.44351364923786546,1012,139,True,7.153335248964569e-11,0.5107754781364101,787,113
1.4,20296998,True,3.4807942428033263e-10,0.2574653789867177,2203,170,,True,3.3827809255796964e-06,0.49334623749060436,970,135,True,0.00051139677277222,0.26774474377103014,770,109
1.4,20296999,True,1.631514393647892e-31,0.4670510724222464,2202,167,,True,4.944564997731103e-05,0.392814872959666,967,137,True,3.0977888568312337e-10,0.5022583019128641,783,108
1.4,20297000,True,1.6582845463217632e-12,0.2854311640738875,2172,166,,True,1.906697784837713e-05,0.38511571577695447,942,130,True,1.136876556571935e-07,0.3476082456889109,816,117
1.4,20297001,True,6.652763542362109e-18,0.33331653651466586,2212,169,,True,1.3268672327621896e-09,0.6663330346724534,1027,139,True,4.0551594513737644e-06,0.3839988157359762,815,112
1.4,20297002,True,3.244446935755412e-17,0.3168155530349573,2207,173,,False,0.15147509452303712,0.1214027923325388,1036,136,True,8.045122476722871e-08,0.40517794141956515,787,109
1.4,20297003,True,1.0499750426736814e-19,0.3883190901096147,2210,171,,True,0.00020794925554031593,0.28898762699811503,952,136,True,0.00019763649971462732,0.3037364841458936,794,113
1.4,20297004,True,2.7163552223464313e-14,0.377322880820237,2195,168,,True,0.011424149823127321,0.19381809071779163,919,138,False,0.026992096552325415,0.1800492808551177,797,112
1.4,20297005,True,4.4250305373501984e-17,0.36310712852540605,2211,173,,True,1.0129220202519723e-08,0.567585680017196,1007,131,True,0.0001555985280924212,0.24815872995070304,811,115
1.4,20297006,True,1.9203151582848534e-08,0.18372930332798754,2206,172,,True,3.6588133870130024e-06,0.37349597223011494,969,140,True,0.004707534759677342,0.20589946687069086,796,114
1.4,20297007,True,5.950376213760344e-23,0.31449617091578513,2208,171,,True,0.021138755195050433,0.21777772345750857,947,136,True,4.0310493234999195e-05,0.3570220000928822,809,117
1.4,20297008,True,2.3728302987119664e-17,0.3902034548439631,2176,165,,True,0.0012955524352841205,0.3150973592659104,992,129,True,1.4209011092010537e-09,0.4310839729857645,796,116
1.4,20297009,True,1.9326841955111387e-22,0.4099596273635664,2196,167,,True,4.3313340205198475e-06,0.45549783767228846,954,133,True,8.358536334780185e-09,0.3979594387021594,793,113
1.4,20297010,True,3.935016226196318e-19,0.30414978684554755,2207,169,,True,3.783117207100562e-05,0.38990189235080724,943,135,True,0.0011069507400503088,0.20063658567621773,793,110
1.4,20297011,True,1.9123209338969426e-15,0.3285651929401457,2193,169,,True,0.012519664105799015,0.2722222983677857,914,132,True,9.05937395051299e-13,0.5105945401013862,786,113
1.4,20297012,True,2.8903775482861672e-15,0.4022373293929782,2211,171,,True,1.025396198763896e-06,0.35270911707984315,894,132,True,2.809080352427055e-05,0.29287231937101366,794,110
1.4,20297013,True,3.550993579193727e-09,0.30029234680034617,2208,170,,True,0.0006533181041238075,0.31260826947687437,999,139,True,0.000341242977990368,0.23282935636793814,808,115
1.4,20297014,True,1.1551651014701104e-12,0.30568568384001177,2204,170,,False,0.0701867325120457,0.1957303849868213,969,133,True,8.208341282427448e-11,0.38884933969219365,809,116
1.4,20297015,True,2.4148301652729655e-19,0.46153268533144454,2152,171,,True,9.150855716939314e-06,0.3923036438755349,986,129,False,0.11895947702226116,0.13044026986873708,798,112
1.4,20297016,True,2.1186377112448263e-16,0.26931778560417985,2224,173,,True,6.974192901269291e-07,0.4122214382210121,917,131,True,0.01906086137256429,0.17479053920285045,820,118
1.4,20297017,True,3.0129165686805858e-05,0.2748687384288125,2177,166,,True,1.1767333538518437e-06,0.38925653077522215,1022,136,True,0.004809161722457462,0.2815743864905549,751,111
1.4,20297018,True,1.9625785872017173e-12,0.349129728266627,2195,167,,True,5.654755998062456e-06,0.4798245523929903,978,136,True,1.1108118531312768e-07,0.4824856403020031,813,115
1.4,20297019,True,1.7986525696194743e-17,0.31671567723700317,2219,173,,True,0.0006054131890173953,0.3193565201155181,966,134,True,0.023217679101888197,0.20936810479081402,795,111
1.4,20297020,True,2.6697753181918462e-14,0.28270807178702323,2196,171,,True,1.3745025646496635e-07,0.4886177971008433,1000,135,True,2.877353246545731e-09,0.45468243305944495,799,113
1.4,20297021,True,9.343781401475361e-11,0.33207020760485856,2216,173,,True,0.0003307039741131513,0.21345178293385883,960,133,True,9.70717914885625e-10,0.3621877304371227,811,114
1.4,20297022,True,5.168954282308228e-18,0.3459469370691114,2191,169,,True,0.0019562533116315815,0.35889339425876604,972,133,True,4.383787999133868e-06,0.3652164700874312,784,112
1.4,20297023,True,2.5933835125186156e-24,0.39747757853013077,2222,173,,True,4.01728131170482e-09,0.5191745450285902,933,134,True,3.320871360970433e-05,0.3797150883270573,785,113
1.4,20297024,True,4.099032478943595e-10,0.2631280938213564,2213,171,,True,1.0046191489322005e-05,0.423407306867018,916,132,False,0.04482661118490452,0.20954490092355665,795,115
1.4,20297025,True,1.3715391843702228e-08,0.2199355058299856,2206,170,,True,0.0003007013493464513,0.3501155602485874,1051,142,True,0.0002605914171196196,0.36779343797822456,794,113
1.4,20297026,True,1.4139475490005297e-15,0.31623655072768464,2206,169,,True,0.015477577787208202,0.2957469036822185,821,123,True,4.669843614964943e-06,0.37032040642785935,794,112
1.4,20297027,True,3.349087702967246e-08,0.24998346315298953,2181,173,,True,0.0007028165143090051,0.26081557989678966,928,132,True,2.7383198279663385e-07,0.3241671394900036,782,109
1.4,20297028,True,1.009713650935811e-16,0.41071124365963824,2198,171,,True,0.0009507873797514569,0.2521136537409799,1019,138,True,4.842222108043204e-06,0.28388093441138956,820,117
1.4,20297029,True,1.7537963151495461e-10,0.29960097963813864,2183,166,,True,0.0026511113195820317,0.2930483680651392,988,140,True,3.0204921284219714e-06,0.3550312234523587,773,111
1.4,20297030,True,5.543535624112514e-11,0.3000716667826405,2213,171,,True,3.09649788715546e-05,0.3446009901399482,1004,138,False,0.05703609716511765,0.11952326611247,804,114
1.4,20297031,True,1.6415043197617653e-15,0.3407257427343612,2208,170,,True,2.192147907598616e-13,0.5088200314489256,992,130,True,3.5129494378952693e-07,0.33258712080389863,800,112
1.4,20297032,True,3.4910919355150126e-10,0.2082929659986189,2213,169,,True,1.4993981181941168e-06,0.4053973376945897,931,137,True,4.105723722169255e-06,0.3247785034330446,787,111
1.4,20297033,True,8.646314099457897e-22,0.3989355637483637,2209,170,,True,6.260209591758098e-06,0.39316851089193966,925,135,True,0.0033702469140666036,0.23779901165425388,784,110
1.4,20297034,True,8.786525234305157e-09,0.2528905072133294,2222,174,,True,0.0031353790156474566,0.2916328252040424,974,136,True,3.1922325383708583e-09,0.4400220337828833,779,113
1.4,20297035,True,1.0083071391070226e-12,0.2578130451398523,2212,169,,True,0.004566445178084704,0.2919430851909507,969,136,True,1.6107138658354376e-09,0.3493261968884674,804,110
1.4,20297036,True,3.4698024018090563e-13,0.3663703322953843,2172,164,,True,0.0003446099706781835,0.45069861398761135,841,126,True,2.959673282622361e-10,0.3979296194016822,812,113
1.4,20297037,True,4.0578122535807183e-13,0.3126928910403281,2176,168,,True,0.00012328970949531228,0.40014316462548305,962,138,True,0.0003956661693183726,0.2443840649267737,779,110
1.4,20297038,True,8.577934636582218e-09,0.25066989163209064,2213,172,,True,0.005718837369181225,0.24664151088357247,906,132,True,0.0006214594787575002,0.24084392845773153,821,120
1.4,20297039,True,7.87572893832822e-14,0.3887349937095056,2204,173,,True,0.00013403434044757985,0.35202639110032724,1016,138,False,0.11224796041860871,0.11232393011814297,808,113
1.4,20297040,True,4.850574427428994e-13,0.28944018770103974,2194,168,,True,5.543654037492811e-07,0.4697852017988601,912,133,True,9.902573473474389e-05,0.28584713805468775,799,111
1.4,20297041,True,3.396545886968168e-10,0.2891284674152013,2189,167,,True,5.822581424001668e-05,0.37641348650964007,1015,144,True,0.00018288608120015112,0.24506273046346333,809,117
1.4,20297042,True,3.128444617926719e-17,0.32600744410878235,2196,172,,True,0.004573428042867616,0.2375856006116428,1023,127,True,6.2309170190536e-05,0.2985816000564569,812,116
1.4,20297043,True,6.612322672381237e-21,0.35707619966838805,2226,174,,False,0.7529873619189559,-0.04029277537194446,960,131,True,5.6246365774641846e-08,0.3107728230367937,810,117
1.4,20297044,True,7.915988147281534e-18,0.4169842091490511,2179,169,,True,0.0004294831830855246,0.3854583555016147,916,133,True,9.556272223646135e-07,0.3773234946320557,791,109
1.4,20297045,True,1.4319603217215942e-21,0.4359248435462294,2216,172,,True,3.323170133626475e-07,0.5362659245064817,931,139,True,3.417541977813875e-05,0.2907583041261488,813,115
1.4,20297046,True,1.7779743103545204e-13,0.3648014619833883,2165,163,,True,0.0005757489428407143,0.4245863131453973,1006,133,True,0.0001723516129290209,0.24957750333234463,803,116
1.4,20297047,True,2.0109113702846754e-12,0.3313521318272723,2201,172,,True,0.0001250774198842876,0.3941305648499521,1028,138,True,7.731082630436872e-07,0.3437376390277895,827,121
1.4,20297048,True,2.2860423510923926e-11,0.28231056211041466,2204,172,,True,5.414651638676444e-07,0.4169836608546704,1023,134,True,1.658931401980508e-05,0.3232165747409332,783,111
1.4,20297049,True,4.891147145444589e-12,0.29624040189882916,2207,172,,True,6.289787123397966e-05,0.4175498871536576,920,132,True,0.008711383542287038,0.24949219252283947,789,112
1.4,20297050,True,2.0967621240956035e-15,0.30645966577898454,2209,170,,True,0.02249649963375278,0.30321955046540366,861,129,True,7.609621810358882e-06,0.371252230402804,790,110
1.4,20297051,True,5.614875496730837e-11,0.2796547843685089,2222,172,,True,0.00046781403649953586,0.336825276694629,958,137,True,1.6956598913689755e-05,0.3223924455107197,781,111
1.4,20297052,True,2.3061171663443738e-26,0.35330350410830336,2232,175,,True,0.00045317558375908377,0.3659175094179522,985,133,True,0.00012251036427637335,0.24518336006973146,777,110
1.4,20297053,True,8.840502632609514e-12,0.3184364907910913,2216,171,,False,0.05286136202009874,0.2765347338348706,990,134,True,4.6717937520426283e-07,0.37261642818567114,780,110
1.4,20297054,True,1.636781088857427e-19,0.37213446708796016,2207,171,,True,0.000645413411786387,0.30541920785810767,941,129,True,0.0009354021557273397,0.305804840687474,815,116
1.4,20297055,True,1.347844582267153e-22,0.3665675829894556,2201,172,,True,0.0010517196124648276,0.31579096527343853,1036,134,True,1.469584812401287e-13,0.3970785343267015,799,117
1.4,20297056,True,1.2101831850982831e-11,0.2857641079318702,2207,170,,False,0.03620740035080407,0.2322620978689277,996,140,True,2.620200564297301e-06,0.3705139146990109,796,114
1.4,20297057,True,1.3285291472068354e-11,0.2698174255411379,2212,171,,True,1.6920493975280842e-06,0.5166914634652474,924,135,True,0.002360140201711209,0.20413794534869312,788,111
1.4,20297058,True,4.6586515751072645e-18,0.4041815045719374,2194,170,,True,1.2402629993030664e-06,0.45668304331176596,937,132,True,6.281217261014006e-08,0.3505537494923715,770,113
1.4,20297059,True,4.317971413572278e-05,0.20505540597547842,2203,169,,False,0.028761625360222736,0.31728499599396626,1029,133,True,2.967605377758587e-10,0.429903585188873,794,115
1.4,20297060,True,1.1789984389670375e-14,0.371759661033593,2211,172,,False,0.029762602452648244,0.2127763596615403,857,135,True,0.004561420808796776,0.20852171211028608,771,113
1.4,20297061,True,5.375096527404636e-06,0.2388499480244292,2185,169,,True,4.08958503037071e-06,0.48106712698964127,941,131,True,8.103580146790656e-06,0.26696748412203175,806,115
1.4,20297062,True,3.2991115602392304e-17,0.3181598262103989,2200,170,,True,0.00011435298562293649,0.4025913068945021,1059,139,True,3.753201799047668e-11,0.43233078453987844,770,110
1.4,20297063,True,9.976755978570605e-09,0.30755438666903295,2174,171,,True,0.000143695248038485,0.370074269914866,870,129,True,6.411636526773726e-05,0.4185767844910879,786,113
1.4,20297064,True,6.080456053179836e-14,0.34415748857396067,2214,172,,True,0.0001119076078983579,0.37930050892921297,891,131,True,6.03654335381933e-08,0.3502274803423265,788,115
1.4,20297065,True,1.6336957330647062e-20,0.4257098976628507,2187,170,,True,0.000727684988160215,0.3109621701897917,973,133,True,2.055917860211906e-08,0.3416841791020403,795,111
1.4,20297066,True,2.0233749535897846e-12,0.34853750706295045,2187,166,,True,0.00017574775956963738,0.4304087862292555,1051,142,True,6.887117658099039e-07,0.3924320333608807,801,114
1.4,20297067,True,4.781051274911804e-13,0.26047084563311784,2180,169,,True,0.0018246825132454936,0.3139410953928014,935,128,True,0.00014060220345134928,0.26545535877336207,814,114
1.4,20297068,True,2.8248840221787067e-11,0.3093915608974154,2198,168,,True,0.002260651084391585,0.35798839099263163,967,131,False,0.5457580306791124,0.05249161044980425,809,116
1.4,20297069,True,5.861256074516109e-09,0.3300852640201169,2221,172,,False,0.05934976627447538,0.1890758980658888,932,136,True,6.383866702376007e-05,0.38730902529501876,802,114
1.4,20297070,True,3.9545229881631205e-22,0.38853523917276916,2212,169,,True,0.0019859559123827824,0.3958488828483051,881,137,True,2.4313568047634417e-14,0.47390503985096427,793,114
1.4,20297071,True,1.144648003942522e-22,0.4074999376892533,2224,172,,True,1.135511156474124e-05,0.49894683180131144,987,127,True,3.0200113949026737e-05,0.3224539898552252,788,111
1.4,20297072,True,3.471011210771566e-13,0.31649184451230367,2197,170,,True,0.0022670421204330996,0.3343890517647875,872,132,True,9.37106090504095e-05,0.3219299187570304,809,114
1.4,20297073,True,3.1804318203807844e-19,0.4041635550099533,2219,173,,True,0.000544900782169549,0.3103601198314226,1038,135,True,4.77974944098894e-10,0.40876092074445153,784,111
1.4,20297074,True,1.8443823428519442e-13,0.2824758714897305,2226,173,,True,7.42165229144857e-07,0.42372863193887134,1028,139,True,2.7529946361849736e-07,0.4191353810417555,764,111
1.4,20297075,True,1.369289708970845e-18,0.32713834278812975,2205,173,,True,0.01403024020116426,0.19509071365479197,1056,138,True,0.00024795228929200513,0.3164438215180325,788,112
1.4,20297076,True,8.324740671032158e-07,0.3135453166174713,2230,176,,True,0.012380237873404032,0.1805916508785255,919,128,True,5.441436192482527e-10,0.40763236225966215,781,111
1.4,20297077,True,1.075664816416717e-15,0.35712059777470206,2206,174,,True,2.9364864456543713e-09,0.5131696574593609,923,128,True,0.007768106673100722,0.23638862391787646,800,113
1.4,20297078,True,1.544085982827788e-09,0.243673189268003,2219,172,,False,0.4743485739915876,0.07852812192145069,967,128,True,2.1171924996231317e-09,0.5322262259117059,785,110
1.4,20297079,True,4.5013125093335525e-10,0.27998565353688387,2179,167,,True,0.00012436709485213167,0.30883664154833573,1085,140,True,5.011141663103683e-07,0.41000382248180456,773,110
1.4,20297080,True,5.03580241541379e-17,0.3291048302398115,2221,173,,True,0.0034218779312509945,0.21585152868689642,933,133,True,3.998647590992592e-08,0.30317456881000293,799,110
1.4,20297081,True,2.7607416498033157e-26,0.36888233338986753,2190,171,,True,0.0043205472976646075,0.36943920815410236,869,130,True,0.001476111307272863,0.3352842279219002,797,112
1.4,20297082,True,2.6693277442201873e-15,0.39388612717588184,2203,173,,True,0.0002130870054244352,0.4335676291425086,1006,129,True,2.5455064026134286e-06,0.39447732961091225,774,110
1.4,20297083,True,1.6528711683286285e-17,0.4349989702884813,2195,172,,True,5.461158669207806e-07,0.3282679396526941,1035,132,True,7.03187843560389e-06,0.3496479885469247,784,113
1.4,20297084,True,1.4480915574918656e-11,0.2896576882920941,2204,169,,True,2.028165797942407e-05,0.299032318165666,1025,137,True,4.265328427329012e-11,0.432760034618408,789,115
1.4,20297085,True,1.1111665704734644e-10,0.2819769608155477,2222,173,,True,1.1759021741252045e-06,0.5936949294396537,989,136,True,0.002699363731299438,0.3402650560525759,794,114
1.4,20297086,True,2.1327892905153658e-13,0.3185585070812209,2191,170,,True,6.792130464705824e-08,0.49597146809643805,1041,136,True,0.00015540396098827805,0.3191024382714081,773,110
1.4,20297087,True,1.202828253280311e-10,0.33877608453540864,2195,171,,True,9.188330685212451e-06,0.4114894884521496,923,131,True,1.1861261769616793e-07,0.41231982465967704,785,110
1.4,20297088,True,3.867836077238681e-12,0.32007739366915694,2209,172,,True,2.5604871082316765e-08,0.6216319335718536,932,132,True,0.024775550573174803,0.1289284529512369,788,112
1.4,20297089,True,7.423245194052777e-19,0.3325833124938234,2222,173,,True,0.00011735853758068049,0.38977185686465415,967,136,True,2.2012123394944438e-11,0.394620053391321,792,114
1.4,20297090,True,4.36587614968131e-12,0.27903621496327113,2176,169,,True,0.0007301231884674152,0.3841595194403895,970,140,True,0.0009982783198016125,0.24291381299044396,794,112
1.4,20297091,True,3.924266532846212e-17,0.3839963771867949,2166,166,,False,0.10772264069183637,0.1378958934592835,1017,136,True,0.005635902696346098,0.22508723999777966,800,113
1.4,20297092,True,2.0044364337763123e-11,0.3554067498573179,2211,171,,True,1.3374978020592373e-05,0.43600292768925364,971,132,True,3.6698667515839657e-08,0.3112656739813667,799,110
1.4,20297093,True,1.8155976737072276e-14,0.39487878987142405,2215,171,,True,1.0943797533260575e-05,0.41135077503665085,1006,140,True,0.00042268044781676635,0.2326723014749607,794,115
1.4,20297094,True,4.0873335353167176e-20,0.3636018128903376,2202,169,,True,0.003991292793177707,0.43385660553443944,924,133,True,6.603751520446225e-05,0.2743338364913634,818,118
1.4,20297095,True,5.123201217034707e-08,0.27704606099218493,2168,166,,True,4.237599264721682e-06,0.31678501186021363,1055,135,True,0.003553247356172705,0.24227297449906368,799,113
1.4,20297096,True,4.791479302091046e-11,0.2685753695181781,2177,166,,True,2.3315056502861742e-05,0.2952782990251538,989,135,True,4.581818921910513e-12,0.4151112571489039,787,113
1.4,20297097,True,2.2599497474829946e-17,0.3174704095702591,2204,171,,True,1.514566379858968e-07,0.6520087931981098,1025,141,True,4.115857487553422e-06,0.42200741369851863,791,112
1.4,20297098,True,2.0799515967942817e-13,0.2956937979094582,2209,174,,True,2.6676664711474794e-06,0.5525609984844987,925,133,True,2.5152155816308773e-07,0.4519218912209384,772,107
1.4,20297099,True,1.7704228896053105e-16,0.3054219206039671,2218,173,,True,5.5534715295585886e-05,0.37695277459541404,977,136,True,2.8103695759766295e-06,0.37544989524024025,791,112
1.4,20297100,True,9.294390225422697e-16,0.29246348768491426,2222,172,,True,0.00012607198700440684,0.29325994656772736,1002,138,True,2.3949533727794115e-05,0.3536244143343237,805,112
1.4,20297101,True,2.761490800322839e-20,0.36465997540090733,2221,174,,True,0.0001015130047861991,0.32725534464367667,951,131,True,1.4606140331989088e-06,0.35083446287302233,801,110
1.4,20297102,True,2.0765365021338814e-18,0.39835430455275234,2171,168,,False,0.08221532753235437,0.18258053030460333,857,139,True,6.914554969740627e-09,0.43055026062520585,806,113
1.4,20297103,True,1.949826320106664e-20,0.44686422954180544,2181,167,,True,6.058513464820491e-06,0.523393662370677,876,133,True,2.0529979023085972e-05,0.5130661587458902,832,120
1.4,20297104,True,4.301991136938961e-09,0.31077229364490894,2189,168,,True,0.003243003881375962,0.26362969977691564,1004,141,True,1.9068549278741432e-07,0.41015396918851943,791,110
1.4,20297105,True,5.575309705764347e-21,0.3645436167177984,2210,170,,True,2.0684203029746122e-05,0.45267441704225847,945,129,True,0.00021335750735982878,0.28986167590736245,776,109
1.4,20297106,True,1.4175002495561415e-09,0.2878634235094754,2228,173,,True,2.2590631455843644e-06,0.4591430809705847,1017,139,True,1.5601145306680243e-09,0.41903605082001316,801,113
1.4,20297107,True,1.5145080111559166e-14,0.34846831300652015,2195,170,,True,2.3961309083204335e-06,0.4434879327711621,894,135,True,5.431803237258224e-06,0.3629959857952615,773,110
1.4,20297108,True,5.5041643646570166e-15,0.44092928979920004,2219,173,,True,7.363800891789206e-09,0.41039094445740476,972,134,True,0.0015160127362252884,0.2284166508109706,809,111
1.4,20297109,True,2.8246357521210567e-13,0.3004015023448175,2156,165,,True,0.0067686882991702295,0.2806373533028794,1012,134,True,0.0014304821212917757,0.2589671293895041,813,112
1.4,20297110,True,3.5509587037447e-20,0.3825571594566313,2182,168,,True,0.00028554969234181074,0.3500681949519706,997,139,True,0.0003352887088984975,0.27384207004872285,772,110
1.4,20297111,True,2.162505831550102e-20,0.32692267390682916,2198,168,,True,5.2094059852144105e-09,0.4492389020515007,1059,137,True,4.75056308374016e-06,0.2814504479604719,789,111
1.4,20297112,True,9.16002234520327e-17,0.3520065595655198,2158,168,,True,0.001154668820883108,0.2988284134795,926,138,True,0.0022074997761820253,0.255665466902515,789,111
1.4,20297113,True,2.6617341986259492e-20,0.39146610665784337,2178,169,,True,0.00010572807191198894,0.41173680095832205,973,131,True,0.00011230708662295004,0.2832093730448752,811,114
1.4,20297114,True,3.942964652188361e-13,0.2678533333742739,2191,169,,False,0.0398266508711566,0.301634493800726,963,135,True,5.883417702361656e-08,0.33298019121140965,763,111
1.4,20297115,True,2.5763622973279884e-20,0.3826847794440328,2216,172,,True,2.668150241654634e-08,0.5043660028059723,977,138,True,0.0006349606925374133,0.27169570534476783,801,113
1.4,20297116,True,1.0353511069046784e-12,0.2721459635313303,2181,169,,True,1.4656814292448542e-06,0.4876936926415389,899,122,False,0.2840187952497615,0.0678510395523585,813,116
1.4,20297117,True,3.180835562773728e-18,0.4122240084268846,2163,164,,True,1.357386218069872e-07,0.35524178146049945,1066,137,False,0.028364003524011052,0.1502146399486818,818,117
1.4,20297118,True,1.3760431124288197e-12,0.2484173858731707,2205,169,,True,4.207854146104445e-06,0.4398856398414805,953,132,True,4.181233975568939e-09,0.40280805125898733,772,111
1.4,20297119,True,7.008494497120719e-15,0.36678479452447044,2145,168,,True,3.9898482671907303e-07,0.5314628362499282,941,133,True,4.5147088059150236e-05,0.3095855589759395,796,115
1.4,20297120,True,1.9547080344261445e-23,0.36389569016911144,2226,173,,True,0.0034522936706301486,0.22447152981191995,1075,138,True,0.002007085627309315,0.22125951588149068,801,113
1.4,20297121,True,1.456923514297046e-17,0.308458508332289,2220,172,,False,0.04280654811742374,0.27327791214612446,967,138,True,8.06952715273457e-05,0.34937430533115804,807,115
1.4,20297122,True,2.7371070959847822e-11,0.32156586217711147,2221,172,,True,0.00032793804899774564,0.2569897911273968,1044,139,True,9.558238409594134e-13,0.5108258567383999,779,110
1.4,20297123,True,1.6616464054948272e-15,0.3831382539848843,2208,170,,True,0.0158228157699697,0.22796421540919687,961,136,True,0.0026962123816390046,0.290043392795367,796,115
1.4,20297124,True,7.53364965166171e-14,0.3731841988744804,2181,169,,True,0.0024882147505703024,0.25712590779399835,947,142,True,5.285297908664856e-08,0.3826872569667426,827,120
1.4,20297125,True,3.339924139198304e-14,0.3201715964932553,2219,172,,True,3.29004596281049e-05,0.45333608047998436,970,130,True,9.440308196699616e-05,0.3038011017847559,772,109
1.4,20297126,True,2.6306835920368083e-22,0.3500985453423438,2204,170,,True,1.9304428104784058e-07,0.42246901664141434,983,135,True,1.3364553865236834e-06,0.47824450704498933,790,113
1.4,20297127,True,7.197533792606394e-16,0.309514348869016,2212,170,,True,1.854740521090706e-09,0.514427496045951,969,135,True,2.0921234865612044e-08,0.42672383022895793,788,109
1.4,20297128,True,4.087527690486458e-10,0.2513703443755721,2189,170,,True,1.766799462153624e-06,0.5145195932686173,912,132,False,0.6012812034224481,0.049742666629672944,786,114
