population,volume_def,subset,outcome,indicator,version,column,n_emerging,n_controls,n_eff_window,precursor,rel_year,diff,ci_lo,ci_hi,p_boot,p_holm,n_at_rel,diff_sd,mde_sd,se,q_bh_all_indicators
mesh_heldout,PRIMARY,all,E,s,raw,s,15,42,15,False,-5,-30.877777777777784,-53.87916666666667,-9.09777777777779,0.004,,15,-0.05680774139838405,,,
mesh_heldout,PRIMARY,all,E,s,raw,s,15,42,15,False,-4,-33.5,-60.26722222222222,-8.78583333333335,0.008,,15,-0.06163200443185602,,,
mesh_heldout,PRIMARY,all,E,s,raw,s,15,42,15,False,-3,-11.433333333333332,-37.53555555555555,14.733611111111117,0.429,,15,-0.02103460449763842,,,
mesh_heldout,PRIMARY,all,E,s,raw,s,15,42,15,False,-2,-3.144444444444445,-33.30361111111111,23.890555555555547,0.87,,15,-0.005785027281663435,,,
mesh_heldout,PRIMARY,all,E,s,raw,s,15,42,15,False,-1,4.466666666666667,-25.693333333333328,35.51333333333332,0.783,,15,0.008217600590914136,,,
mesh_heldout,PRIMARY,all,E,s,raw,s,15,42,15,False,D_-3_-1,-3.37037037037037,-29.081851851851848,20.391111111111076,0.83,,45,-0.0062006770627959056,0.08332818112598724,12.838093334066299,0.8972972972972972
mesh_heldout,PRIMARY,all,E,s,pp,s_pp,15,42,15,False,-5,-1.0370963385688867,-1.7391393844719962,-0.273191253664989,0.006,,15,-0.7120542306125788,,,
mesh_heldout,PRIMARY,all,E,s,pp,s_pp,15,42,15,False,-4,-0.9188728480723615,-1.522255560280074,-0.2532299973266253,0.008,,15,-0.630883819113488,,,
mesh_heldout,PRIMARY,all,E,s,pp,s_pp,15,42,15,False,-3,-0.2790748087863796,-0.9895276975316375,0.5302311124798053,0.484,,15,-0.19160842716690274,,,
mesh_heldout,PRIMARY,all,E,s,pp,s_pp,15,42,15,False,-2,-0.182486074226488,-0.9172651201791676,0.5556912199539144,0.647,,15,-0.12529210291124837,,,
mesh_heldout,PRIMARY,all,E,s,pp,s_pp,15,42,15,False,-1,-0.1131696191638591,-0.952110562342958,0.7223556065496913,0.81,,15,-0.07770050197423169,,,
mesh_heldout,PRIMARY,all,E,s,pp,s_pp,15,42,15,False,D_-3_-1,-0.1915768340589089,-0.8878625524897188,0.5191679131739543,0.599,,45,-0.13153367735079427,0.7508211306597281,0.35836602627772346,0.8441379310344828
mesh_heldout,PRIMARY,all,E,k,raw,k,15,42,15,False,-5,-3.6555555555555554,-7.300277777777778,-0.01027777777778229,0.05,,15,-0.08347368690479344,,,
mesh_heldout,PRIMARY,all,E,k,raw,k,15,42,15,False,-4,-2.4,-6.712222222222223,1.8,0.264,,15,-0.05480339322624737,,,
mesh_heldout,PRIMARY,all,E,k,raw,k,15,42,15,False,-3,1.9,-3.1891666666666683,7.188888888888889,0.462,,15,0.04338601963744583,,,
mesh_heldout,PRIMARY,all,E,k,raw,k,15,42,15,False,-2,4.000000000000001,-2.4227777777777755,10.688888888888888,0.227,,15,0.0913389887104123,,,
mesh_heldout,PRIMARY,all,E,k,raw,k,15,42,15,False,-1,4.755555555555555,-1.245,11.068333333333323,0.123,,15,0.1085919088001568,,,
mesh_heldout,PRIMARY,all,E,k,raw,k,15,42,15,False,D_-3_-1,3.551851851851852,-1.711481481481481,8.793425925925922,0.167,,45,0.0811056390493383,0.17362204072229617,2.6976303079037187,0.6184615384615385
mesh_heldout,PRIMARY,all,E,k,pp,k_pp,15,42,15,False,-5,-0.12574532044750367,-0.36776260175065917,0.1225424215962133,0.309,,15,-0.3971248637970261,,,
mesh_heldout,PRIMARY,all,E,k,pp,k_pp,15,42,15,False,-4,-0.011345469417534693,-0.1532651090356959,0.14591675896072565,0.897,,15,-0.03583089995808457,,,
mesh_heldout,PRIMARY,all,E,k,pp,k_pp,15,42,15,False,-3,0.08965464708352712,-0.11861715938706029,0.29332262913421797,0.394,,15,0.28314444931316707,,,
mesh_heldout,PRIMARY,all,E,k,pp,k_pp,15,42,15,False,-2,0.13088515031292494,-0.08142287231260165,0.3361230885233635,0.223,,15,0.41335731068237525,,,
mesh_heldout,PRIMARY,all,E,k,pp,k_pp,15,42,15,False,-1,0.1338921483266215,-0.05682477687803236,0.32032247462878727,0.161,,15,0.4228539159824962,,,
mesh_heldout,PRIMARY,all,E,k,pp,k_pp,15,42,15,False,D_-3_-1,0.1181439819076912,-0.05423461472032446,0.28485692237940125,0.201,,45,0.3731185586593462,0.8720490309378934,0.08919207711768501,0.6184615384615385
mesh_heldout,PRIMARY,all,E,wdeg_pctl,raw,wdeg_pctl,15,42,15,False,-5,-0.5644632049316944,-0.9874691983584584,-0.19583779146918687,0.003,,14,-0.10217134188079587,,,
mesh_heldout,PRIMARY,all,E,wdeg_pctl,raw,wdeg_pctl,15,42,15,False,-4,-0.5184553349737497,-0.9232195306439372,-0.1695690834649326,0.004,,15,-0.09384363199712117,,,
mesh_heldout,PRIMARY,all,E,wdeg_pctl,raw,wdeg_pctl,15,42,15,False,-3,-0.21424292387888175,-0.5754691851835673,0.10903208521399457,0.22,,15,-0.03877929833144641,,,
mesh_heldout,PRIMARY,all,E,wdeg_pctl,raw,wdeg_pctl,15,42,15,False,-2,-0.057476248308564314,-0.46077724625665045,0.32133256860639287,0.776,,15,-0.010403557512079924,,,
mesh_heldout,PRIMARY,all,E,wdeg_pctl,raw,wdeg_pctl,15,42,15,False,-1,0.04652494293572986,-0.3405665948212456,0.44027640568278154,0.827,,15,0.008421303300444882,,,
mesh_heldout,PRIMARY,all,E,wdeg_pctl,raw,wdeg_pctl,15,42,15,False,D_-3_-1,-0.0750647430839054,-0.4055815807799549,0.23430538560192893,0.658,,45,-0.013587184181027152,0.10618026640494813,0.16352794632915574,0.8703030303030302
mesh_heldout,PRIMARY,all,E,wdeg_pctl_focal,raw,wdeg_pctl_focal,15,42,15,False,-5,-11.97712609404225,-19.883759023558383,-3.5232380377077783,0.01,,14,-0.4286562597181954,,,
mesh_heldout,PRIMARY,all,E,wdeg_pctl_focal,raw,wdeg_pctl_focal,15,42,15,False,-4,-8.365677896174338,-15.55381640594115,-1.0628912071121641,0.025,,15,-0.29940406144384235,,,
mesh_heldout,PRIMARY,all,E,wdeg_pctl_focal,raw,wdeg_pctl_focal,15,42,15,False,-3,-2.8095070530868265,-9.180528853727505,3.2279040409221036,0.386,,15,-0.10055106505283823,,,
mesh_heldout,PRIMARY,all,E,wdeg_pctl_focal,raw,wdeg_pctl_focal,15,42,15,False,-2,0.3897616391677931,-6.299169567837719,6.740070901644315,0.879,,15,0.013949403647875608,,,
mesh_heldout,PRIMARY,all,E,wdeg_pctl_focal,raw,wdeg_pctl_focal,15,42,15,False,-1,0.02485122435385184,-5.655322390071966,5.449592922023344,0.994,,15,0.0008894147725670825,,,
mesh_heldout,PRIMARY,all,E,wdeg_pctl_focal,raw,wdeg_pctl_focal,15,42,15,False,D_-3_-1,-0.7982980631883939,-5.573685773059883,4.071764979488954,0.761,,45,-0.028570748877465184,0.320429355766731,2.5481438095704885,0.8771177036324628
mesh_heldout,PRIMARY,all,E,dpctl_focal,raw,dpctl_focal,15,42,15,False,-5,-3.310313593834901,-7.78546574173862,1.3294884089854742,0.159,,13,-0.442004205096053,,,
mesh_heldout,PRIMARY,all,E,dpctl_focal,raw,dpctl_focal,15,42,15,False,-4,1.0391286113710103,-3.6226410391753254,6.145401569493608,0.658,,13,0.13874794723889713,,,
mesh_heldout,PRIMARY,all,E,dpctl_focal,raw,dpctl_focal,15,42,15,False,-3,4.960932747849415,0.6407641309306508,8.79500432893208,0.022,,15,0.6624004263015815,,,
mesh_heldout,PRIMARY,all,E,dpctl_focal,raw,dpctl_focal,15,42,15,False,-2,2.183764976388439,-2.5793402754355186,7.073486578247721,0.347,,15,0.2915836446138562,,,
mesh_heldout,PRIMARY,all,E,dpctl_focal,raw,dpctl_focal,15,42,15,False,-1,-0.3649104148139418,-6.424938250782289,5.122199085578438,0.899,,15,-0.048724065940911464,,,
mesh_heldout,PRIMARY,all,E,dpctl_focal,raw,dpctl_focal,15,42,15,False,D_-3_-1,2.2599291031413045,-1.349085984131238,5.299662371022287,0.184,,45,0.3017533349915088,0.5463016914946887,1.6713690989659,0.6184615384615385
mesh_heldout,PRIMARY,all,E,growth,raw,growth,15,42,15,False,-5,-0.02377160299988956,-0.4507054324873539,0.4468512147991011,0.866,,15,-0.07202049303124669,,,
mesh_heldout,PRIMARY,all,E,growth,raw,growth,15,42,15,False,-4,0.22115892550173136,-0.13812406269426356,0.6069127999908955,0.252,,15,0.6700421024602106,,,
mesh_heldout,PRIMARY,all,E,growth,raw,growth,15,42,15,False,-3,0.2816421377573199,0.023984792295098464,0.5434686403111952,0.031,,15,0.8532872444382785,,,
mesh_heldout,PRIMARY,all,E,growth,raw,growth,15,42,15,False,-2,-0.09060975073200249,-0.4399418047046406,0.21314492735749233,0.607,,15,-0.27451909411357334,,,
mesh_heldout,PRIMARY,all,E,growth,raw,growth,15,42,15,False,-1,-0.029124919617619295,-0.24396105310149038,0.16315747191218913,0.823,,15,-0.08823936149220209,,,
mesh_heldout,PRIMARY,all,E,growth,raw,growth,15,42,15,False,D_-3_-1,0.05396915580256603,-0.1635744570524695,0.25661986428491534,0.612,,45,0.163509596277501,0.796822730707378,0.10684721513163052,0.8441379310344828
mesh_heldout,PRIMARY,all,E,growth,pp,growth_num_pp,15,42,15,False,-5,-0.5094404535591294,-1.0742673724228755,0.07095457953698246,0.086,,15,-0.3252854520620269,,,
mesh_heldout,PRIMARY,all,E,growth,pp,growth_num_pp,15,42,15,False,-4,0.0507368235976453,-0.7147315816364457,0.9844145188278707,0.993,,15,0.03239623097233247,,,
mesh_heldout,PRIMARY,all,E,growth,pp,growth_num_pp,15,42,15,False,-3,0.82950455906623,-0.017368946029676584,1.524905903576434,0.054,,15,0.5296512351900475,,,
mesh_heldout,PRIMARY,all,E,growth,pp,growth_num_pp,15,42,15,False,-2,0.12708832622893515,-0.7079185886237644,0.9529834898576853,0.75,,15,0.08114782279336068,,,
mesh_heldout,PRIMARY,all,E,growth,pp,growth_num_pp,15,42,15,False,-1,-0.022625749730103124,-0.928455339917257,0.8046518894315806,0.972,,15,-0.014446884180046065,,,
mesh_heldout,PRIMARY,all,E,growth,pp,growth_num_pp,15,42,15,False,D_-3_-1,0.31132237852168737,-0.34515603540161094,0.8518830676287772,0.299,,45,0.19878405793445408,0.46161396294634516,0.30822870626957083,0.6294736842105263
mesh_heldout,PRIMARY,all,E,new_rel_count,raw,new_rel_count,15,42,15,False,-5,-0.09999999999999994,-1.5674999999999997,1.4777777777777779,0.882,,15,-0.00893801255332688,,,
mesh_heldout,PRIMARY,all,E,new_rel_count,raw,new_rel_count,15,42,15,False,-4,0.9777777777777779,-1.4888888888888885,3.7111111111111104,0.437,,15,0.08739390052141845,,,
mesh_heldout,PRIMARY,all,E,new_rel_count,raw,new_rel_count,15,42,15,False,-3,2.8555555555555556,0.14388888888888893,6.011388888888887,0.04,,15,0.25522991402277884,,,
mesh_heldout,PRIMARY,all,E,new_rel_count,raw,new_rel_count,15,42,15,False,-2,3.0777777777777775,-0.35611111111111143,6.63333333333333,0.09,,15,0.275092164141283,,,
mesh_heldout,PRIMARY,all,E,new_rel_count,raw,new_rel_count,15,42,15,False,-1,1.2555555555555558,-1.4666666666666666,4.011388888888887,0.389,,15,0.1122217131695487,,,
mesh_heldout,PRIMARY,all,E,new_rel_count,raw,new_rel_count,15,42,15,False,D_-3_-1,2.3962962962962964,0.3885185185185187,4.62657407407407,0.021,,45,0.2141812637778702,0.2534719932738152,1.098081640007114,0.21000000000000002
mesh_heldout,PRIMARY,all,E,new_rel_count,pp,new_rel_pp,15,42,15,False,-5,0.03846911391646378,-0.09772850161453653,0.1608480632551869,0.583,,15,0.23367470247671746,,,
mesh_heldout,PRIMARY,all,E,new_rel_count,pp,new_rel_pp,15,42,15,False,-4,0.08693123585144799,-0.06585317133254111,0.2400239854142338,0.264,,15,0.5280503917410678,,,
mesh_heldout,PRIMARY,all,E,new_rel_count,pp,new_rel_pp,15,42,15,False,-3,0.12685354091106996,-0.0770132022441664,0.3526610131823504,0.241,,15,0.7705522798076765,,,
mesh_heldout,PRIMARY,all,E,new_rel_count,pp,new_rel_pp,15,42,15,False,-2,0.10966727903196385,-0.09102940351084762,0.3033705522763071,0.28,,15,0.6661569812830508,,,
mesh_heldout,PRIMARY,all,E,new_rel_count,pp,new_rel_pp,15,42,15,False,-1,0.029125209562429873,-0.08452222026900545,0.1380218744489632,0.583,,15,0.17691659583976357,,,
mesh_heldout,PRIMARY,all,E,new_rel_count,pp,new_rel_pp,15,42,15,False,D_-3_-1,0.08854867650182123,-0.04118552258253999,0.22274645612002258,0.193,,45,0.537875285643497,1.0716884522270742,0.06888593606889644,0.6184615384615385
mesh_heldout,PRIMARY,all,E,new_rel_rate,raw,new_rel_rate,15,42,15,False,-5,0.1063087427473185,-0.01726192578427544,0.24325877598770554,0.096,,14,0.8473681313791304,,,
mesh_heldout,PRIMARY,all,E,new_rel_rate,raw,new_rel_rate,15,42,15,False,-4,0.11335344085722561,-0.02444846640748512,0.25109783269695507,0.114,,15,0.9035201704236581,,,
mesh_heldout,PRIMARY,all,E,new_rel_rate,raw,new_rel_rate,15,42,15,False,-3,0.09270695843057011,-0.02338293953308493,0.21317921671512502,0.129,,15,0.7389507212767448,,,
mesh_heldout,PRIMARY,all,E,new_rel_rate,raw,new_rel_rate,15,42,15,False,-2,0.05198536866681257,-0.06932645227808633,0.1675272678394475,0.407,,15,0.4143661524711549,,,
mesh_heldout,PRIMARY,all,E,new_rel_rate,raw,new_rel_rate,15,42,15,False,-1,-0.010192382005261635,-0.08332215024508971,0.05079739256053225,0.791,,15,-0.0812416690377864,,,
mesh_heldout,PRIMARY,all,E,new_rel_rate,raw,new_rel_rate,15,42,15,False,D_-3_-1,0.04483331503070701,-0.032478755866180035,0.11871390754697393,0.278,,45,0.35735840157003773,0.8708769043361807,0.03936137744676446,0.6294736842105263
mesh_heldout,PRIMARY,all,E,new_rel_rate,volres,new_rel_rate_volres,15,42,15,False,-5,0.09000555899987758,-0.03256055314261661,0.22412386316487123,0.161,,14,0.6042528518881378,,,
mesh_heldout,PRIMARY,all,E,new_rel_rate,volres,new_rel_rate_volres,15,42,15,False,-4,0.10173906861457724,-0.04410835878821609,0.2582479159745339,0.179,,15,0.6830258379805724,,,
mesh_heldout,PRIMARY,all,E,new_rel_rate,volres,new_rel_rate_volres,15,42,15,False,-3,0.09170587982241991,-0.021561226407455135,0.21163813026033607,0.132,,15,0.6156679657717968,,,
mesh_heldout,PRIMARY,all,E,new_rel_rate,volres,new_rel_rate_volres,15,42,15,False,-2,0.056539547979681276,-0.053381024553775754,0.18088418531909306,0.309,,15,0.37957858926508176,,,
mesh_heldout,PRIMARY,all,E,new_rel_rate,volres,new_rel_rate_volres,15,42,15,False,-1,-0.006985020025276649,-0.07229859848191342,0.05357094508617896,0.873,,15,-0.046893973190866,,,
mesh_heldout,PRIMARY,all,E,new_rel_rate,volres,new_rel_rate_volres,15,42,15,False,D_-3_-1,0.04708680259227485,-0.021998169903079463,0.12430151286097339,0.185,,45,0.3161175272820042,0.7054081401137944,0.037132737672522544,0.6184615384615385
mesh_heldout,PRIMARY,all,E,nbr_novelty,raw,nbr_novelty,15,42,15,False,-5,0.012702333897986072,-0.03740480111675764,0.07428291696226479,0.708,,14,0.4983566380916246,,,
mesh_heldout,PRIMARY,all,E,nbr_novelty,raw,nbr_novelty,15,42,15,False,-4,0.020380830826947683,-0.035374044002279954,0.09774804094540936,0.615,,15,0.7996107183139116,,,
mesh_heldout,PRIMARY,all,E,nbr_novelty,raw,nbr_novelty,15,42,15,False,-3,0.009727814092614853,-0.011055364968801875,0.03134404942011675,0.335,,15,0.3816559040338637,,,
mesh_heldout,PRIMARY,all,E,nbr_novelty,raw,nbr_novelty,15,42,15,False,-2,0.006595138320173739,-0.01179475321674601,0.027326545487536186,0.505,,15,0.25875016255966415,,,
mesh_heldout,PRIMARY,all,E,nbr_novelty,raw,nbr_novelty,15,42,15,False,-1,0.0005019954751137542,-0.01255111328095199,0.014014180744019441,0.935,,15,0.01969502449896729,,,
mesh_heldout,PRIMARY,all,E,nbr_novelty,raw,nbr_novelty,15,42,15,False,D_-3_-1,0.005608315962634115,-0.010142717882888204,0.02027723493950353,0.45,,45,0.2200336970308317,0.8290094744767957,0.007647944747130111,0.7343999999999999
mesh_heldout,PRIMARY,all,E,nbr_novelty,volres,nbr_novelty_volres,15,42,15,False,-5,0.006928665928953277,-0.04159673881781755,0.06864763452478002,0.876,,14,0.19411665620032192,,,
mesh_heldout,PRIMARY,all,E,nbr_novelty,volres,nbr_novelty_volres,15,42,15,False,-4,0.016267675382181965,-0.037777711035853194,0.09843873891924226,0.716,,15,0.4557625929323041,,,
mesh_heldout,PRIMARY,all,E,nbr_novelty,volres,nbr_novelty_volres,15,42,15,False,-3,0.009373288523627872,-0.013209118047911821,0.03283459689751824,0.395,,15,0.26260631476027463,,,
mesh_heldout,PRIMARY,all,E,nbr_novelty,volres,nbr_novelty_volres,15,42,15,False,-2,0.008207971717090411,-0.011244937562170458,0.03139843063648401,0.483,,15,0.2299582690587462,,,
mesh_heldout,PRIMARY,all,E,nbr_novelty,volres,nbr_novelty_volres,15,42,15,False,-1,0.0016378621509610285,-0.01327518726423653,0.016680624018252488,0.835,,15,0.045887091010267944,,,
mesh_heldout,PRIMARY,all,E,nbr_novelty,volres,nbr_novelty_volres,15,42,15,False,D_-3_-1,0.006406374130559771,-0.010577114900485988,0.023484220765822676,0.459,,45,0.1794838916097629,0.7022736819288657,0.008610201792365955,0.7343999999999999
mesh_heldout,PRIMARY,all,E,beta_sor,raw,beta_sor,15,42,15,False,-5,0.022793520140108832,-0.10500007620418764,0.1545747546859271,0.67,,14,0.2338621627448429,,,
mesh_heldout,PRIMARY,all,E,beta_sor,raw,beta_sor,15,42,15,False,-4,0.044586121765986954,-0.07959371710784656,0.18811268903463524,0.528,,15,0.4574548731615457,,,
mesh_heldout,PRIMARY,all,E,beta_sor,raw,beta_sor,15,42,15,False,-3,0.03642692256131695,-0.10449943588020899,0.1805162481074083,0.62,,15,0.3737412580401817,,,
mesh_heldout,PRIMARY,all,E,beta_sor,raw,beta_sor,15,42,15,False,-2,0.00884420807117273,-0.08668388362639906,0.10033788048343095,0.862,,15,0.09074182550900953,,,
mesh_heldout,PRIMARY,all,E,beta_sor,raw,beta_sor,15,42,15,False,-1,-0.003640532621556709,-0.04072447187345235,0.034815847695491536,0.84,,15,-0.037351967892061605,,,
mesh_heldout,PRIMARY,all,E,beta_sor,raw,beta_sor,15,42,15,False,D_-3_-1,0.013876866003644323,-0.05542090747484882,0.08439568551574059,0.705,,45,0.14237703855237654,1.0241723186007197,0.035466267154639464,0.8703030303030302
mesh_heldout,PRIMARY,all,E,beta_sor,volres,beta_sor_volres,15,42,15,False,-5,0.003057375109775768,-0.12804939425955889,0.13851410842650777,0.983,,14,0.027952825827682527,,,
mesh_heldout,PRIMARY,all,E,beta_sor,volres,beta_sor_volres,15,42,15,False,-4,0.032583908461368154,-0.08997014414327016,0.172024992581862,0.674,,15,0.29790663078714447,,,
mesh_heldout,PRIMARY,all,E,beta_sor,volres,beta_sor_volres,15,42,15,False,-3,0.03521504683794373,-0.09196683010136802,0.16700526991852913,0.574,,15,0.32196247939197675,,,
mesh_heldout,PRIMARY,all,E,beta_sor,volres,beta_sor_volres,15,42,15,False,-2,0.014357360888764418,-0.07205488055427717,0.10566799243311778,0.736,,15,0.13126580607841964,,,
mesh_heldout,PRIMARY,all,E,beta_sor,volres,beta_sor_volres,15,42,15,False,-1,0.00024220354718067032,-0.034455561970659625,0.03461825882624624,0.983,,15,0.0022144072369597806,,,
mesh_heldout,PRIMARY,all,E,beta_sor,volres,beta_sor_volres,15,42,15,False,D_-3_-1,0.016604870424629607,-0.04481022909105305,0.0775412322786218,0.576,,45,0.15181423090245208,0.8508680789355785,0.031446846429796,0.8441379310344828
mesh_heldout,PRIMARY,all,E,beta_sim,raw,beta_sim,15,42,15,False,-5,-0.05191850877066825,-0.11525899825124632,0.00841873355716101,0.093,,14,-0.5754796862779701,,,
mesh_heldout,PRIMARY,all,E,beta_sim,raw,beta_sim,15,42,15,False,-4,-0.0295409730421056,-0.07239585366743671,0.017357670626615456,0.206,,15,-0.32744064306063636,,,
mesh_heldout,PRIMARY,all,E,beta_sim,raw,beta_sim,15,42,15,False,-3,0.027908418503252003,-0.0708215241300699,0.17523535425365977,0.745,,15,0.3093449389255068,,,
mesh_heldout,PRIMARY,all,E,beta_sim,raw,beta_sim,15,42,15,False,-2,0.030129010439194404,-0.027887886607704256,0.08320525635902282,0.31,,15,0.333958618726909,,,
mesh_heldout,PRIMARY,all,E,beta_sim,raw,beta_sim,15,42,15,False,-1,8.895019999309028e-05,-0.04268342572356824,0.04980862183058187,0.937,,15,0.000985949604456011,,,
mesh_heldout,PRIMARY,all,E,beta_sim,raw,beta_sim,15,42,15,False,D_-3_-1,0.0193754597141465,-0.014293027624420725,0.05595283477104146,0.275,,45,0.21476316908562396,0.5817877542850594,0.017867602740357758,0.6294736842105263
mesh_heldout,PRIMARY,all,E,beta_sim,volres,beta_sim_volres,15,42,15,False,-5,-0.047144073063559576,-0.10660162163593558,0.01184204118351498,0.128,,14,-0.4985983572852042,,,
mesh_heldout,PRIMARY,all,E,beta_sim,volres,beta_sim_volres,15,42,15,False,-4,-0.026637478176323306,-0.06835070567761894,0.016786318126047164,0.221,,15,-0.2817194611723367,,,
mesh_heldout,PRIMARY,all,E,beta_sim,volres,beta_sim_volres,15,42,15,False,-3,0.028201587342321567,-0.07337589668098284,0.18138029915180956,0.744,,15,0.2982615673185336,,,
mesh_heldout,PRIMARY,all,E,beta_sim,volres,beta_sim_volres,15,42,15,False,-2,0.028795305522119615,-0.0265212961035245,0.08842525673022167,0.312,,15,0.3045407640425537,,,
mesh_heldout,PRIMARY,all,E,beta_sim,volres,beta_sim_volres,15,42,15,False,-1,-0.0008503352671946888,-0.04522232049197381,0.051221548525606383,0.891,,15,-0.00899319341358867,,,
mesh_heldout,PRIMARY,all,E,beta_sim,volres,beta_sim_volres,15,42,15,False,D_-3_-1,0.018715519199082164,-0.013808128200570247,0.05875400020150009,0.323,,45,0.19793637931583286,0.5463366153421313,0.01898450981667522,0.646
mesh_heldout,PRIMARY,all,E,beta_sne,raw,beta_sne,15,42,15,False,-5,0.07471202891077708,-0.08857430775555505,0.22914625159427277,0.361,,14,0.802516793548634,,,
mesh_heldout,PRIMARY,all,E,beta_sne,raw,beta_sne,15,42,15,False,-4,0.07412709480809256,-0.05722286136266324,0.22962926817123014,0.334,,15,0.7962337431835553,,,
mesh_heldout,PRIMARY,all,E,beta_sne,raw,beta_sne,15,42,15,False,-3,0.008518504058064954,-0.08973585249549261,0.10871653575930999,0.87,,15,0.09150123028613398,,,
mesh_heldout,PRIMARY,all,E,beta_sne,raw,beta_sne,15,42,15,False,-2,-0.02128480236802168,-0.12314911275352007,0.0669984756440556,0.66,,15,-0.228630002380208,,,
mesh_heldout,PRIMARY,all,E,beta_sne,raw,beta_sne,15,42,15,False,-1,-0.0037294828215497992,-0.048627600504069536,0.04162117945603707,0.856,,15,-0.04006011667972687,,,
mesh_heldout,PRIMARY,all,E,beta_sne,raw,beta_sne,15,42,15,False,D_-3_-1,-0.005498593710502175,-0.06885375548821585,0.047972049976828,0.877,,45,-0.05906296292460029,1.1375443401213687,0.030128312874863367,0.9231578947368421
mesh_heldout,PRIMARY,all,E,beta_sne,volres,beta_sne_volres,15,42,15,False,-5,0.05020144817333534,-0.10797344727352769,0.2046678782944865,0.526,,14,0.39888828020401057,,,
mesh_heldout,PRIMARY,all,E,beta_sne,volres,beta_sne_volres,15,42,15,False,-4,0.05922138663769146,-0.06051954891980316,0.21017535316805225,0.419,,15,0.47055847842558457,,,
mesh_heldout,PRIMARY,all,E,beta_sne,volres,beta_sne_volres,15,42,15,False,-3,0.007013459495622185,-0.0882378373194533,0.10133335922709544,0.847,,15,0.05572721302440769,,,
mesh_heldout,PRIMARY,all,E,beta_sne,volres,beta_sne_volres,15,42,15,False,-2,-0.014437944633355166,-0.10517153916081515,0.07173761000234198,0.78,,15,-0.11472033405480013,,,
mesh_heldout,PRIMARY,all,E,beta_sne,volres,beta_sne_volres,15,42,15,False,-1,0.0010925388143753554,-0.040561584307226166,0.0431913755639253,0.935,,15,0.008681042969469381,,,
mesh_heldout,PRIMARY,all,E,beta_sne,volres,beta_sne_volres,15,42,15,False,D_-3_-1,-0.0021106487744525417,-0.05906664024088353,0.049394355539037475,0.989,,45,-0.016770692686974353,0.7141637755348559,0.027709081139540008,0.9890000000000001
mesh_heldout,PRIMARY,all,E,accretion_share,raw,accretion_share,15,42,15,True,-5,0.12495409506206849,-0.17235764558438976,0.3978178374332218,0.392,,14,0.2795053779244798,,,
mesh_heldout,PRIMARY,all,E,accretion_share,raw,accretion_share,15,42,15,True,-4,0.07039292926909123,-0.18718493155614682,0.3070792749498308,0.571,,15,0.15745944371647244,,,
mesh_heldout,PRIMARY,all,E,accretion_share,raw,accretion_share,15,42,15,True,-3,0.26877793056186305,0.015954768047820277,0.5119662425579423,0.041,,15,0.6012198081394317,,,
mesh_heldout,PRIMARY,all,E,accretion_share,raw,accretion_share,15,42,15,True,-2,0.07788323228813218,-0.23519551156187235,0.401333503462178,0.662,,15,0.17421423654711932,,,
mesh_heldout,PRIMARY,all,E,accretion_share,raw,accretion_share,15,42,15,True,-1,-0.0655795707088461,-0.35498758428321714,0.18638962271352333,0.654,,15,-0.14669261288312468,,,
mesh_heldout,PRIMARY,all,E,accretion_share,raw,accretion_share,15,42,15,True,D_-3_-1,0.09369386404704971,-0.036439028595779716,0.21032543134193663,0.16,0.48,45,0.20958047726780876,0.4322608475667063,0.0620077789635914,0.6184615384615385
mesh_heldout,PRIMARY,all,E,accretion_share,volres,accretion_share_volres,15,42,15,True,-5,0.11605902288390915,-0.1877308609061334,0.38524349981645023,0.425,,14,0.2530027263691352,,,
mesh_heldout,PRIMARY,all,E,accretion_share,volres,accretion_share_volres,15,42,15,True,-4,0.06498353683312337,-0.18650040628647946,0.31211478568956463,0.603,,15,0.14166078241357288,,,
mesh_heldout,PRIMARY,all,E,accretion_share,volres,accretion_share_volres,15,42,15,True,-3,0.2682317386883338,0.01738296499929152,0.5137088463138278,0.043,,15,0.5847314538807021,,,
mesh_heldout,PRIMARY,all,E,accretion_share,volres,accretion_share_volres,15,42,15,True,-2,0.0803680079201682,-0.2418304551248898,0.42476502536714855,0.66,,15,0.17519814152664118,,,
mesh_heldout,PRIMARY,all,E,accretion_share,volres,accretion_share_volres,15,42,15,True,-1,-0.06382962316759186,-0.33496842691553186,0.1996459137924394,0.672,,15,-0.13914530971597747,,,
mesh_heldout,PRIMARY,all,E,accretion_share,volres,accretion_share_volres,15,42,15,True,D_-3_-1,0.09492337448030337,-0.029389306803877437,0.21053970136651975,0.126,,45,0.2069280952304553,0.4296165598591378,0.06217639352766154,0.6184615384615385
mesh_heldout,PRIMARY,all,E,closure_lr,raw,closure_lr,15,42,15,True,-5,-0.6576628666637712,-1.009881678939426,-0.3213675609964765,0.0,,14,-0.6575115588564729,,,
mesh_heldout,PRIMARY,all,E,closure_lr,raw,closure_lr,15,42,15,True,-4,-0.5653108106927314,-0.957370054965675,-0.14779676570151642,0.013,,15,-0.5651807502262771,,,
mesh_heldout,PRIMARY,all,E,closure_lr,raw,closure_lr,15,42,15,True,-3,-0.24346241991618697,-0.7335244791820266,0.29595851831945785,0.354,,15,-0.24340640677209097,,,
mesh_heldout,PRIMARY,all,E,closure_lr,raw,closure_lr,15,42,15,True,-2,-0.15170453453614227,-0.649799674633847,0.4015488713314351,0.544,,15,-0.15166963203268438,,,
mesh_heldout,PRIMARY,all,E,closure_lr,raw,closure_lr,15,42,15,True,-1,0.13674127815319387,-0.3802284246464461,0.6500997541182408,0.594,,15,0.1367098182304686,,,
mesh_heldout,PRIMARY,all,E,closure_lr,raw,closure_lr,15,42,15,True,D_-3_-1,-0.08614189209971179,-0.5113680879105587,0.4015187500148573,0.677,0.677,45,-0.0861220735247689,0.5587744104047527,0.23029414394528525,0.8703030303030302
mesh_heldout,PRIMARY,all,E,closure_lr,volres,closure_lr_volres,15,42,15,True,-5,-0.5238194913541164,-0.8142273752620981,-0.25864470414293206,0.001,,14,-0.7356757281682008,,,
mesh_heldout,PRIMARY,all,E,closure_lr,volres,closure_lr_volres,15,42,15,True,-4,-0.4699609203191514,-0.7757002924374011,-0.15007625688798745,0.008,,15,-0.6600343209311019,,,
mesh_heldout,PRIMARY,all,E,closure_lr,volres,closure_lr_volres,15,42,15,True,-3,-0.23524391842955888,-0.6684266944113754,0.2702381134509335,0.328,,15,-0.33038717314703936,,,
mesh_heldout,PRIMARY,all,E,closure_lr,volres,closure_lr_volres,15,42,15,True,-2,-0.1890927367696741,-0.6128472180457089,0.2882352600176747,0.419,,15,-0.26557037130240174,,,
mesh_heldout,PRIMARY,all,E,closure_lr,volres,closure_lr_volres,15,42,15,True,-1,0.11040997011598712,-0.3611082019149379,0.6088334768242085,0.633,,15,0.15506474368132503,,,
mesh_heldout,PRIMARY,all,E,closure_lr,volres,closure_lr_volres,15,42,15,True,D_-3_-1,-0.10464222836108196,-0.4780337626763967,0.3382137509027085,0.605,,45,-0.14696426692270537,0.7054865933944064,0.20926882859353907,0.8441379310344828
mesh_heldout,PRIMARY,all,E,rewire_z,raw,rewire_z,15,42,3,False,-5,,,,,,0,,,,
mesh_heldout,PRIMARY,all,E,rewire_z,raw,rewire_z,15,42,3,False,-4,-0.6840288585225061,-7.1317650213185,5.763707304273488,0.7704367301231803,,2,-0.02844447612774047,,,
mesh_heldout,PRIMARY,all,E,rewire_z,raw,rewire_z,15,42,3,False,-3,,,,,,0,,,,
mesh_heldout,PRIMARY,all,E,rewire_z,raw,rewire_z,15,42,3,False,-2,-12.51226364025646,-12.51226364025646,-12.512263640256458,0.0,,1,-0.5203066800251965,,,
mesh_heldout,PRIMARY,all,E,rewire_z,raw,rewire_z,15,42,3,False,-1,5.177063673409394,-2.1772387149310894,12.531366061749878,0.5184344866704481,,2,0.21528165403454358,,,
mesh_heldout,PRIMARY,all,E,rewire_z,raw,rewire_z,15,42,3,False,D_-3_-1,-3.667599983423533,-12.51226364025646,12.531366061749878,0.8068181818181818,,3,-0.15251251299532645,3.0581104775445076,6.434115631113592,0.8964646464646465
mesh_heldout,PRIMARY,all,E,rewire_z,volres,rewire_z_volres,15,42,3,False,-5,,,,,,0,,,,
mesh_heldout,PRIMARY,all,E,rewire_z,volres,rewire_z_volres,15,42,3,False,-4,1.92420558088887,-0.845347439649764,4.693758601427504,0.550365785030951,,2,0.093137165155064,,,
mesh_heldout,PRIMARY,all,E,rewire_z,volres,rewire_z_volres,15,42,3,False,-3,,,,,,0,,,,
mesh_heldout,PRIMARY,all,E,rewire_z,volres,rewire_z_volres,15,42,3,False,-2,-5.473270692176911,-5.473270692176911,-5.473270692176911,0.0,,1,-0.2649222730973324,,,
mesh_heldout,PRIMARY,all,E,rewire_z,volres,rewire_z_volres,15,42,3,False,-1,8.368861926993405,-0.32574138716472234,17.063465241151533,0.5287870318613751,,2,0.4050773385109146,,,
mesh_heldout,PRIMARY,all,E,rewire_z,volres,rewire_z_volres,15,42,3,False,D_-3_-1,1.4477956174082474,-5.473270692176911,17.063465241151533,0.7674779906784049,,3,0.07007753270679111,3.4808716324986917,6.1655049822941566,0.8771177036324628
mesh_heldout,PRIMARY,all,E,P,raw,P,15,42,15,False,-5,-0.00799257195176027,-0.1331159681581305,0.0930404393981055,0.95,,14,-0.05473866568845202,,,
mesh_heldout,PRIMARY,all,E,P,raw,P,15,42,15,False,-4,-0.03306807364883384,-0.1654826160892416,0.06805688753668583,0.595,,15,-0.22647306015505703,,,
mesh_heldout,PRIMARY,all,E,P,raw,P,15,42,15,False,-3,0.0717485380874093,0.009301543000723009,0.13188333567566157,0.028,,15,0.4913836576894246,,,
mesh_heldout,PRIMARY,all,E,P,raw,P,15,42,15,False,-2,0.037320943522839545,0.006911563607461134,0.07207937373421068,0.016,,15,0.2555996571572169,,,
mesh_heldout,PRIMARY,all,E,P,raw,P,15,42,15,False,-1,0.054426651179635126,0.014437252676860671,0.09684114257527207,0.009,,15,0.3727513848415086,,,
mesh_heldout,PRIMARY,all,E,P,raw,P,15,42,15,False,D_-3_-1,0.05449871092996133,0.025059733027453616,0.09157237838091245,0.0,,45,0.3732448998960501,0.5580703083503371,0.016628885787463545,0.0
mesh_heldout,PRIMARY,all,E,P,volres,P_volres,15,42,15,False,-5,0.00859585870517209,-0.1263117425739303,0.11820884702573964,0.842,,14,0.057988261613806415,,,
mesh_heldout,PRIMARY,all,E,P,volres,P_volres,15,42,15,False,-4,-0.021250491785339522,-0.14179735102270888,0.07379145252080851,0.695,,15,-0.1433572978961201,,,
mesh_heldout,PRIMARY,all,E,P,volres,P_volres,15,42,15,False,-3,0.0727671319602806,0.012767541170078915,0.13003203736030564,0.01,,15,0.4908921411726076,,,
mesh_heldout,PRIMARY,all,E,P,volres,P_volres,15,42,15,False,-2,0.03268708249906146,0.004062847659574207,0.06292783688334269,0.025,,15,0.2205093355253914,,,
mesh_heldout,PRIMARY,all,E,P,volres,P_volres,15,42,15,False,-1,0.05116317193405438,0.01196741192866732,0.09290126981648542,0.008,,15,0.3451503219008189,,,
mesh_heldout,PRIMARY,all,E,P,volres,P_volres,15,42,15,False,D_-3_-1,0.052205795464465486,0.023940831728698864,0.08502309808481044,0.0,,45,0.35218393286627264,0.5386521097580823,0.015783574769938635,0.0
mesh_heldout,PRIMARY,all,E,z_within,raw,z_within,15,42,15,False,-5,-0.01202341162360074,-0.07941647596387852,0.05347783792235277,0.725,,14,-0.08351992990758318,,,
mesh_heldout,PRIMARY,all,E,z_within,raw,z_within,15,42,15,False,-4,0.025892721940642124,-0.04678816919152059,0.10055609573192746,0.513,,15,0.17986228778478217,,,
mesh_heldout,PRIMARY,all,E,z_within,raw,z_within,15,42,15,False,-3,-0.058846769763834746,-0.1520415770299473,0.020569556179743695,0.177,,15,-0.40877566532911136,,,
mesh_heldout,PRIMARY,all,E,z_within,raw,z_within,15,42,15,False,-2,-0.005352180003325935,-0.1283501316182927,0.09371510060266758,0.956,,15,-0.03717860726427329,,,
mesh_heldout,PRIMARY,all,E,z_within,raw,z_within,15,42,15,False,-1,-0.004467533449123032,-0.09994211803833765,0.07755310927276611,0.96,,15,-0.03103346140109903,,,
mesh_heldout,PRIMARY,all,E,z_within,raw,z_within,15,42,15,False,D_-3_-1,-0.022888827738761233,-0.07540495767096657,0.0325799964427131,0.392,,45,-0.15899591133149452,0.5142650746540769,0.02746123389349637,0.7343999999999999
mesh_heldout,PRIMARY,all,E,z_within,volres,z_within_volres,15,42,15,False,-5,-0.009731793087585105,-0.0777557175074391,0.05599128075921798,0.802,,14,-0.06761935314162491,,,
mesh_heldout,PRIMARY,all,E,z_within,volres,z_within_volres,15,42,15,False,-4,0.02752526875651275,-0.042490392188938235,0.10509860015417989,0.452,,15,0.19125364170958015,,,
mesh_heldout,PRIMARY,all,E,z_within,volres,z_within_volres,15,42,15,False,-3,-0.05870605551255816,-0.15466508707121382,0.023206928974236415,0.162,,15,-0.4079068948064286,,,
mesh_heldout,PRIMARY,all,E,z_within,volres,z_within_volres,15,42,15,False,-2,-0.005992327467243675,-0.1323731064759931,0.09338570188336413,0.971,,15,-0.04163644905939492,,,
mesh_heldout,PRIMARY,all,E,z_within,volres,z_within_volres,15,42,15,False,-1,-0.004918368714118393,-0.09547982691969038,0.08034794155390204,0.938,,15,-0.03417426860266493,,,
mesh_heldout,PRIMARY,all,E,z_within,volres,z_within_volres,15,42,15,False,D_-3_-1,-0.02320558389797341,-0.07377882368357695,0.03256856078076781,0.406,,45,-0.1612392041561628,0.5287789798681666,0.027691830101558117,0.7343999999999999
mesh_heldout,PRIMARY,all,E,betw,raw,betw,15,42,15,False,-5,-1.194697343141069e-06,-2.251574778296612e-06,-2.6468136229682716e-07,0.006,,15,-0.017206889505307955,,,
mesh_heldout,PRIMARY,all,E,betw,raw,betw,15,42,15,False,-4,-1.4385150310318447e-06,-4.283683076863848e-06,1.3665383971775256e-06,0.275,,15,-0.02071852702510518,,,
mesh_heldout,PRIMARY,all,E,betw,raw,betw,15,42,15,False,-3,4.115035873849535e-06,-2.548779057414425e-06,1.3196335976673227e-05,0.353,,15,0.0592677032373265,,,
mesh_heldout,PRIMARY,all,E,betw,raw,betw,15,42,15,False,-2,2.950110395487963e-06,-1.5170043375994562e-06,8.107017187686116e-06,0.229,,15,0.04248960951914309,,,
mesh_heldout,PRIMARY,all,E,betw,raw,betw,15,42,15,False,-1,1.7677024732586314e-06,-6.5671185651852475e-06,1.0183394423280546e-05,0.659,,15,0.025459721083542476,,,
mesh_heldout,PRIMARY,all,E,betw,raw,betw,15,42,15,False,D_-3_-1,2.9442829141987097e-06,-2.4247306514218065e-06,8.913579448022473e-06,0.294,,45,0.04240567794667069,0.11181251032356192,2.8424065832773228e-06,0.6294736842105263
mesh_heldout,PRIMARY,all,E,dP,raw,dP,15,42,15,True,-5,-0.031701708132682443,-0.16317081714303594,0.08226110845229614,0.659,,13,-0.22001043340106347,,,
mesh_heldout,PRIMARY,all,E,dP,raw,dP,15,42,15,True,-4,-0.07017925355351892,-0.19434226227115672,0.04951736178141359,0.232,,13,-0.4870453013273121,,,
mesh_heldout,PRIMARY,all,E,dP,raw,dP,15,42,15,True,-3,0.09781886064678133,0.002712901796779085,0.21550771174698893,0.042,,15,0.6788646793296805,,,
mesh_heldout,PRIMARY,all,E,dP,raw,dP,15,42,15,True,-2,-0.03898766131878946,-0.0874034787028801,0.011211309988925562,0.123,,15,-0.27057508157415944,,,
mesh_heldout,PRIMARY,all,E,dP,raw,dP,15,42,15,True,-1,0.017105707656795595,-0.02277254182886452,0.056285071948840054,0.383,,15,0.11871392353535762,,,
mesh_heldout,PRIMARY,all,E,dP,raw,dP,15,42,15,True,D_-3_-1,0.025312302328262492,-0.016772915411266964,0.07349882204854341,0.253,0.506,45,0.1756678404302929,0.4635657318117473,0.023209680477463034,0.6294736842105263
mesh_heldout,PRIMARY,all,E,dP,volres,dP_volres,15,42,15,True,-5,-0.034799306852676695,-0.16900861408253964,0.07669450689849157,0.647,,13,-0.24141867318028806,,,
mesh_heldout,PRIMARY,all,E,dP,volres,dP_volres,15,42,15,True,-4,-0.07295969879930879,-0.19194668425317163,0.04346233600583543,0.249,,13,-0.5061547275734822,,,
mesh_heldout,PRIMARY,all,E,dP,volres,dP_volres,15,42,15,True,-3,0.09725246288799765,0.0010583640918290702,0.20849640249209409,0.049,,15,0.6746847186736328,,,
mesh_heldout,PRIMARY,all,E,dP,volres,dP_volres,15,42,15,True,-2,-0.038673058022716436,-0.08275119291212264,0.009937089681811324,0.112,,15,-0.26829265293111315,,,
mesh_heldout,PRIMARY,all,E,dP,volres,dP_volres,15,42,15,True,-1,0.01759731796462477,-0.020641217663864633,0.05480715041791366,0.374,,15,0.12208062570144516,,,
mesh_heldout,PRIMARY,all,E,dP,volres,dP_volres,15,42,15,True,D_-3_-1,0.025392240943301992,-0.014358063225061649,0.07086986233093023,0.253,,45,0.17615756381465492,0.4596931725048423,0.022261205359778408,0.6294736842105263
mesh_heldout,PRIMARY,all,E,dz,raw,dz,15,42,15,False,-5,-0.022646540166736232,-0.11094050831344303,0.06061542234957298,0.593,,13,-0.1206906405474008,,,
mesh_heldout,PRIMARY,all,E,dz,raw,dz,15,42,15,False,-4,0.04058778710449089,-0.034848800805581,0.11864859937991802,0.311,,13,0.2163052717093478,,,
mesh_heldout,PRIMARY,all,E,dz,raw,dz,15,42,15,False,-3,-0.08099862684476554,-0.17504100350024562,0.004181847713347316,0.064,,15,-0.4316675344392577,,,
mesh_heldout,PRIMARY,all,E,dz,raw,dz,15,42,15,False,-2,0.061453727265377615,-0.08280759074564743,0.2049714899979362,0.401,,15,0.3275065265191278,,,
mesh_heldout,PRIMARY,all,E,dz,raw,dz,15,42,15,False,-1,0.0008846465542029003,-0.14350645767287745,0.15438957812258566,0.994,,15,0.004714563836184704,,,
mesh_heldout,PRIMARY,all,E,dz,raw,dz,15,42,15,False,D_-3_-1,-0.006220084341728341,-0.036236042164097114,0.022616144111135904,0.718,,45,-0.0331488146946484,0.29466825121984397,0.015013575228531835,0.8703030303030302
mesh_heldout,PRIMARY,all,E,dbetw,raw,dbetw,15,42,15,False,-5,1.3849963910866558e-07,-1.3914956823947948e-06,2.043534848643445e-06,0.885,,14,0.003325549347342574,,,
mesh_heldout,PRIMARY,all,E,dbetw,raw,dbetw,15,42,15,False,-4,-2.631735537011617e-07,-2.977705112349833e-06,2.451777542489041e-06,0.831,,15,-0.0063191257780971745,,,
mesh_heldout,PRIMARY,all,E,dbetw,raw,dbetw,15,42,15,False,-3,5.552567076316669e-06,-5.591382201119825e-07,1.4783108462548724e-05,0.105,,15,0.13332407171280083,,,
mesh_heldout,PRIMARY,all,E,dbetw,raw,dbetw,15,42,15,False,-2,-1.1617604861441447e-06,-8.536046353263375e-06,5.188568723540932e-06,0.779,,15,-0.027895320531729263,,,
mesh_heldout,PRIMARY,all,E,dbetw,raw,dbetw,15,42,15,False,-1,-1.1824079222293315e-06,-7.151166422735831e-06,4.908862502670484e-06,0.727,,15,-0.028391091264702198,,,
mesh_heldout,PRIMARY,all,E,dbetw,raw,dbetw,15,42,15,False,D_-3_-1,1.0694662226477307e-06,-1.8042451191963754e-06,4.183451265720471e-06,0.453,,45,0.025679219972123118,0.1637361486236222,1.4777475832763182e-06,0.7343999999999999
mesh_heldout,PRIMARY,all,E,dpctl,raw,dpctl,15,42,15,False,-5,-0.2307186735515724,-0.39585674067525245,-0.04924768319427878,0.014,,13,-0.17357656984444023,,,
mesh_heldout,PRIMARY,all,E,dpctl,raw,dpctl,15,42,15,False,-4,-0.03409511919241829,-0.14609882643994102,0.08057391805363827,0.578,,13,-0.02565077956958016,,,
mesh_heldout,PRIMARY,all,E,dpctl,raw,dpctl,15,42,15,False,-3,0.2820872188932645,0.03297289499147137,0.5502696064727832,0.022,,15,0.21222266537305567,,,
mesh_heldout,PRIMARY,all,E,dpctl,raw,dpctl,15,42,15,False,-2,0.1110530383406929,-0.1283092918175809,0.37778761904400093,0.367,,15,0.08354852760399466,,,
mesh_heldout,PRIMARY,all,E,dpctl,raw,dpctl,15,42,15,False,-1,0.10400119124429417,-0.18980169017046114,0.40296032132997067,0.517,,15,0.07824321177836965,,,
mesh_heldout,PRIMARY,all,E,dpctl,raw,dpctl,15,42,15,False,D_-3_-1,0.1657138161594172,-0.01440129699606491,0.3667239369473368,0.078,,45,0.12467146825180667,0.1759162615057056,0.09766473332002741,0.5666666666666668
mesh_heldout,PRIMARY,all,E,dk,raw,dk,15,42,15,False,-5,-0.2777777777777778,-1.7447222222222225,1.1336111111111096,0.668,,15,-0.024849268170816688,,,
mesh_heldout,PRIMARY,all,E,dk,raw,dk,15,42,15,False,-4,1.2555555555555555,-1.3780555555555554,4.077777777777778,0.368,,15,0.11231869213209142,,,
mesh_heldout,PRIMARY,all,E,dk,raw,dk,15,42,15,False,-3,4.3,1.5555555555555558,7.400000000000001,0.0,,15,0.38466667128424226,,,
mesh_heldout,PRIMARY,all,E,dk,raw,dk,15,42,15,False,-2,2.1,-2.5891666666666664,6.967222222222219,0.385,,15,0.18786046737137416,,,
mesh_heldout,PRIMARY,all,E,dk,raw,dk,15,42,15,False,-1,0.7555555555555556,-3.6666666666666665,4.511111111111111,0.701,,15,0.0675900094246214,,,
mesh_heldout,PRIMARY,all,E,dk,raw,dk,15,42,15,False,D_-3_-1,2.3851851851851853,0.4070370370370366,4.6,0.013,,45,0.21337238269341263,0.2596782797586766,1.0561684790726131,0.17333333333333334
mesh_heldout,PRIMARY,all,E,comm_change,raw,comm_change,15,42,15,False,-5,0.0,0.0,0.0,1.0,,13,0.0,,,
mesh_heldout,PRIMARY,all,E,comm_change,raw,comm_change,15,42,15,False,-4,-0.05128205128205128,-0.16666666666666666,0.0,0.729,,13,-0.3602115507029408,,,
mesh_heldout,PRIMARY,all,E,comm_change,raw,comm_change,15,42,15,False,-3,-0.04444444444444444,-0.2,0.06666666666666667,0.716,,15,-0.3121833439425487,,,
mesh_heldout,PRIMARY,all,E,comm_change,raw,comm_change,15,42,15,False,-2,0.022222222222222223,0.0,0.06666666666666667,0.712,,15,0.15609167197127438,,,
mesh_heldout,PRIMARY,all,E,comm_change,raw,comm_change,15,42,15,False,-1,0.0,0.0,0.0,1.0,,15,0.0,,,
mesh_heldout,PRIMARY,all,E,comm_change,raw,comm_change,15,42,15,False,D_-3_-1,-0.007407407407407405,-0.05925925925925926,0.02962962962962963,0.936,,45,-0.05203055732375811,0.5135697228394474,0.024597384629058614,0.9600000000000001
mesh_heldout,PRIMARY,all,E,n_modules_touched,raw,n_modules_touched,15,42,15,False,-5,-0.9666666666666668,-2.511388888888889,0.5000000000000001,0.189,,15,-0.10702982722096423,,,
mesh_heldout,PRIMARY,all,E,n_modules_touched,raw,n_modules_touched,15,42,15,False,-4,-0.41111111111111087,-1.8666666666666665,1.1000000000000003,0.594,,15,-0.04551843226638705,,,
mesh_heldout,PRIMARY,all,E,n_modules_touched,raw,n_modules_touched,15,42,15,False,-3,1.7777777777777777,-0.5447222222222223,4.167222222222219,0.132,,15,0.19683646385464681,,,
mesh_heldout,PRIMARY,all,E,n_modules_touched,raw,n_modules_touched,15,42,15,False,-2,1.088888888888889,-0.9561111111111112,3.4005555555555516,0.301,,15,0.1205623341109712,,,
mesh_heldout,PRIMARY,all,E,n_modules_touched,raw,n_modules_touched,15,42,15,False,-1,2.0222222222222217,-0.2,4.68944444444444,0.088,,15,0.2239014776346607,,,
mesh_heldout,PRIMARY,all,E,n_modules_touched,raw,n_modules_touched,15,42,15,False,D_-3_-1,1.6296296296296295,-0.20018518518518527,3.6669444444444426,0.085,,45,0.18043342520009292,0.3106988246340208,0.9856328411803092,0.5666666666666668
mesh_heldout,SENS1,all,E,s,raw,s,29,79,29,False,-5,-34.87931034482759,-64.62686781609196,-14.057471264367818,0.0,,29,-0.06416960626126851,,,
mesh_heldout,SENS1,all,E,s,raw,s,29,79,29,False,-4,-39.51724137931034,-71.13103448275861,-15.700862068965519,0.002,,29,-0.07270229241266803,,,
mesh_heldout,SENS1,all,E,s,raw,s,29,79,29,False,-3,-39.02298850574712,-72.64827586206896,-9.708045977011517,0.006,,29,-0.07179298509046188,,,
mesh_heldout,SENS1,all,E,s,raw,s,29,79,29,False,-2,-36.09770114942529,-67.16882183908046,-7.188218390804603,0.018,,29,-0.06641115454391623,,,
mesh_heldout,SENS1,all,E,s,raw,s,29,79,29,False,-1,-45.856321839080465,-71.90244252873563,-18.574425287356323,0.001,,29,-0.08436468748700965,,,
mesh_heldout,SENS1,all,E,s,raw,s,29,79,29,False,D_-3_-1,-40.32567049808429,-69.09712643678161,-14.350957854406134,0.004,,87,-0.07418960904046258,,14.289471391967167,0.05
mesh_heldout,SENS1,all,E,s,pp,s_pp,29,79,29,False,-5,-1.075372359965108,-1.745449431588139,-0.4180212683607668,0.002,,25,-0.7383339521318024,,,
mesh_heldout,SENS1,all,E,s,pp,s_pp,29,79,29,False,-4,-0.8763964592323917,-1.4449643634468055,-0.3061403785841047,0.003,,28,-0.601720190576932,,,
mesh_heldout,SENS1,all,E,s,pp,s_pp,29,79,29,False,-3,-0.2637573173503366,-0.9000460451976712,0.43132624165952144,0.45,,29,-0.18109167556554523,,,
mesh_heldout,SENS1,all,E,s,pp,s_pp,29,79,29,False,-2,-0.5936022958804945,-1.166076734633837,-3.5465324999841694e-06,0.05,,29,-0.40755811236042705,,,
mesh_heldout,SENS1,all,E,s,pp,s_pp,29,79,29,False,-1,-0.7758483248883922,-1.373108667726935,-0.22464751475694034,0.004,,29,-0.532685403954656,,,
mesh_heldout,SENS1,all,E,s,pp,s_pp,29,79,29,False,D_-3_-1,-0.5444026460397411,-1.0248779198683156,-0.04120810070836962,0.04,,87,-0.3737783972935428,,0.25393785102657784,0.2285714285714286
mesh_heldout,SENS1,all,E,k,raw,k,29,79,29,False,-5,-4.908045977011494,-7.931034482758621,-2.1839080459770117,0.0,,29,-0.11207398902110932,,,
mesh_heldout,SENS1,all,E,k,raw,k,29,79,29,False,-4,-4.540229885057471,-7.828160919540229,-1.2755747126436794,0.004,,29,-0.10367500155348519,,,
mesh_heldout,SENS1,all,E,k,raw,k,29,79,29,False,-3,-3.3218390804597706,-7.75301724137931,1.1852011494252803,0.148,,29,-0.07585335556698032,,,
mesh_heldout,SENS1,all,E,k,raw,k,29,79,29,False,-2,-2.53448275862069,-6.95977011494253,2.115517241379307,0.267,,29,-0.05787427301909744,,,
mesh_heldout,SENS1,all,E,k,raw,k,29,79,29,False,-1,-4.5057471264367805,-8.615229885057474,-0.41925287356322,0.032,,29,-0.10288759647839542,,,
mesh_heldout,SENS1,all,E,k,raw,k,29,79,29,False,D_-3_-1,-3.454022988505747,-7.370833333333334,0.4948754789271998,0.086,,87,-0.07887174168815773,,2.001624148259181,0.42999999999999994
mesh_heldout,SENS1,all,E,k,pp,k_pp,29,79,29,False,-5,-0.1821494664786014,-0.43217918415459067,0.07436036729090784,0.165,,25,-0.5752586403103129,,,
mesh_heldout,SENS1,all,E,k,pp,k_pp,29,79,29,False,-4,-0.074664881679456,-0.2608004278246317,0.14042955042343863,0.498,,28,-0.23580424990649165,,,
mesh_heldout,SENS1,all,E,k,pp,k_pp,29,79,29,False,-3,0.09668577031106802,-0.09184942041952569,0.3040638775070578,0.355,,29,0.3053499186231999,,,
mesh_heldout,SENS1,all,E,k,pp,k_pp,29,79,29,False,-2,-0.05724639470272627,-0.2355797964031932,0.10034258747947378,0.508,,29,-0.18079373942732108,,,
mesh_heldout,SENS1,all,E,k,pp,k_pp,29,79,29,False,-1,-0.04686934552391652,-0.22852029784755348,0.10488962533451847,0.617,,29,-0.14802127340565072,,,
mesh_heldout,SENS1,all,E,k,pp,k_pp,29,79,29,False,D_-3_-1,-0.0024766566385249233,-0.13113966001491986,0.12810767611117085,0.989,,87,-0.007821698069923971,,0.06658891095934047,0.9890000000000001
mesh_heldout,SENS1,all,E,wdeg_pctl,raw,wdeg_pctl,29,79,29,False,-5,-0.6257926222001519,-1.1929532272363228,-0.2108910299350233,0.0,,22,-0.11327234687871032,,,
mesh_heldout,SENS1,all,E,wdeg_pctl,raw,wdeg_pctl,29,79,29,False,-4,-0.6795609028942824,-1.1078229132928201,-0.31480248103668823,0.0,,26,-0.12300473924927659,,,
mesh_heldout,SENS1,all,E,wdeg_pctl,raw,wdeg_pctl,29,79,29,False,-3,-0.624996330919103,-1.0459116275422597,-0.234359918206884,0.002,,27,-0.11312821321684907,,,
mesh_heldout,SENS1,all,E,wdeg_pctl,raw,wdeg_pctl,29,79,29,False,-2,-0.48293793346724617,-0.8568575877891493,-0.04994536059727376,0.026,,29,-0.08741476198339265,,,
mesh_heldout,SENS1,all,E,wdeg_pctl,raw,wdeg_pctl,29,79,29,False,-1,-0.6469272411864274,-0.9900924657643715,-0.2959748555311122,0.001,,29,-0.11709784402910194,,,
mesh_heldout,SENS1,all,E,wdeg_pctl,raw,wdeg_pctl,29,79,29,False,D_-3_-1,-0.5849538351909255,-0.9322812309581434,-0.2275393136442263,0.002,,85,-0.10588027307644787,,0.1814408261315735,0.04
mesh_heldout,SENS1,all,E,wdeg_pctl_focal,raw,wdeg_pctl_focal,29,79,29,False,-5,-10.411239798090547,-17.139963880150592,-3.5884919982470427,0.004,,22,-0.3726138537606825,,,
mesh_heldout,SENS1,all,E,wdeg_pctl_focal,raw,wdeg_pctl_focal,29,79,29,False,-4,-12.147312073511578,-20.821972841832697,-4.513399331750652,0.003,,26,-0.4347471436951194,,,
mesh_heldout,SENS1,all,E,wdeg_pctl_focal,raw,wdeg_pctl_focal,29,79,29,False,-3,-8.662664549645207,-16.89045244269931,-1.0134227222879895,0.024,,27,-0.3100330877280669,,,
mesh_heldout,SENS1,all,E,wdeg_pctl_focal,raw,wdeg_pctl_focal,29,79,29,False,-2,-7.378371559104458,-15.41731171721184,0.5678393903662324,0.067,,29,-0.26406878666077355,,,
mesh_heldout,SENS1,all,E,wdeg_pctl_focal,raw,wdeg_pctl_focal,29,79,29,False,-1,-11.195278422509757,-18.42875828577242,-4.204055162413795,0.0,,29,-0.40067426337641787,,,
mesh_heldout,SENS1,all,E,wdeg_pctl_focal,raw,wdeg_pctl_focal,29,79,29,False,D_-3_-1,-9.078771510419807,-16.103411972972015,-2.2643939398769533,0.005,,85,-0.32492537925508613,,3.497589978336984,0.05
mesh_heldout,SENS1,all,E,dpctl_focal,raw,dpctl_focal,29,79,29,False,-5,-2.7974882018835006,-8.604013967938625,3.183195852743121,0.368,,19,-0.37353003390432643,,,
mesh_heldout,SENS1,all,E,dpctl_focal,raw,dpctl_focal,29,79,29,False,-4,3.130716544564311,-2.852717140476253,8.681131237776803,0.269,,22,0.41802380301321546,,,
mesh_heldout,SENS1,all,E,dpctl_focal,raw,dpctl_focal,29,79,29,False,-3,2.8596842242454295,-0.6730193343115823,6.256813594251137,0.128,,26,0.38183465600279454,,,
mesh_heldout,SENS1,all,E,dpctl_focal,raw,dpctl_focal,29,79,29,False,-2,0.8369573247270672,-2.5860303601215597,4.070399015250944,0.646,,27,0.1117533570548352,,,
mesh_heldout,SENS1,all,E,dpctl_focal,raw,dpctl_focal,29,79,29,False,-1,-3.8169068634052965,-7.708507279992123,0.24852378682036802,0.062,,29,-0.5096462423460867,,,
mesh_heldout,SENS1,all,E,dpctl_focal,raw,dpctl_focal,29,79,29,False,D_-3_-1,-0.04008843814426669,-2.330385632710503,2.24898577700697,0.954,,82,-0.005352743096152304,,1.1599416929357762,0.9890000000000001
mesh_heldout,SENS1,all,E,growth,raw,growth,29,79,29,False,-5,-0.07347143729223998,-0.42073515139996165,0.3035627972197056,0.686,,29,-0.22259538565935294,,,
mesh_heldout,SENS1,all,E,growth,raw,growth,29,79,29,False,-4,0.3179558138156864,0.02339295707607641,0.6305714040215111,0.036,,29,0.9633062807444411,,,
mesh_heldout,SENS1,all,E,growth,raw,growth,29,79,29,False,-3,0.15462348858743627,-0.11179616087042815,0.4642112125469162,0.314,,29,0.46846062010753936,,,
mesh_heldout,SENS1,all,E,growth,raw,growth,29,79,29,False,-2,-0.20615667535254104,-0.6353148222207972,0.11130712132906687,0.296,,29,-0.6245899950727617,,,
mesh_heldout,SENS1,all,E,growth,raw,growth,29,79,29,False,-1,-0.14610467293060275,-0.31687369398603654,0.02629152181953277,0.098,,29,-0.4426512834948463,,,
mesh_heldout,SENS1,all,E,growth,raw,growth,29,79,29,False,D_-3_-1,-0.06587928656523584,-0.26426072225567654,0.11648771655213894,0.512,,87,-0.1995935528200229,,0.09812397910946158,0.9890000000000001
mesh_heldout,SENS1,all,E,growth,pp,growth_num_pp,29,79,29,False,-5,-0.8892623029015775,-2.1408299547420833,0.17034690172205186,0.108,,25,-0.5678074604797451,,,
mesh_heldout,SENS1,all,E,growth,pp,growth_num_pp,29,79,29,False,-4,0.15042056118723962,-0.5335829882622966,0.7914935511436776,0.637,,28,0.09604580850102414,,,
mesh_heldout,SENS1,all,E,growth,pp,growth_num_pp,29,79,29,False,-3,0.5640473009281295,-0.1358245217041144,1.3187798302735676,0.132,,29,0.3601527518769711,,,
mesh_heldout,SENS1,all,E,growth,pp,growth_num_pp,29,79,29,False,-2,-0.09085527584373401,-0.8661878105357397,0.5254730473552249,0.834,,29,-0.05801247087579183,,,
mesh_heldout,SENS1,all,E,growth,pp,growth_num_pp,29,79,29,False,-1,-0.5947239093048369,-1.2144144551581704,-0.01799680616461879,0.046,,29,-0.3797402313435754,,,
mesh_heldout,SENS1,all,E,growth,pp,growth_num_pp,29,79,29,False,D_-3_-1,-0.04051062807348046,-0.46504293167698546,0.3688229943991919,0.84,,87,-0.025866650114132035,,0.2196140963561607,0.9890000000000001
mesh_heldout,SENS1,all,E,new_rel_count,raw,new_rel_count,29,79,29,False,-5,-1.4022988505747132,-2.6206896551724133,-0.1609195402298851,0.026,,29,-0.12533764729952648,,,
mesh_heldout,SENS1,all,E,new_rel_count,raw,new_rel_count,29,79,29,False,-4,-0.5287356321839082,-2.298850574712644,1.2416666666666654,0.535,,29,-0.04725845717850998,,,
mesh_heldout,SENS1,all,E,new_rel_count,raw,new_rel_count,29,79,29,False,-3,0.954022988505747,-1.3218390804597695,3.32183908045977,0.424,,29,0.08527069447426797,,,
mesh_heldout,SENS1,all,E,new_rel_count,raw,new_rel_count,29,79,29,False,-2,0.13218390804597696,-1.6438218390804598,1.8454022988505716,0.9,,29,0.011814614294627488,,,
mesh_heldout,SENS1,all,E,new_rel_count,raw,new_rel_count,29,79,29,False,-1,-1.4942528735632186,-3.4830459770114945,0.6097701149425259,0.17,,29,-0.1335565094175282,,,
mesh_heldout,SENS1,all,E,new_rel_count,raw,new_rel_count,29,79,29,False,D_-3_-1,-0.1360153256704982,-1.561302681992337,1.3089559386973153,0.81,,87,-0.012157066882877576,,0.7307823686301151,0.9890000000000001
mesh_heldout,SENS1,all,E,new_rel_count,pp,new_rel_pp,29,79,29,False,-5,-0.08862275820683224,-0.2741699801918069,0.12438537633095102,0.354,,25,-0.5383252835409013,,,
mesh_heldout,SENS1,all,E,new_rel_count,pp,new_rel_pp,29,79,29,False,-4,0.03879550994744239,-0.09433340522284991,0.18988444694997803,0.608,,28,0.23565734485299183,,,
mesh_heldout,SENS1,all,E,new_rel_count,pp,new_rel_pp,29,79,29,False,-3,0.132209117884544,-0.007002033034022442,0.27343111481739674,0.063,,29,0.8030839065715597,,,
mesh_heldout,SENS1,all,E,new_rel_count,pp,new_rel_pp,29,79,29,False,-2,-0.030537325798371893,-0.20766957622669566,0.10085498164801518,0.722,,29,-0.18549427823746165,,,
mesh_heldout,SENS1,all,E,new_rel_count,pp,new_rel_pp,29,79,29,False,-1,-0.05234433114010201,-0.17329874643409518,0.05477469360138817,0.371,,29,-0.317957570638801,,,
mesh_heldout,SENS1,all,E,new_rel_count,pp,new_rel_pp,29,79,29,False,D_-3_-1,0.016442486982023368,-0.08490164965003637,0.10339067138866971,0.707,,87,0.09987735256509903,,0.0483889961986274,0.9890000000000001
mesh_heldout,SENS1,all,E,new_rel_rate,raw,new_rel_rate,29,79,29,False,-5,-0.010454946256172227,-0.12242421428908325,0.10487252656646306,0.817,,22,-0.08333452210811097,,,
mesh_heldout,SENS1,all,E,new_rel_rate,raw,new_rel_rate,29,79,29,False,-4,0.06223626128774354,-0.04025467022023018,0.15712949336267,0.216,,26,0.4960741992478203,,,
mesh_heldout,SENS1,all,E,new_rel_rate,raw,new_rel_rate,29,79,29,False,-3,0.07584885236999499,-0.026716801612180437,0.17792733495800653,0.135,,27,0.6045777481611253,,,
mesh_heldout,SENS1,all,E,new_rel_rate,raw,new_rel_rate,29,79,29,False,-2,-0.019319407091665058,-0.12122109981628548,0.06544954318550775,0.716,,29,-0.15399156704851416,,,
mesh_heldout,SENS1,all,E,new_rel_rate,raw,new_rel_rate,29,79,29,False,-1,-0.03255857984804615,-0.10907542024088253,0.036684285935152154,0.358,,29,-0.25951866472330165,,,
mesh_heldout,SENS1,all,E,new_rel_rate,raw,new_rel_rate,29,79,29,False,D_-3_-1,0.007990288476761259,-0.054778532523159645,0.06314473873163794,0.785,,85,0.06368917212976981,,0.029672554663736587,0.9890000000000001
mesh_heldout,SENS1,all,E,new_rel_rate,volres,new_rel_rate_volres,29,79,29,False,-5,-0.026015929554199433,-0.13602551537553928,0.08785121022612148,0.648,,22,-0.17465809670341895,,,
mesh_heldout,SENS1,all,E,new_rel_rate,volres,new_rel_rate_volres,29,79,29,False,-4,0.04513190270789948,-0.0616884613136187,0.13891308103690525,0.351,,26,0.3029932953632711,,,
mesh_heldout,SENS1,all,E,new_rel_rate,volres,new_rel_rate_volres,29,79,29,False,-3,0.061299042600786856,-0.045783912998178175,0.16142355435836736,0.245,,27,0.41153148451184324,,,
mesh_heldout,SENS1,all,E,new_rel_rate,volres,new_rel_rate_volres,29,79,29,False,-2,-0.026374449672706003,-0.12392728523351215,0.05432994905429033,0.637,,29,-0.17706502363631166,,,
mesh_heldout,SENS1,all,E,new_rel_rate,volres,new_rel_rate_volres,29,79,29,False,-1,-0.04710069123668287,-0.12068476136129819,0.022890708057591354,0.201,,29,-0.3162107687782591,,,
mesh_heldout,SENS1,all,E,new_rel_rate,volres,new_rel_rate_volres,29,79,29,False,D_-3_-1,-0.004058699436200672,-0.06696806318928725,0.050878883852261914,0.947,,85,-0.0272481026342425,,0.029527735124323846,0.9890000000000001
mesh_heldout,SENS1,all,E,nbr_novelty,raw,nbr_novelty,29,79,29,False,-5,0.0025457574088930514,-0.032315956218256524,0.04503078664912714,0.921,,22,0.09987889736499017,,,
mesh_heldout,SENS1,all,E,nbr_novelty,raw,nbr_novelty,29,79,29,False,-4,0.013873630117482173,-0.02100125376796439,0.06264407586151619,0.547,,26,0.5443106533808979,,,
mesh_heldout,SENS1,all,E,nbr_novelty,raw,nbr_novelty,29,79,29,False,-3,0.0035392480365986087,-0.01158555062485255,0.020808370344828145,0.655,,27,0.1388569822724715,,,
mesh_heldout,SENS1,all,E,nbr_novelty,raw,nbr_novelty,29,79,29,False,-2,-0.00374323317088305,-0.02024228774481557,0.012408008911323645,0.658,,29,-0.14686002695379421,,,
mesh_heldout,SENS1,all,E,nbr_novelty,raw,nbr_novelty,29,79,29,False,-1,0.003249038213334787,-0.008818092551398536,0.017998024613025434,0.728,,29,0.12747104382805277,,,
mesh_heldout,SENS1,all,E,nbr_novelty,raw,nbr_novelty,29,79,29,False,D_-3_-1,0.001015017693016782,-0.010115409283912196,0.012152002985376444,0.847,,85,0.039822666382243355,,0.005589582876419494,0.9890000000000001
mesh_heldout,SENS1,all,E,nbr_novelty,volres,nbr_novelty_volres,29,79,29,False,-5,-0.0029650650308391145,-0.038469471678746404,0.044030198404500676,0.893,,22,-0.08307061057711368,,,
mesh_heldout,SENS1,all,E,nbr_novelty,volres,nbr_novelty_volres,29,79,29,False,-4,0.007816231219625911,-0.02589523289667833,0.053264681099571595,0.76,,26,0.21898308909685887,,,
mesh_heldout,SENS1,all,E,nbr_novelty,volres,nbr_novelty_volres,29,79,29,False,-3,-0.0016134737827321448,-0.017932530754735998,0.015379925378881198,0.855,,27,-0.04520381539280889,,,
mesh_heldout,SENS1,all,E,nbr_novelty,volres,nbr_novelty_volres,29,79,29,False,-2,-0.006241731255756352,-0.026167016381211126,0.01156075202422656,0.492,,29,-0.17487118194072046,,,
mesh_heldout,SENS1,all,E,nbr_novelty,volres,nbr_novelty_volres,29,79,29,False,-1,-0.0019009572738876448,-0.01649916395821042,0.013749417468433962,0.779,,29,-0.053258083644176446,,,
mesh_heldout,SENS1,all,E,nbr_novelty,volres,nbr_novelty_volres,29,79,29,False,D_-3_-1,-0.003252054104125381,-0.017099807266959685,0.008809535806808327,0.616,,85,-0.09111102699256861,,0.006596029697701228,0.9890000000000001
mesh_heldout,SENS1,all,E,beta_sor,raw,beta_sor,29,79,29,False,-5,0.0164422405508497,-0.12323787985534153,0.15599096970527307,0.852,,23,0.16869785412505872,,,
mesh_heldout,SENS1,all,E,beta_sor,raw,beta_sor,29,79,29,False,-4,0.09353037116542272,-0.005932579712268981,0.2017551538062086,0.068,,26,0.9596242593781835,,,
mesh_heldout,SENS1,all,E,beta_sor,raw,beta_sor,29,79,29,False,-3,0.03960325556431597,-0.06077525213218889,0.15065440195843785,0.462,,27,0.4063305246875942,,,
mesh_heldout,SENS1,all,E,beta_sor,raw,beta_sor,29,79,29,False,-2,-0.03260174654949693,-0.10864656544955151,0.025557415909170874,0.363,,29,-0.33449484373009913,,,
mesh_heldout,SENS1,all,E,beta_sor,raw,beta_sor,29,79,29,False,-1,-0.01924492036170524,-0.07097664795445237,0.03194467628150276,0.476,,29,-0.19745342842946953,,,
mesh_heldout,SENS1,all,E,beta_sor,raw,beta_sor,29,79,29,False,D_-3_-1,-0.004081137115628732,-0.05356982178527459,0.04219309178514498,0.909,,85,-0.04187258249065816,,0.024191702631424606,0.9890000000000001
mesh_heldout,SENS1,all,E,beta_sor,volres,beta_sor_volres,29,79,29,False,-5,-0.006427481425926508,-0.14366922008003888,0.12450402244961362,0.909,,23,-0.0587648758685568,,,
mesh_heldout,SENS1,all,E,beta_sor,volres,beta_sor_volres,29,79,29,False,-4,0.07282434792406588,-0.01822885100820356,0.17027164267677733,0.14,,26,0.6658150342845122,,,
mesh_heldout,SENS1,all,E,beta_sor,volres,beta_sor_volres,29,79,29,False,-3,0.02198969245803479,-0.0797935059343978,0.12493748173662049,0.7,,27,0.2010463293556516,,,
mesh_heldout,SENS1,all,E,beta_sor,volres,beta_sor_volres,29,79,29,False,-2,-0.04114236939541535,-0.10646746338125221,0.011043925859101513,0.159,,29,-0.3761545262048553,,,
mesh_heldout,SENS1,all,E,beta_sor,volres,beta_sor_volres,29,79,29,False,-1,-0.036849164039474205,-0.09357185817199604,0.014970736720884455,0.168,,29,-0.3369028095367301,,,
mesh_heldout,SENS1,all,E,beta_sor,volres,beta_sor_volres,29,79,29,False,D_-3_-1,-0.018667280325618256,-0.06247382629577608,0.02481732717464062,0.429,,85,-0.1706703354619779,,0.022664801203633525,0.9890000000000001
mesh_heldout,SENS1,all,E,beta_sim,raw,beta_sim,29,79,29,False,-5,-0.024982880193878586,-0.07561974442959407,0.024495379055646214,0.341,,23,-0.2769174307336006,,,
mesh_heldout,SENS1,all,E,beta_sim,raw,beta_sim,29,79,29,False,-4,-0.030536241384254967,-0.06981309376222469,0.01034965928767125,0.142,,26,-0.3384724836674701,,,
mesh_heldout,SENS1,all,E,beta_sim,raw,beta_sim,29,79,29,False,-3,0.04421791982776712,-0.029973448654119775,0.13101432572439559,0.28,,27,0.49012414325590287,,,
mesh_heldout,SENS1,all,E,beta_sim,raw,beta_sim,29,79,29,False,-2,-0.0033921694546418368,-0.03885484106549082,0.031614457940421,0.877,,29,-0.03759978203884516,,,
mesh_heldout,SENS1,all,E,beta_sim,raw,beta_sim,29,79,29,False,-1,-0.009054847708728454,-0.04759202217410633,0.030217352968446333,0.666,,29,-0.1003665367534164,,,
mesh_heldout,SENS1,all,E,beta_sim,raw,beta_sim,29,79,29,False,D_-3_-1,0.010590300888132275,-0.016835465532547268,0.038718428892369657,0.432,,85,0.11738594148788041,,0.013928981131330983,0.9890000000000001
mesh_heldout,SENS1,all,E,beta_sim,volres,beta_sim_volres,29,79,29,False,-5,-0.019450390589158366,-0.06419964685342097,0.031080539029610017,0.428,,23,-0.2057084202978223,,,
mesh_heldout,SENS1,all,E,beta_sim,volres,beta_sim_volres,29,79,29,False,-4,-0.025527179251613772,-0.06544092730206302,0.014691145070028933,0.214,,26,-0.2699768775561661,,,
mesh_heldout,SENS1,all,E,beta_sim,volres,beta_sim_volres,29,79,29,False,-3,0.04847887476576505,-0.020603936336281284,0.14666614831943578,0.234,,27,0.5127152948506936,,,
mesh_heldout,SENS1,all,E,beta_sim,volres,beta_sim_volres,29,79,29,False,-2,-0.0013260793132373174,-0.03518640660123999,0.03217679122416109,0.931,,29,-0.01402468909121651,,,
mesh_heldout,SENS1,all,E,beta_sim,volres,beta_sim_volres,29,79,29,False,-1,-0.0047961472643102245,-0.042340143310929945,0.03301534008084236,0.798,,29,-0.05072432210214394,,,
mesh_heldout,SENS1,all,E,beta_sim,volres,beta_sim_volres,29,79,29,False,D_-3_-1,0.014118882729405834,-0.010587432833481859,0.044214663201097536,0.303,,85,0.14932209455244436,,0.01389342134728584,0.9323076923076923
mesh_heldout,SENS1,all,E,beta_sne,raw,beta_sne,29,79,29,False,-5,0.041425120744728296,-0.10816632628620156,0.1887386645399626,0.59,,23,0.4449665677280103,,,
mesh_heldout,SENS1,all,E,beta_sne,raw,beta_sne,29,79,29,False,-4,0.12406661254967775,0.022153509806228152,0.23891968772236005,0.016,,26,1.3326574253352388,,,
mesh_heldout,SENS1,all,E,beta_sne,raw,beta_sne,29,79,29,False,-3,-0.004614664263451151,-0.10227782474077124,0.10267905909070327,0.868,,27,-0.049568263932852255,,,
mesh_heldout,SENS1,all,E,beta_sne,raw,beta_sne,29,79,29,False,-2,-0.029209577094855107,-0.1123801360021909,0.0393688153657509,0.475,,29,-0.3137537086440092,,,
mesh_heldout,SENS1,all,E,beta_sne,raw,beta_sne,29,79,29,False,-1,-0.010190072652976785,-0.06058804232242261,0.04134235048004895,0.71,,29,-0.10945632919781319,,,
mesh_heldout,SENS1,all,E,beta_sne,raw,beta_sne,29,79,29,False,D_-3_-1,-0.014671438003761014,-0.06727662610500042,0.03584568064276116,0.583,,85,-0.15759276725822488,,0.02637928340097287,0.9890000000000001
mesh_heldout,SENS1,all,E,beta_sne,volres,beta_sne_volres,29,79,29,False,-5,0.013022909163231842,-0.12609688244692197,0.14471703566543093,0.836,,23,0.10347681249031723,,,
mesh_heldout,SENS1,all,E,beta_sne,volres,beta_sne_volres,29,79,29,False,-4,0.09835152717567963,0.0031968139755446496,0.2019184175078389,0.04,,26,0.7814768887759431,,,
mesh_heldout,SENS1,all,E,beta_sne,volres,beta_sne_volres,29,79,29,False,-3,-0.026489182307730237,-0.12481050368389475,0.07540550864653355,0.592,,27,-0.21047648542444441,,,
mesh_heldout,SENS1,all,E,beta_sne,volres,beta_sne_volres,29,79,29,False,-2,-0.03981629008217801,-0.11316364597145548,0.018032959161671535,0.21,,29,-0.31637038477746343,,,
mesh_heldout,SENS1,all,E,beta_sne,volres,beta_sne_volres,29,79,29,False,-1,-0.032053016775163985,-0.0806580019667535,0.014364458596517082,0.184,,29,-0.25468533681836214,,,
mesh_heldout,SENS1,all,E,beta_sne,volres,beta_sne_volres,29,79,29,False,D_-3_-1,-0.032786163055024076,-0.07887296973712045,0.012252380358475782,0.152,,85,-0.2605107356734233,,0.023409049826976308,0.608
mesh_heldout,SENS1,all,E,accretion_share,raw,accretion_share,29,79,29,True,-5,-0.08114778267834186,-0.34392514619598463,0.2130869144115639,0.55,,23,-0.18151659338557122,,,
mesh_heldout,SENS1,all,E,accretion_share,raw,accretion_share,29,79,29,True,-4,-0.0004098033197569466,-0.28696495202391875,0.26207025850238397,0.987,,26,-0.0009166744931926817,,,
mesh_heldout,SENS1,all,E,accretion_share,raw,accretion_share,29,79,29,True,-3,0.05482922510821483,-0.14780645967650075,0.24907827428263196,0.572,,27,0.12264554657104706,,,
mesh_heldout,SENS1,all,E,accretion_share,raw,accretion_share,29,79,29,True,-2,0.00624657028109251,-0.23132930437726942,0.2115839831333497,0.94,,29,0.013972731236069694,,,
mesh_heldout,SENS1,all,E,accretion_share,raw,accretion_share,29,79,29,True,-1,-0.12106153251430588,-0.3643371218788636,0.12880198884445448,0.334,,29,-0.27079824299251437,,,
mesh_heldout,SENS1,all,E,accretion_share,raw,accretion_share,29,79,29,True,D_-3_-1,-0.019995245708332846,-0.14270181624215036,0.09807241674139142,0.77,1.0,85,-0.04472665506179921,0.42285100328155745,0.06286304714931672,0.9890000000000001
mesh_heldout,SENS1,all,E,accretion_share,volres,accretion_share_volres,29,79,29,True,-5,-0.09145515665462779,-0.357963633637327,0.17831586377631475,0.473,,23,-0.19936755798195835,,,
mesh_heldout,SENS1,all,E,accretion_share,volres,accretion_share_volres,29,79,29,True,-4,-0.009741999195468237,-0.29068613394191223,0.2513484385977558,0.98,,26,-0.021237059346991174,,,
mesh_heldout,SENS1,all,E,accretion_share,volres,accretion_share_volres,29,79,29,True,-3,0.04689079970121976,-0.15514493883436734,0.2534706752699272,0.61,,27,0.10221954201617209,,,
mesh_heldout,SENS1,all,E,accretion_share,volres,accretion_share_volres,29,79,29,True,-2,0.002397315193834071,-0.2290307828375858,0.19931345076668402,0.944,,29,0.005226024353253993,,,
mesh_heldout,SENS1,all,E,accretion_share,volres,accretion_share_volres,29,79,29,True,-1,-0.12899575765883076,-0.3644014771537663,0.10382229063443887,0.281,,29,-0.28120414567320334,,,
mesh_heldout,SENS1,all,E,accretion_share,volres,accretion_share_volres,29,79,29,True,D_-3_-1,-0.02656921425459231,-0.1518741750614682,0.08901534324968301,0.657,,85,-0.05791952643459243,,0.06127616872110153,0.9890000000000001
mesh_heldout,SENS1,all,E,closure_lr,raw,closure_lr,29,79,29,True,-5,-0.560746854274874,-0.8647802438179556,-0.277412311929182,0.0,,22,-0.5606178438330953,,,
mesh_heldout,SENS1,all,E,closure_lr,raw,closure_lr,29,79,29,True,-4,-0.5715962464240381,-0.8508543144848405,-0.30616893646622323,0.0,,26,-0.5714647398739647,,,
mesh_heldout,SENS1,all,E,closure_lr,raw,closure_lr,29,79,29,True,-3,-0.3772507928658139,-0.7499390331778497,-0.03654001767465528,0.031,,27,-0.37716399917080173,,,
mesh_heldout,SENS1,all,E,closure_lr,raw,closure_lr,29,79,29,True,-2,-0.4273392089750424,-0.7979568953645828,-0.05885669355836778,0.027,,29,-0.42724089149056804,,,
mesh_heldout,SENS1,all,E,closure_lr,raw,closure_lr,29,79,29,True,-1,-0.45375532137285407,-0.8385687144936084,-0.09217687269182726,0.018,,29,-0.4536509263610525,,,
mesh_heldout,SENS1,all,E,closure_lr,raw,closure_lr,29,79,29,True,D_-3_-1,-0.41944844107123674,-0.73975902515092,-0.11451561606549117,0.013,0.039,85,-0.41935193900747403,0.4618433894488832,0.1576921465915183,0.08666666666666667
mesh_heldout,SENS1,all,E,closure_lr,volres,closure_lr_volres,29,79,29,True,-5,-0.4329966822833422,-0.6840932956211847,-0.17950993087098446,0.0,,22,-0.6081200772230668,,,
mesh_heldout,SENS1,all,E,closure_lr,volres,closure_lr_volres,29,79,29,True,-4,-0.43117550895965634,-0.6661260410403103,-0.2099396356886818,0.0,,26,-0.6055623392367242,,,
mesh_heldout,SENS1,all,E,closure_lr,volres,closure_lr_volres,29,79,29,True,-3,-0.2578019980909968,-0.5536212218142376,0.03490594436031565,0.084,,27,-0.36206875803442884,,,
mesh_heldout,SENS1,all,E,closure_lr,volres,closure_lr_volres,29,79,29,True,-2,-0.36941980337746533,-0.6293868573038658,-0.08498856322898463,0.012,,29,-0.5188298399261821,,,
mesh_heldout,SENS1,all,E,closure_lr,volres,closure_lr_volres,29,79,29,True,-1,-0.33436972758111244,-0.632953698901,-0.01590325939067446,0.038,,29,-0.4696039320334175,,,
mesh_heldout,SENS1,all,E,closure_lr,volres,closure_lr_volres,29,79,29,True,D_-3_-1,-0.32053050968319147,-0.5541627039765799,-0.08332417836486682,0.009,,85,-0.4501675099980094,,0.11787732750784283,0.072
mesh_heldout,SENS1,all,E,rewire_z,raw,rewire_z,29,79,2,False,-5,-3.9764052514044286,-3.9764052514044286,-3.976405251404428,0.0,,1,-0.16535379003176026,,,
mesh_heldout,SENS1,all,E,rewire_z,raw,rewire_z,29,79,2,False,-4,,,,,,0,,,,
mesh_heldout,SENS1,all,E,rewire_z,raw,rewire_z,29,79,2,False,-3,,,,,,0,,,,
mesh_heldout,SENS1,all,E,rewire_z,raw,rewire_z,29,79,2,False,-2,-7.1317650213185,-7.1317650213185,-7.1317650213185,0.0,,1,-0.29656544072675856,,,
mesh_heldout,SENS1,all,E,rewire_z,raw,rewire_z,29,79,2,False,-1,1.456317790542906,1.456317790542906,1.456317790542906,0.0,,1,0.06055913593613169,,,
mesh_heldout,SENS1,all,E,rewire_z,raw,rewire_z,29,79,2,False,D_-3_-1,-2.837723615387797,-7.1317650213185,1.456317790542906,0.5572082379862701,,2,-0.11800315239531343,,3.123141759257457,0.9890000000000001
mesh_heldout,SENS1,all,E,rewire_z,volres,rewire_z_volres,29,79,2,False,-5,-1.0549592207920773,-1.0549592207920773,-1.0549592207920773,0.0,,1,-0.0510631047714667,,,
mesh_heldout,SENS1,all,E,rewire_z,volres,rewire_z_volres,29,79,2,False,-4,,,,,,0,,,,
mesh_heldout,SENS1,all,E,rewire_z,volres,rewire_z_volres,29,79,2,False,-3,,,,,,0,,,,
mesh_heldout,SENS1,all,E,rewire_z,volres,rewire_z_volres,29,79,2,False,-2,-0.845347439649764,-0.845347439649764,-0.845347439649764,0.0,,1,-0.04091728289432588,,,
mesh_heldout,SENS1,all,E,rewire_z,volres,rewire_z_volres,29,79,2,False,-1,-11.50459579051192,-11.50459579051192,-11.50459579051192,0.0,,1,-0.5568560079158433,,,
mesh_heldout,SENS1,all,E,rewire_z,volres,rewire_z_volres,29,79,2,False,D_-3_-1,-6.174971615080842,-11.50459579051192,-0.845347439649764,0.0,,2,-0.29888664540508464,,3.8788547989573394,0.0
mesh_heldout,SENS1,all,E,P,raw,P,29,79,29,False,-5,0.06735650821590339,-5.234062584372945e-05,0.11815928052672477,0.051,,22,0.46130399668904926,,,
mesh_heldout,SENS1,all,E,P,raw,P,29,79,29,False,-4,-0.04825419970453619,-0.1552432889011862,0.04561429552896479,0.362,,26,-0.3304781641795137,,,
mesh_heldout,SENS1,all,E,P,raw,P,29,79,29,False,-3,-0.020176410585205865,-0.0901870770419036,0.04226999770591657,0.569,,27,-0.13818202707243576,,,
mesh_heldout,SENS1,all,E,P,raw,P,29,79,29,False,-2,-0.03499554123367959,-0.11405711946071756,0.033982443830477806,0.367,,29,-0.23967369249080508,,,
mesh_heldout,SENS1,all,E,P,raw,P,29,79,29,False,-1,-0.043877292715301816,-0.13620319272024156,0.03283696950957586,0.343,,29,-0.30050207514594757,,,
mesh_heldout,SENS1,all,E,P,raw,P,29,79,29,False,D_-3_-1,-0.03301641484472909,-0.09654456523737005,0.022499360602349337,0.27,,85,-0.22611926490306283,,0.03018545369543408,0.9
mesh_heldout,SENS1,all,E,P,volres,P_volres,29,79,29,False,-5,0.08318975259269734,0.016061246512307486,0.14232727673482531,0.013,,22,0.5612038660000969,,,
mesh_heldout,SENS1,all,E,P,volres,P_volres,29,79,29,False,-4,-0.03085057654549604,-0.12992029416911316,0.061268376225899576,0.508,,26,-0.2081201384313784,,,
mesh_heldout,SENS1,all,E,P,volres,P_volres,29,79,29,False,-3,-0.0053720316266510915,-0.07752467860931177,0.058359091459484695,0.875,,27,-0.03624009956986013,,,
mesh_heldout,SENS1,all,E,P,volres,P_volres,29,79,29,False,-2,-0.027817060855227515,-0.10089454227694356,0.03556861969816684,0.4,,29,-0.18765583026970112,,,
mesh_heldout,SENS1,all,E,P,volres,P_volres,29,79,29,False,-1,-0.029080746831210123,-0.11101062180422047,0.04558375570485229,0.48,,29,-0.196180743892221,,,
mesh_heldout,SENS1,all,E,P,volres,P_volres,29,79,29,False,D_-3_-1,-0.02075661310436291,-0.08046548296608648,0.031663877817648386,0.454,,85,-0.1400255579105941,,0.028599979570978422,0.9890000000000001
mesh_heldout,SENS1,all,E,z_within,raw,z_within,29,79,29,False,-5,-0.00637891445955662,-0.07832101194205808,0.06510687284428754,0.818,,22,-0.0443107584791384,,,
mesh_heldout,SENS1,all,E,z_within,raw,z_within,29,79,29,False,-4,-0.02629131460286923,-0.09779638966852952,0.03969402418734897,0.476,,26,-0.1826310885422593,,,
mesh_heldout,SENS1,all,E,z_within,raw,z_within,29,79,29,False,-3,-0.002637422757305852,-0.07903236265333097,0.07319178147021818,0.988,,27,-0.01832070386698459,,,
mesh_heldout,SENS1,all,E,z_within,raw,z_within,29,79,29,False,-2,-0.004602475621003556,-0.09306606071905267,0.08244937615507146,0.949,,29,-0.031970829353712066,,,
mesh_heldout,SENS1,all,E,z_within,raw,z_within,29,79,29,False,-1,-0.020783412767926026,-0.07811970927706416,0.03284797666308582,0.471,,29,-0.14437076862695894,,,
mesh_heldout,SENS1,all,E,z_within,raw,z_within,29,79,29,False,D_-3_-1,-0.009341103715411811,-0.05221234657847415,0.03501092610810831,0.692,,85,-0.06488743394921853,,0.02274918922338753,0.9890000000000001
mesh_heldout,SENS1,all,E,z_within,volres,z_within_volres,29,79,29,False,-5,-0.004191621577576666,-0.07391154016501963,0.06480521649371014,0.906,,22,-0.029124616310615,,,
mesh_heldout,SENS1,all,E,z_within,volres,z_within_volres,29,79,29,False,-4,-0.023887080817895704,-0.10346845028990523,0.03940395500937695,0.511,,26,-0.1659744446692336,,,
mesh_heldout,SENS1,all,E,z_within,volres,z_within_volres,29,79,29,False,-3,-0.0005922630952948855,-0.08028667562891786,0.0749868575634419,0.99,,27,-0.004115217723297745,,,
mesh_heldout,SENS1,all,E,z_within,volres,z_within_volres,29,79,29,False,-2,-0.003610800215662505,-0.09527607941107867,0.08504916744274572,0.929,,29,-0.025088899107217393,,,
mesh_heldout,SENS1,all,E,z_within,volres,z_within_volres,29,79,29,False,-1,-0.018739335210606292,-0.07655478112684234,0.03351631466438269,0.512,,29,-0.13020639812634033,,,
mesh_heldout,SENS1,all,E,z_within,volres,z_within_volres,29,79,29,False,D_-3_-1,-0.007647466173854561,-0.05442809458493951,0.03606115731772389,0.741,,85,-0.05313683831895182,,0.02343280689079097,0.9890000000000001
mesh_heldout,SENS1,all,E,betw,raw,betw,29,79,29,False,-5,-1.14248259518574e-06,-3.0676339497357496e-06,5.511051012335827e-07,0.19,,25,-0.01645485518986145,,,
mesh_heldout,SENS1,all,E,betw,raw,betw,29,79,29,False,-4,-1.4053288552167988e-06,-2.616758732051043e-06,-2.747514050780219e-07,0.014,,28,-0.020240555877323197,,,
mesh_heldout,SENS1,all,E,betw,raw,betw,29,79,29,False,-3,2.284278937936807e-08,-4.951750604123855e-06,6.120283782142147e-06,0.955,,29,0.00032899826479098227,,,
mesh_heldout,SENS1,all,E,betw,raw,betw,29,79,29,False,-2,2.9044309256367617e-07,-3.4159802358470897e-06,3.798877674163243e-06,0.898,,29,0.004183170097443659,,,
mesh_heldout,SENS1,all,E,betw,raw,betw,29,79,29,False,-1,-1.719228151668372e-07,-4.7498695542389475e-06,4.050189720376009e-06,0.946,,29,-0.0024761559076037394,,,
mesh_heldout,SENS1,all,E,betw,raw,betw,29,79,29,False,D_-3_-1,4.712102225873568e-08,-3.505879794479963e-06,3.594315390774589e-06,0.989,,87,0.0006786708182103004,,1.795238071736715e-06,0.9890000000000001
mesh_heldout,SENS1,all,E,dP,raw,dP,29,79,29,True,-5,0.013722058732543148,-0.0965273232287291,0.11117278884340584,0.742,,19,0.09523133820632437,,,
mesh_heldout,SENS1,all,E,dP,raw,dP,29,79,29,True,-4,-0.09502671390005944,-0.2121849769384032,0.010204055381042732,0.091,,22,-0.6594871299151635,,,
mesh_heldout,SENS1,all,E,dP,raw,dP,29,79,29,True,-3,0.03608731093950385,-0.04546203761813171,0.1194584466939016,0.421,,26,0.25044659697355465,,,
mesh_heldout,SENS1,all,E,dP,raw,dP,29,79,29,True,-2,0.0035716831400820492,-0.06135712933266114,0.076409629608763,0.941,,27,0.02478754622091184,,,
mesh_heldout,SENS1,all,E,dP,raw,dP,29,79,29,True,-1,-0.008881751481622237,-0.06910038915252811,0.04467482778675682,0.761,,29,-0.06163951748763077,,,
mesh_heldout,SENS1,all,E,dP,raw,dP,29,79,29,True,D_-3_-1,0.010259080865987888,-0.028837495747345458,0.05067249035277031,0.635,1.0,82,0.07119820856894525,0.3367220193229431,0.02011911522753233,0.9890000000000001
mesh_heldout,SENS1,all,E,dP,volres,dP_volres,29,79,29,True,-5,0.01086898987064102,-0.10193085874117051,0.10013180043355756,0.79,,19,0.07540314307088891,,,
mesh_heldout,SENS1,all,E,dP,volres,dP_volres,29,79,29,True,-4,-0.09644628269520866,-0.21729401890898542,0.009000190396086185,0.074,,22,-0.6690918787555477,,,
mesh_heldout,SENS1,all,E,dP,volres,dP_volres,29,79,29,True,-3,0.03400268376733516,-0.04501304612960177,0.1092798434767856,0.404,,26,0.2358921352781934,,,
mesh_heldout,SENS1,all,E,dP,volres,dP_volres,29,79,29,True,-2,0.002132485445422831,-0.061694082061220956,0.07357315243850786,0.985,,27,0.01479402474853192,,,
mesh_heldout,SENS1,all,E,dP,volres,dP_volres,29,79,29,True,-1,-0.01111070222084849,-0.06754328820225641,0.04428657964959563,0.684,,29,-0.07708001195581868,,,
mesh_heldout,SENS1,all,E,dP,volres,dP_volres,29,79,29,True,D_-3_-1,0.008341488997303166,-0.029632517445522717,0.04461285134583346,0.707,,82,0.05786871602363554,,0.019323575963166636,0.9890000000000001
mesh_heldout,SENS1,all,E,dz,raw,dz,29,79,29,False,-5,-0.01672873892889854,-0.07939436137383457,0.04501410004775472,0.609,,19,-0.08915278899178436,,,
mesh_heldout,SENS1,all,E,dz,raw,dz,29,79,29,False,-4,0.012670126830188864,-0.06894486611703902,0.08642631627195003,0.717,,22,0.06752314974798566,,,
mesh_heldout,SENS1,all,E,dz,raw,dz,29,79,29,False,-3,0.021130030947621947,-0.037181134934431634,0.08181631483981405,0.478,,26,0.11260867890101305,,,
mesh_heldout,SENS1,all,E,dz,raw,dz,29,79,29,False,-2,-0.0016290474963009454,-0.11662565698889528,0.11505424612853364,0.958,,27,-0.00868171404387356,,,
mesh_heldout,SENS1,all,E,dz,raw,dz,29,79,29,False,-1,-0.016180937146922484,-0.10571348903083042,0.08414273400478645,0.753,,29,-0.0862333784560943,,,
mesh_heldout,SENS1,all,E,dz,raw,dz,29,79,29,False,D_-3_-1,0.0011066821014661724,-0.033826345246009366,0.03833444977822022,0.926,,82,0.005897862133681729,,0.01814977122703345,0.9890000000000001
mesh_heldout,SENS1,all,E,dbetw,raw,dbetw,29,79,29,False,-5,-1.8246527789461453e-07,-1.6191649884124097e-06,1.24972483178041e-06,0.785,,22,-0.004381219256022964,,,
mesh_heldout,SENS1,all,E,dbetw,raw,dbetw,29,79,29,False,-4,-1.9624572432305313e-07,-1.5965274520765482e-06,1.3325357409728258e-06,0.778,,25,-0.004712104989163592,,,
mesh_heldout,SENS1,all,E,dbetw,raw,dbetw,29,79,29,False,-3,-7.856279839255444e-07,-3.740875536425472e-06,1.7826622316947142e-06,0.593,,28,-0.018863909292556345,,,
mesh_heldout,SENS1,all,E,dbetw,raw,dbetw,29,79,29,False,-2,2.6760030318430826e-07,-3.93208110498607e-06,4.0688306184284655e-06,0.896,,29,0.0064254175630380495,,,
mesh_heldout,SENS1,all,E,dbetw,raw,dbetw,29,79,29,False,-1,-4.6236590773051304e-07,-4.06454771390685e-06,2.980495433769694e-06,0.795,,29,-0.01110198302740891,,,
mesh_heldout,SENS1,all,E,dbetw,raw,dbetw,29,79,29,False,D_-3_-1,-3.2679786282391643e-07,-2.4932976705064403e-06,1.5562316967991847e-06,0.779,,86,-0.007846824918975735,,1.0362261196705525e-06,0.9890000000000001
mesh_heldout,SENS1,all,E,dpctl,raw,dpctl,29,79,29,False,-5,-0.21006397421884437,-0.42038846322842977,-0.018447279087640562,0.033,,19,-0.15803742077533903,,,
mesh_heldout,SENS1,all,E,dpctl,raw,dpctl,29,79,29,False,-4,0.009412094969948907,-0.19473821889948822,0.2167228351116429,0.922,,22,0.007081001007786467,,,
mesh_heldout,SENS1,all,E,dpctl,raw,dpctl,29,79,29,False,-3,0.021286257091665116,-0.1639540508151718,0.20603252683686177,0.862,,26,0.01601428889097798,,,
mesh_heldout,SENS1,all,E,dpctl,raw,dpctl,29,79,29,False,-2,0.05205627587921318,-0.12409608737101185,0.24501484935370446,0.607,,27,0.039163495814611385,,,
mesh_heldout,SENS1,all,E,dpctl,raw,dpctl,29,79,29,False,-1,-0.16398930771918127,-0.3584342416030784,0.04193365799139145,0.122,,29,-0.12337406889042803,,,
mesh_heldout,SENS1,all,E,dpctl,raw,dpctl,29,79,29,False,D_-3_-1,-0.030215591582767657,-0.15324578382311282,0.1038394954882584,0.588,,82,-0.022732094728279556,,0.06546872959052048,0.9890000000000001
mesh_heldout,SENS1,all,E,dk,raw,dk,29,79,29,False,-5,-1.660919540229885,-3.2760057471264363,0.005890804597700437,0.051,,29,-0.14858148623515907,,,
mesh_heldout,SENS1,all,E,dk,raw,dk,29,79,29,False,-4,0.36781609195402304,-1.9658045977011493,2.5290229885057456,0.772,,29,0.032903858543426236,,,
mesh_heldout,SENS1,all,E,dk,raw,dk,29,79,29,False,-3,1.218390804597701,-1.2076149425287352,3.7014367816091935,0.337,,29,0.10899403142509938,,,
mesh_heldout,SENS1,all,E,dk,raw,dk,29,79,29,False,-2,0.7873563218390806,-1.7874999999999999,3.4599137931034463,0.525,,29,0.07043482219452178,,,
mesh_heldout,SENS1,all,E,dk,raw,dk,29,79,29,False,-1,-1.971264367816092,-5.0518678160919555,1.1380747126436772,0.224,,29,-0.17634411688117496,,,
mesh_heldout,SENS1,all,E,dk,raw,dk,29,79,29,False,D_-3_-1,0.011494252873563168,-1.4254310344827583,1.5578065134099597,0.964,,87,0.0010282455794820653,,0.7722725426936208,0.9890000000000001
mesh_heldout,SENS1,all,E,comm_change,raw,comm_change,29,79,29,False,-5,-0.008771929824561401,-0.09523809523809523,0.07020676691729308,0.919,,19,-0.06161513367287144,,,
mesh_heldout,SENS1,all,E,comm_change,raw,comm_change,29,79,29,False,-4,0.0,0.0,0.0,1.0,,22,0.0,,,
mesh_heldout,SENS1,all,E,comm_change,raw,comm_change,29,79,29,False,-3,-0.07692307692307693,-0.21333333333333332,0.03574735449735431,0.241,,26,-0.5403173260544113,,,
mesh_heldout,SENS1,all,E,comm_change,raw,comm_change,29,79,29,False,-2,0.0,0.0,0.0,1.0,,27,0.0,,,
mesh_heldout,SENS1,all,E,comm_change,raw,comm_change,29,79,29,False,-1,-0.034482758620689655,-0.10344827586206896,0.0,0.725,,29,-0.24221121512783952,,,
mesh_heldout,SENS1,all,E,comm_change,raw,comm_change,29,79,29,False,D_-3_-1,-0.03713527851458886,-0.08695885390638014,0.00462962962962963,0.104,,82,-0.2608428470607503,,0.023279063568549557,0.46222222222222226
mesh_heldout,SENS1,all,E,n_modules_touched,raw,n_modules_touched,29,79,29,False,-5,-1.006666666666667,-1.969182769726248,-0.09243827160493927,0.031,,25,-0.11145864765769381,,,
mesh_heldout,SENS1,all,E,n_modules_touched,raw,n_modules_touched,29,79,29,False,-4,-1.7321428571428572,-3.055654761904761,-0.4285714285714285,0.01,,28,-0.19178374212623514,,,
mesh_heldout,SENS1,all,E,n_modules_touched,raw,n_modules_touched,29,79,29,False,-3,-0.37356321839080464,-2.0923850574712652,1.2760057471264357,0.676,,29,-0.04136111040049152,,,
mesh_heldout,SENS1,all,E,n_modules_touched,raw,n_modules_touched,29,79,29,False,-2,-0.6091954022988507,-2.21867816091954,0.8965517241379308,0.441,,29,-0.06745042619157081,,,
mesh_heldout,SENS1,all,E,n_modules_touched,raw,n_modules_touched,29,79,29,False,-1,-1.281609195402299,-2.9655172413793105,0.4829022988505738,0.145,,29,-0.14190042491245555,,,
mesh_heldout,SENS1,all,E,n_modules_touched,raw,n_modules_touched,29,79,29,False,D_-3_-1,-0.7547892720306515,-2.10411877394636,0.5441570881226044,0.252,,87,-0.08357065383483929,,0.6857994567390322,0.9
mesh_heldout,SENS2,all,E,s,raw,s,10,19,10,False,-5,-54.3,-86.0175,-22.895833333333353,0.001,,10,-0.09989904001939647,,,
mesh_heldout,SENS2,all,E,s,raw,s,10,19,10,False,-4,-78.98333333333333,-129.11833333333334,-25.846250000000023,0.003,,10,-0.1453104820908287,,,
mesh_heldout,SENS2,all,E,s,raw,s,10,19,10,False,-3,-133.66666666666666,-253.70583333333335,-29.594583333333453,0.009,,10,-0.2459147639519827,,,
mesh_heldout,SENS2,all,E,s,raw,s,10,19,10,False,-2,-180.45,-363.67041666666665,-34.42333333333338,0.01,,10,-0.33198493133517665,,,
mesh_heldout,SENS2,all,E,s,raw,s,10,19,10,False,-1,-254.73333333333335,-519.8429166666666,-45.19666666666668,0.014,,10,-0.4686485351922823,,,
mesh_heldout,SENS2,all,E,s,raw,s,10,19,10,False,D_-3_-1,-189.61666666666667,-378.5356944444445,-37.15416666666677,0.011,,30,-0.3488494101598139,,86.69712702721905,0.04644444444444444
mesh_heldout,SENS2,all,E,s,pp,s_pp,10,19,10,False,-5,-0.7571746999491825,-1.528171210269523,0.10894185237077451,0.08,,8,-0.5198643832410113,,,
mesh_heldout,SENS2,all,E,s,pp,s_pp,10,19,10,False,-4,-0.3343734309357787,-1.3760365275903665,0.9501037201856704,0.574,,10,-0.22957560184892065,,,
mesh_heldout,SENS2,all,E,s,pp,s_pp,10,19,10,False,-3,-0.5294949002720823,-1.5927918299397643,0.6535944649322308,0.354,,10,-0.36354297070105646,,,
mesh_heldout,SENS2,all,E,s,pp,s_pp,10,19,10,False,-2,-0.8270704820641424,-1.7205233034748746,0.10444529397862291,0.097,,10,-0.5678537411299904,,,
mesh_heldout,SENS2,all,E,s,pp,s_pp,10,19,10,False,-1,-0.9776098275437001,-1.9429201867515233,0.14527928721109604,0.084,,10,-0.671211716504086,,,
mesh_heldout,SENS2,all,E,s,pp,s_pp,10,19,10,False,D_-3_-1,-0.7780584032933082,-1.7173112707061458,0.24041088253804033,0.142,,30,-0.5342028094450443,,0.5128581939106033,0.2521818181818182
mesh_heldout,SENS2,all,E,k,raw,k,10,19,10,False,-5,-6.2,-11.733333333333333,0.26749999999999596,0.06,,10,-0.14157543250113902,,,
mesh_heldout,SENS2,all,E,k,raw,k,10,19,10,False,-4,-8.416666666666668,-15.833333333333334,-0.16625000000000273,0.043,,10,-0.19219245541149252,,,
mesh_heldout,SENS2,all,E,k,raw,k,10,19,10,False,-3,-12.183333333333334,-25.9675,1.8020833333333197,0.083,,10,-0.27820333644713074,,,
mesh_heldout,SENS2,all,E,k,raw,k,10,19,10,False,-2,-15.783333333333335,-32.735416666666666,0.5012499999999932,0.058,,10,-0.3604084262865018,,,
mesh_heldout,SENS2,all,E,k,raw,k,10,19,10,False,-1,-23.833333333333332,-50.43583333333333,0.8674999999999959,0.063,,10,-0.5442281410662064,,,
mesh_heldout,SENS2,all,E,k,raw,k,10,19,10,False,D_-3_-1,-17.266666666666666,-36.26694444444444,0.7000000000000001,0.066,,30,-0.39427996793327963,,9.469190520985205,0.14752941176470588
mesh_heldout,SENS2,all,E,k,pp,k_pp,10,19,10,False,-5,0.23099649335714773,-0.0799685519794215,0.5270144310379834,0.127,,8,0.7295257639455884,,,
mesh_heldout,SENS2,all,E,k,pp,k_pp,10,19,10,False,-4,0.2584771033676053,0.043556769916501974,0.49465706944554455,0.014,,10,0.8163141507310692,,,
mesh_heldout,SENS2,all,E,k,pp,k_pp,10,19,10,False,-3,0.2269696423147345,0.10437089841893785,0.3466579100146329,0.001,,10,0.7168082913107567,,,
mesh_heldout,SENS2,all,E,k,pp,k_pp,10,19,10,False,-2,0.16486407243723789,0.022507729821577,0.29855798729792066,0.021,,10,0.5206684596982225,,,
mesh_heldout,SENS2,all,E,k,pp,k_pp,10,19,10,False,-1,0.21756091670647676,0.06473807562100525,0.3724495487431768,0.005,,10,0.6870939539311575,,,
mesh_heldout,SENS2,all,E,k,pp,k_pp,10,19,10,False,D_-3_-1,0.20313154381948303,0.09395655617999778,0.30321376066967326,0.001,,30,0.6415235683133789,,0.055521654722210316,0.0076
mesh_heldout,SENS2,all,E,wdeg_pctl,raw,wdeg_pctl,10,19,10,False,-5,-0.8645186010318551,-1.373332247489326,-0.3155454184506442,0.001,,8,-0.15648323004335013,,,
mesh_heldout,SENS2,all,E,wdeg_pctl,raw,wdeg_pctl,10,19,10,False,-4,-1.3207605897580466,-1.8901249608545585,-0.726383208119116,0.0,,9,-0.2390658604136659,,,
mesh_heldout,SENS2,all,E,wdeg_pctl,raw,wdeg_pctl,10,19,10,False,-3,-1.6901363171495127,-3.036856238841138,-0.377158091530862,0.007,,10,-0.30592515858589664,,,
mesh_heldout,SENS2,all,E,wdeg_pctl,raw,wdeg_pctl,10,19,10,False,-2,-2.2136491862641425,-4.198490130494136,-0.4141747396587299,0.011,,10,-0.4006842356381905,,,
mesh_heldout,SENS2,all,E,wdeg_pctl,raw,wdeg_pctl,10,19,10,False,-1,-3.01103703560243,-5.758710680672767,-0.4941710140300984,0.014,,10,-0.5450163831626574,,,
mesh_heldout,SENS2,all,E,wdeg_pctl,raw,wdeg_pctl,10,19,10,False,D_-3_-1,-2.304940846338695,-4.319935762751408,-0.41980131571423684,0.01,,30,-0.4172085924622482,,0.9897645514800094,0.04644444444444444
mesh_heldout,SENS2,all,E,wdeg_pctl_focal,raw,wdeg_pctl_focal,10,19,10,False,-5,-13.90684722423428,-26.927575950920314,-0.7222428592844411,0.04,,8,-0.4977201599787721,,,
mesh_heldout,SENS2,all,E,wdeg_pctl_focal,raw,wdeg_pctl_focal,10,19,10,False,-4,-21.099819395328478,-32.52440039617089,-9.911296729350685,0.0,,9,-0.7551535812276333,,,
mesh_heldout,SENS2,all,E,wdeg_pctl_focal,raw,wdeg_pctl_focal,10,19,10,False,-3,-18.6709534290311,-33.72575546950737,-1.498074499167068,0.034,,10,-0.6682254991238847,,,
mesh_heldout,SENS2,all,E,wdeg_pctl_focal,raw,wdeg_pctl_focal,10,19,10,False,-2,-20.768474745392528,-37.6770061291995,-2.1181200283423287,0.031,,10,-0.7432948968317306,,,
mesh_heldout,SENS2,all,E,wdeg_pctl_focal,raw,wdeg_pctl_focal,10,19,10,False,-1,-26.840406887405486,-43.77680015929224,-7.288317007262308,0.007,,10,-0.9606067712180789,,,
mesh_heldout,SENS2,all,E,wdeg_pctl_focal,raw,wdeg_pctl_focal,10,19,10,False,D_-3_-1,-22.093278353943038,-37.98570777170409,-3.8401844438342714,0.018,,30,-0.7907090557245647,,8.819800639712913,0.06218181818181818
mesh_heldout,SENS2,all,E,dpctl_focal,raw,dpctl_focal,10,19,10,False,-5,-4.246982376503461,-10.142224886302504,1.4018927743041338,0.125,,7,-0.567071371388925,,,
mesh_heldout,SENS2,all,E,dpctl_focal,raw,dpctl_focal,10,19,10,False,-4,-5.466544270066469,-15.653272239477621,4.101331989873403,0.279,,8,-0.7299113773429468,,,
mesh_heldout,SENS2,all,E,dpctl_focal,raw,dpctl_focal,10,19,10,False,-3,-3.5142126287840334,-9.926486021988318,3.494081726437413,0.315,,9,-0.4692294900450047,,,
mesh_heldout,SENS2,all,E,dpctl_focal,raw,dpctl_focal,10,19,10,False,-2,-2.0975213163614232,-8.254389736047818,4.278562064346376,0.501,,10,-0.2800681010515152,,,
mesh_heldout,SENS2,all,E,dpctl_focal,raw,dpctl_focal,10,19,10,False,-1,-6.071932142012959,-10.301066673370679,-1.742067784525083,0.002,,10,-0.810744802192135,,,
mesh_heldout,SENS2,all,E,dpctl_focal,raw,dpctl_focal,10,19,10,False,D_-3_-1,-3.894555362386138,-6.443586786496269,-0.7205695871069342,0.018,,29,-0.5200141310962182,,1.4730286722057357,0.06218181818181818
mesh_heldout,SENS2,all,E,growth,raw,growth,10,19,10,False,-5,-0.4716240098331349,-1.0459241591825,-0.04022149844058414,0.019,,10,-1.4288726643177456,,,
mesh_heldout,SENS2,all,E,growth,raw,growth,10,19,10,False,-4,0.31662051574571065,-0.3314091987055218,1.0549838321564433,0.378,,10,0.9592607468633743,,,
mesh_heldout,SENS2,all,E,growth,raw,growth,10,19,10,False,-3,-0.3703493202053755,-0.8622016604388073,0.06172450576271528,0.096,,10,-1.1220421540399321,,,
mesh_heldout,SENS2,all,E,growth,raw,growth,10,19,10,False,-2,-0.16540988254462613,-0.45094401522970184,0.11986052572587125,0.237,,10,-0.5011400069721813,,,
mesh_heldout,SENS2,all,E,growth,raw,growth,10,19,10,False,-1,-0.28901921624628507,-0.49642151092093956,-0.061477090363476344,0.008,,10,-0.8756374759269983,,,
mesh_heldout,SENS2,all,E,growth,raw,growth,10,19,10,False,D_-3_-1,-0.27492613966542884,-0.47965320058594146,-0.09473527111262811,0.002,,30,-0.8329398789797037,,0.0968791941597538,0.012666666666666666
mesh_heldout,SENS2,all,E,growth,pp,growth_num_pp,10,19,10,False,-5,-1.1404960049136657,-1.8749999992395918,-0.42735880544576266,0.001,,8,-0.7282239875954766,,,
mesh_heldout,SENS2,all,E,growth,pp,growth_num_pp,10,19,10,False,-4,0.1126892474820346,-1.253073788043087,1.5160757611725773,0.902,,10,0.07195379274188062,,,
mesh_heldout,SENS2,all,E,growth,pp,growth_num_pp,10,19,10,False,-3,-0.8259680416757608,-2.047808200724727,0.46178911321319527,0.19,,10,-0.5273931152271607,,,
mesh_heldout,SENS2,all,E,growth,pp,growth_num_pp,10,19,10,False,-2,-0.6519910868883088,-1.6089915540718045,0.2758434509377701,0.193,,10,-0.4163061923276571,,,
mesh_heldout,SENS2,all,E,growth,pp,growth_num_pp,10,19,10,False,-1,-1.542989219695028,-2.47510709738969,-0.5712419041134228,0.001,,10,-0.9852220065147923,,,
mesh_heldout,SENS2,all,E,growth,pp,growth_num_pp,10,19,10,False,D_-3_-1,-1.0069827827530324,-1.5875681117662752,-0.3554731685633424,0.004,,30,-0.6429737713565367,,0.31786290047904703,0.021714285714285714
mesh_heldout,SENS2,all,E,new_rel_count,raw,new_rel_count,10,19,10,False,-5,-2.4666666666666663,-4.416666666666666,-0.5166666666666666,0.012,,10,-0.22047097631539647,,,
mesh_heldout,SENS2,all,E,new_rel_count,raw,new_rel_count,10,19,10,False,-4,-1.6833333333333336,-6.7,3.883333333333333,0.519,,10,-0.15045654464766925,,,
mesh_heldout,SENS2,all,E,new_rel_count,raw,new_rel_count,10,19,10,False,-3,-2.75,-8.43375,2.867083333333331,0.356,,10,-0.24579534521648935,,,
mesh_heldout,SENS2,all,E,new_rel_count,raw,new_rel_count,10,19,10,False,-2,-3.75,-7.1,0.13374999999999787,0.056,,10,-0.3351754707497582,,,
mesh_heldout,SENS2,all,E,new_rel_count,raw,new_rel_count,10,19,10,False,-1,-7.516666666666666,-17.48375,1.283749999999998,0.102,,10,-0.6718406102584041,,,
mesh_heldout,SENS2,all,E,new_rel_count,raw,new_rel_count,10,19,10,False,D_-3_-1,-4.672222222222222,-10.61111111111111,1.2334722222222214,0.122,,30,-0.4176038087415505,,2.965890873791414,0.244
mesh_heldout,SENS2,all,E,new_rel_count,pp,new_rel_pp,10,19,10,False,-5,-0.06268034929219635,-0.31713544721576226,0.16526296614660355,0.642,,8,-0.3807421196078617,,,
mesh_heldout,SENS2,all,E,new_rel_count,pp,new_rel_pp,10,19,10,False,-4,0.12697230388294534,-0.17556389847678644,0.42307086203419386,0.377,,10,0.771273687173037,,,
mesh_heldout,SENS2,all,E,new_rel_count,pp,new_rel_pp,10,19,10,False,-3,0.0215624251099421,-0.07816715796640478,0.13006168752250052,0.728,,10,0.13097762748535352,,,
mesh_heldout,SENS2,all,E,new_rel_count,pp,new_rel_pp,10,19,10,False,-2,-0.011883181637253565,-0.1453958997503517,0.09537547478699383,0.877,,10,-0.07218255506461306,,,
mesh_heldout,SENS2,all,E,new_rel_count,pp,new_rel_pp,10,19,10,False,-1,-0.03376018251290647,-0.09320209423882528,0.03078751643621357,0.295,,10,-0.205071024546964,,,
mesh_heldout,SENS2,all,E,new_rel_count,pp,new_rel_pp,10,19,10,False,D_-3_-1,-0.008026979680072644,-0.06336793368728216,0.036367685258239676,0.786,,30,-0.04875865070874118,,0.025510695108614926,0.8296666666666668
mesh_heldout,SENS2,all,E,new_rel_rate,raw,new_rel_rate,10,19,10,False,-5,-0.0961663038710964,-0.3082560962603432,0.06431124366279632,0.33,,8,-0.7665245501639988,,,
mesh_heldout,SENS2,all,E,new_rel_rate,raw,new_rel_rate,10,19,10,False,-4,0.01524593937406783,-0.18674753841023345,0.20084530366265918,0.918,,9,0.12152267842382351,,,
mesh_heldout,SENS2,all,E,new_rel_rate,raw,new_rel_rate,10,19,10,False,-3,-0.04686254033757657,-0.15115493854528048,0.05560334395581215,0.4,,10,-0.37353299654682454,,,
mesh_heldout,SENS2,all,E,new_rel_rate,raw,new_rel_rate,10,19,10,False,-2,-0.03197141621054665,-0.11187478513293732,0.04393731510035855,0.47,,10,-0.2548384875199618,,,
mesh_heldout,SENS2,all,E,new_rel_rate,raw,new_rel_rate,10,19,10,False,-1,-0.06651217385289807,-0.12902673345205812,-0.010225242410584975,0.02,,10,-0.5301567398426946,,,
mesh_heldout,SENS2,all,E,new_rel_rate,raw,new_rel_rate,10,19,10,False,D_-3_-1,-0.048448710133673765,-0.09512603495088805,-0.014619804013287137,0.0,,30,-0.38617607463649367,,0.020567997540080905,0.0
mesh_heldout,SENS2,all,E,new_rel_rate,volres,new_rel_rate_volres,10,19,10,False,-5,-0.12521691209731722,-0.3178324144193897,0.03180104609087854,0.155,,8,-0.8406444788541685,,,
mesh_heldout,SENS2,all,E,new_rel_rate,volres,new_rel_rate_volres,10,19,10,False,-4,-0.026771124959101375,-0.2215503084622687,0.1737202670055201,0.805,,9,-0.17972810551415735,,,
mesh_heldout,SENS2,all,E,new_rel_rate,volres,new_rel_rate_volres,10,19,10,False,-3,-0.08594433173719254,-0.18682335789687002,0.016739175889042387,0.116,,10,-0.576987778675864,,,
mesh_heldout,SENS2,all,E,new_rel_rate,volres,new_rel_rate_volres,10,19,10,False,-2,-0.07623479665249965,-0.14436701408494698,-0.011655788425001076,0.023,,10,-0.5118027575435405,,,
mesh_heldout,SENS2,all,E,new_rel_rate,volres,new_rel_rate_volres,10,19,10,False,-1,-0.12807279265736843,-0.20642164035602972,-0.05326449723824336,0.002,,10,-0.8598174498599391,,,
mesh_heldout,SENS2,all,E,new_rel_rate,volres,new_rel_rate_volres,10,19,10,False,D_-3_-1,-0.0967506403490202,-0.12638869908276346,-0.0667513333085126,0.0,,30,-0.6495359953597812,,0.01556262246633759,0.0
mesh_heldout,SENS2,all,E,nbr_novelty,raw,nbr_novelty,10,19,10,False,-5,-0.03602928617190787,-0.08513340817925312,0.007060872644512334,0.109,,8,-1.4135539243162125,,,
mesh_heldout,SENS2,all,E,nbr_novelty,raw,nbr_novelty,10,19,10,False,-4,0.011794224762501505,-0.027743097425628218,0.05339741699264651,0.577,,9,0.4627283654123705,,,
mesh_heldout,SENS2,all,E,nbr_novelty,raw,nbr_novelty,10,19,10,False,-3,0.009882204487467646,-0.02019250226816016,0.0380961104645315,0.492,,10,0.387713174985045,,,
mesh_heldout,SENS2,all,E,nbr_novelty,raw,nbr_novelty,10,19,10,False,-2,0.016083222333222333,-0.012059104090354095,0.05706281565656562,0.423,,10,0.6310006236677187,,,
mesh_heldout,SENS2,all,E,nbr_novelty,raw,nbr_novelty,10,19,10,False,-1,0.013685673711123275,-0.01602105283249351,0.05287299494616567,0.483,,10,0.5369364713185247,,,
mesh_heldout,SENS2,all,E,nbr_novelty,raw,nbr_novelty,10,19,10,False,D_-3_-1,0.013217033510604418,-0.008092422187189693,0.039701793341400844,0.292,,30,0.5185500899904294,,0.012403838609787918,0.4112142857142857
mesh_heldout,SENS2,all,E,nbr_novelty,volres,nbr_novelty_volres,10,19,10,False,-5,-0.046317372768673384,-0.08846819302467955,-0.008743144718822026,0.017,,8,-1.2976485831518512,,,
mesh_heldout,SENS2,all,E,nbr_novelty,volres,nbr_novelty_volres,10,19,10,False,-4,-0.0030858491084250084,-0.04141262670753885,0.0357686383789249,0.888,,9,-0.08645455223393939,,,
mesh_heldout,SENS2,all,E,nbr_novelty,volres,nbr_novelty_volres,10,19,10,False,-3,-0.003958361298451502,-0.03332872154063923,0.02379161613169753,0.803,,10,-0.11089925061580373,,,
mesh_heldout,SENS2,all,E,nbr_novelty,volres,nbr_novelty_volres,10,19,10,False,-2,0.00040763001838187466,-0.03347545307410701,0.040318857605640405,0.919,,10,0.011420348007328333,,,
mesh_heldout,SENS2,all,E,nbr_novelty,volres,nbr_novelty_volres,10,19,10,False,-1,-0.008115624639635971,-0.040721216840357406,0.027396371267146544,0.581,,10,-0.22737103133230033,,,
mesh_heldout,SENS2,all,E,nbr_novelty,volres,nbr_novelty_volres,10,19,10,False,D_-3_-1,-0.003888785306568533,-0.025832594308061486,0.020957788695973586,0.677,,30,-0.10894997798025857,,0.012055249871870894,0.7566470588235295
mesh_heldout,SENS2,all,E,beta_sor,raw,beta_sor,10,19,10,False,-5,-0.10408613612143307,-0.3432862279983764,0.053722294604339284,0.303,,8,-1.067926707041584,,,
mesh_heldout,SENS2,all,E,beta_sor,raw,beta_sor,10,19,10,False,-4,0.10439775218104273,-0.08168676461964822,0.30481093870704223,0.294,,9,1.0711238966462782,,,
mesh_heldout,SENS2,all,E,beta_sor,raw,beta_sor,10,19,10,False,-3,-0.015545815124204526,-0.14845089769729836,0.09570450928613264,0.874,,10,-0.1595005038375174,,,
mesh_heldout,SENS2,all,E,beta_sor,raw,beta_sor,10,19,10,False,-2,0.0004044299479770364,-0.07789407006350184,0.07141999633722315,0.966,,10,0.004149462730254811,,,
mesh_heldout,SENS2,all,E,beta_sor,raw,beta_sor,10,19,10,False,-1,0.00475993886751139,-0.05685775419028115,0.06994594290286575,0.883,,10,0.04883710770635434,,,
mesh_heldout,SENS2,all,E,beta_sor,raw,beta_sor,10,19,10,False,D_-3_-1,-0.003460482102905367,-0.07879927781056285,0.058223860300613314,0.999,,30,-0.03550464446696942,,0.0349139612958608,0.9990000000000001
mesh_heldout,SENS2,all,E,beta_sor,volres,beta_sor_volres,10,19,10,False,-5,-0.13925393071014824,-0.343868221591059,0.021526186504589997,0.123,,8,-1.2731643096441734,,,
mesh_heldout,SENS2,all,E,beta_sor,volres,beta_sor_volres,10,19,10,False,-4,0.05353315491742977,-0.12917798824245968,0.24403736534157763,0.576,,9,0.4894404192107814,,,
mesh_heldout,SENS2,all,E,beta_sor,volres,beta_sor_volres,10,19,10,False,-3,-0.06285705905403614,-0.17477507284341437,0.033229251476410974,0.23,,10,-0.5746865728578168,,,
mesh_heldout,SENS2,all,E,beta_sor,volres,beta_sor_volres,10,19,10,False,-2,-0.053179490191076664,-0.09876624591366842,-0.012624565746168251,0.009,,10,-0.48620694993004654,,,
mesh_heldout,SENS2,all,E,beta_sor,volres,beta_sor_volres,10,19,10,False,-1,-0.06976349899000449,-0.13880049697047553,0.0008567674504319235,0.054,,10,-0.6378304481389996,,,
mesh_heldout,SENS2,all,E,beta_sor,volres,beta_sor_volres,10,19,10,False,D_-3_-1,-0.06193334941170577,-0.1022217703820948,-0.02070606820199763,0.0,,30,-0.5662413236422877,,0.02086479219311759,0.0
mesh_heldout,SENS2,all,E,beta_sim,raw,beta_sim,10,19,10,False,-5,-0.004584783104036198,-0.0654388732531873,0.06115029377646858,0.882,,8,-0.0508190548002392,,,
mesh_heldout,SENS2,all,E,beta_sim,raw,beta_sim,10,19,10,False,-4,0.0632554448875779,-0.01773744845277553,0.13941352539868015,0.127,,9,0.7011415474213786,,,
mesh_heldout,SENS2,all,E,beta_sim,raw,beta_sim,10,19,10,False,-3,0.04224964838087604,-0.025596390558709787,0.11605205044032346,0.242,,10,0.4683072563385596,,,
mesh_heldout,SENS2,all,E,beta_sim,raw,beta_sim,10,19,10,False,-2,0.026169937675524037,-0.02946454291731578,0.0796496547240426,0.323,,10,0.29007511733335867,,,
mesh_heldout,SENS2,all,E,beta_sim,raw,beta_sim,10,19,10,False,-1,0.00923684630470675,-0.0669882824414508,0.09449179168976476,0.893,,10,0.10238386154560675,,,
mesh_heldout,SENS2,all,E,beta_sim,raw,beta_sim,10,19,10,False,D_-3_-1,0.025885477453702278,-0.0077758152423829064,0.05984493855076662,0.146,,30,0.28692207840584166,,0.0176011247010204,0.2521818181818182
mesh_heldout,SENS2,all,E,beta_sim,volres,beta_sim_volres,10,19,10,False,-5,0.003922773663841443,-0.05192395568817098,0.06355311545657664,0.955,,8,0.041487473985458975,,,
mesh_heldout,SENS2,all,E,beta_sim,volres,beta_sim_volres,10,19,10,False,-4,0.07556026677806627,-0.0030348623401644935,0.15773978179787077,0.055,,9,0.7991296136161864,,,
mesh_heldout,SENS2,all,E,beta_sim,volres,beta_sim_volres,10,19,10,False,-3,0.05369486688829719,-0.007032276931547412,0.12353233917242498,0.085,,10,0.5678799196891298,,,
mesh_heldout,SENS2,all,E,beta_sim,volres,beta_sim_volres,10,19,10,False,-2,0.03913259989986218,-0.019142263836398353,0.0942288586743598,0.176,,10,0.41386856837900104,,,
mesh_heldout,SENS2,all,E,beta_sim,volres,beta_sim_volres,10,19,10,False,-1,0.027265056078021994,-0.05199381439478269,0.1187893844638995,0.549,,10,0.2883567602116793,,,
mesh_heldout,SENS2,all,E,beta_sim,volres,beta_sim_volres,10,19,10,False,D_-3_-1,0.04003084095539378,0.004142092417632675,0.07914483543803154,0.024,,30,0.42336841609327003,,0.01916008193453019,0.06785714285714287
mesh_heldout,SENS2,all,E,beta_sne,raw,beta_sne,10,19,10,False,-5,-0.09950135301739686,-0.3765479085698228,0.07239313106035332,0.468,,8,-1.068790500558252,,,
mesh_heldout,SENS2,all,E,beta_sne,raw,beta_sne,10,19,10,False,-4,0.04114230729346481,-0.16912545830934644,0.28343099657647153,0.802,,9,0.44192873637221297,,,
mesh_heldout,SENS2,all,E,beta_sne,raw,beta_sne,10,19,10,False,-3,-0.057795463505080566,-0.22402756622007322,0.056644884488542345,0.501,,10,-0.6208080643766837,,,
mesh_heldout,SENS2,all,E,beta_sne,raw,beta_sne,10,19,10,False,-2,-0.025765507727547,-0.12104978956739233,0.06656423259708757,0.613,,10,-0.27675935116628736,,,
mesh_heldout,SENS2,all,E,beta_sne,raw,beta_sne,10,19,10,False,-1,-0.0044769074371953516,-0.05675555237058743,0.057577399634807035,0.841,,10,-0.04808855352867806,,,
mesh_heldout,SENS2,all,E,beta_sne,raw,beta_sne,10,19,10,False,D_-3_-1,-0.02934595955660764,-0.10993171298903075,0.03614863594915055,0.455,,30,-0.3152186563572164,,0.03730070709352435,0.572375
mesh_heldout,SENS2,all,E,beta_sne,volres,beta_sne_volres,10,19,10,False,-5,-0.1431767043739897,-0.3776483542583358,0.014921344958087113,0.111,,8,-1.1376466506668177,,,
mesh_heldout,SENS2,all,E,beta_sne,volres,beta_sne_volres,10,19,10,False,-4,-0.022027111860636505,-0.22730028797194898,0.21150943530964758,0.843,,9,-0.1750219782029627,,,
mesh_heldout,SENS2,all,E,beta_sne,volres,beta_sne_volres,10,19,10,False,-3,-0.11655192594233332,-0.23142448831114704,-0.034849326277574776,0.0,,10,-0.9260927520074309,,,
mesh_heldout,SENS2,all,E,beta_sne,volres,beta_sne_volres,10,19,10,False,-2,-0.09231209009093881,-0.1643271228630995,-0.012444084161556719,0.026,,10,-0.7334890167166632,,,
mesh_heldout,SENS2,all,E,beta_sne,volres,beta_sne_volres,10,19,10,False,-1,-0.09702855506802649,-0.191169650341426,0.00034604413201541005,0.051,,10,-0.770964879900073,,,
mesh_heldout,SENS2,all,E,beta_sne,volres,beta_sne_volres,10,19,10,False,D_-3_-1,-0.10196419036709954,-0.1531013314762929,-0.048042363776434234,0.0,,30,-0.8101822162080557,,0.02647998226596053,0.0
mesh_heldout,SENS2,all,E,accretion_share,raw,accretion_share,10,19,10,True,-5,-0.19566035538607132,-0.5903715361320888,0.22062048569751647,0.347,,8,-0.43766570075079686,,,
mesh_heldout,SENS2,all,E,accretion_share,raw,accretion_share,10,19,10,True,-4,-0.15967242978610277,-0.5752823994411702,0.2835339922315067,0.438,,9,-0.35716558796505143,,,
mesh_heldout,SENS2,all,E,accretion_share,raw,accretion_share,10,19,10,True,-3,-0.30483464172910885,-0.782423038293636,0.1875163390613635,0.211,,10,-0.681873784917934,,,
mesh_heldout,SENS2,all,E,accretion_share,raw,accretion_share,10,19,10,True,-2,-0.14538786661598205,-0.5358838849911892,0.23145443368049806,0.444,,10,-0.32521295587750404,,,
mesh_heldout,SENS2,all,E,accretion_share,raw,accretion_share,10,19,10,True,-1,-0.2961686888026458,-0.6138232139841173,0.06119460130979325,0.092,,10,-0.6624892225585841,,,
mesh_heldout,SENS2,all,E,accretion_share,raw,accretion_share,10,19,10,True,D_-3_-1,-0.24879706571591223,-0.4671581313809193,-0.015890605242241947,0.037,0.11099999999999999,30,-0.5565253211180073,0.8116063032666224,0.11625575777509618,0.09373333333333332
mesh_heldout,SENS2,all,E,accretion_share,volres,accretion_share_volres,10,19,10,True,-5,-0.21151046546240693,-0.5946920659024276,0.19241189224772623,0.293,,8,-0.4610819830106717,,,
mesh_heldout,SENS2,all,E,accretion_share,volres,accretion_share_volres,10,19,10,True,-4,-0.18259708215754955,-0.5988451768621369,0.25829653608330944,0.411,,9,-0.3980522880941298,,,
mesh_heldout,SENS2,all,E,accretion_share,volres,accretion_share_volres,10,19,10,True,-3,-0.32615779926304256,-0.8535948918510279,0.14700949496727886,0.188,,10,-0.7110072994725134,,,
mesh_heldout,SENS2,all,E,accretion_share,volres,accretion_share_volres,10,19,10,True,-2,-0.1695381166517949,-0.5418305790940358,0.2202148064339062,0.417,,10,-0.36958441205642373,,,
mesh_heldout,SENS2,all,E,accretion_share,volres,accretion_share_volres,10,19,10,True,-1,-0.32975637057577617,-0.6689866977768584,0.03208456400659163,0.073,,10,-0.7188520006472429,,,
mesh_heldout,SENS2,all,E,accretion_share,volres,accretion_share_volres,10,19,10,True,D_-3_-1,-0.2751507621635379,-0.5268199576614148,-0.0404646876102269,0.025,,30,-0.5998145707253933,,0.12273999116962954,0.06785714285714287
mesh_heldout,SENS2,all,E,closure_lr,raw,closure_lr,10,19,10,True,-5,-0.5546060843628163,-1.2454355649672944,-0.029005796589446128,0.028,,8,-0.5544784867215432,,,
mesh_heldout,SENS2,all,E,closure_lr,raw,closure_lr,10,19,10,True,-4,-0.6553050776312465,-1.284752769132213,-0.10140865742194577,0.019,,9,-0.6551543122780028,,,
mesh_heldout,SENS2,all,E,closure_lr,raw,closure_lr,10,19,10,True,-3,-0.6101495624641036,-1.455300907998849,0.2652829924240566,0.179,,10,-0.610009185992966,,,
mesh_heldout,SENS2,all,E,closure_lr,raw,closure_lr,10,19,10,True,-2,-0.7748003368253025,-1.709687597243137,0.25112342139753663,0.138,,10,-0.7746220793228625,,,
mesh_heldout,SENS2,all,E,closure_lr,raw,closure_lr,10,19,10,True,-1,-1.1887998737302536,-1.9802094650781719,-0.3337819700630872,0.009,,10,-1.1885263677877287,,,
mesh_heldout,SENS2,all,E,closure_lr,raw,closure_lr,10,19,10,True,D_-3_-1,-0.8579165910065533,-1.6679443744989304,0.03373946815910772,0.062,0.124,30,-0.8577192110345191,1.4766109738375295,0.44530694386814923,0.14725
mesh_heldout,SENS2,all,E,closure_lr,volres,closure_lr_volres,10,19,10,True,-5,-0.3161108603605628,-0.8847369692626583,0.0891446655494402,0.176,,8,-0.44396035507663045,,,
mesh_heldout,SENS2,all,E,closure_lr,volres,closure_lr_volres,10,19,10,True,-4,-0.3103598326979057,-0.8624566558654504,0.14410506467646944,0.214,,9,-0.4358833523432966,,,
mesh_heldout,SENS2,all,E,closure_lr,volres,closure_lr_volres,10,19,10,True,-3,-0.2893018706816012,-0.9117544345835863,0.3371455273133275,0.386,,10,-0.4063086003613964,,,
mesh_heldout,SENS2,all,E,closure_lr,volres,closure_lr_volres,10,19,10,True,-2,-0.41141363072280435,-1.1216208628776663,0.28603059120751045,0.263,,10,-0.5778078657934306,,,
mesh_heldout,SENS2,all,E,closure_lr,volres,closure_lr_volres,10,19,10,True,-1,-0.6834089553315913,-1.3423999082251112,0.006438102898051753,0.052,,10,-0.9598103719862406,,,
mesh_heldout,SENS2,all,E,closure_lr,volres,closure_lr_volres,10,19,10,True,D_-3_-1,-0.461374818911999,-1.0889034779939795,0.19421527488482113,0.167,,30,-0.6479756127136892,,0.3319738159562585,0.2759130434782609
mesh_heldout,SENS2,all,E,rewire_z,raw,rewire_z,10,19,0,False,-5,,,,,,0,,,,
mesh_heldout,SENS2,all,E,rewire_z,raw,rewire_z,10,19,0,False,-4,,,,,,0,,,,
mesh_heldout,SENS2,all,E,rewire_z,raw,rewire_z,10,19,0,False,-3,,,,,,0,,,,
mesh_heldout,SENS2,all,E,rewire_z,raw,rewire_z,10,19,0,False,-2,,,,,,0,,,,
mesh_heldout,SENS2,all,E,rewire_z,raw,rewire_z,10,19,0,False,-1,,,,,,0,,,,
mesh_heldout,SENS2,all,E,rewire_z,raw,rewire_z,10,19,0,False,D_-3_-1,,,,,,0,,,,
mesh_heldout,SENS2,all,E,rewire_z,volres,rewire_z_volres,10,19,0,False,-5,,,,,,0,,,,
mesh_heldout,SENS2,all,E,rewire_z,volres,rewire_z_volres,10,19,0,False,-4,,,,,,0,,,,
mesh_heldout,SENS2,all,E,rewire_z,volres,rewire_z_volres,10,19,0,False,-3,,,,,,0,,,,
mesh_heldout,SENS2,all,E,rewire_z,volres,rewire_z_volres,10,19,0,False,-2,,,,,,0,,,,
mesh_heldout,SENS2,all,E,rewire_z,volres,rewire_z_volres,10,19,0,False,-1,,,,,,0,,,,
mesh_heldout,SENS2,all,E,rewire_z,volres,rewire_z_volres,10,19,0,False,D_-3_-1,,,,,,0,,,,
mesh_heldout,SENS2,all,E,P,raw,P,10,19,10,False,-5,-0.008650235246136562,-0.06697257108372906,0.04922164309300931,0.796,,8,-0.05924279920438507,,,
mesh_heldout,SENS2,all,E,P,raw,P,10,19,10,False,-4,0.01845850838802907,-0.06783165520132407,0.1279801405323039,0.784,,9,0.12641664358583388,,,
mesh_heldout,SENS2,all,E,P,raw,P,10,19,10,False,-3,-0.031426051194277806,-0.1631714427942022,0.08415005034825711,0.663,,10,-0.21522735367466952,,,
mesh_heldout,SENS2,all,E,P,raw,P,10,19,10,False,-2,0.014793309970811241,-0.06828926165324341,0.11811490834194943,0.828,,10,0.10131482754303375,,,
mesh_heldout,SENS2,all,E,P,raw,P,10,19,10,False,-1,-0.005621072261965687,-0.15300009106602702,0.1334284050413356,0.971,,10,-0.038496994110963925,,,
mesh_heldout,SENS2,all,E,P,raw,P,10,19,10,False,D_-3_-1,-0.007417937828477417,-0.11012314213473286,0.0966040601598595,0.914,,30,-0.0508031734141999,,0.05245220558548081,0.9387027027027027
mesh_heldout,SENS2,all,E,P,volres,P_volres,10,19,10,False,-5,0.02090865383759952,-0.04075525134103,0.07768576575536092,0.499,,8,0.14105123528818694,,,
mesh_heldout,SENS2,all,E,P,volres,P_volres,10,19,10,False,-4,0.06121071979017631,-0.023087528158394655,0.17216353005099228,0.208,,9,0.4129317796518015,,,
mesh_heldout,SENS2,all,E,P,volres,P_volres,10,19,10,False,-3,0.008339530585599341,-0.11815821082142582,0.10137044943212851,0.822,,10,0.056259054263316115,,,
mesh_heldout,SENS2,all,E,P,volres,P_volres,10,19,10,False,-2,0.059831139911114196,-0.03602384262063887,0.1648799902167964,0.282,,10,0.40362503768592184,,,
mesh_heldout,SENS2,all,E,P,volres,P_volres,10,19,10,False,-1,0.057016635320524166,-0.08579954113512751,0.19136990305284587,0.435,,10,0.3846381936590194,,,
mesh_heldout,SENS2,all,E,P,volres,P_volres,10,19,10,False,D_-3_-1,0.04172910193907923,-0.047110114192146835,0.13736824742824916,0.383,,30,0.28150742853608574,,0.04728110200766127,0.5018620689655172
mesh_heldout,SENS2,all,E,z_within,raw,z_within,10,19,10,False,-5,0.09350274438643695,0.021021205209038968,0.1651818334434961,0.009,,8,0.6495113784504335,,,
mesh_heldout,SENS2,all,E,z_within,raw,z_within,10,19,10,False,-4,0.013554008002373283,-0.08462691531822769,0.0953511016601033,0.699,,9,0.09415212867726978,,,
mesh_heldout,SENS2,all,E,z_within,raw,z_within,10,19,10,False,-3,-0.12375738997604335,-0.25296179813272074,-0.012198014027080952,0.027,,10,-0.8596735152987399,,,
mesh_heldout,SENS2,all,E,z_within,raw,z_within,10,19,10,False,-2,-0.02656851259344727,-0.13979458652491525,0.07245473954321817,0.721,,10,-0.1845566282699483,,,
mesh_heldout,SENS2,all,E,z_within,raw,z_within,10,19,10,False,-1,-0.0023417703670857715,-0.055580752401502086,0.048848526872533396,0.951,,10,-0.016266971724959195,,,
mesh_heldout,SENS2,all,E,z_within,raw,z_within,10,19,10,False,D_-3_-1,-0.05088922431219214,-0.12511770384749604,0.019423865981422123,0.178,,30,-0.35349903843121583,,0.03785662309404964,0.2818333333333333
mesh_heldout,SENS2,all,E,z_within,volres,z_within_volres,10,19,10,False,-5,0.09758617455106271,0.024683588432651855,0.17332602804006556,0.009,,8,0.678057367159457,,,
mesh_heldout,SENS2,all,E,z_within,volres,z_within_volres,10,19,10,False,-4,0.019460037459347664,-0.09317146444967311,0.10073607880424447,0.654,,9,0.1352140487647181,,,
mesh_heldout,SENS2,all,E,z_within,volres,z_within_volres,10,19,10,False,-3,-0.11826395022958187,-0.25693796672925323,0.008937384714297595,0.073,,10,-0.8217326182879261,,,
mesh_heldout,SENS2,all,E,z_within,volres,z_within_volres,10,19,10,False,-2,-0.020346735015591443,-0.1411058422999735,0.0789136223442399,0.758,,10,-0.14137508349345196,,,
mesh_heldout,SENS2,all,E,z_within,volres,z_within_volres,10,19,10,False,-1,0.006311352687057637,-0.045990472810801146,0.05552636470517143,0.821,,10,0.043853129870992186,,,
mesh_heldout,SENS2,all,E,z_within,volres,z_within_volres,10,19,10,False,D_-3_-1,-0.04409977751937189,-0.12981744863858125,0.03117542726516795,0.278,,30,-0.3064181906367953,,0.04053696484991688,0.4112142857142857
mesh_heldout,SENS2,all,E,betw,raw,betw,10,19,10,False,-5,-1.4518993387613428e-06,-4.185950872858076e-06,8.862104774676953e-07,0.245,,8,-0.02091129744141916,,,
mesh_heldout,SENS2,all,E,betw,raw,betw,10,19,10,False,-4,-6.477248833212696e-06,-1.3717872414778166e-05,-5.012747736085102e-07,0.031,,10,-0.09328999148725435,,,
mesh_heldout,SENS2,all,E,betw,raw,betw,10,19,10,False,-3,-3.944470819469557e-07,-8.28053498156776e-06,9.608445723355106e-06,0.832,,10,-0.005681110277610276,,,
mesh_heldout,SENS2,all,E,betw,raw,betw,10,19,10,False,-2,-7.716749815973912e-06,-2.0328212885603296e-05,3.1195614067100556e-06,0.157,,10,-0.11114217520101227,,,
mesh_heldout,SENS2,all,E,betw,raw,betw,10,19,10,False,-1,-1.5342365862449314e-05,-3.872508022318282e-05,1.5096518055120098e-05,0.273,,10,-0.22097177637566892,,,
mesh_heldout,SENS2,all,E,betw,raw,betw,10,19,10,False,D_-3_-1,-7.817854253456728e-06,-2.0340252020508932e-05,8.58720778252426e-06,0.293,,30,-0.1125983539514305,,7.5360759307645475e-06,0.4112142857142857
mesh_heldout,SENS2,all,E,dP,raw,dP,10,19,10,True,-5,-0.03859773134754827,-0.1607188518536927,0.07737148523019462,0.496,,7,-0.26786896045255354,,,
mesh_heldout,SENS2,all,E,dP,raw,dP,10,19,10,True,-4,0.041155788568022086,-0.047146983476323144,0.16794555989524174,0.499,,8,0.2856219242797914,,,
mesh_heldout,SENS2,all,E,dP,raw,dP,10,19,10,True,-3,-0.07735954426860457,-0.2160329993538062,0.03765770526466422,0.219,,9,-0.5368766500218329,,,
mesh_heldout,SENS2,all,E,dP,raw,dP,10,19,10,True,-2,0.04621936116508905,-0.07780936611358985,0.18930365788710016,0.452,,10,0.3207632105781769,,,
mesh_heldout,SENS2,all,E,dP,raw,dP,10,19,10,True,-1,-0.020414382232776935,-0.12018592712080209,0.06696554539925233,0.687,,10,-0.14167618551815192,,,
mesh_heldout,SENS2,all,E,dP,raw,dP,10,19,10,True,D_-3_-1,-0.017184855112097486,-0.06209207145186529,0.026100110514608126,0.467,0.467,29,-0.11926320832060264,0.5198274187949422,0.0230337719794447,0.572375
mesh_heldout,SENS2,all,E,dP,volres,dP_volres,10,19,10,True,-5,-0.04433977363452841,-0.1714459175501912,0.07130895857461243,0.467,,7,-0.3076052452791542,,,
mesh_heldout,SENS2,all,E,dP,volres,dP_volres,10,19,10,True,-4,0.03545499744517012,-0.0541659383383495,0.1537799224246734,0.59,,8,0.24596749806139007,,,
mesh_heldout,SENS2,all,E,dP,volres,dP_volres,10,19,10,True,-3,-0.08560481655625292,-0.22807995469499287,0.032554019230618965,0.191,,9,-0.5938796803725102,,,
mesh_heldout,SENS2,all,E,dP,volres,dP_volres,10,19,10,True,-2,0.03943486530200287,-0.07460612814714616,0.17877547021856993,0.588,,10,0.2735776576975305,,,
mesh_heldout,SENS2,all,E,dP,volres,dP_volres,10,19,10,True,-1,-0.029850122554410764,-0.13028329768642785,0.06408568649583973,0.582,,10,-0.20708392301786716,,,
mesh_heldout,SENS2,all,E,dP,volres,dP_volres,10,19,10,True,D_-3_-1,-0.025340024602886937,-0.07355665223299578,0.02155821660974169,0.303,,29,-0.1757953152309489,,0.024173853451519896,0.4112142857142857
mesh_heldout,SENS2,all,E,dz,raw,dz,10,19,10,False,-5,0.1854631617375062,0.0978516247196907,0.2812869513041499,0.0,,7,0.9883923823791624,,,
mesh_heldout,SENS2,all,E,dz,raw,dz,10,19,10,False,-4,-0.08670158758453979,-0.2593826665255296,0.04960324745742883,0.23,,8,-0.46206043241097594,,,
mesh_heldout,SENS2,all,E,dz,raw,dz,10,19,10,False,-3,-0.08755915571946396,-0.17683208288907643,-0.02003243059723189,0.006,,9,-0.46663068670832164,,,
mesh_heldout,SENS2,all,E,dz,raw,dz,10,19,10,False,-2,0.09718887738259607,-0.0139966260417066,0.22463192162963097,0.101,,10,0.517950546928016,,,
mesh_heldout,SENS2,all,E,dz,raw,dz,10,19,10,False,-1,0.0242267422263615,-0.0464350148110552,0.11665324271515587,0.56,,10,0.12911204166944165,,,
mesh_heldout,SENS2,all,E,dz,raw,dz,10,19,10,False,D_-3_-1,0.011285487963164538,-0.019846762116196747,0.05262430919929504,0.594,,29,0.06014396729637866,,0.01923888609846822,0.6839999999999999
mesh_heldout,SENS2,all,E,dbetw,raw,dbetw,10,19,10,False,-5,3.011879955430312e-07,-2.9619053535873384e-06,3.786843725864549e-06,0.879,,7,0.007231900013975394,,,
mesh_heldout,SENS2,all,E,dbetw,raw,dbetw,10,19,10,False,-4,-7.003098226770814e-06,-1.4462758299013193e-05,-9.419899698436415e-08,0.045,,8,-0.16815313662399625,,,
mesh_heldout,SENS2,all,E,dbetw,raw,dbetw,10,19,10,False,-3,6.0828017512657385e-06,-2.004513502502925e-06,1.4375005823296617e-05,0.156,,10,0.14605566862210248,,,
mesh_heldout,SENS2,all,E,dbetw,raw,dbetw,10,19,10,False,-2,-7.3223027340269544e-06,-1.6560540562396695e-05,3.4969647550105105e-07,0.068,,10,-0.175817635590247,,,
mesh_heldout,SENS2,all,E,dbetw,raw,dbetw,10,19,10,False,-1,-7.625616046475403e-06,-2.5747838750612217e-05,1.5832815434650098e-05,0.44,,10,-0.18310056711804576,,,
mesh_heldout,SENS2,all,E,dbetw,raw,dbetw,10,19,10,False,D_-3_-1,-2.9550390097455394e-06,-1.0867369838283133e-05,7.084911849936774e-06,0.482,,30,-0.07095417802873008,,4.500104258105908e-06,0.572375
mesh_heldout,SENS2,all,E,dpctl,raw,dpctl,10,19,10,False,-5,-0.439158213794177,-0.7296774463365857,-0.18491195109831174,0.0,,7,-0.3303918802756357,,,
mesh_heldout,SENS2,all,E,dpctl,raw,dpctl,10,19,10,False,-4,-0.3661529365968229,-0.6760568509208356,-0.001608566104369281,0.05,,8,-0.27546782319177465,,,
mesh_heldout,SENS2,all,E,dpctl,raw,dpctl,10,19,10,False,-3,-0.7351904367607253,-1.6297472987858883,0.02549746196973648,0.056,,9,-0.5531057899690879,,,
mesh_heldout,SENS2,all,E,dpctl,raw,dpctl,10,19,10,False,-2,-0.5235128691146305,-1.2345157026612692,0.07231244626009439,0.089,,10,-0.39385441451936454,,,
mesh_heldout,SENS2,all,E,dpctl,raw,dpctl,10,19,10,False,-1,-0.7973878493382861,-1.575269300454107,-0.07413731992083811,0.029,,10,-0.5998987667239547,,,
mesh_heldout,SENS2,all,E,dpctl,raw,dpctl,10,19,10,False,D_-3_-1,-0.6853637184045472,-1.437846703304736,-0.08791506701446514,0.021,,29,-0.5156196570708024,,0.3436478229792347,0.0665
mesh_heldout,SENS2,all,E,dk,raw,dk,10,19,10,False,-5,-3.1166666666666667,-5.416666666666667,-0.6162500000000024,0.009,,10,-0.27880878887656324,,,
mesh_heldout,SENS2,all,E,dk,raw,dk,10,19,10,False,-4,-2.216666666666667,-8.350416666666666,5.06708333333333,0.501,,10,-0.19829716000311717,,,
mesh_heldout,SENS2,all,E,dk,raw,dk,10,19,10,False,-3,-3.7666666666666666,-11.434166666666666,3.734999999999991,0.358,,10,-0.33695607639627423,,,
mesh_heldout,SENS2,all,E,dk,raw,dk,10,19,10,False,-2,-3.6,-8.866666666666665,1.667083333333331,0.201,,10,-0.32204651549378427,,,
mesh_heldout,SENS2,all,E,dk,raw,dk,10,19,10,False,-1,-8.05,-18.45,1.5833333333333328,0.116,,10,-0.7201317915902676,,,
mesh_heldout,SENS2,all,E,dk,raw,dk,10,19,10,False,D_-3_-1,-5.138888888888889,-11.900416666666667,1.044861111111109,0.114,,30,-0.45971146116010875,,3.3249907333018554,0.24066666666666667
mesh_heldout,SENS2,all,E,comm_change,raw,comm_change,10,19,10,False,-5,0.0,0.0,0.0,1.0,,7,0.0,,,
mesh_heldout,SENS2,all,E,comm_change,raw,comm_change,10,19,10,False,-4,0.0,0.0,0.0,1.0,,8,0.0,,,
mesh_heldout,SENS2,all,E,comm_change,raw,comm_change,10,19,10,False,-3,-0.1111111111111111,-0.3333333333333333,0.0,0.722,,9,-0.7804583598563718,,,
mesh_heldout,SENS2,all,E,comm_change,raw,comm_change,10,19,10,False,-2,0.0,0.0,0.0,1.0,,10,0.0,,,
mesh_heldout,SENS2,all,E,comm_change,raw,comm_change,10,19,10,False,-1,0.0,0.0,0.0,1.0,,10,0.0,,,
mesh_heldout,SENS2,all,E,comm_change,raw,comm_change,10,19,10,False,D_-3_-1,-0.037037037037037035,-0.1111111111111111,0.0,0.722,,29,-0.2601527866187906,,0.034594784811413835,0.7838857142857143
mesh_heldout,SENS2,all,E,n_modules_touched,raw,n_modules_touched,10,19,10,False,-5,-2.145833333333333,-4.5555555555555545,0.25,0.076,,8,-0.23758776301205414,,,
mesh_heldout,SENS2,all,E,n_modules_touched,raw,n_modules_touched,10,19,10,False,-4,-2.4833333333333334,-5.566666666666666,0.9666666666666668,0.149,,10,-0.2749559354469598,,,
mesh_heldout,SENS2,all,E,n_modules_touched,raw,n_modules_touched,10,19,10,False,-3,-4.6,-9.066666666666666,0.00041666666666421824,0.05,,10,-0.5093143502238986,,,
mesh_heldout,SENS2,all,E,n_modules_touched,raw,n_modules_touched,10,19,10,False,-2,-2.533333333333333,-6.317083333333333,1.4004166666666644,0.206,,10,-0.2804919609928717,,,
mesh_heldout,SENS2,all,E,n_modules_touched,raw,n_modules_touched,10,19,10,False,-1,-4.116666666666666,-10.801250000000001,3.0349999999999913,0.231,,10,-0.4557994366134165,,,
mesh_heldout,SENS2,all,E,n_modules_touched,raw,n_modules_touched,10,19,10,False,D_-3_-1,-3.75,-8.578472222222222,1.2615277777777754,0.134,,30,-0.4152019159433956,,2.470715789197061,0.2521818181818182
mesh_heldout,PRIMARY,rule_parity,E,s,raw,s,14,38,14,False,-5,-27.73809523809524,-53.7904761904762,-3.3071428571428703,0.018,,14,-0.0510314748849412,,,
mesh_heldout,PRIMARY,rule_parity,E,s,raw,s,14,38,14,False,-4,-30.73809523809524,-60.07142857142857,-1.043452380952406,0.043,,14,-0.05655075886391338,,,
mesh_heldout,PRIMARY,rule_parity,E,s,raw,s,14,38,14,False,-3,-7.976190476190475,-39.45357142857142,24.5,0.641,,14,-0.014674286769489526,,,
mesh_heldout,PRIMARY,rule_parity,E,s,raw,s,14,38,14,False,-2,2.642857142857143,-32.479166666666664,37.53571428571422,0.878,,14,0.004862226362427873,,,
mesh_heldout,PRIMARY,rule_parity,E,s,raw,s,14,38,14,False,-1,12.30952380952381,-19.405357142857138,43.619642857142864,0.448,,14,0.02264658585022712,,,
mesh_heldout,PRIMARY,rule_parity,E,s,raw,s,14,38,14,False,D_-3_-1,2.325396825396826,-27.488095238095237,30.112301587301584,0.866,,42,0.004278175147721824,,14.576424477702139,0.9480000000000001
mesh_heldout,PRIMARY,rule_parity,E,s,pp,s_pp,14,38,14,False,-5,-0.8101111598871769,-1.5609742444154109,0.005201509234477714,0.053,,13,-0.5562097340543374,,,
mesh_heldout,PRIMARY,rule_parity,E,s,pp,s_pp,14,38,14,False,-4,-0.7781537464608773,-1.4483947102892814,-0.022316365989235084,0.036,,13,-0.5342682705823589,,,
mesh_heldout,PRIMARY,rule_parity,E,s,pp,s_pp,14,38,14,False,-3,-0.016974091665060285,-0.9497602841489503,1.1978581575546843,0.931,,14,-0.011654147576675752,,,
mesh_heldout,PRIMARY,rule_parity,E,s,pp,s_pp,14,38,14,False,-2,0.03571332163252018,-0.8350127618927904,0.927237421673406,0.966,,14,0.024520211683279995,,,
mesh_heldout,PRIMARY,rule_parity,E,s,pp,s_pp,14,38,14,False,-1,0.11226579780768356,-0.7439166758758875,0.9356784529674319,0.776,,14,0.0770799522755693,,,
mesh_heldout,PRIMARY,rule_parity,E,s,pp,s_pp,14,38,14,False,D_-3_-1,0.04366834259171448,-0.7531099736987249,0.8647855114599032,0.926,,42,0.02998200546072451,,0.4166255414498654,0.9480000000000001
mesh_heldout,PRIMARY,rule_parity,E,k,raw,k,14,38,14,False,-5,-2.4285714285714284,-6.500595238095238,1.3339285714285685,0.217,,14,-0.05545581457417888,,,
mesh_heldout,PRIMARY,rule_parity,E,k,raw,k,14,38,14,False,-4,-1.3095238095238086,-6.333928571428575,3.7392857142857077,0.626,,14,-0.029902645113527807,,,
mesh_heldout,PRIMARY,rule_parity,E,k,raw,k,14,38,14,False,-3,3.095238095238095,-2.8339285714285722,9.905357142857138,0.321,,14,0.07067897935924759,,,
mesh_heldout,PRIMARY,rule_parity,E,k,raw,k,14,38,14,False,-2,4.952380952380953,-2.3339285714285714,13.167857142857137,0.202,,14,0.11308636697479618,,,
mesh_heldout,PRIMARY,rule_parity,E,k,raw,k,14,38,14,False,-1,5.857142857142855,-0.5714285714285714,12.310714285714278,0.068,,14,0.1337463763259608,,,
mesh_heldout,PRIMARY,rule_parity,E,k,raw,k,14,38,14,False,D_-3_-1,4.6349206349206336,-1.3037698412698415,10.865079365079362,0.125,,42,0.10583724088666815,,3.125493905013094,0.5
mesh_heldout,PRIMARY,rule_parity,E,k,pp,k_pp,14,38,14,False,-5,-0.016885626157376012,-0.23223692195731346,0.2122885574436775,0.892,,13,-0.05332764642064717,,,
mesh_heldout,PRIMARY,rule_parity,E,k,pp,k_pp,14,38,14,False,-4,0.04578780185849578,-0.09331548155407413,0.20007646797706927,0.55,,13,0.14460557666805277,,,
mesh_heldout,PRIMARY,rule_parity,E,k,pp,k_pp,14,38,14,False,-3,0.16076387436248643,-0.0991382264174625,0.4484431503193347,0.243,,14,0.5077193448032767,,,
mesh_heldout,PRIMARY,rule_parity,E,k,pp,k_pp,14,38,14,False,-2,0.15436248486524276,-0.06386244449678226,0.3804634070126082,0.195,,14,0.48750268049197215,,,
mesh_heldout,PRIMARY,rule_parity,E,k,pp,k_pp,14,38,14,False,-1,0.1575360390729746,-0.03965965847509173,0.3492129500456544,0.11,,14,0.4975252982562979,,,
mesh_heldout,PRIMARY,rule_parity,E,k,pp,k_pp,14,38,14,False,D_-3_-1,0.15755413276690125,-0.03400008939387458,0.3513248768470627,0.109,,42,0.49758244118384887,,0.09775702750175409,0.5
mesh_heldout,PRIMARY,rule_parity,E,wdeg_pctl,raw,wdeg_pctl,14,38,14,False,-5,-0.5771931299181724,-1.051833392579677,-0.13306480173177765,0.006,,12,-0.1044755372766104,,,
mesh_heldout,PRIMARY,rule_parity,E,wdeg_pctl,raw,wdeg_pctl,14,38,14,False,-4,-0.538155366243978,-0.9914955708846432,-0.13513803393333218,0.007,,13,-0.09740945987108583,,,
mesh_heldout,PRIMARY,rule_parity,E,wdeg_pctl,raw,wdeg_pctl,14,38,14,False,-3,-0.2655887309570636,-0.6613777276283075,0.12161380175674097,0.166,,13,-0.048073207949107195,,,
mesh_heldout,PRIMARY,rule_parity,E,wdeg_pctl,raw,wdeg_pctl,14,38,14,False,-2,0.023937708075057112,-0.44042853573798146,0.46976093248084333,0.919,,14,0.004332873665122791,,,
mesh_heldout,PRIMARY,rule_parity,E,wdeg_pctl,raw,wdeg_pctl,14,38,14,False,-1,0.15660157769188834,-0.2648358252672437,0.5608269280581679,0.467,,14,0.028345857079144988,,,
mesh_heldout,PRIMARY,rule_parity,E,wdeg_pctl,raw,wdeg_pctl,14,38,14,False,D_-3_-1,-0.028349815063372714,-0.39484604726027805,0.30273521467701187,0.89,,41,-0.005131492401613139,,0.18018278029046064,0.9480000000000001
mesh_heldout,PRIMARY,rule_parity,E,wdeg_pctl_focal,raw,wdeg_pctl_focal,14,38,14,False,-5,-11.028749379636858,-20.08059102106448,-1.2656190005489598,0.022,,12,-0.39471425960824713,,,
mesh_heldout,PRIMARY,rule_parity,E,wdeg_pctl_focal,raw,wdeg_pctl_focal,14,38,14,False,-4,-7.896198631034301,-16.30027933865839,0.39749470492509764,0.063,,13,-0.28260159779521465,,,
mesh_heldout,PRIMARY,rule_parity,E,wdeg_pctl_focal,raw,wdeg_pctl_focal,14,38,14,False,-3,-3.4434365575455055,-10.518459625391166,4.172532682770066,0.333,,13,-0.12323913297269058,,,
mesh_heldout,PRIMARY,rule_parity,E,wdeg_pctl_focal,raw,wdeg_pctl_focal,14,38,14,False,-2,1.950148006750506,-5.6819878633845775,11.165380368237301,0.649,,14,0.06979496950327566,,,
mesh_heldout,PRIMARY,rule_parity,E,wdeg_pctl_focal,raw,wdeg_pctl_focal,14,38,14,False,-1,2.0523056935080226,-3.797791545392194,7.988762862026216,0.488,,14,0.0734511497557924,,,
mesh_heldout,PRIMARY,rule_parity,E,wdeg_pctl_focal,raw,wdeg_pctl_focal,14,38,14,False,D_-3_-1,0.1863390475710077,-5.359463828315382,6.417058317913922,0.948,,41,0.0066689954287924924,,2.9299090098190015,0.9480000000000001
mesh_heldout,PRIMARY,rule_parity,E,dpctl_focal,raw,dpctl_focal,14,38,14,False,-5,-3.7705997232675883,-8.52611648783359,1.2166484329690868,0.145,,12,-0.5034631572435276,,,
mesh_heldout,PRIMARY,rule_parity,E,dpctl_focal,raw,dpctl_focal,14,38,14,False,-4,0.09168049327664712,-5.20619978893595,5.985795627267813,0.981,,11,0.012241487824304146,,,
mesh_heldout,PRIMARY,rule_parity,E,dpctl_focal,raw,dpctl_focal,14,38,14,False,-3,3.765948886675607,-0.7370991150637671,7.749075969689759,0.104,,13,0.5028421618989479,,,
mesh_heldout,PRIMARY,rule_parity,E,dpctl_focal,raw,dpctl_focal,14,38,14,False,-2,2.2574831238339663,-3.402989670467494,7.317759998209649,0.391,,13,0.3014267396074839,,,
mesh_heldout,PRIMARY,rule_parity,E,dpctl_focal,raw,dpctl_focal,14,38,14,False,-1,0.10215768675751602,-5.958629549113595,6.000648025201357,0.942,,14,0.013640437937300591,,,
mesh_heldout,PRIMARY,rule_parity,E,dpctl_focal,raw,dpctl_focal,14,38,14,False,D_-3_-1,2.041863232422363,-1.8658085484005837,5.332923770124593,0.265,,40,0.2726364464812441,,1.8723843790799097,0.84
mesh_heldout,PRIMARY,rule_parity,E,growth,raw,growth,14,38,14,False,-5,-0.1432130959499591,-0.5289371003129981,0.27762698633963484,0.509,,14,-0.4338907131713083,,,
mesh_heldout,PRIMARY,rule_parity,E,growth,raw,growth,14,38,14,False,-4,0.18623597832615732,-0.1686327725869278,0.6251707620747484,0.357,,14,0.5642365379931987,,,
mesh_heldout,PRIMARY,rule_parity,E,growth,raw,growth,14,38,14,False,-3,0.28603078885660366,-0.0019579164369688427,0.5590845480176305,0.053,,14,0.8665834792741879,,,
mesh_heldout,PRIMARY,rule_parity,E,growth,raw,growth,14,38,14,False,-2,-0.18817320220977504,-0.668203659732026,0.22852964917676827,0.456,,14,-0.5701057180905907,,,
mesh_heldout,PRIMARY,rule_parity,E,growth,raw,growth,14,38,14,False,-1,-0.04232476578519561,-0.34084825732835794,0.19071999124056943,0.816,,14,-0.12823075075315662,,,
mesh_heldout,PRIMARY,rule_parity,E,growth,raw,growth,14,38,14,False,D_-3_-1,0.018510940287211,-0.2633413064384614,0.25578155460571683,0.855,,42,0.05608233681014685,,0.13303533491712977,0.9480000000000001
mesh_heldout,PRIMARY,rule_parity,E,growth,pp,growth_num_pp,14,38,14,False,-5,-0.6807646259015597,-1.2607826667427144,-0.02903324016279144,0.039,,13,-0.43467853315760135,,,
mesh_heldout,PRIMARY,rule_parity,E,growth,pp,growth_num_pp,14,38,14,False,-4,-0.056860057405263134,-0.8909528981844971,1.0408558128981666,0.811,,13,-0.03630600857887519,,,
mesh_heldout,PRIMARY,rule_parity,E,growth,pp,growth_num_pp,14,38,14,False,-3,0.8377770613675735,-0.1128586967730149,1.6834118267083664,0.069,,14,0.5349333533099906,,,
mesh_heldout,PRIMARY,rule_parity,E,growth,pp,growth_num_pp,14,38,14,False,-2,0.15970402733929284,-0.7724843847344751,1.0369990253517405,0.713,,14,0.10197344236456195,,,
mesh_heldout,PRIMARY,rule_parity,E,growth,pp,growth_num_pp,14,38,14,False,-1,-0.016467506222170542,-1.0199491779784302,0.9715594204735865,0.958,,14,-0.010514752349150175,,,
mesh_heldout,PRIMARY,rule_parity,E,growth,pp,growth_num_pp,14,38,14,False,D_-3_-1,0.3270045274948986,-0.39667359066227165,0.9625510998194567,0.31,,42,0.20879734777513415,,0.3386566226470729,0.84
mesh_heldout,PRIMARY,rule_parity,E,new_rel_count,raw,new_rel_count,14,38,14,False,-5,0.04761904761904777,-1.6428571428571426,1.8333333333333335,0.933,,14,0.004256196453965197,,,
mesh_heldout,PRIMARY,rule_parity,E,new_rel_count,raw,new_rel_count,14,38,14,False,-4,0.7857142857142857,-1.7857142857142854,3.834523809523803,0.602,,14,0.07022724149042553,,,
mesh_heldout,PRIMARY,rule_parity,E,new_rel_count,raw,new_rel_count,14,38,14,False,-3,3.404761904761905,0.14285714285714285,7.024404761904759,0.04,,14,0.3043180464585106,,,
mesh_heldout,PRIMARY,rule_parity,E,new_rel_count,raw,new_rel_count,14,38,14,False,-2,3.142857142857143,-0.5482142857142861,7.095238095238095,0.097,,14,0.2809089659617021,,,
mesh_heldout,PRIMARY,rule_parity,E,new_rel_count,raw,new_rel_count,14,38,14,False,-1,1.2380952380952384,-2.1428571428571423,4.499999999999999,0.462,,14,0.1106611078030948,,,
mesh_heldout,PRIMARY,rule_parity,E,new_rel_count,raw,new_rel_count,14,38,14,False,D_-3_-1,2.5952380952380953,0.3966269841269842,4.960515873015871,0.017,,42,0.2319627067411025,,1.1895974142207777,0.22666666666666668
mesh_heldout,PRIMARY,rule_parity,E,new_rel_count,pp,new_rel_pp,14,38,14,False,-5,0.011054105801047947,-0.11975104586389201,0.14800846095963738,0.86,,13,0.06714646169951294,,,
mesh_heldout,PRIMARY,rule_parity,E,new_rel_count,pp,new_rel_pp,14,38,14,False,-4,0.01630849967797526,-0.12466565900228867,0.1618647762806192,0.839,,13,0.09906346734078406,,,
mesh_heldout,PRIMARY,rule_parity,E,new_rel_count,pp,new_rel_pp,14,38,14,False,-3,0.15451973330317603,-0.08059632427370897,0.38297074559287725,0.196,,14,0.9386063007536127,,,
mesh_heldout,PRIMARY,rule_parity,E,new_rel_count,pp,new_rel_pp,14,38,14,False,-2,0.09243509280577546,-0.12015401904919208,0.313779568444817,0.413,,14,0.5614827223913057,,,
mesh_heldout,PRIMARY,rule_parity,E,new_rel_count,pp,new_rel_pp,14,38,14,False,-1,0.016184689867425904,-0.14760492241454284,0.14532486923087662,0.783,,14,0.09831140373186799,,,
mesh_heldout,PRIMARY,rule_parity,E,new_rel_count,pp,new_rel_pp,14,38,14,False,D_-3_-1,0.08771317199212579,-0.06468079585657875,0.22767126716886588,0.233,,42,0.532800142292262,,0.07352088896373969,0.84
mesh_heldout,PRIMARY,rule_parity,E,new_rel_rate,raw,new_rel_rate,14,38,14,False,-5,0.026000163979671947,-0.06610525073762819,0.11061175478980219,0.58,,12,0.20724269516922034,,,
mesh_heldout,PRIMARY,rule_parity,E,new_rel_rate,raw,new_rel_rate,14,38,14,False,-4,0.052138758620858455,-0.07145179141472327,0.19526588098070108,0.493,,13,0.41558879658652303,,,
mesh_heldout,PRIMARY,rule_parity,E,new_rel_rate,raw,new_rel_rate,14,38,14,False,-3,0.09581083327095835,-0.04267214748815149,0.23795372537621243,0.177,,13,0.7636911570637235,,,
mesh_heldout,PRIMARY,rule_parity,E,new_rel_rate,raw,new_rel_rate,14,38,14,False,-2,0.022058638145899458,-0.14554396367260644,0.17207986436842815,0.787,,14,0.17582549189662677,,,
mesh_heldout,PRIMARY,rule_parity,E,new_rel_rate,raw,new_rel_rate,14,38,14,False,-1,-0.02378641193996309,-0.12609109792643203,0.05609341165583085,0.668,,14,-0.1895972703363493,,,
mesh_heldout,PRIMARY,rule_parity,E,new_rel_rate,raw,new_rel_rate,14,38,14,False,D_-3_-1,0.031361019825631574,-0.07787592263092034,0.12758315445347476,0.524,,41,0.24997312620800033,,0.051559219723046085,0.9480000000000001
mesh_heldout,PRIMARY,rule_parity,E,new_rel_rate,volres,new_rel_rate_volres,14,38,14,False,-5,0.01035176156520345,-0.08105061689235736,0.10093301246127673,0.833,,12,0.06949661240200403,,,
mesh_heldout,PRIMARY,rule_parity,E,new_rel_rate,volres,new_rel_rate_volres,14,38,14,False,-4,0.03831615151013391,-0.08797391104680002,0.18731729443337936,0.609,,13,0.2572357094455453,,,
mesh_heldout,PRIMARY,rule_parity,E,new_rel_rate,volres,new_rel_rate_volres,14,38,14,False,-3,0.09286843677525235,-0.02875309375251409,0.22243259584957126,0.144,,13,0.6234727987403064,,,
mesh_heldout,PRIMARY,rule_parity,E,new_rel_rate,volres,new_rel_rate_volres,14,38,14,False,-2,0.028733930903334027,-0.12380405371465664,0.17450133767865927,0.69,,14,0.19290541481243284,,,
mesh_heldout,PRIMARY,rule_parity,E,new_rel_rate,volres,new_rel_rate_volres,14,38,14,False,-1,-0.01942990010558917,-0.1185028207690365,0.059118550376009646,0.742,,14,-0.13044274910530643,,,
mesh_heldout,PRIMARY,rule_parity,E,new_rel_rate,volres,new_rel_rate_volres,14,38,14,False,D_-3_-1,0.03405748919099907,-0.06059175531730676,0.12255103234873513,0.467,,41,0.22864515481581094,,0.0477948076800186,0.9480000000000001
mesh_heldout,PRIMARY,rule_parity,E,nbr_novelty,raw,nbr_novelty,14,38,14,False,-5,-0.0060139437856829145,-0.04972401052687614,0.054424513165249336,0.755,,12,-0.23594788412703724,,,
mesh_heldout,PRIMARY,rule_parity,E,nbr_novelty,raw,nbr_novelty,14,38,14,False,-4,0.01611470306670025,-0.048526771417782374,0.11347085210290994,0.765,,13,0.632235722085593,,,
mesh_heldout,PRIMARY,rule_parity,E,nbr_novelty,raw,nbr_novelty,14,38,14,False,-3,0.005436316411539007,-0.01893915336950243,0.03212553944589213,0.67,,13,0.21328555777347705,,,
mesh_heldout,PRIMARY,rule_parity,E,nbr_novelty,raw,nbr_novelty,14,38,14,False,-2,0.009050346612884563,-0.010654293312630332,0.03079303450716459,0.393,,14,0.3550765038758878,,,
mesh_heldout,PRIMARY,rule_parity,E,nbr_novelty,raw,nbr_novelty,14,38,14,False,-1,0.0005378522947647367,-0.013602232967152319,0.015955275330275326,0.927,,14,0.02110181196317924,,,
mesh_heldout,PRIMARY,rule_parity,E,nbr_novelty,raw,nbr_novelty,14,38,14,False,D_-3_-1,0.00500817177306277,-0.012363594370247642,0.02224499933333884,0.549,,41,0.19648795787084805,,0.008827498396320115,0.9480000000000001
mesh_heldout,PRIMARY,rule_parity,E,nbr_novelty,volres,nbr_novelty_volres,14,38,14,False,-5,-0.011555725144868917,-0.05363075471418683,0.04529597287085228,0.593,,12,-0.3237504518320472,,,
mesh_heldout,PRIMARY,rule_parity,E,nbr_novelty,volres,nbr_novelty_volres,14,38,14,False,-4,0.011219515405195639,-0.048733434463881634,0.10108589174974206,0.871,,13,0.314331046838853,,,
mesh_heldout,PRIMARY,rule_parity,E,nbr_novelty,volres,nbr_novelty_volres,14,38,14,False,-3,0.0043942855626798805,-0.02046673865970078,0.030811449597599138,0.732,,13,0.12311230308453232,,,
mesh_heldout,PRIMARY,rule_parity,E,nbr_novelty,volres,nbr_novelty_volres,14,38,14,False,-2,0.011414358733128639,-0.009205475915283088,0.03507438657652243,0.349,,14,0.3197898661395853,,,
mesh_heldout,PRIMARY,rule_parity,E,nbr_novelty,volres,nbr_novelty_volres,14,38,14,False,-1,0.0020806830218480506,-0.013964004871847072,0.016903608469477065,0.787,,14,0.058293361948097554,,,
mesh_heldout,PRIMARY,rule_parity,E,nbr_novelty,volres,nbr_novelty_volres,14,38,14,False,D_-3_-1,0.005963109105885524,-0.012176990906228249,0.023891625335597976,0.522,,41,0.16706517705740506,,0.009375898596707215,0.9480000000000001
mesh_heldout,PRIMARY,rule_parity,E,beta_sor,raw,beta_sor,14,38,14,False,-5,-0.03306958538566201,-0.15803300817075464,0.0850230259544374,0.625,,12,-0.33929488345055775,,,
mesh_heldout,PRIMARY,rule_parity,E,beta_sor,raw,beta_sor,14,38,14,False,-4,-0.0018010277802630592,-0.11978603652223256,0.1464673249588303,0.908,,13,-0.018478596077606626,,,
mesh_heldout,PRIMARY,rule_parity,E,beta_sor,raw,beta_sor,14,38,14,False,-3,0.05622729796180873,-0.09708813061212365,0.21680566938169304,0.478,,13,0.5768936709125834,,,
mesh_heldout,PRIMARY,rule_parity,E,beta_sor,raw,beta_sor,14,38,14,False,-2,-0.014991806468554872,-0.166234452643875,0.10907316575027033,0.869,,14,-0.153816359326569,,,
mesh_heldout,PRIMARY,rule_parity,E,beta_sor,raw,beta_sor,14,38,14,False,-1,-0.009507908608389246,-0.06527324888123433,0.03741266570081641,0.739,,14,-0.0975514118341706,,,
mesh_heldout,PRIMARY,rule_parity,E,beta_sor,raw,beta_sor,14,38,14,False,D_-3_-1,0.010575860961621539,-0.08148404229206509,0.09381225600591232,0.806,,41,0.1085086332506146,,0.04324587517752555,0.9480000000000001
mesh_heldout,PRIMARY,rule_parity,E,beta_sor,volres,beta_sor_volres,14,38,14,False,-5,-0.05201307178251027,-0.17685709280852405,0.07384195623277198,0.425,,12,-0.4755426743844625,,,
mesh_heldout,PRIMARY,rule_parity,E,beta_sor,volres,beta_sor_volres,14,38,14,False,-4,-0.016159879765878814,-0.1278150640459995,0.13145234219823482,0.719,,13,-0.14774579116823872,,,
mesh_heldout,PRIMARY,rule_parity,E,beta_sor,volres,beta_sor_volres,14,38,14,False,-3,0.052665321057444064,-0.09202983387546008,0.20347545489525318,0.476,,13,0.4815060284786854,,,
mesh_heldout,PRIMARY,rule_parity,E,beta_sor,volres,beta_sor_volres,14,38,14,False,-2,-0.006910897363832283,-0.139189063745469,0.10553516503274533,0.951,,14,-0.0631846284436986,,,
mesh_heldout,PRIMARY,rule_parity,E,beta_sor,volres,beta_sor_volres,14,38,14,False,-1,-0.0042340461087984685,-0.05210529024896541,0.037183309175169245,0.897,,14,-0.03871083827666169,,,
mesh_heldout,PRIMARY,rule_parity,E,beta_sor,volres,beta_sor_volres,14,38,14,False,D_-3_-1,0.013840125861604437,-0.0658110907867694,0.09174628282149551,0.716,,41,0.1265368539194417,,0.03971849310434846,0.9480000000000001
mesh_heldout,PRIMARY,rule_parity,E,beta_sim,raw,beta_sim,14,38,14,False,-5,-0.027238260232446274,-0.08393193843193841,0.03034576503845607,0.362,,12,-0.30191671187177155,,,
mesh_heldout,PRIMARY,rule_parity,E,beta_sim,raw,beta_sim,14,38,14,False,-4,-0.029337400043835046,-0.07759567160637967,0.022907539416469093,0.26,,13,-0.32518418138726896,,,
mesh_heldout,PRIMARY,rule_parity,E,beta_sim,raw,beta_sim,14,38,14,False,-3,0.05664346684398325,-0.05288429418377691,0.22305457915754187,0.522,,13,0.6278524807609284,,,
mesh_heldout,PRIMARY,rule_parity,E,beta_sim,raw,beta_sim,14,38,14,False,-2,0.036006832172505485,-0.023142238199938877,0.0976060314164838,0.242,,14,0.3991100856541468,,,
mesh_heldout,PRIMARY,rule_parity,E,beta_sim,raw,beta_sim,14,38,14,False,-1,-0.0011522912118881149,-0.04519804988073677,0.04876074608522944,0.963,,14,-0.012772327264778241,,,
mesh_heldout,PRIMARY,rule_parity,E,beta_sim,raw,beta_sim,14,38,14,False,D_-3_-1,0.03049933593486687,-0.0033709501232494082,0.07610443116280448,0.075,,41,0.33806341305009896,,0.020055653952505102,0.5
mesh_heldout,PRIMARY,rule_parity,E,beta_sim,volres,beta_sim_volres,14,38,14,False,-5,-0.02265557918043572,-0.08095419593694503,0.0315194392665432,0.431,,12,-0.23960667436351593,,,
mesh_heldout,PRIMARY,rule_parity,E,beta_sim,volres,beta_sim_volres,14,38,14,False,-4,-0.025863802969642132,-0.07236641523642402,0.025577792626517163,0.319,,13,-0.27353702885251036,,,
mesh_heldout,PRIMARY,rule_parity,E,beta_sim,volres,beta_sim_volres,14,38,14,False,-3,0.0575051563833516,-0.04944077008249508,0.21758322304339867,0.516,,13,0.6081777548051981,,,
mesh_heldout,PRIMARY,rule_parity,E,beta_sim,volres,beta_sim_volres,14,38,14,False,-2,0.03405195289308238,-0.023740740238817268,0.09498823021171382,0.24,,14,0.36013536106551464,,,
mesh_heldout,PRIMARY,rule_parity,E,beta_sim,volres,beta_sim_volres,14,38,14,False,-1,-0.0024281086217079256,-0.046721703223394834,0.04999107071586824,0.896,,14,-0.025679812782858514,,,
mesh_heldout,PRIMARY,rule_parity,E,beta_sim,volres,beta_sim_volres,14,38,14,False,D_-3_-1,0.029709666884908687,-0.005992185719509045,0.07233160697957888,0.119,,41,0.31421110102928473,,0.019852559363694396,0.5
mesh_heldout,PRIMARY,rule_parity,E,beta_sne,raw,beta_sne,14,38,14,False,-5,-0.005831325153215737,-0.15629728294079062,0.11934311718366387,0.997,,12,-0.06263698673859928,,,
mesh_heldout,PRIMARY,rule_parity,E,beta_sne,raw,beta_sne,14,38,14,False,-4,0.02753637226357198,-0.09732110385560375,0.22022673785949085,0.749,,13,0.29578103415333257,,,
mesh_heldout,PRIMARY,rule_parity,E,beta_sne,raw,beta_sne,14,38,14,False,-3,-0.00041616888217449146,-0.10621051609326984,0.11613238916738951,0.971,,13,-0.004470264317091993,,,
mesh_heldout,PRIMARY,rule_parity,E,beta_sne,raw,beta_sne,14,38,14,False,-2,-0.05099863864106034,-0.210012567535908,0.07585358520113283,0.559,,14,-0.5478001943495009,,,
mesh_heldout,PRIMARY,rule_parity,E,beta_sne,raw,beta_sne,14,38,14,False,-1,-0.008355617396501123,-0.07710958827257895,0.04518156893594537,0.856,,14,-0.0897515885851148,,,
mesh_heldout,PRIMARY,rule_parity,E,beta_sne,raw,beta_sne,14,38,14,False,D_-3_-1,-0.019923474973245318,-0.10759303260315783,0.05390164563807589,0.712,,41,-0.21400734908390254,,0.04275980917933214,0.9480000000000001
mesh_heldout,PRIMARY,rule_parity,E,beta_sne,volres,beta_sne_volres,14,38,14,False,-5,-0.02935749260207453,-0.17944973425784125,0.10323497529003064,0.738,,12,-0.23326736899521294,,,
mesh_heldout,PRIMARY,rule_parity,E,beta_sne,volres,beta_sne_volres,14,38,14,False,-4,0.009703923203763317,-0.10098474008256614,0.17658270993027647,0.969,,13,0.07710497164575662,,,
mesh_heldout,PRIMARY,rule_parity,E,beta_sne,volres,beta_sne_volres,14,38,14,False,-3,-0.004839835325907525,-0.10588567174155895,0.10070729129814703,0.936,,13,-0.038456133435753936,,,
mesh_heldout,PRIMARY,rule_parity,E,beta_sne,volres,beta_sne_volres,14,38,14,False,-2,-0.04096285025691465,-0.19068513235702794,0.08048097410516021,0.595,,14,-0.32548066810379245,,,
mesh_heldout,PRIMARY,rule_parity,E,beta_sne,volres,beta_sne_volres,14,38,14,False,-1,-0.001805937487090545,-0.06256322016618446,0.04439437981200941,0.992,,14,-0.014349532226525,,,
mesh_heldout,PRIMARY,rule_parity,E,beta_sne,volres,beta_sne_volres,14,38,14,False,D_-3_-1,-0.015869541023304238,-0.09528647119603055,0.05194164025914904,0.702,,41,-0.12609544458869043,,0.038529532247111725,0.9480000000000001
mesh_heldout,PRIMARY,rule_parity,E,accretion_share,raw,accretion_share,14,38,14,True,-5,0.04127224806488374,-0.27848077447178926,0.32764056294500227,0.803,,12,0.09232042605276779,,,
mesh_heldout,PRIMARY,rule_parity,E,accretion_share,raw,accretion_share,14,38,14,True,-4,0.06040297449085367,-0.22219187662773904,0.3625144838040539,0.652,,13,0.13511326863231246,,,
mesh_heldout,PRIMARY,rule_parity,E,accretion_share,raw,accretion_share,14,38,14,True,-3,0.1726317258352234,-0.07373330477770977,0.4164146859911552,0.176,,13,0.38615377709198984,,,
mesh_heldout,PRIMARY,rule_parity,E,accretion_share,raw,accretion_share,14,38,14,True,-2,0.03208077409022566,-0.3144914070599214,0.413455282076731,0.864,,14,0.07176034432280372,,,
mesh_heldout,PRIMARY,rule_parity,E,accretion_share,raw,accretion_share,14,38,14,True,-1,-0.06460906385471606,-0.42398889805639006,0.21516840704007759,0.733,,14,-0.14452172056537255,,,
mesh_heldout,PRIMARY,rule_parity,E,accretion_share,raw,accretion_share,14,38,14,True,D_-3_-1,0.046701145356911,-0.13179700384461743,0.19928797325784062,0.561,1.0,41,0.10446413361647366,0.5219688537276079,0.08508623854894788,0.9480000000000001
mesh_heldout,PRIMARY,rule_parity,E,accretion_share,volres,accretion_share_volres,14,38,14,True,-5,0.03273442679599025,-0.2875096795031774,0.32839988302565404,0.792,,12,0.07135937404712236,,,
mesh_heldout,PRIMARY,rule_parity,E,accretion_share,volres,accretion_share_volres,14,38,14,True,-4,0.05393144600283043,-0.24115668844201626,0.3303863664532178,0.699,,13,0.11756779039398291,,,
mesh_heldout,PRIMARY,rule_parity,E,accretion_share,volres,accretion_share_volres,14,38,14,True,-3,0.17102634435811306,-0.0867598642484621,0.4105420852277731,0.197,,13,0.37282867224232247,,,
mesh_heldout,PRIMARY,rule_parity,E,accretion_share,volres,accretion_share_volres,14,38,14,True,-2,0.03572283638968574,-0.2945716362244385,0.4152083791547779,0.835,,14,0.07787395392144134,,,
mesh_heldout,PRIMARY,rule_parity,E,accretion_share,volres,accretion_share_volres,14,38,14,True,-1,-0.06223213626731496,-0.4188366760475937,0.21933174171828917,0.732,,14,-0.1356628700825393,,,
mesh_heldout,PRIMARY,rule_parity,E,accretion_share,volres,accretion_share_volres,14,38,14,True,D_-3_-1,0.04817234816016128,-0.11865731828670482,0.1976293705140594,0.526,,41,0.10501325202707483,,0.08095064209981616,0.9480000000000001
mesh_heldout,PRIMARY,rule_parity,E,closure_lr,raw,closure_lr,14,38,14,True,-5,-0.6393073911306063,-0.9755561002680522,-0.31720333634318226,0.0,,12,-0.6391603063483496,,,
mesh_heldout,PRIMARY,rule_parity,E,closure_lr,raw,closure_lr,14,38,14,True,-4,-0.6987209182500458,-1.092517032066395,-0.253302137743611,0.002,,13,-0.6985601642597983,,,
mesh_heldout,PRIMARY,rule_parity,E,closure_lr,raw,closure_lr,14,38,14,True,-3,-0.4259806477464181,-0.8687250088754398,0.07635587964052017,0.112,,13,-0.42588264282470345,,,
mesh_heldout,PRIMARY,rule_parity,E,closure_lr,raw,closure_lr,14,38,14,True,-2,-0.0432720869487438,-0.567114347966744,0.5581511886978248,0.85,,14,-0.0432621313849963,,,
mesh_heldout,PRIMARY,rule_parity,E,closure_lr,raw,closure_lr,14,38,14,True,-1,0.33763714000369444,-0.12564629888145912,0.8516421014279536,0.166,,14,0.33755946018032906,,,
mesh_heldout,PRIMARY,rule_parity,E,closure_lr,raw,closure_lr,14,38,14,True,D_-3_-1,-0.04387186489715581,-0.43376161571888466,0.40184288721523953,0.811,1.0,41,-0.043861771343123565,0.6406365997375381,0.21679747347965725,0.9480000000000001
mesh_heldout,PRIMARY,rule_parity,E,closure_lr,volres,closure_lr_volres,14,38,14,True,-5,-0.5108395390961855,-0.7470077272338101,-0.27436520006282417,0.0,,12,-0.7174460975672914,,,
mesh_heldout,PRIMARY,rule_parity,E,closure_lr,volres,closure_lr_volres,14,38,14,True,-4,-0.5852422002316091,-0.8995486127311301,-0.26821476226832763,0.001,,13,-0.8219405518819962,,,
mesh_heldout,PRIMARY,rule_parity,E,closure_lr,volres,closure_lr_volres,14,38,14,True,-3,-0.40182461266852043,-0.8074410767495076,0.03162777543541895,0.065,,13,-0.5643406161856179,,,
mesh_heldout,PRIMARY,rule_parity,E,closure_lr,volres,closure_lr_volres,14,38,14,True,-2,-0.09807388073797084,-0.5818607123454246,0.4304190779532233,0.695,,14,-0.13773938315978432,,,
mesh_heldout,PRIMARY,rule_parity,E,closure_lr,volres,closure_lr_volres,14,38,14,True,-1,0.3018717178921642,-0.12846603497379067,0.7955113102492983,0.191,,14,0.4239622609300187,,,
mesh_heldout,PRIMARY,rule_parity,E,closure_lr,volres,closure_lr_volres,14,38,14,True,D_-3_-1,-0.06600892517144236,-0.42736952909900605,0.3263107369012926,0.721,,41,-0.09270591280512784,,0.19238886185773355,0.9480000000000001
mesh_heldout,PRIMARY,rule_parity,E,rewire_z,raw,rewire_z,14,38,3,False,-5,,,,,,0,,,,
mesh_heldout,PRIMARY,rule_parity,E,rewire_z,raw,rewire_z,14,38,3,False,-4,-0.6840288585225061,-7.1317650213185,5.763707304273488,0.7995570321151716,,2,-0.02844447612774047,,,
mesh_heldout,PRIMARY,rule_parity,E,rewire_z,raw,rewire_z,14,38,3,False,-3,,,,,,0,,,,
mesh_heldout,PRIMARY,rule_parity,E,rewire_z,raw,rewire_z,14,38,3,False,-2,-12.51226364025646,-12.51226364025646,-12.512263640256458,0.0,,1,-0.5203066800251965,,,
mesh_heldout,PRIMARY,rule_parity,E,rewire_z,raw,rewire_z,14,38,3,False,-1,5.177063673409394,-2.1772387149310894,12.531366061749878,0.536117381489842,,2,0.21528165403454358,,,
mesh_heldout,PRIMARY,rule_parity,E,rewire_z,raw,rewire_z,14,38,3,False,D_-3_-1,-3.667599983423533,-12.51226364025646,12.531366061749878,0.8321318228630278,,3,-0.15251251299532645,,6.585407974034044,0.9480000000000001
mesh_heldout,PRIMARY,rule_parity,E,rewire_z,volres,rewire_z_volres,14,38,3,False,-5,,,,,,0,,,,
mesh_heldout,PRIMARY,rule_parity,E,rewire_z,volres,rewire_z_volres,14,38,3,False,-4,1.92420558088887,-0.845347439649764,4.693758601427504,0.5449341728677733,,2,0.093137165155064,,,
mesh_heldout,PRIMARY,rule_parity,E,rewire_z,volres,rewire_z_volres,14,38,3,False,-3,,,,,,0,,,,
mesh_heldout,PRIMARY,rule_parity,E,rewire_z,volres,rewire_z_volres,14,38,3,False,-2,-5.473270692176911,-5.473270692176911,-5.473270692176911,0.0,,1,-0.2649222730973324,,,
mesh_heldout,PRIMARY,rule_parity,E,rewire_z,volres,rewire_z_volres,14,38,3,False,-1,8.368861926993405,-0.32574138716472234,17.063465241151533,0.5245153933865451,,2,0.4050773385109146,,,
mesh_heldout,PRIMARY,rule_parity,E,rewire_z,volres,rewire_z_volres,14,38,3,False,D_-3_-1,1.4477956174082474,-5.473270692176911,17.063465241151533,0.7964785085447954,,3,0.07007753270679111,,6.348115619205213,0.9480000000000001
mesh_heldout,PRIMARY,rule_parity,E,P,raw,P,14,38,14,False,-5,0.010898411483011627,-0.12837003160998015,0.12419190295234225,0.782,,12,0.074639866404002,,,
mesh_heldout,PRIMARY,rule_parity,E,P,raw,P,14,38,14,False,-4,-0.048808400637669586,-0.19461146321159273,0.07235970585770979,0.525,,13,-0.3342737158224784,,,
mesh_heldout,PRIMARY,rule_parity,E,P,raw,P,14,38,14,False,-3,0.06810670258933126,0.0009813496063854413,0.1322019259550365,0.047,,13,0.466441847090181,,,
mesh_heldout,PRIMARY,rule_parity,E,P,raw,P,14,38,14,False,-2,0.039219769271478314,0.00523676674545999,0.0805770862541007,0.021,,14,0.2686041303709326,,,
mesh_heldout,PRIMARY,rule_parity,E,P,raw,P,14,38,14,False,-1,0.04757093403778886,0.002110403434926963,0.09216210258713824,0.04,,14,0.3257986878940056,,,
mesh_heldout,PRIMARY,rule_parity,E,P,raw,P,14,38,14,False,D_-3_-1,0.05163246863286614,0.021086678935271812,0.08872847796734439,0.0,,41,0.3536148884517064,,0.01752540994038377,0.0
mesh_heldout,PRIMARY,rule_parity,E,P,volres,P_volres,14,38,14,False,-5,0.026820604495461104,-0.11644254587755987,0.1354604425541078,0.658,,12,0.18093366625342802,,,
mesh_heldout,PRIMARY,rule_parity,E,P,volres,P_volres,14,38,14,False,-4,-0.034743947761079315,-0.1649050697849633,0.07507550425619629,0.589,,13,-0.2343850918644847,,,
mesh_heldout,PRIMARY,rule_parity,E,P,volres,P_volres,14,38,14,False,-3,0.07110058041039682,0.007055355643724652,0.13072301151783583,0.031,,13,0.47964946832487837,,,
mesh_heldout,PRIMARY,rule_parity,E,P,volres,P_volres,14,38,14,False,-2,0.032427682968776336,-0.0003187952884554116,0.06539461091770041,0.059,,14,0.21875940822428053,,,
mesh_heldout,PRIMARY,rule_parity,E,P,volres,P_volres,14,38,14,False,-1,0.043138198960386474,-0.002239125147625153,0.08705422370879815,0.066,,14,0.29101329519971936,,,
mesh_heldout,PRIMARY,rule_parity,E,P,volres,P_volres,14,38,14,False,D_-3_-1,0.04888882077985321,0.019287925832200296,0.08136227464167833,0.0,,41,0.3298073905829594,,0.016565227889583877,0.0
mesh_heldout,PRIMARY,rule_parity,E,z_within,raw,z_within,14,38,14,False,-5,-0.006056226433065889,-0.08273221202173331,0.0704758612154128,0.894,,12,-0.04206922486137385,,,
mesh_heldout,PRIMARY,rule_parity,E,z_within,raw,z_within,14,38,14,False,-4,0.06077405614780824,0.004216949554990673,0.133087734785085,0.028,,13,0.42216344815984663,,,
mesh_heldout,PRIMARY,rule_parity,E,z_within,raw,z_within,14,38,14,False,-3,-0.024341952464834615,-0.09958799175127532,0.042094273850034385,0.491,,13,-0.16908995776922922,,,
mesh_heldout,PRIMARY,rule_parity,E,z_within,raw,z_within,14,38,14,False,-2,-0.02200085122917699,-0.15389582647685884,0.08997829676493178,0.775,,14,-0.1528276341268382,,,
mesh_heldout,PRIMARY,rule_parity,E,z_within,raw,z_within,14,38,14,False,-1,0.0049840959407621765,-0.09895880827132686,0.09146305065281202,0.883,,14,0.034621732720855065,,,
mesh_heldout,PRIMARY,rule_parity,E,z_within,raw,z_within,14,38,14,False,D_-3_-1,-0.01378623591774981,-0.06458139745233361,0.03753857706430498,0.61,,41,-0.09576528639173744,,0.026956446471638383,0.9480000000000001
mesh_heldout,PRIMARY,rule_parity,E,z_within,volres,z_within_volres,14,38,14,False,-5,-0.003856645689356441,-0.08177597222670531,0.06943760963420266,0.912,,12,-0.026797105575888363,,,
mesh_heldout,PRIMARY,rule_parity,E,z_within,volres,z_within_volres,14,38,14,False,-4,0.06271699828485983,0.005988942561065232,0.12565381260031105,0.027,,13,0.43577610177683856,,,
mesh_heldout,PRIMARY,rule_parity,E,z_within,volres,z_within_volres,14,38,14,False,-3,-0.023928361447624516,-0.0968032465871754,0.044387416578394644,0.51,,13,-0.16626127459403978,,,
mesh_heldout,PRIMARY,rule_parity,E,z_within,volres,z_within_volres,14,38,14,False,-2,-0.022939147997050276,-0.15344406134744618,0.09346542902887568,0.772,,14,-0.15938792935901244,,,
mesh_heldout,PRIMARY,rule_parity,E,z_within,volres,z_within_volres,14,38,14,False,-1,0.004371733139319176,-0.09460125268678314,0.0871566658542398,0.896,,14,0.03037608427635846,,,
mesh_heldout,PRIMARY,rule_parity,E,z_within,volres,z_within_volres,14,38,14,False,D_-3_-1,-0.014165258768451872,-0.06605676257325918,0.040093110223354905,0.61,,41,-0.09842437322556458,,0.02736142038757964,0.9480000000000001
mesh_heldout,PRIMARY,rule_parity,E,betw,raw,betw,14,38,14,False,-5,-1.2520856355103333e-06,-2.4472200739125e-06,-1.5827255452296227e-07,0.023,,13,-0.018033436924506187,,,
mesh_heldout,PRIMARY,rule_parity,E,betw,raw,betw,14,38,14,False,-4,-1.6439722760508847e-06,-4.830426605642057e-06,1.50085356675572e-06,0.327,,13,-0.023677669885348536,,,
mesh_heldout,PRIMARY,rule_parity,E,betw,raw,betw,14,38,14,False,-3,5.546836315098181e-06,-4.4132732734423603e-07,1.4870721133589077e-05,0.098,,14,0.07988952191605736,,,
mesh_heldout,PRIMARY,rule_parity,E,betw,raw,betw,14,38,14,False,-2,3.088599832512124e-06,-1.7827287350740356e-06,8.7327553245638e-06,0.277,,14,0.044484233893431716,,,
mesh_heldout,PRIMARY,rule_parity,E,betw,raw,betw,14,38,14,False,-1,1.1599157506373896e-06,-8.321455544350394e-06,1.053244152843465e-05,0.819,,14,0.01670594002009696,,,
mesh_heldout,PRIMARY,rule_parity,E,betw,raw,betw,14,38,14,False,D_-3_-1,3.265117299415898e-06,-2.5617706449807972e-06,9.314973976389092e-06,0.292,,42,0.047026565276528674,,3.038540040298353e-06,0.84
mesh_heldout,PRIMARY,rule_parity,E,dP,raw,dP,14,38,14,True,-5,-0.03563408126679934,-0.1776475785323228,0.08948703168045058,0.681,,12,-0.24730117476776692,,,
mesh_heldout,PRIMARY,rule_parity,E,dP,raw,dP,14,38,14,True,-4,-0.11759048589761147,-0.24658484556293717,-0.012872420875843255,0.026,,11,-0.816080119654614,,,
mesh_heldout,PRIMARY,rule_parity,E,dP,raw,dP,14,38,14,True,-3,0.10884077504685255,0.002444481640236311,0.2437620239501689,0.046,,13,0.7553569665565992,,,
mesh_heldout,PRIMARY,rule_parity,E,dP,raw,dP,14,38,14,True,-2,-0.038779432932916864,-0.09441093160388521,0.018195321787381067,0.152,,13,-0.2691299727733815,,,
mesh_heldout,PRIMARY,rule_parity,E,dP,raw,dP,14,38,14,True,-1,0.008351164766310553,-0.04833723352748494,0.05551327730804689,0.747,,14,0.057957235993397194,,,
mesh_heldout,PRIMARY,rule_parity,E,dP,raw,dP,14,38,14,True,D_-3_-1,0.026137502293415413,-0.021661116046970127,0.08309067064330608,0.363,1.0,40,0.18139474325887164,0.5222201891813225,0.02672701839071068,0.9075
mesh_heldout,PRIMARY,rule_parity,E,dP,volres,dP_volres,14,38,14,True,-5,-0.038801238186737974,-0.18866781836196553,0.08602863271267876,0.591,,12,-0.2691818972271883,,,
mesh_heldout,PRIMARY,rule_parity,E,dP,volres,dP_volres,14,38,14,True,-4,-0.12095280219055816,-0.24101802346022713,-0.016488815394039607,0.019,,11,-0.8391047886643859,,,
mesh_heldout,PRIMARY,rule_parity,E,dP,volres,dP_volres,14,38,14,True,-3,0.10791328881678813,-0.0015174716661471121,0.2427664305262298,0.052,,13,0.7486437334790281,,,
mesh_heldout,PRIMARY,rule_parity,E,dP,volres,dP_volres,14,38,14,True,-2,-0.03867912112153159,-0.09218462949839147,0.016961438710939518,0.153,,13,-0.26833471541464227,,,
mesh_heldout,PRIMARY,rule_parity,E,dP,volres,dP_volres,14,38,14,True,-1,0.009018911698937104,-0.04708205657274988,0.05532065166221523,0.705,,14,0.0625683064638426,,,
mesh_heldout,PRIMARY,rule_parity,E,dP,volres,dP_volres,14,38,14,True,D_-3_-1,0.02608435979806455,-0.022956719301622967,0.08022957681036222,0.315,,40,0.18095910817607616,,0.025819876144066854,0.84
mesh_heldout,PRIMARY,rule_parity,E,dz,raw,dz,14,38,14,False,-5,-0.021498495702485854,-0.11989472701168152,0.07235337791819789,0.668,,12,-0.11457234518099452,,,
mesh_heldout,PRIMARY,rule_parity,E,dz,raw,dz,14,38,14,False,-4,0.07578728069423972,0.0071346779681328186,0.15433869676844625,0.027,,11,0.4038946075201593,,,
mesh_heldout,PRIMARY,rule_parity,E,dz,raw,dz,14,38,14,False,-3,-0.08079962608220669,-0.17961242920209416,0.01113728791644192,0.093,,13,-0.43060699586136375,,,
mesh_heldout,PRIMARY,rule_parity,E,dz,raw,dz,14,38,14,False,-2,0.047066146695390616,-0.08593386287557339,0.16208397311503087,0.487,,13,0.2508305176394314,,,
mesh_heldout,PRIMARY,rule_parity,E,dz,raw,dz,14,38,14,False,-1,0.026984947169939162,-0.12612640181361648,0.18879450314341975,0.741,,14,0.1438113961381808,,,
mesh_heldout,PRIMARY,rule_parity,E,dz,raw,dz,14,38,14,False,D_-3_-1,-0.002249510738958969,-0.03942376637176709,0.03463342112645098,0.904,,40,-0.011988360694583842,,0.019213911484572282,0.9480000000000001
mesh_heldout,PRIMARY,rule_parity,E,dbetw,raw,dbetw,14,38,14,False,-5,2.323188993670755e-07,-1.591346631522754e-06,2.2368500952858123e-06,0.842,,12,0.00557826698421472,,,
mesh_heldout,PRIMARY,rule_parity,E,dbetw,raw,dbetw,14,38,14,False,-4,-4.1422033186022834e-07,-3.3196793477005444e-06,2.7232815912739826e-06,0.773,,13,-0.009945947607798636,,,
mesh_heldout,PRIMARY,rule_parity,E,dbetw,raw,dbetw,14,38,14,False,-3,2.8931801624818503e-06,5.521438456126466e-07,5.460947318794884e-06,0.017,,13,0.06946886983248472,,,
mesh_heldout,PRIMARY,rule_parity,E,dbetw,raw,dbetw,14,38,14,False,-2,-2.4548454194959567e-06,-1.0111825004908563e-05,3.473304199714465e-06,0.464,,14,-0.05894390509008123,,,
mesh_heldout,PRIMARY,rule_parity,E,dbetw,raw,dbetw,14,38,14,False,-1,-1.9286840818747348e-06,-8.848317285898075e-06,4.7679851238674255e-06,0.608,,14,-0.046310114098392856,,,
mesh_heldout,PRIMARY,rule_parity,E,dbetw,raw,dbetw,14,38,14,False,D_-3_-1,-4.967831129629471e-07,-4.981525038943364e-06,3.664751272130645e-06,0.849,,41,-0.01192838311866312,,2.1778727454720155e-06,0.9480000000000001
mesh_heldout,PRIMARY,rule_parity,E,dpctl,raw,dpctl,14,38,14,False,-5,-0.2502020101542228,-0.42111535182389115,-0.07052371022731568,0.003,,12,-0.18823446764072216,,,
mesh_heldout,PRIMARY,rule_parity,E,dpctl,raw,dpctl,14,38,14,False,-4,-0.05805396328114179,-0.19535240886550362,0.07051872053278803,0.367,,11,-0.04367573572220288,,,
mesh_heldout,PRIMARY,rule_parity,E,dpctl,raw,dpctl,14,38,14,False,-3,0.24703756736198734,-0.025671666818827127,0.5397456247961352,0.079,,13,0.18585376252964492,,,
mesh_heldout,PRIMARY,rule_parity,E,dpctl,raw,dpctl,14,38,14,False,-2,0.13814763514872544,-0.12937780324997808,0.4239028046477271,0.326,,13,0.10393260446635211,,,
mesh_heldout,PRIMARY,rule_parity,E,dpctl,raw,dpctl,14,38,14,False,-1,0.13266386961683121,-0.1997154680225433,0.45557615210453817,0.385,,14,0.0998070033773505,,,
mesh_heldout,PRIMARY,rule_parity,E,dpctl,raw,dpctl,14,38,14,False,D_-3_-1,0.172616357375848,-0.031935064350216404,0.38989417279579186,0.101,,40,0.12986445679111583,,0.108669786264669,0.5
mesh_heldout,PRIMARY,rule_parity,E,dk,raw,dk,14,38,14,False,-5,-0.16666666666666677,-1.8333333333333335,1.5482142857142822,0.837,,14,-0.01490956090249002,,,
mesh_heldout,PRIMARY,rule_parity,E,dk,raw,dk,14,38,14,False,-4,1.119047619047619,-1.976190476190476,4.333928571428569,0.499,,14,0.1001070517738615,,,
mesh_heldout,PRIMARY,rule_parity,E,dk,raw,dk,14,38,14,False,-3,4.404761904761904,1.3571428571428572,7.881547619047615,0.002,,14,0.3940383952800931,,,
mesh_heldout,PRIMARY,rule_parity,E,dk,raw,dk,14,38,14,False,-2,1.8571428571428572,-3.5482142857142853,7.0244047619047585,0.514,,14,0.16613510719917443,,,
mesh_heldout,PRIMARY,rule_parity,E,dk,raw,dk,14,38,14,False,-1,0.9047619047619048,-4.404761904761904,5.357738095238093,0.66,,14,0.08093761632780291,,,
mesh_heldout,PRIMARY,rule_parity,E,dk,raw,dk,14,38,14,False,D_-3_-1,2.388888888888889,0.1902777777777774,4.858134920634915,0.034,,42,0.2137037062690235,,1.1847397856266313,0.34
mesh_heldout,PRIMARY,rule_parity,E,comm_change,raw,comm_change,14,38,14,False,-5,0.0,0.0,0.0,1.0,,12,0.0,,,
mesh_heldout,PRIMARY,rule_parity,E,comm_change,raw,comm_change,14,38,14,False,-4,-0.0606060606060606,-0.2,0.0,0.711,,11,-0.42570455992165734,,,
mesh_heldout,PRIMARY,rule_parity,E,comm_change,raw,comm_change,14,38,14,False,-3,-0.05128205128205128,-0.23076923076923078,0.07142857142857142,0.739,,13,-0.3602115507029408,,,
mesh_heldout,PRIMARY,rule_parity,E,comm_change,raw,comm_change,14,38,14,False,-2,0.025641025641025644,0.0,0.07692307692307693,0.722,,13,0.18010577535147043,,,
mesh_heldout,PRIMARY,rule_parity,E,comm_change,raw,comm_change,14,38,14,False,-1,0.0,0.0,0.0,1.0,,14,0.0,,,
mesh_heldout,PRIMARY,rule_parity,E,comm_change,raw,comm_change,14,38,14,False,D_-3_-1,-0.008547008547008546,-0.07142857142857142,0.037037037037037035,0.926,,40,-0.06003525845049013,,0.027928594731176724,0.9480000000000001
mesh_heldout,PRIMARY,rule_parity,E,n_modules_touched,raw,n_modules_touched,14,38,14,False,-5,-0.6282051282051283,-2.2881222943722936,0.9586805555555536,0.475,,13,-0.06955519275632954,,,
mesh_heldout,PRIMARY,rule_parity,E,n_modules_touched,raw,n_modules_touched,14,38,14,False,-4,-0.49999999999999994,-2.1389423076923078,1.192361111111111,0.567,,13,-0.05536025545911941,,,
mesh_heldout,PRIMARY,rule_parity,E,n_modules_touched,raw,n_modules_touched,14,38,14,False,-3,1.7976190476190474,-0.8812500000000002,4.3809523809523805,0.196,,14,0.19903329938873884,,,
mesh_heldout,PRIMARY,rule_parity,E,n_modules_touched,raw,n_modules_touched,14,38,14,False,-2,1.3095238095238098,-1.1666666666666667,3.8095238095238093,0.323,,14,0.1449911452500747,,,
mesh_heldout,PRIMARY,rule_parity,E,n_modules_touched,raw,n_modules_touched,14,38,14,False,-1,2.095238095238095,-0.21488095238095234,4.8577380952380915,0.075,,14,0.23198583240011944,,,
mesh_heldout,PRIMARY,rule_parity,E,n_modules_touched,raw,n_modules_touched,14,38,14,False,D_-3_-1,1.7341269841269842,-0.3577380952380951,3.825694444444443,0.115,,42,0.19200342567964435,,1.0982808804675053,0.5
mesh_heldout,PRIMARY,t_le_2018,E,s,raw,s,15,42,15,False,-5,-30.877777777777784,-55.30027777777777,-9.32027777777779,0.003,,15,-0.05680774139838405,,,
mesh_heldout,PRIMARY,t_le_2018,E,s,raw,s,15,42,15,False,-4,-33.5,-61.31166666666666,-9.673333333333359,0.003,,15,-0.06163200443185602,,,
mesh_heldout,PRIMARY,t_le_2018,E,s,raw,s,15,42,15,False,-3,-11.433333333333332,-38.523888888888884,15.01138888888889,0.387,,15,-0.02103460449763842,,,
mesh_heldout,PRIMARY,t_le_2018,E,s,raw,s,15,42,15,False,-2,-3.144444444444445,-32.86972222222223,25.06694444444444,0.851,,15,-0.005785027281663435,,,
mesh_heldout,PRIMARY,t_le_2018,E,s,raw,s,15,42,15,False,-1,4.466666666666667,-25.111111111111107,35.868333333333325,0.761,,15,0.008217600590914136,,,
mesh_heldout,PRIMARY,t_le_2018,E,s,raw,s,15,42,15,False,D_-3_-1,-3.37037037037037,-28.644444444444442,21.022407407407407,0.81,,45,-0.0062006770627959056,,12.381337615870734,0.8756756756756758
mesh_heldout,PRIMARY,t_le_2018,E,s,pp,s_pp,15,42,15,False,-5,-1.0370963385688867,-1.730601594225258,-0.2996443315323876,0.011,,15,-0.7120542306125788,,,
mesh_heldout,PRIMARY,t_le_2018,E,s,pp,s_pp,15,42,15,False,-4,-0.9188728480723615,-1.5292552124508116,-0.2530838770710749,0.006,,15,-0.630883819113488,,,
mesh_heldout,PRIMARY,t_le_2018,E,s,pp,s_pp,15,42,15,False,-3,-0.2790748087863796,-0.9800617665338028,0.5473687111505108,0.462,,15,-0.19160842716690274,,,
mesh_heldout,PRIMARY,t_le_2018,E,s,pp,s_pp,15,42,15,False,-2,-0.182486074226488,-0.9197451730064831,0.5726945448219395,0.607,,15,-0.12529210291124837,,,
mesh_heldout,PRIMARY,t_le_2018,E,s,pp,s_pp,15,42,15,False,-1,-0.1131696191638591,-0.9476792882637247,0.6984002328792583,0.763,,15,-0.07770050197423169,,,
mesh_heldout,PRIMARY,t_le_2018,E,s,pp,s_pp,15,42,15,False,D_-3_-1,-0.1915768340589089,-0.8676351430747217,0.5209415711439573,0.581,,45,-0.13153367735079427,,0.3611380543189089,0.8455172413793103
mesh_heldout,PRIMARY,t_le_2018,E,k,raw,k,15,42,15,False,-5,-3.6555555555555554,-7.23361111111111,0.1444444444444444,0.058,,15,-0.08347368690479344,,,
mesh_heldout,PRIMARY,t_le_2018,E,k,raw,k,15,42,15,False,-4,-2.4,-6.778333333333335,1.6227777777777752,0.234,,15,-0.05480339322624737,,,
mesh_heldout,PRIMARY,t_le_2018,E,k,raw,k,15,42,15,False,-3,1.9,-3.6002777777777784,6.978055555555553,0.474,,15,0.04338601963744583,,,
mesh_heldout,PRIMARY,t_le_2018,E,k,raw,k,15,42,15,False,-2,4.000000000000001,-2.489444444444444,10.577777777777778,0.228,,15,0.0913389887104123,,,
mesh_heldout,PRIMARY,t_le_2018,E,k,raw,k,15,42,15,False,-1,4.755555555555555,-1.4444444444444435,10.622222222222224,0.138,,15,0.1085919088001568,,,
mesh_heldout,PRIMARY,t_le_2018,E,k,raw,k,15,42,15,False,D_-3_-1,3.551851851851852,-1.6742592592592591,8.681574074074074,0.179,,45,0.0811056390493383,,2.680695731756057,0.6509090909090909
mesh_heldout,PRIMARY,t_le_2018,E,k,pp,k_pp,15,42,15,False,-5,-0.12574532044750367,-0.3670767554769861,0.1292343480087114,0.323,,15,-0.3971248637970261,,,
mesh_heldout,PRIMARY,t_le_2018,E,k,pp,k_pp,15,42,15,False,-4,-0.011345469417534693,-0.15736073609613238,0.14812721833352974,0.881,,15,-0.03583089995808457,,,
mesh_heldout,PRIMARY,t_le_2018,E,k,pp,k_pp,15,42,15,False,-3,0.08965464708352712,-0.11375309061308819,0.30067081642659615,0.402,,15,0.28314444931316707,,,
mesh_heldout,PRIMARY,t_le_2018,E,k,pp,k_pp,15,42,15,False,-2,0.13088515031292494,-0.07906116997486108,0.3274944753761466,0.21,,15,0.41335731068237525,,,
mesh_heldout,PRIMARY,t_le_2018,E,k,pp,k_pp,15,42,15,False,-1,0.1338921483266215,-0.06223354971258543,0.31470579235031204,0.162,,15,0.4228539159824962,,,
mesh_heldout,PRIMARY,t_le_2018,E,k,pp,k_pp,15,42,15,False,D_-3_-1,0.1181439819076912,-0.07368581593043617,0.2785081707324847,0.174,,45,0.3731185586593462,,0.08925406345873194,0.6509090909090909
mesh_heldout,PRIMARY,t_le_2018,E,wdeg_pctl,raw,wdeg_pctl,15,42,15,False,-5,-0.5644632049316944,-0.9926414476421549,-0.21146514671979416,0.0,,14,-0.10217134188079587,,,
mesh_heldout,PRIMARY,t_le_2018,E,wdeg_pctl,raw,wdeg_pctl,15,42,15,False,-4,-0.5184553349737497,-0.9288925910279177,-0.18443880187224831,0.001,,15,-0.09384363199712117,,,
mesh_heldout,PRIMARY,t_le_2018,E,wdeg_pctl,raw,wdeg_pctl,15,42,15,False,-3,-0.21424292387888175,-0.5527533864966935,0.14109209082878996,0.219,,15,-0.03877929833144641,,,
mesh_heldout,PRIMARY,t_le_2018,E,wdeg_pctl,raw,wdeg_pctl,15,42,15,False,-2,-0.057476248308564314,-0.4624682100256897,0.3074135283171694,0.791,,15,-0.010403557512079924,,,
mesh_heldout,PRIMARY,t_le_2018,E,wdeg_pctl,raw,wdeg_pctl,15,42,15,False,-1,0.04652494293572986,-0.35333805468499946,0.44178293464424345,0.855,,15,0.008421303300444882,,,
mesh_heldout,PRIMARY,t_le_2018,E,wdeg_pctl,raw,wdeg_pctl,15,42,15,False,D_-3_-1,-0.0750647430839054,-0.4120366133398054,0.23626463768488065,0.663,,45,-0.013587184181027152,,0.16616462284921635,0.855483870967742
mesh_heldout,PRIMARY,t_le_2018,E,wdeg_pctl_focal,raw,wdeg_pctl_focal,15,42,15,False,-5,-11.97712609404225,-19.95102098966551,-3.8599160696920447,0.008,,14,-0.4286562597181954,,,
mesh_heldout,PRIMARY,t_le_2018,E,wdeg_pctl_focal,raw,wdeg_pctl_focal,15,42,15,False,-4,-8.365677896174338,-15.534002244314213,-1.364736149167184,0.022,,15,-0.29940406144384235,,,
mesh_heldout,PRIMARY,t_le_2018,E,wdeg_pctl_focal,raw,wdeg_pctl_focal,15,42,15,False,-3,-2.8095070530868265,-9.305307321569831,3.5241324226305424,0.357,,15,-0.10055106505283823,,,
mesh_heldout,PRIMARY,t_le_2018,E,wdeg_pctl_focal,raw,wdeg_pctl_focal,15,42,15,False,-2,0.3897616391677931,-6.146839754523299,6.751486274314055,0.903,,15,0.013949403647875608,,,
mesh_heldout,PRIMARY,t_le_2018,E,wdeg_pctl_focal,raw,wdeg_pctl_focal,15,42,15,False,-1,0.02485122435385184,-5.864363099215085,5.634256930612669,0.998,,15,0.0008894147725670825,,,
mesh_heldout,PRIMARY,t_le_2018,E,wdeg_pctl_focal,raw,wdeg_pctl_focal,15,42,15,False,D_-3_-1,-0.7982980631883939,-5.974367070088687,4.021638490942562,0.75,,45,-0.028570748877465184,,2.5387785978393818,0.8756756756756758
mesh_heldout,PRIMARY,t_le_2018,E,dpctl_focal,raw,dpctl_focal,15,42,15,False,-5,-3.310313593834901,-7.769333099874942,1.224239322988941,0.146,,13,-0.442004205096053,,,
mesh_heldout,PRIMARY,t_le_2018,E,dpctl_focal,raw,dpctl_focal,15,42,15,False,-4,1.0391286113710103,-3.9560191877594093,6.099551982615371,0.696,,13,0.13874794723889713,,,
mesh_heldout,PRIMARY,t_le_2018,E,dpctl_focal,raw,dpctl_focal,15,42,15,False,-3,4.960932747849415,0.7768481589275157,8.737724492651006,0.019,,15,0.6624004263015815,,,
mesh_heldout,PRIMARY,t_le_2018,E,dpctl_focal,raw,dpctl_focal,15,42,15,False,-2,2.183764976388439,-2.7553407801980336,6.911812239083089,0.358,,15,0.2915836446138562,,,
mesh_heldout,PRIMARY,t_le_2018,E,dpctl_focal,raw,dpctl_focal,15,42,15,False,-1,-0.3649104148139418,-5.7693962012029365,5.045447179390497,0.888,,15,-0.048724065940911464,,,
mesh_heldout,PRIMARY,t_le_2018,E,dpctl_focal,raw,dpctl_focal,15,42,15,False,D_-3_-1,2.2599291031413045,-1.2114233863771355,5.3038167206506905,0.201,,45,0.3017533349915088,,1.642044161808517,0.656
mesh_heldout,PRIMARY,t_le_2018,E,growth,raw,growth,15,42,15,False,-5,-0.02377160299988956,-0.4621232976945138,0.4315108117252058,0.906,,15,-0.07202049303124669,,,
mesh_heldout,PRIMARY,t_le_2018,E,growth,raw,growth,15,42,15,False,-4,0.22115892550173136,-0.13318693915741,0.623233136731152,0.247,,15,0.6700421024602106,,,
mesh_heldout,PRIMARY,t_le_2018,E,growth,raw,growth,15,42,15,False,-3,0.2816421377573199,0.00627899513438382,0.544229794719541,0.045,,15,0.8532872444382785,,,
mesh_heldout,PRIMARY,t_le_2018,E,growth,raw,growth,15,42,15,False,-2,-0.09060975073200249,-0.44593245213217697,0.21610255555724311,0.618,,15,-0.27451909411357334,,,
mesh_heldout,PRIMARY,t_le_2018,E,growth,raw,growth,15,42,15,False,-1,-0.029124919617619295,-0.2457798788528103,0.16006090812434243,0.833,,15,-0.08823936149220209,,,
mesh_heldout,PRIMARY,t_le_2018,E,growth,raw,growth,15,42,15,False,D_-3_-1,0.05396915580256603,-0.16694038469607045,0.24702258297760027,0.576,,45,0.163509596277501,,0.10549690409994361,0.8455172413793103
mesh_heldout,PRIMARY,t_le_2018,E,growth,pp,growth_num_pp,15,42,15,False,-5,-0.5094404535591294,-1.0728299211943972,0.08343017161232665,0.094,,15,-0.3252854520620269,,,
mesh_heldout,PRIMARY,t_le_2018,E,growth,pp,growth_num_pp,15,42,15,False,-4,0.0507368235976453,-0.6665938962512615,0.9593167347102733,0.966,,15,0.03239623097233247,,,
mesh_heldout,PRIMARY,t_le_2018,E,growth,pp,growth_num_pp,15,42,15,False,-3,0.82950455906623,0.010109896506614001,1.5850746757438179,0.048,,15,0.5296512351900475,,,
mesh_heldout,PRIMARY,t_le_2018,E,growth,pp,growth_num_pp,15,42,15,False,-2,0.12708832622893515,-0.7387989387642732,0.940954968760214,0.728,,15,0.08114782279336068,,,
mesh_heldout,PRIMARY,t_le_2018,E,growth,pp,growth_num_pp,15,42,15,False,-1,-0.022625749730103124,-0.8729089663341402,0.8211039853565045,0.969,,15,-0.014446884180046065,,,
mesh_heldout,PRIMARY,t_le_2018,E,growth,pp,growth_num_pp,15,42,15,False,D_-3_-1,0.31132237852168737,-0.3360617348369326,0.8537026048961083,0.311,,45,0.19878405793445408,,0.31053189227952926,0.656
mesh_heldout,PRIMARY,t_le_2018,E,new_rel_count,raw,new_rel_count,15,42,15,False,-5,-0.09999999999999994,-1.5666666666666664,1.5,0.86,,15,-0.00893801255332688,,,
mesh_heldout,PRIMARY,t_le_2018,E,new_rel_count,raw,new_rel_count,15,42,15,False,-4,0.9777777777777779,-1.444444444444444,3.5777777777777775,0.428,,15,0.08739390052141845,,,
mesh_heldout,PRIMARY,t_le_2018,E,new_rel_count,raw,new_rel_count,15,42,15,False,-3,2.8555555555555556,-0.2666666666666666,5.877777777777777,0.071,,15,0.25522991402277884,,,
mesh_heldout,PRIMARY,t_le_2018,E,new_rel_count,raw,new_rel_count,15,42,15,False,-2,3.0777777777777775,-0.35583333333333333,6.666944444444443,0.077,,15,0.275092164141283,,,
mesh_heldout,PRIMARY,t_le_2018,E,new_rel_count,raw,new_rel_count,15,42,15,False,-1,1.2555555555555558,-1.600277777777778,4.000555555555552,0.384,,15,0.1122217131695487,,,
mesh_heldout,PRIMARY,t_le_2018,E,new_rel_count,raw,new_rel_count,15,42,15,False,D_-3_-1,2.3962962962962964,0.3074074074074076,4.503796296296296,0.023,,45,0.2141812637778702,,1.076555426019253,0.22999999999999998
mesh_heldout,PRIMARY,t_le_2018,E,new_rel_count,pp,new_rel_pp,15,42,15,False,-5,0.03846911391646378,-0.09001350946577047,0.16113661581311947,0.565,,15,0.23367470247671746,,,
mesh_heldout,PRIMARY,t_le_2018,E,new_rel_count,pp,new_rel_pp,15,42,15,False,-4,0.08693123585144799,-0.0631346773012303,0.24146647973434943,0.274,,15,0.5280503917410678,,,
mesh_heldout,PRIMARY,t_le_2018,E,new_rel_count,pp,new_rel_pp,15,42,15,False,-3,0.12685354091106996,-0.07049861562788692,0.3345829908085183,0.214,,15,0.7705522798076765,,,
mesh_heldout,PRIMARY,t_le_2018,E,new_rel_count,pp,new_rel_pp,15,42,15,False,-2,0.10966727903196385,-0.07039845923990525,0.30548382096040255,0.269,,15,0.6661569812830508,,,
mesh_heldout,PRIMARY,t_le_2018,E,new_rel_count,pp,new_rel_pp,15,42,15,False,-1,0.029125209562429873,-0.08671623470936218,0.13408657159847134,0.543,,15,0.17691659583976357,,,
mesh_heldout,PRIMARY,t_le_2018,E,new_rel_count,pp,new_rel_pp,15,42,15,False,D_-3_-1,0.08854867650182123,-0.042890564370527184,0.21877677290426192,0.176,,45,0.537875285643497,,0.06710234166147455,0.6509090909090909
mesh_heldout,PRIMARY,t_le_2018,E,new_rel_rate,raw,new_rel_rate,15,42,15,False,-5,0.1063087427473185,-0.01394994975412046,0.2405835349442012,0.091,,14,0.8473681313791304,,,
mesh_heldout,PRIMARY,t_le_2018,E,new_rel_rate,raw,new_rel_rate,15,42,15,False,-4,0.11335344085722561,-0.021841652795737743,0.2586365630648388,0.109,,15,0.9035201704236581,,,
mesh_heldout,PRIMARY,t_le_2018,E,new_rel_rate,raw,new_rel_rate,15,42,15,False,-3,0.09270695843057011,-0.03160881207907443,0.2192357739296307,0.155,,15,0.7389507212767448,,,
mesh_heldout,PRIMARY,t_le_2018,E,new_rel_rate,raw,new_rel_rate,15,42,15,False,-2,0.05198536866681257,-0.0695693538588994,0.17402505956130587,0.397,,15,0.4143661524711549,,,
mesh_heldout,PRIMARY,t_le_2018,E,new_rel_rate,raw,new_rel_rate,15,42,15,False,-1,-0.010192382005261635,-0.08301404538019445,0.055558641496929156,0.845,,15,-0.0812416690377864,,,
mesh_heldout,PRIMARY,t_le_2018,E,new_rel_rate,raw,new_rel_rate,15,42,15,False,D_-3_-1,0.04483331503070701,-0.03207596271467366,0.12787476123257352,0.255,,45,0.35735840157003773,,0.04012039543480068,0.656
mesh_heldout,PRIMARY,t_le_2018,E,new_rel_rate,volres,new_rel_rate_volres,15,42,15,False,-5,0.09000555899987758,-0.03089938468378025,0.22794047854115534,0.15,,14,0.6042528518881378,,,
mesh_heldout,PRIMARY,t_le_2018,E,new_rel_rate,volres,new_rel_rate_volres,15,42,15,False,-4,0.10173906861457724,-0.03716571678273945,0.256857345106082,0.159,,15,0.6830258379805724,,,
mesh_heldout,PRIMARY,t_le_2018,E,new_rel_rate,volres,new_rel_rate_volres,15,42,15,False,-3,0.09170587982241991,-0.02661349889009968,0.20702986812542915,0.125,,15,0.6156679657717968,,,
mesh_heldout,PRIMARY,t_le_2018,E,new_rel_rate,volres,new_rel_rate_volres,15,42,15,False,-2,0.056539547979681276,-0.061225134472500456,0.17378744911583727,0.345,,15,0.37957858926508176,,,
mesh_heldout,PRIMARY,t_le_2018,E,new_rel_rate,volres,new_rel_rate_volres,15,42,15,False,-1,-0.006985020025276649,-0.07245351695855408,0.052138366346796014,0.817,,15,-0.046893973190866,,,
mesh_heldout,PRIMARY,t_le_2018,E,new_rel_rate,volres,new_rel_rate_volres,15,42,15,False,D_-3_-1,0.04708680259227485,-0.023008514642901465,0.11937005408744428,0.219,,45,0.3161175272820042,,0.03703063367819325,0.656
mesh_heldout,PRIMARY,t_le_2018,E,nbr_novelty,raw,nbr_novelty,15,42,15,False,-5,0.012702333897986072,-0.03508734079929732,0.07601662980739066,0.686,,14,0.4983566380916246,,,
mesh_heldout,PRIMARY,t_le_2018,E,nbr_novelty,raw,nbr_novelty,15,42,15,False,-4,0.020380830826947683,-0.03728004582258255,0.10415222062317528,0.654,,15,0.7996107183139116,,,
mesh_heldout,PRIMARY,t_le_2018,E,nbr_novelty,raw,nbr_novelty,15,42,15,False,-3,0.009727814092614853,-0.012913543230727763,0.03138731582564599,0.411,,15,0.3816559040338637,,,
mesh_heldout,PRIMARY,t_le_2018,E,nbr_novelty,raw,nbr_novelty,15,42,15,False,-2,0.006595138320173739,-0.01255447691953438,0.027586822624408106,0.535,,15,0.25875016255966415,,,
mesh_heldout,PRIMARY,t_le_2018,E,nbr_novelty,raw,nbr_novelty,15,42,15,False,-1,0.0005019954751137542,-0.013576288033949327,0.01387876824234351,0.94,,15,0.01969502449896729,,,
mesh_heldout,PRIMARY,t_le_2018,E,nbr_novelty,raw,nbr_novelty,15,42,15,False,D_-3_-1,0.005608315962634115,-0.010888920644361297,0.02083620382319378,0.493,,45,0.2200336970308317,,0.008134997190483115,0.7888
mesh_heldout,PRIMARY,t_le_2018,E,nbr_novelty,volres,nbr_novelty_volres,15,42,15,False,-5,0.006928665928953277,-0.04110951614150681,0.06807590319911022,0.847,,14,0.19411665620032192,,,
mesh_heldout,PRIMARY,t_le_2018,E,nbr_novelty,volres,nbr_novelty_volres,15,42,15,False,-4,0.016267675382181965,-0.03777049156623624,0.09730552445722149,0.721,,15,0.4557625929323041,,,
mesh_heldout,PRIMARY,t_le_2018,E,nbr_novelty,volres,nbr_novelty_volres,15,42,15,False,-3,0.009373288523627872,-0.01211836458282269,0.03321613884754911,0.387,,15,0.26260631476027463,,,
mesh_heldout,PRIMARY,t_le_2018,E,nbr_novelty,volres,nbr_novelty_volres,15,42,15,False,-2,0.008207971717090411,-0.011087261583551762,0.029906914566153554,0.426,,15,0.2299582690587462,,,
mesh_heldout,PRIMARY,t_le_2018,E,nbr_novelty,volres,nbr_novelty_volres,15,42,15,False,-1,0.0016378621509610285,-0.012895337473157189,0.016132472469735655,0.795,,15,0.045887091010267944,,,
mesh_heldout,PRIMARY,t_le_2018,E,nbr_novelty,volres,nbr_novelty_volres,15,42,15,False,D_-3_-1,0.006406374130559771,-0.010287474221817734,0.022894154907238833,0.4,,45,0.1794838916097629,,0.008455245918600765,0.6956521739130435
mesh_heldout,PRIMARY,t_le_2018,E,beta_sor,raw,beta_sor,15,42,15,False,-5,0.022793520140108832,-0.11498993341096972,0.15064882554909614,0.73,,14,0.2338621627448429,,,
mesh_heldout,PRIMARY,t_le_2018,E,beta_sor,raw,beta_sor,15,42,15,False,-4,0.044586121765986954,-0.07724927283274782,0.1965311485178422,0.523,,15,0.4574548731615457,,,
mesh_heldout,PRIMARY,t_le_2018,E,beta_sor,raw,beta_sor,15,42,15,False,-3,0.03642692256131695,-0.10105740056603464,0.18400876823237564,0.591,,15,0.3737412580401817,,,
mesh_heldout,PRIMARY,t_le_2018,E,beta_sor,raw,beta_sor,15,42,15,False,-2,0.00884420807117273,-0.08398011910651869,0.10299214916949113,0.836,,15,0.09074182550900953,,,
mesh_heldout,PRIMARY,t_le_2018,E,beta_sor,raw,beta_sor,15,42,15,False,-1,-0.003640532621556709,-0.03807076372460266,0.03326161622746687,0.848,,15,-0.037351967892061605,,,
mesh_heldout,PRIMARY,t_le_2018,E,beta_sor,raw,beta_sor,15,42,15,False,D_-3_-1,0.013876866003644323,-0.054785285674038696,0.08257080978205139,0.647,,45,0.14237703855237654,,0.03517609736547259,0.855483870967742
mesh_heldout,PRIMARY,t_le_2018,E,beta_sor,volres,beta_sor_volres,15,42,15,False,-5,0.003057375109775768,-0.12850824776518058,0.1331533013079906,0.98,,14,0.027952825827682527,,,
mesh_heldout,PRIMARY,t_le_2018,E,beta_sor,volres,beta_sor_volres,15,42,15,False,-4,0.032583908461368154,-0.08300955596917535,0.16595470049356886,0.649,,15,0.29790663078714447,,,
mesh_heldout,PRIMARY,t_le_2018,E,beta_sor,volres,beta_sor_volres,15,42,15,False,-3,0.03521504683794373,-0.08962822995533834,0.17038681231331157,0.605,,15,0.32196247939197675,,,
mesh_heldout,PRIMARY,t_le_2018,E,beta_sor,volres,beta_sor_volres,15,42,15,False,-2,0.014357360888764418,-0.07480524382744375,0.10000257930023461,0.73,,15,0.13126580607841964,,,
mesh_heldout,PRIMARY,t_le_2018,E,beta_sor,volres,beta_sor_volres,15,42,15,False,-1,0.00024220354718067032,-0.03453268508102332,0.03585283245618847,0.982,,15,0.0022144072369597806,,,
mesh_heldout,PRIMARY,t_le_2018,E,beta_sor,volres,beta_sor_volres,15,42,15,False,D_-3_-1,0.016604870424629607,-0.04322296898447287,0.08356282076813476,0.606,,45,0.15181423090245208,,0.032485914444861826,0.8455172413793103
mesh_heldout,PRIMARY,t_le_2018,E,beta_sim,raw,beta_sim,15,42,15,False,-5,-0.05191850877066825,-0.10912572569549311,0.006313300968339725,0.096,,14,-0.5754796862779701,,,
mesh_heldout,PRIMARY,t_le_2018,E,beta_sim,raw,beta_sim,15,42,15,False,-4,-0.0295409730421056,-0.07504196754757561,0.01692517960525477,0.205,,15,-0.32744064306063636,,,
mesh_heldout,PRIMARY,t_le_2018,E,beta_sim,raw,beta_sim,15,42,15,False,-3,0.027908418503252003,-0.07442301013410552,0.16195028354222357,0.741,,15,0.3093449389255068,,,
mesh_heldout,PRIMARY,t_le_2018,E,beta_sim,raw,beta_sim,15,42,15,False,-2,0.030129010439194404,-0.022709724410743592,0.08497352777373043,0.264,,15,0.333958618726909,,,
mesh_heldout,PRIMARY,t_le_2018,E,beta_sim,raw,beta_sim,15,42,15,False,-1,8.895019999309028e-05,-0.041229960421774126,0.04958591358995092,0.944,,15,0.000985949604456011,,,
mesh_heldout,PRIMARY,t_le_2018,E,beta_sim,raw,beta_sim,15,42,15,False,D_-3_-1,0.0193754597141465,-0.01284030919096639,0.05459026178976669,0.277,,45,0.21476316908562396,,0.017524143917361908,0.656
mesh_heldout,PRIMARY,t_le_2018,E,beta_sim,volres,beta_sim_volres,15,42,15,False,-5,-0.047144073063559576,-0.1079634229843828,0.008439647063424621,0.102,,14,-0.4985983572852042,,,
mesh_heldout,PRIMARY,t_le_2018,E,beta_sim,volres,beta_sim_volres,15,42,15,False,-4,-0.026637478176323306,-0.06832228606369974,0.01750284053578408,0.232,,15,-0.2817194611723367,,,
mesh_heldout,PRIMARY,t_le_2018,E,beta_sim,volres,beta_sim_volres,15,42,15,False,-3,0.028201587342321567,-0.07100610802819184,0.1851386356152636,0.728,,15,0.2982615673185336,,,
mesh_heldout,PRIMARY,t_le_2018,E,beta_sim,volres,beta_sim_volres,15,42,15,False,-2,0.028795305522119615,-0.02646957662129144,0.08474280605552417,0.34,,15,0.3045407640425537,,,
mesh_heldout,PRIMARY,t_le_2018,E,beta_sim,volres,beta_sim_volres,15,42,15,False,-1,-0.0008503352671946888,-0.043497910281220256,0.046485447771580174,0.921,,15,-0.00899319341358867,,,
mesh_heldout,PRIMARY,t_le_2018,E,beta_sim,volres,beta_sim_volres,15,42,15,False,D_-3_-1,0.018715519199082164,-0.015127185897513462,0.05951524733662972,0.315,,45,0.19793637931583286,,0.0190326359156371,0.656
mesh_heldout,PRIMARY,t_le_2018,E,beta_sne,raw,beta_sne,15,42,15,False,-5,0.07471202891077708,-0.08229633202514908,0.23418457987534266,0.367,,14,0.802516793548634,,,
mesh_heldout,PRIMARY,t_le_2018,E,beta_sne,raw,beta_sne,15,42,15,False,-4,0.07412709480809256,-0.05979382823169094,0.2362266982383423,0.338,,15,0.7962337431835553,,,
mesh_heldout,PRIMARY,t_le_2018,E,beta_sne,raw,beta_sne,15,42,15,False,-3,0.008518504058064954,-0.09687088913694393,0.1059048037214254,0.867,,15,0.09150123028613398,,,
mesh_heldout,PRIMARY,t_le_2018,E,beta_sne,raw,beta_sne,15,42,15,False,-2,-0.02128480236802168,-0.12621582600212575,0.07696506884939378,0.681,,15,-0.228630002380208,,,
mesh_heldout,PRIMARY,t_le_2018,E,beta_sne,raw,beta_sne,15,42,15,False,-1,-0.0037294828215497992,-0.05007258666732787,0.041267721989483544,0.885,,15,-0.04006011667972687,,,
mesh_heldout,PRIMARY,t_le_2018,E,beta_sne,raw,beta_sne,15,42,15,False,D_-3_-1,-0.005498593710502175,-0.06753678631911074,0.053211290297286606,0.88,,45,-0.05906296292460029,,0.031054734038785416,0.9263157894736843
mesh_heldout,PRIMARY,t_le_2018,E,beta_sne,volres,beta_sne_volres,15,42,15,False,-5,0.05020144817333534,-0.11857086537983455,0.21588522562419768,0.561,,14,0.39888828020401057,,,
mesh_heldout,PRIMARY,t_le_2018,E,beta_sne,volres,beta_sne_volres,15,42,15,False,-4,0.05922138663769146,-0.06499987900913803,0.2142841438982439,0.418,,15,0.47055847842558457,,,
mesh_heldout,PRIMARY,t_le_2018,E,beta_sne,volres,beta_sne_volres,15,42,15,False,-3,0.007013459495622185,-0.0930840646828124,0.09728868154682196,0.877,,15,0.05572721302440769,,,
mesh_heldout,PRIMARY,t_le_2018,E,beta_sne,volres,beta_sne_volres,15,42,15,False,-2,-0.014437944633355166,-0.11329235140777032,0.07704773781435503,0.81,,15,-0.11472033405480013,,,
mesh_heldout,PRIMARY,t_le_2018,E,beta_sne,volres,beta_sne_volres,15,42,15,False,-1,0.0010925388143753554,-0.042520891367237176,0.041560779725341265,0.954,,15,0.008681042969469381,,,
mesh_heldout,PRIMARY,t_le_2018,E,beta_sne,volres,beta_sne_volres,15,42,15,False,D_-3_-1,-0.0021106487744525417,-0.05968081402825605,0.04932349982188077,1.0,,45,-0.016770692686974353,,0.02831069587897911,1.0
mesh_heldout,PRIMARY,t_le_2018,E,accretion_share,raw,accretion_share,15,42,15,True,-5,0.12495409506206849,-0.178822032935585,0.3901063959573091,0.399,,14,0.2795053779244798,,,
mesh_heldout,PRIMARY,t_le_2018,E,accretion_share,raw,accretion_share,15,42,15,True,-4,0.07039292926909123,-0.18135893866716685,0.32187448623256615,0.562,,15,0.15745944371647244,,,
mesh_heldout,PRIMARY,t_le_2018,E,accretion_share,raw,accretion_share,15,42,15,True,-3,0.26877793056186305,0.01848222495933918,0.5102096777783109,0.033,,15,0.6012198081394317,,,
mesh_heldout,PRIMARY,t_le_2018,E,accretion_share,raw,accretion_share,15,42,15,True,-2,0.07788323228813218,-0.23985030488302095,0.4269150191655972,0.672,,15,0.17421423654711932,,,
mesh_heldout,PRIMARY,t_le_2018,E,accretion_share,raw,accretion_share,15,42,15,True,-1,-0.0655795707088461,-0.35902676565977293,0.19544893873618854,0.606,,15,-0.14669261288312468,,,
mesh_heldout,PRIMARY,t_le_2018,E,accretion_share,raw,accretion_share,15,42,15,True,D_-3_-1,0.09369386404704971,-0.03513706300760204,0.21368149249708937,0.167,0.501,45,0.20958047726780876,0.4576464559018074,0.06391744059905026,0.6509090909090909
mesh_heldout,PRIMARY,t_le_2018,E,accretion_share,volres,accretion_share_volres,15,42,15,True,-5,0.11605902288390915,-0.17928877291180842,0.3901018404670682,0.464,,14,0.2530027263691352,,,
mesh_heldout,PRIMARY,t_le_2018,E,accretion_share,volres,accretion_share_volres,15,42,15,True,-4,0.06498353683312337,-0.18141843700423177,0.32547382325577623,0.6,,15,0.14166078241357288,,,
mesh_heldout,PRIMARY,t_le_2018,E,accretion_share,volres,accretion_share_volres,15,42,15,True,-3,0.2682317386883338,0.01904362000016581,0.5133113536372124,0.039,,15,0.5847314538807021,,,
mesh_heldout,PRIMARY,t_le_2018,E,accretion_share,volres,accretion_share_volres,15,42,15,True,-2,0.0803680079201682,-0.2447353439159024,0.4177604507114846,0.65,,15,0.17519814152664118,,,
mesh_heldout,PRIMARY,t_le_2018,E,accretion_share,volres,accretion_share_volres,15,42,15,True,-1,-0.06382962316759186,-0.34474050145899693,0.19542051864977517,0.679,,15,-0.13914530971597747,,,
mesh_heldout,PRIMARY,t_le_2018,E,accretion_share,volres,accretion_share_volres,15,42,15,True,D_-3_-1,0.09492337448030337,-0.03256393282930815,0.20893745405368347,0.137,,45,0.2069280952304553,,0.06209429222350281,0.6509090909090909
mesh_heldout,PRIMARY,t_le_2018,E,closure_lr,raw,closure_lr,15,42,15,True,-5,-0.6576628666637712,-1.005439849074679,-0.3189379883088601,0.0,,14,-0.6575115588564729,,,
mesh_heldout,PRIMARY,t_le_2018,E,closure_lr,raw,closure_lr,15,42,15,True,-4,-0.5653108106927314,-0.9369087586321758,-0.15340584031528243,0.007,,15,-0.5651807502262771,,,
mesh_heldout,PRIMARY,t_le_2018,E,closure_lr,raw,closure_lr,15,42,15,True,-3,-0.24346241991618697,-0.7203274475858072,0.27136680550274433,0.346,,15,-0.24340640677209097,,,
mesh_heldout,PRIMARY,t_le_2018,E,closure_lr,raw,closure_lr,15,42,15,True,-2,-0.15170453453614227,-0.6370664777288094,0.3822070555017208,0.551,,15,-0.15166963203268438,,,
mesh_heldout,PRIMARY,t_le_2018,E,closure_lr,raw,closure_lr,15,42,15,True,-1,0.13674127815319387,-0.36262366978397587,0.6363156281601214,0.579,,15,0.1367098182304686,,,
mesh_heldout,PRIMARY,t_le_2018,E,closure_lr,raw,closure_lr,15,42,15,True,D_-3_-1,-0.08614189209971179,-0.4880185897438203,0.3775514459849425,0.692,0.692,45,-0.0861220735247689,0.5696821273938668,0.2222202423816351,0.865
mesh_heldout,PRIMARY,t_le_2018,E,closure_lr,volres,closure_lr_volres,15,42,15,True,-5,-0.5238194913541164,-0.8146571298957459,-0.23833943357902376,0.0,,14,-0.7356757281682008,,,
mesh_heldout,PRIMARY,t_le_2018,E,closure_lr,volres,closure_lr_volres,15,42,15,True,-4,-0.4699609203191514,-0.7744414444631185,-0.12909279115087136,0.007,,15,-0.6600343209311019,,,
mesh_heldout,PRIMARY,t_le_2018,E,closure_lr,volres,closure_lr_volres,15,42,15,True,-3,-0.23524391842955888,-0.6614154752581611,0.27717437658590005,0.32,,15,-0.33038717314703936,,,
mesh_heldout,PRIMARY,t_le_2018,E,closure_lr,volres,closure_lr_volres,15,42,15,True,-2,-0.1890927367696741,-0.6506674528175002,0.2784427682701003,0.428,,15,-0.26557037130240174,,,
mesh_heldout,PRIMARY,t_le_2018,E,closure_lr,volres,closure_lr_volres,15,42,15,True,-1,0.11040997011598712,-0.37197458746900003,0.568775575260921,0.648,,15,0.15506474368132503,,,
mesh_heldout,PRIMARY,t_le_2018,E,closure_lr,volres,closure_lr_volres,15,42,15,True,D_-3_-1,-0.10464222836108196,-0.49761808694645054,0.3229171188326382,0.613,,45,-0.14696426692270537,,0.2096304308430276,0.8455172413793103
mesh_heldout,PRIMARY,t_le_2018,E,rewire_z,raw,rewire_z,15,42,3,False,-5,,,,,,0,,,,
mesh_heldout,PRIMARY,t_le_2018,E,rewire_z,raw,rewire_z,15,42,3,False,-4,-0.6840288585225061,-7.1317650213185,5.763707304273488,0.8011204481792717,,2,-0.02844447612774047,,,
mesh_heldout,PRIMARY,t_le_2018,E,rewire_z,raw,rewire_z,15,42,3,False,-3,,,,,,0,,,,
mesh_heldout,PRIMARY,t_le_2018,E,rewire_z,raw,rewire_z,15,42,3,False,-2,-12.51226364025646,-12.51226364025646,-12.512263640256458,0.0,,1,-0.5203066800251965,,,
mesh_heldout,PRIMARY,t_le_2018,E,rewire_z,raw,rewire_z,15,42,3,False,-1,5.177063673409394,-2.1772387149310894,12.531366061749878,0.5486228218100057,,2,0.21528165403454358,,,
mesh_heldout,PRIMARY,t_le_2018,E,rewire_z,raw,rewire_z,15,42,3,False,D_-3_-1,-3.667599983423533,-12.51226364025646,12.531366061749878,0.8018672199170125,,3,-0.15251251299532645,,6.460013145094005,0.8756756756756758
mesh_heldout,PRIMARY,t_le_2018,E,rewire_z,volres,rewire_z_volres,15,42,3,False,-5,,,,,,0,,,,
mesh_heldout,PRIMARY,t_le_2018,E,rewire_z,volres,rewire_z_volres,15,42,3,False,-4,1.92420558088887,-0.845347439649764,4.693758601427504,0.5456595264937993,,2,0.093137165155064,,,
mesh_heldout,PRIMARY,t_le_2018,E,rewire_z,volres,rewire_z_volres,15,42,3,False,-3,,,,,,0,,,,
mesh_heldout,PRIMARY,t_le_2018,E,rewire_z,volres,rewire_z_volres,15,42,3,False,-2,-5.473270692176911,-5.473270692176911,-5.473270692176911,0.0,,1,-0.2649222730973324,,,
mesh_heldout,PRIMARY,t_le_2018,E,rewire_z,volres,rewire_z_volres,15,42,3,False,-1,8.368861926993405,-0.32574138716472234,17.063465241151533,0.5533371363377068,,2,0.4050773385109146,,,
mesh_heldout,PRIMARY,t_le_2018,E,rewire_z,volres,rewire_z_volres,15,42,3,False,D_-3_-1,1.4477956174082474,-5.473270692176911,17.063465241151533,0.8039728175640355,,3,0.07007753270679111,,6.02406736714665,0.8756756756756758
mesh_heldout,PRIMARY,t_le_2018,E,P,raw,P,15,42,15,False,-5,-0.00799257195176027,-0.132827518809164,0.09725600136420873,0.923,,14,-0.05473866568845202,,,
mesh_heldout,PRIMARY,t_le_2018,E,P,raw,P,15,42,15,False,-4,-0.03306807364883384,-0.161432831271035,0.06737049731122459,0.577,,15,-0.22647306015505703,,,
mesh_heldout,PRIMARY,t_le_2018,E,P,raw,P,15,42,15,False,-3,0.0717485380874093,0.016385396969847078,0.1263828876966914,0.015,,15,0.4913836576894246,,,
mesh_heldout,PRIMARY,t_le_2018,E,P,raw,P,15,42,15,False,-2,0.037320943522839545,0.0047911706202618635,0.0710488647904035,0.022,,15,0.2555996571572169,,,
mesh_heldout,PRIMARY,t_le_2018,E,P,raw,P,15,42,15,False,-1,0.054426651179635126,0.015205838199326846,0.09521020245622448,0.005,,15,0.3727513848415086,,,
mesh_heldout,PRIMARY,t_le_2018,E,P,raw,P,15,42,15,False,D_-3_-1,0.05449871092996133,0.02477605972091168,0.08838640326078355,0.0,,45,0.3732448998960501,,0.01637312871984854,0.0
mesh_heldout,PRIMARY,t_le_2018,E,P,volres,P_volres,15,42,15,False,-5,0.00859585870517209,-0.12027861110314572,0.11486866397234857,0.832,,14,0.057988261613806415,,,
mesh_heldout,PRIMARY,t_le_2018,E,P,volres,P_volres,15,42,15,False,-4,-0.021250491785339522,-0.13437942358310817,0.07490711743596751,0.706,,15,-0.1433572978961201,,,
mesh_heldout,PRIMARY,t_le_2018,E,P,volres,P_volres,15,42,15,False,-3,0.0727671319602806,0.017135519022139927,0.12816740290355486,0.014,,15,0.4908921411726076,,,
mesh_heldout,PRIMARY,t_le_2018,E,P,volres,P_volres,15,42,15,False,-2,0.03268708249906146,0.005302842053230313,0.06333283975068192,0.019,,15,0.2205093355253914,,,
mesh_heldout,PRIMARY,t_le_2018,E,P,volres,P_volres,15,42,15,False,-1,0.05116317193405438,0.009483791154868944,0.0902961682334192,0.014,,15,0.3451503219008189,,,
mesh_heldout,PRIMARY,t_le_2018,E,P,volres,P_volres,15,42,15,False,D_-3_-1,0.052205795464465486,0.025605159047934176,0.08451530952163226,0.0,,45,0.35218393286627264,,0.01512127035612641,0.0
mesh_heldout,PRIMARY,t_le_2018,E,z_within,raw,z_within,15,42,15,False,-5,-0.01202341162360074,-0.07555146653196078,0.05157714803218063,0.734,,14,-0.08351992990758318,,,
mesh_heldout,PRIMARY,t_le_2018,E,z_within,raw,z_within,15,42,15,False,-4,0.025892721940642124,-0.04201247414194256,0.09737893262445385,0.472,,15,0.17986228778478217,,,
mesh_heldout,PRIMARY,t_le_2018,E,z_within,raw,z_within,15,42,15,False,-3,-0.058846769763834746,-0.14580641438294312,0.025086992323654255,0.185,,15,-0.40877566532911136,,,
mesh_heldout,PRIMARY,t_le_2018,E,z_within,raw,z_within,15,42,15,False,-2,-0.005352180003325935,-0.1272989061665614,0.09711446163471765,0.969,,15,-0.03717860726427329,,,
mesh_heldout,PRIMARY,t_le_2018,E,z_within,raw,z_within,15,42,15,False,-1,-0.004467533449123032,-0.09690699700347262,0.07605394849484824,0.96,,15,-0.03103346140109903,,,
mesh_heldout,PRIMARY,t_le_2018,E,z_within,raw,z_within,15,42,15,False,D_-3_-1,-0.022888827738761233,-0.07474716217070915,0.032433858214837255,0.397,,45,-0.15899591133149452,,0.027171655013769516,0.6956521739130435
mesh_heldout,PRIMARY,t_le_2018,E,z_within,volres,z_within_volres,15,42,15,False,-5,-0.009731793087585105,-0.07465328972018663,0.05633465141753502,0.78,,14,-0.06761935314162491,,,
mesh_heldout,PRIMARY,t_le_2018,E,z_within,volres,z_within_volres,15,42,15,False,-4,0.02752526875651275,-0.04239751602673724,0.10325033695216485,0.451,,15,0.19125364170958015,,,
mesh_heldout,PRIMARY,t_le_2018,E,z_within,volres,z_within_volres,15,42,15,False,-3,-0.05870605551255816,-0.14913614578478415,0.01839489581087528,0.164,,15,-0.4079068948064286,,,
mesh_heldout,PRIMARY,t_le_2018,E,z_within,volres,z_within_volres,15,42,15,False,-2,-0.005992327467243675,-0.12180019832681006,0.09553969013105854,0.963,,15,-0.04163644905939492,,,
mesh_heldout,PRIMARY,t_le_2018,E,z_within,volres,z_within_volres,15,42,15,False,-1,-0.004918368714118393,-0.10160838289253285,0.07821707395187345,0.958,,15,-0.03417426860266493,,,
mesh_heldout,PRIMARY,t_le_2018,E,z_within,volres,z_within_volres,15,42,15,False,D_-3_-1,-0.02320558389797341,-0.07451764537412808,0.03032795275877355,0.395,,45,-0.1612392041561628,,0.027296208607472307,0.6956521739130435
mesh_heldout,PRIMARY,t_le_2018,E,betw,raw,betw,15,42,15,False,-5,-1.194697343141069e-06,-2.2134871031590114e-06,-2.805634484700357e-07,0.007,,15,-0.017206889505307955,,,
mesh_heldout,PRIMARY,t_le_2018,E,betw,raw,betw,15,42,15,False,-4,-1.4385150310318447e-06,-3.988106248933536e-06,1.3893307737793738e-06,0.306,,15,-0.02071852702510518,,,
mesh_heldout,PRIMARY,t_le_2018,E,betw,raw,betw,15,42,15,False,-3,4.115035873849535e-06,-2.567473991097067e-06,1.3131757051845573e-05,0.364,,15,0.0592677032373265,,,
mesh_heldout,PRIMARY,t_le_2018,E,betw,raw,betw,15,42,15,False,-2,2.950110395487963e-06,-1.6884189268958428e-06,8.06975645705577e-06,0.24,,15,0.04248960951914309,,,
mesh_heldout,PRIMARY,t_le_2018,E,betw,raw,betw,15,42,15,False,-1,1.7677024732586314e-06,-6.8297071151569794e-06,1.016639780060915e-05,0.688,,15,0.025459721083542476,,,
mesh_heldout,PRIMARY,t_le_2018,E,betw,raw,betw,15,42,15,False,D_-3_-1,2.9442829141987097e-06,-2.588202636394648e-06,8.609094799795579e-06,0.328,,45,0.04240567794667069,,2.884940210853353e-06,0.656
mesh_heldout,PRIMARY,t_le_2018,E,dP,raw,dP,15,42,15,True,-5,-0.031701708132682443,-0.16054601386589618,0.0877155017748323,0.632,,13,-0.22001043340106347,,,
mesh_heldout,PRIMARY,t_le_2018,E,dP,raw,dP,15,42,15,True,-4,-0.07017925355351892,-0.19259280331017264,0.049581389806339256,0.275,,13,-0.4870453013273121,,,
mesh_heldout,PRIMARY,t_le_2018,E,dP,raw,dP,15,42,15,True,-3,0.09781886064678133,0.001727602839989443,0.20769857323445173,0.043,,15,0.6788646793296805,,,
mesh_heldout,PRIMARY,t_le_2018,E,dP,raw,dP,15,42,15,True,-2,-0.03898766131878946,-0.08740547130627374,0.007688897782806162,0.112,,15,-0.27057508157415944,,,
mesh_heldout,PRIMARY,t_le_2018,E,dP,raw,dP,15,42,15,True,-1,0.017105707656795595,-0.02346629976332551,0.055077981982338015,0.417,,15,0.11871392353535762,,,
mesh_heldout,PRIMARY,t_le_2018,E,dP,raw,dP,15,42,15,True,D_-3_-1,0.025312302328262492,-0.016367358762213277,0.07034888854529221,0.285,0.57,45,0.1756678404302929,0.45834498402331936,0.0226003848690885,0.656
mesh_heldout,PRIMARY,t_le_2018,E,dP,volres,dP_volres,15,42,15,True,-5,-0.034799306852676695,-0.17252982250791746,0.0804077872881336,0.598,,13,-0.24141867318028806,,,
mesh_heldout,PRIMARY,t_le_2018,E,dP,volres,dP_volres,15,42,15,True,-4,-0.07295969879930879,-0.19775083877364674,0.04583407806150252,0.244,,13,-0.5061547275734822,,,
mesh_heldout,PRIMARY,t_le_2018,E,dP,volres,dP_volres,15,42,15,True,-3,0.09725246288799765,0.002968468248232807,0.208495145994201,0.042,,15,0.6746847186736328,,,
mesh_heldout,PRIMARY,t_le_2018,E,dP,volres,dP_volres,15,42,15,True,-2,-0.038673058022716436,-0.08485594476656663,0.0110348466694289,0.119,,15,-0.26829265293111315,,,
mesh_heldout,PRIMARY,t_le_2018,E,dP,volres,dP_volres,15,42,15,True,-1,0.01759731796462477,-0.02155819773946359,0.055376201697600776,0.382,,15,0.12208062570144516,,,
mesh_heldout,PRIMARY,t_le_2018,E,dP,volres,dP_volres,15,42,15,True,D_-3_-1,0.025392240943301992,-0.01657497292090853,0.07342182088087561,0.261,,45,0.17615756381465492,,0.022822111255229607,0.656
mesh_heldout,PRIMARY,t_le_2018,E,dz,raw,dz,15,42,15,False,-5,-0.022646540166736232,-0.11519412116388,0.06484140673348432,0.61,,13,-0.1206906405474008,,,
mesh_heldout,PRIMARY,t_le_2018,E,dz,raw,dz,15,42,15,False,-4,0.04058778710449089,-0.03484355603383358,0.11622209386219116,0.319,,13,0.2163052717093478,,,
mesh_heldout,PRIMARY,t_le_2018,E,dz,raw,dz,15,42,15,False,-3,-0.08099862684476554,-0.17649384895694886,0.004096791638193613,0.066,,15,-0.4316675344392577,,,
mesh_heldout,PRIMARY,t_le_2018,E,dz,raw,dz,15,42,15,False,-2,0.061453727265377615,-0.07992737081144104,0.21059007495275003,0.394,,15,0.3275065265191278,,,
mesh_heldout,PRIMARY,t_le_2018,E,dz,raw,dz,15,42,15,False,-1,0.0008846465542029003,-0.15383694969008987,0.15647686231017643,1.0,,15,0.004714563836184704,,,
mesh_heldout,PRIMARY,t_le_2018,E,dz,raw,dz,15,42,15,False,D_-3_-1,-0.006220084341728341,-0.03625094573073546,0.022107212405031294,0.717,,45,-0.0331488146946484,,0.015162246861031233,0.8690909090909091
mesh_heldout,PRIMARY,t_le_2018,E,dbetw,raw,dbetw,15,42,15,False,-5,1.3849963910866558e-07,-1.3772402196406663e-06,1.8706570066605422e-06,0.907,,14,0.003325549347342574,,,
mesh_heldout,PRIMARY,t_le_2018,E,dbetw,raw,dbetw,15,42,15,False,-4,-2.631735537011617e-07,-3.0051855824739154e-06,2.422848397686053e-06,0.855,,15,-0.0063191257780971745,,,
mesh_heldout,PRIMARY,t_le_2018,E,dbetw,raw,dbetw,15,42,15,False,-3,5.552567076316669e-06,-7.946689531080456e-07,1.4623067477556329e-05,0.107,,15,0.13332407171280083,,,
mesh_heldout,PRIMARY,t_le_2018,E,dbetw,raw,dbetw,15,42,15,False,-2,-1.1617604861441447e-06,-8.71006427781382e-06,5.095420159153469e-06,0.75,,15,-0.027895320531729263,,,
mesh_heldout,PRIMARY,t_le_2018,E,dbetw,raw,dbetw,15,42,15,False,-1,-1.1824079222293315e-06,-7.3883812934525156e-06,4.707855771914027e-06,0.721,,15,-0.028391091264702198,,,
mesh_heldout,PRIMARY,t_le_2018,E,dbetw,raw,dbetw,15,42,15,False,D_-3_-1,1.0694662226477307e-06,-1.734657500111033e-06,4.004378421408523e-06,0.451,,45,0.025679219972123118,,1.4728522334354261e-06,0.7516666666666666
mesh_heldout,PRIMARY,t_le_2018,E,dpctl,raw,dpctl,15,42,15,False,-5,-0.2307186735515724,-0.3986118543854192,-0.056451120396275534,0.007,,13,-0.17357656984444023,,,
mesh_heldout,PRIMARY,t_le_2018,E,dpctl,raw,dpctl,15,42,15,False,-4,-0.03409511919241829,-0.1531652907039701,0.08175863997069852,0.609,,13,-0.02565077956958016,,,
mesh_heldout,PRIMARY,t_le_2018,E,dpctl,raw,dpctl,15,42,15,False,-3,0.2820872188932645,0.027417052977923365,0.5454266310922998,0.024,,15,0.21222266537305567,,,
mesh_heldout,PRIMARY,t_le_2018,E,dpctl,raw,dpctl,15,42,15,False,-2,0.1110530383406929,-0.11838956014500608,0.37553792289210497,0.355,,15,0.08354852760399466,,,
mesh_heldout,PRIMARY,t_le_2018,E,dpctl,raw,dpctl,15,42,15,False,-1,0.10400119124429417,-0.20094990026593315,0.4099028530239952,0.52,,15,0.07824321177836965,,,
mesh_heldout,PRIMARY,t_le_2018,E,dpctl,raw,dpctl,15,42,15,False,D_-3_-1,0.1657138161594172,-0.010264559956416125,0.37307192149061863,0.069,,45,0.12467146825180667,,0.09925060576781139,0.552
mesh_heldout,PRIMARY,t_le_2018,E,dk,raw,dk,15,42,15,False,-5,-0.2777777777777778,-1.7111111111111112,1.1888888888888887,0.695,,15,-0.024849268170816688,,,
mesh_heldout,PRIMARY,t_le_2018,E,dk,raw,dk,15,42,15,False,-4,1.2555555555555555,-1.466666666666666,4.056388888888885,0.37,,15,0.11231869213209142,,,
mesh_heldout,PRIMARY,t_le_2018,E,dk,raw,dk,15,42,15,False,-3,4.3,1.533055555555555,7.290555555555547,0.003,,15,0.38466667128424226,,,
mesh_heldout,PRIMARY,t_le_2018,E,dk,raw,dk,15,42,15,False,-2,2.1,-2.667222222222222,6.856111111111107,0.395,,15,0.18786046737137416,,,
mesh_heldout,PRIMARY,t_le_2018,E,dk,raw,dk,15,42,15,False,-1,0.7555555555555556,-3.646111111111111,4.4222222222222225,0.703,,15,0.0675900094246214,,,
mesh_heldout,PRIMARY,t_le_2018,E,dk,raw,dk,15,42,15,False,D_-3_-1,2.3851851851851853,0.42203703703703627,4.563333333333332,0.016,,45,0.21337238269341263,,1.0699213163126235,0.21333333333333335
mesh_heldout,PRIMARY,t_le_2018,E,comm_change,raw,comm_change,15,42,15,False,-5,0.0,0.0,0.0,1.0,,13,0.0,,,
mesh_heldout,PRIMARY,t_le_2018,E,comm_change,raw,comm_change,15,42,15,False,-4,-0.05128205128205128,-0.15416666666666665,0.0,0.728,,13,-0.3602115507029408,,,
mesh_heldout,PRIMARY,t_le_2018,E,comm_change,raw,comm_change,15,42,15,False,-3,-0.04444444444444444,-0.2,0.06666666666666667,0.742,,15,-0.3121833439425487,,,
mesh_heldout,PRIMARY,t_le_2018,E,comm_change,raw,comm_change,15,42,15,False,-2,0.022222222222222223,0.0,0.06666666666666667,0.682,,15,0.15609167197127438,,,
mesh_heldout,PRIMARY,t_le_2018,E,comm_change,raw,comm_change,15,42,15,False,-1,0.0,0.0,0.0,1.0,,15,0.0,,,
mesh_heldout,PRIMARY,t_le_2018,E,comm_change,raw,comm_change,15,42,15,False,D_-3_-1,-0.007407407407407405,-0.05925925925925926,0.02962962962962963,0.934,,45,-0.05203055732375811,,0.02382370981857969,0.9579487179487179
mesh_heldout,PRIMARY,t_le_2018,E,n_modules_touched,raw,n_modules_touched,15,42,15,False,-5,-0.9666666666666668,-2.4999999999999996,0.46666666666666656,0.189,,15,-0.10702982722096423,,,
mesh_heldout,PRIMARY,t_le_2018,E,n_modules_touched,raw,n_modules_touched,15,42,15,False,-4,-0.41111111111111087,-1.8888888888888886,1.0555555555555558,0.572,,15,-0.04551843226638705,,,
mesh_heldout,PRIMARY,t_le_2018,E,n_modules_touched,raw,n_modules_touched,15,42,15,False,-3,1.7777777777777777,-0.7005555555555554,4.078055555555554,0.165,,15,0.19683646385464681,,,
mesh_heldout,PRIMARY,t_le_2018,E,n_modules_touched,raw,n_modules_touched,15,42,15,False,-2,1.088888888888889,-1.022777777777778,3.2894444444444417,0.355,,15,0.1205623341109712,,,
mesh_heldout,PRIMARY,t_le_2018,E,n_modules_touched,raw,n_modules_touched,15,42,15,False,-1,2.0222222222222217,-0.2444444444444443,4.7338888888888855,0.088,,15,0.2239014776346607,,,
mesh_heldout,PRIMARY,t_le_2018,E,n_modules_touched,raw,n_modules_touched,15,42,15,False,D_-3_-1,1.6296296296296295,-0.33361111111111125,3.514999999999999,0.105,,45,0.18043342520009292,,0.9898789145980651,0.6509090909090909
mesh_heldout,PRIMARY,domain_match,E,s,raw,s,17,46,17,False,-5,-26.34313725490196,-49.284803921568624,-6.623039215686299,0.006,,17,-0.0484650851356152,,,
mesh_heldout,PRIMARY,domain_match,E,s,raw,s,17,46,17,False,-4,-29.16666666666666,-55.373529411764686,-6.399019607843155,0.011,,17,-0.053659705351118414,,,
mesh_heldout,PRIMARY,domain_match,E,s,raw,s,17,46,17,False,-3,-11.049019607843135,-37.471078431372554,13.152941176470557,0.377,,17,-0.020327558968306035,,,
mesh_heldout,PRIMARY,domain_match,E,s,raw,s,17,46,17,False,-2,0.3235294117647059,-27.708333333333336,28.540441176470576,0.971,,17,0.0005952168996930784,,,
mesh_heldout,PRIMARY,domain_match,E,s,raw,s,17,46,17,False,-1,7.666666666666665,-18.945098039215694,34.58970588235294,0.554,,17,0.014104836835151126,,,
mesh_heldout,PRIMARY,domain_match,E,s,raw,s,17,46,17,False,D_-3_-1,-1.0196078431372546,-24.8781045751634,21.699999999999992,0.957,,51,-0.00187583507782061,,12.030095295257551,0.967
mesh_heldout,PRIMARY,domain_match,E,s,pp,s_pp,17,46,17,False,-5,-0.9914659966885447,-1.7254932781079544,-0.1570324435501513,0.016,,15,-0.6807251469278062,,,
mesh_heldout,PRIMARY,domain_match,E,s,pp,s_pp,17,46,17,False,-4,-0.7285950702945836,-1.4383391353257804,0.037384596704813,0.057,,15,-0.5002420536192718,,,
mesh_heldout,PRIMARY,domain_match,E,s,pp,s_pp,17,46,17,False,-3,-0.13111184582341656,-0.8795710768928354,0.711604242076493,0.737,,15,-0.0900193559942713,,,
mesh_heldout,PRIMARY,domain_match,E,s,pp,s_pp,17,46,17,False,-2,0.13998307374153224,-0.6192925095298287,0.9315954382857549,0.728,,17,0.09611020323276351,,,
mesh_heldout,PRIMARY,domain_match,E,s,pp,s_pp,17,46,17,False,-1,0.08236176229708245,-0.7146508736555078,0.8459172501218669,0.819,,17,0.056548306173052516,,,
mesh_heldout,PRIMARY,domain_match,E,s,pp,s_pp,17,46,17,False,D_-3_-1,0.030410996738399376,-0.6569600663117693,0.718883090207497,0.912,,49,0.020879717803848244,,0.3485648308758725,0.967
mesh_heldout,PRIMARY,domain_match,E,k,raw,k,17,46,17,False,-5,-3.2450980392156867,-6.804166666666667,0.23529411764705882,0.073,,17,-0.07410099329202566,,,
mesh_heldout,PRIMARY,domain_match,E,k,raw,k,17,46,17,False,-4,-2.3529411764705874,-6.529901960784313,1.8240196078431348,0.273,,17,-0.05372881688847779,,,
mesh_heldout,PRIMARY,domain_match,E,k,raw,k,17,46,17,False,-3,1.3627450980392155,-3.706127450980392,6.588235294117647,0.579,,17,0.031117939781243394,,,
mesh_heldout,PRIMARY,domain_match,E,k,raw,k,17,46,17,False,-2,4.03921568627451,-2.412745098039216,10.901960784313724,0.227,,17,0.0922344689918869,,,
mesh_heldout,PRIMARY,domain_match,E,k,raw,k,17,46,17,False,-1,4.705882352941177,-0.7848039215686272,10.510294117647057,0.103,,17,0.10745763377695562,,,
mesh_heldout,PRIMARY,domain_match,E,k,raw,k,17,46,17,False,D_-3_-1,3.369281045751634,-1.8957516339869283,8.54926470588235,0.195,,51,0.07693668085002864,,2.6569720360146687,0.5571428571428572
mesh_heldout,PRIMARY,domain_match,E,k,pp,k_pp,17,46,17,False,-5,-0.1319169728691561,-0.3764756034286987,0.09408506579999663,0.259,,15,-0.41661597979743836,,,
mesh_heldout,PRIMARY,domain_match,E,k,pp,k_pp,17,46,17,False,-4,0.0150434194713542,-0.14307465330689545,0.19087949600156814,0.87,,15,0.047509647972125923,,,
mesh_heldout,PRIMARY,domain_match,E,k,pp,k_pp,17,46,17,False,-3,0.11030279523167526,-0.0975273105053488,0.32865060492515863,0.31,,15,0.3483547727813668,,,
mesh_heldout,PRIMARY,domain_match,E,k,pp,k_pp,17,46,17,False,-2,0.2031053790710626,-0.006219318923107377,0.4217471907935307,0.062,,17,0.6414409356387333,,,
mesh_heldout,PRIMARY,domain_match,E,k,pp,k_pp,17,46,17,False,-1,0.14308424735699102,-0.025251073680908266,0.3101644769055458,0.088,,17,0.4518841102072447,,,
mesh_heldout,PRIMARY,domain_match,E,k,pp,k_pp,17,46,17,False,D_-3_-1,0.15216414055324298,-0.013855478884098162,0.31493993988099994,0.079,,49,0.48055993954244836,,0.08561979471629459,0.47333333333333333
mesh_heldout,PRIMARY,domain_match,E,wdeg_pctl,raw,wdeg_pctl,17,46,17,False,-5,-0.5503436262940917,-0.965645774515807,-0.17305682362191557,0.001,,14,-0.09961561055306502,,,
mesh_heldout,PRIMARY,domain_match,E,wdeg_pctl,raw,wdeg_pctl,17,46,17,False,-4,-0.4523654802850435,-0.88043001333893,-0.0693902992223038,0.02,,15,-0.08188095829358182,,,
mesh_heldout,PRIMARY,domain_match,E,wdeg_pctl,raw,wdeg_pctl,17,46,17,False,-3,-0.1651580526449867,-0.5132237968473848,0.18220063669025752,0.383,,15,-0.029894632127880485,,,
mesh_heldout,PRIMARY,domain_match,E,wdeg_pctl,raw,wdeg_pctl,17,46,17,False,-2,0.019036719298955902,-0.35839183945080855,0.39972056352449264,0.912,,17,0.0034457642921432463,,,
mesh_heldout,PRIMARY,domain_match,E,wdeg_pctl,raw,wdeg_pctl,17,46,17,False,-1,0.10418963869539818,-0.265969047594694,0.4786597118962495,0.563,,17,0.018858970970255358,,,
mesh_heldout,PRIMARY,domain_match,E,wdeg_pctl,raw,wdeg_pctl,17,46,17,False,D_-3_-1,-0.013977231550210875,-0.323056106271045,0.2873809071460307,0.967,,49,-0.002529965621827294,,0.1571147274361212,0.967
mesh_heldout,PRIMARY,domain_match,E,wdeg_pctl_focal,raw,wdeg_pctl_focal,17,46,17,False,-5,-11.17006215729826,-19.49546846461054,-1.8178199678142282,0.026,,14,-0.3997717839464819,,,
mesh_heldout,PRIMARY,domain_match,E,wdeg_pctl_focal,raw,wdeg_pctl_focal,17,46,17,False,-4,-5.765066057390887,-13.775781392416999,3.664790124508883,0.221,,15,-0.2063292674541315,,,
mesh_heldout,PRIMARY,domain_match,E,wdeg_pctl_focal,raw,wdeg_pctl_focal,17,46,17,False,-3,-0.750676103769235,-7.5145665340976135,6.438272044965669,0.851,,15,-0.026866379160991834,,,
mesh_heldout,PRIMARY,domain_match,E,wdeg_pctl_focal,raw,wdeg_pctl_focal,17,46,17,False,-2,2.473621770484434,-4.546020407455671,9.77055199849709,0.481,,17,0.08852987334088407,,,
mesh_heldout,PRIMARY,domain_match,E,wdeg_pctl_focal,raw,wdeg_pctl_focal,17,46,17,False,-1,1.263320309357668,-4.473059881174498,6.60879095660669,0.627,,17,0.04521369770872358,,,
mesh_heldout,PRIMARY,domain_match,E,wdeg_pctl_focal,raw,wdeg_pctl_focal,17,46,17,False,D_-3_-1,0.9954219920242892,-4.331365760650763,6.46235902708349,0.685,,49,0.03562573062953861,,2.7290783721065277,0.9611764705882353
mesh_heldout,PRIMARY,domain_match,E,dpctl_focal,raw,dpctl_focal,17,46,17,False,-5,-3.547414510284899,-8.071806716817246,0.7907429552103127,0.114,,13,-0.4736627169355974,,,
mesh_heldout,PRIMARY,domain_match,E,dpctl_focal,raw,dpctl_focal,17,46,17,False,-4,2.2128343950358103,-3.0827533940606653,7.4811074620728455,0.369,,13,0.2954650911649519,,,
mesh_heldout,PRIMARY,domain_match,E,dpctl_focal,raw,dpctl_focal,17,46,17,False,-3,4.4191518583835565,-0.15315950606808038,8.505214069094947,0.054,,15,0.5900600196915928,,,
mesh_heldout,PRIMARY,domain_match,E,dpctl_focal,raw,dpctl_focal,17,46,17,False,-2,2.2145262805975277,-2.397256138096721,6.846095469193564,0.355,,15,0.2956909974157111,,,
mesh_heldout,PRIMARY,domain_match,E,dpctl_focal,raw,dpctl_focal,17,46,17,False,-1,-1.2103014611267675,-6.292465154415437,4.124885645602703,0.675,,17,-0.16160352186820912,,,
mesh_heldout,PRIMARY,domain_match,E,dpctl_focal,raw,dpctl_focal,17,46,17,False,D_-3_-1,1.807792225951439,-1.6635523807859107,4.959932694238632,0.272,,47,0.2413824984130316,,1.6586748615456435,0.5921052631578947
mesh_heldout,PRIMARY,domain_match,E,growth,raw,growth,17,46,17,False,-5,-0.09646166325007831,-0.5022319032164554,0.30742394159521674,0.634,,17,-0.2922485515981823,,,
mesh_heldout,PRIMARY,domain_match,E,growth,raw,growth,17,46,17,False,-4,0.1468339797033464,-0.20000866805151765,0.5192290349328806,0.404,,17,0.44486085402083353,,,
mesh_heldout,PRIMARY,domain_match,E,growth,raw,growth,17,46,17,False,-3,0.358860681667128,0.019778245614101544,0.756941241276023,0.04,,17,1.0872351865928394,,,
mesh_heldout,PRIMARY,domain_match,E,growth,raw,growth,17,46,17,False,-2,-0.03220537580315721,-0.4384208732597263,0.4244042172989117,0.862,,17,-0.09757217650028652,,,
mesh_heldout,PRIMARY,domain_match,E,growth,raw,growth,17,46,17,False,-1,-0.03430717757831135,-0.2715357775367531,0.20041288090110884,0.736,,17,-0.1039399759331331,,,
mesh_heldout,PRIMARY,domain_match,E,growth,raw,growth,17,46,17,False,D_-3_-1,0.09744937609521981,-0.11906278112112234,0.3094240316748139,0.383,,51,0.2952410113864733,,0.11114222681951061,0.6304000000000001
mesh_heldout,PRIMARY,domain_match,E,growth,pp,growth_num_pp,17,46,17,False,-5,-0.514390596009272,-1.089946000967529,0.08138211089746362,0.089,,15,-0.3284461930542598,,,
mesh_heldout,PRIMARY,domain_match,E,growth,pp,growth_num_pp,17,46,17,False,-4,0.14240349026431204,-0.6075972609302351,1.0699822684081288,0.765,,15,0.09092678718821207,,,
mesh_heldout,PRIMARY,domain_match,E,growth,pp,growth_num_pp,17,46,17,False,-3,0.757930484992156,-0.1251267199090215,1.5066754352148302,0.091,,15,0.4839501039224972,,,
mesh_heldout,PRIMARY,domain_match,E,growth,pp,growth_num_pp,17,46,17,False,-2,0.4308839879688391,-0.3794271157084725,1.2190288853307318,0.289,,17,0.2751259579672637,,,
mesh_heldout,PRIMARY,domain_match,E,growth,pp,growth_num_pp,17,46,17,False,-1,-0.00114427713042668,-0.785782530812569,0.7851580255381693,0.981,,17,-0.0007306382935525543,,,
mesh_heldout,PRIMARY,domain_match,E,growth,pp,growth_num_pp,17,46,17,False,D_-3_-1,0.39589006527685616,-0.22404079099272287,0.9433089477562158,0.176,,49,0.25278180786540283,,0.2948419406130352,0.5415384615384615
mesh_heldout,PRIMARY,domain_match,E,new_rel_count,raw,new_rel_count,17,46,17,False,-5,-0.1862745098039215,-1.5887254901960781,1.362745098039216,0.797,,17,-0.016649239069922623,,,
mesh_heldout,PRIMARY,domain_match,E,new_rel_count,raw,new_rel_count,17,46,17,False,-4,0.5882352941176472,-1.6666666666666665,3.137254901960784,0.697,,17,0.05257654443133463,,,
mesh_heldout,PRIMARY,domain_match,E,new_rel_count,raw,new_rel_count,17,46,17,False,-3,2.4411764705882355,-0.2453431372549021,5.314215686274507,0.087,,17,0.21819265939003868,,,
mesh_heldout,PRIMARY,domain_match,E,new_rel_count,raw,new_rel_count,17,46,17,False,-2,3.2843137254901964,0.28357843137254907,6.637254901960784,0.039,,17,0.29355237307495163,,,
mesh_heldout,PRIMARY,domain_match,E,new_rel_count,raw,new_rel_count,17,46,17,False,-1,1.088235294117647,-1.4318627450980395,3.588235294117647,0.405,,17,0.09726660719796903,,,
mesh_heldout,PRIMARY,domain_match,E,new_rel_count,raw,new_rel_count,17,46,17,False,D_-3_-1,2.27124183006536,0.40506535947712435,4.323692810457516,0.011,,51,0.20300387988765314,,0.9954608249674713,0.10999999999999999
mesh_heldout,PRIMARY,domain_match,E,new_rel_count,pp,new_rel_pp,17,46,17,False,-5,0.04197338742073728,-0.08511858961769901,0.16496079805515712,0.521,,15,0.2549608716951278,,,
mesh_heldout,PRIMARY,domain_match,E,new_rel_count,pp,new_rel_pp,17,46,17,False,-4,0.086931235851448,-0.063982519790434,0.2475945078356948,0.274,,15,0.5280503917410679,,,
mesh_heldout,PRIMARY,domain_match,E,new_rel_count,pp,new_rel_pp,17,46,17,False,-3,0.12009428165181069,-0.08633261099231472,0.33295642000093223,0.249,,15,0.7294942013762302,,,
mesh_heldout,PRIMARY,domain_match,E,new_rel_count,pp,new_rel_pp,17,46,17,False,-2,0.17879987823930596,-0.027671601487922,0.3875848474573292,0.091,,17,1.086092298386991,,,
mesh_heldout,PRIMARY,domain_match,E,new_rel_count,pp,new_rel_pp,17,46,17,False,-1,0.023343449686370383,-0.08477580628296148,0.12823828030600776,0.645,,17,0.14179618673016334,,,
mesh_heldout,PRIMARY,domain_match,E,new_rel_count,pp,new_rel_pp,17,46,17,False,D_-3_-1,0.10741253652582901,-0.024621856482640977,0.23607494998859324,0.109,,49,0.6524608954977948,,0.06726877219828178,0.47333333333333333
mesh_heldout,PRIMARY,domain_match,E,new_rel_rate,raw,new_rel_rate,17,46,17,False,-5,0.11015114927514702,-0.00985466292828757,0.2411605939338745,0.074,,14,0.877995272245841,,,
mesh_heldout,PRIMARY,domain_match,E,new_rel_rate,raw,new_rel_rate,17,46,17,False,-4,0.10645438493856188,-0.03712847459866893,0.2557038824536324,0.142,,15,0.848529019451499,,,
mesh_heldout,PRIMARY,domain_match,E,new_rel_rate,raw,new_rel_rate,17,46,17,False,-3,0.08520877397160136,-0.036551017089961176,0.21450603333614401,0.176,,15,0.679184022983319,,,
mesh_heldout,PRIMARY,domain_match,E,new_rel_rate,raw,new_rel_rate,17,46,17,False,-2,0.06366194248738713,-0.06800910660505559,0.2062656142271101,0.36,,17,0.5074380512026476,,,
mesh_heldout,PRIMARY,domain_match,E,new_rel_rate,raw,new_rel_rate,17,46,17,False,-1,-0.016558238110179948,-0.1005483094068843,0.06350302489426217,0.694,,17,-0.13198277887363877,,,
mesh_heldout,PRIMARY,domain_match,E,new_rel_rate,raw,new_rel_rate,17,46,17,False,D_-3_-1,0.04410415944960284,-0.0396016062431511,0.13336586609253842,0.323,,49,0.35154643177077594,,0.0438716954795049,0.6304000000000001
mesh_heldout,PRIMARY,domain_match,E,new_rel_rate,volres,new_rel_rate_volres,17,46,17,False,-5,0.09494209987015852,-0.029840627854263335,0.23254890278675228,0.141,,14,0.6373943481743135,,,
mesh_heldout,PRIMARY,domain_match,E,new_rel_rate,volres,new_rel_rate_volres,17,46,17,False,-4,0.09884155743226833,-0.051210960035411056,0.255935006681301,0.202,,15,0.6635733795464183,,,
mesh_heldout,PRIMARY,domain_match,E,new_rel_rate,volres,new_rel_rate_volres,17,46,17,False,-3,0.08751396226362113,-0.020758522651421155,0.21361183018118746,0.118,,15,0.5875255024847506,,,
mesh_heldout,PRIMARY,domain_match,E,new_rel_rate,volres,new_rel_rate_volres,17,46,17,False,-2,0.06614113644850525,-0.05653406517444797,0.19015120613705982,0.284,,17,0.444038910154273,,,
mesh_heldout,PRIMARY,domain_match,E,new_rel_rate,volres,new_rel_rate_volres,17,46,17,False,-1,-0.01365388346634037,-0.09550209937183243,0.06544379945585185,0.754,,17,-0.09166542728650441,,,
mesh_heldout,PRIMARY,domain_match,E,new_rel_rate,volres,new_rel_rate_volres,17,46,17,False,D_-3_-1,0.046667071748595336,-0.032703374078977575,0.13098627264091114,0.26,,49,0.31329966178417307,,0.04111970392623644,0.5921052631578947
mesh_heldout,PRIMARY,domain_match,E,nbr_novelty,raw,nbr_novelty,17,46,17,False,-5,0.004765825961478137,-0.0511637140033879,0.0742508417508417,0.883,,14,0.18697989070092014,,,
mesh_heldout,PRIMARY,domain_match,E,nbr_novelty,raw,nbr_novelty,17,46,17,False,-4,0.020380830826947683,-0.03728119638150524,0.09656289020459792,0.691,,15,0.7996107183139116,,,
mesh_heldout,PRIMARY,domain_match,E,nbr_novelty,raw,nbr_novelty,17,46,17,False,-3,0.01234219317758217,-0.006850133399864229,0.033226068072141055,0.215,,15,0.4842270678802133,,,
mesh_heldout,PRIMARY,domain_match,E,nbr_novelty,raw,nbr_novelty,17,46,17,False,-2,0.015289485472833157,-0.004110692238506404,0.03787861161920936,0.147,,17,0.5998595722318352,,,
mesh_heldout,PRIMARY,domain_match,E,nbr_novelty,raw,nbr_novelty,17,46,17,False,-1,0.0011569482785578331,-0.007818461854940536,0.011771752374812145,0.875,,17,0.045391095776453214,,,
mesh_heldout,PRIMARY,domain_match,E,nbr_novelty,raw,nbr_novelty,17,46,17,False,D_-3_-1,0.009596208976324386,-0.003009039298379722,0.02266961680134694,0.137,,49,0.37649257862950053,,0.006569781633593295,0.47333333333333333
mesh_heldout,PRIMARY,domain_match,E,nbr_novelty,volres,nbr_novelty_volres,17,46,17,False,-5,-0.0006203613470470001,-0.05659070346755342,0.06724321436868164,0.997,,14,-0.017380325673009248,,,
mesh_heldout,PRIMARY,domain_match,E,nbr_novelty,volres,nbr_novelty_volres,17,46,17,False,-4,0.01768479678796691,-0.03508621998832572,0.0894214769370246,0.66,,15,0.4954653108208011,,,
mesh_heldout,PRIMARY,domain_match,E,nbr_novelty,volres,nbr_novelty_volres,17,46,17,False,-3,0.013158560827631702,-0.00626569206736281,0.03326907412615233,0.183,,15,0.36865622537732706,,,
mesh_heldout,PRIMARY,domain_match,E,nbr_novelty,volres,nbr_novelty_volres,17,46,17,False,-2,0.01616747611466555,-0.005675622855239982,0.04212343042213203,0.16,,17,0.4529553646774781,,,
mesh_heldout,PRIMARY,domain_match,E,nbr_novelty,volres,nbr_novelty_volres,17,46,17,False,-1,0.0021855068495474092,-0.007855766226228937,0.013998202799045853,0.721,,17,0.06123015398451086,,,
mesh_heldout,PRIMARY,domain_match,E,nbr_novelty,volres,nbr_novelty_volres,17,46,17,False,D_-3_-1,0.010503847930614887,-0.0029053629011542106,0.025269512849840102,0.142,,49,0.2942805813464387,,0.007218976386918959,0.47333333333333333
mesh_heldout,PRIMARY,domain_match,E,beta_sor,raw,beta_sor,17,46,17,False,-5,0.027164295563515833,-0.10775236871230445,0.15671207404501042,0.683,,14,0.2787064424834216,,,
mesh_heldout,PRIMARY,domain_match,E,beta_sor,raw,beta_sor,17,46,17,False,-4,0.019612576792441983,-0.10600665200276026,0.16383721941816817,0.848,,15,0.20122559383045327,,,
mesh_heldout,PRIMARY,domain_match,E,beta_sor,raw,beta_sor,17,46,17,False,-3,0.03271661689022697,-0.09532396742161423,0.17758433688932146,0.663,,15,0.33567341668211514,,,
mesh_heldout,PRIMARY,domain_match,E,beta_sor,raw,beta_sor,17,46,17,False,-2,0.01998252391822742,-0.0994495116022408,0.15048471464791816,0.807,,17,0.20502126182756883,,,
mesh_heldout,PRIMARY,domain_match,E,beta_sor,raw,beta_sor,17,46,17,False,-1,-0.018590870409792164,-0.07003176833906577,0.030487981189059755,0.461,,17,-0.1907428573830782,,,
mesh_heldout,PRIMARY,domain_match,E,beta_sor,raw,beta_sor,17,46,17,False,D_-3_-1,0.01136942346622074,-0.06713738780265971,0.09079953021627712,0.814,,49,0.11665060704220193,,0.04011449527793473,0.9611764705882353
mesh_heldout,PRIMARY,domain_match,E,beta_sor,volres,beta_sor_volres,17,46,17,False,-5,0.00875267673615206,-0.12332240659993533,0.14723993336184593,0.923,,14,0.08002356254859783,,,
mesh_heldout,PRIMARY,domain_match,E,beta_sor,volres,beta_sor_volres,17,46,17,False,-4,0.012454513470151711,-0.11178929499820209,0.1551121608715008,0.891,,15,0.11386854190266815,,,
mesh_heldout,PRIMARY,domain_match,E,beta_sor,volres,beta_sor_volres,17,46,17,False,-3,0.03550720866409872,-0.0882287163902472,0.1669243871531705,0.589,,15,0.32463364283996043,,,
mesh_heldout,PRIMARY,domain_match,E,beta_sor,volres,beta_sor_volres,17,46,17,False,-2,0.022983761733671514,-0.07793353783017695,0.13180300276399928,0.703,,17,0.2101348593282011,,,
mesh_heldout,PRIMARY,domain_match,E,beta_sor,volres,beta_sor_volres,17,46,17,False,-1,-0.015074945829764234,-0.06569964574668165,0.03288129964403653,0.553,,17,-0.13782650803749552,,,
mesh_heldout,PRIMARY,domain_match,E,beta_sor,volres,beta_sor_volres,17,46,17,False,D_-3_-1,0.014472008189335334,-0.05416296838175708,0.0830997164418881,0.689,,49,0.13231399804355534,,0.03502166791801953,0.9611764705882353
mesh_heldout,PRIMARY,domain_match,E,beta_sim,raw,beta_sim,17,46,17,False,-5,-0.05033120718336665,-0.11149784448663187,0.008093188035048464,0.091,,14,-0.5578855788754686,,,
mesh_heldout,PRIMARY,domain_match,E,beta_sim,raw,beta_sim,17,46,17,False,-4,-0.02208999264994874,-0.06625940996130304,0.02568994391544637,0.35,,15,-0.24485183301830693,,,
mesh_heldout,PRIMARY,domain_match,E,beta_sim,raw,beta_sim,17,46,17,False,-3,0.034299122933172124,-0.06744473770732258,0.17725763287750496,0.644,,15,0.3801813451996296,,,
mesh_heldout,PRIMARY,domain_match,E,beta_sim,raw,beta_sim,17,46,17,False,-2,0.01967682133459612,-0.034840861231078116,0.07059804373778412,0.486,,17,0.21810354797744888,,,
mesh_heldout,PRIMARY,domain_match,E,beta_sim,raw,beta_sim,17,46,17,False,-1,-0.0026234472401696933,-0.043008363185084435,0.04047887153773533,0.861,,17,-0.029079043880254913,,,
mesh_heldout,PRIMARY,domain_match,E,beta_sim,raw,beta_sim,17,46,17,False,D_-3_-1,0.017117499009199517,-0.01774634754088094,0.054908799147258366,0.375,,49,0.1897352830989412,,0.018555796664911476,0.6304000000000001
mesh_heldout,PRIMARY,domain_match,E,beta_sim,volres,beta_sim_volres,17,46,17,False,-5,-0.04587719196307232,-0.10348504526197894,0.012780413695100894,0.133,,14,-0.4851997518077562,,,
mesh_heldout,PRIMARY,domain_match,E,beta_sim,volres,beta_sim_volres,17,46,17,False,-4,-0.020358362026685586,-0.06154940358394852,0.02404267397904354,0.305,,15,-0.21531117707708083,,,
mesh_heldout,PRIMARY,domain_match,E,beta_sim,volres,beta_sim_volres,17,46,17,False,-3,0.033624041705877745,-0.07020387476391309,0.17661428253589687,0.648,,15,0.3556097483821017,,,
mesh_heldout,PRIMARY,domain_match,E,beta_sim,volres,beta_sim_volres,17,46,17,False,-2,0.018950782031096968,-0.032951808851648584,0.0737883519485496,0.489,,17,0.20042453220441975,,,
mesh_heldout,PRIMARY,domain_match,E,beta_sim,volres,beta_sim_volres,17,46,17,False,-1,-0.0034739961104068517,-0.04476667155220137,0.0406783447787278,0.871,,17,-0.03674117744406155,,,
mesh_heldout,PRIMARY,domain_match,E,beta_sim,volres,beta_sim_volres,17,46,17,False,D_-3_-1,0.016366942542189285,-0.019185623046992513,0.055984241942312725,0.382,,49,0.1730977010474866,,0.01923234347249461,0.6304000000000001
mesh_heldout,PRIMARY,domain_match,E,beta_sne,raw,beta_sne,17,46,17,False,-5,0.07749550274688251,-0.08186620015919151,0.24177815964103777,0.359,,14,0.8324153859231697,,,
mesh_heldout,PRIMARY,domain_match,E,beta_sne,raw,beta_sne,17,46,17,False,-4,0.04170256944239074,-0.09512960463303641,0.21490716462648426,0.65,,15,0.44794677376000297,,,
mesh_heldout,PRIMARY,domain_match,E,beta_sne,raw,beta_sne,17,46,17,False,-3,-0.0015825060429451457,-0.10456178324851328,0.09991521861091317,0.967,,15,-0.016998436448196656,,,
mesh_heldout,PRIMARY,domain_match,E,beta_sne,raw,beta_sne,17,46,17,False,-2,0.0003057025836312961,-0.12982688294018166,0.15088509458833982,0.99,,17,0.003283694215938128,,,
mesh_heldout,PRIMARY,domain_match,E,beta_sne,raw,beta_sne,17,46,17,False,-1,-0.015967423169622477,-0.08075399476222934,0.04845088088879523,0.629,,17,-0.1715135491584968,,,
mesh_heldout,PRIMARY,domain_match,E,beta_sne,raw,beta_sne,17,46,17,False,D_-3_-1,-0.005748075542978776,-0.08023546429189869,0.07175710286760625,0.863,,49,-0.06174276379691843,,0.03896881484170465,0.967
mesh_heldout,PRIMARY,domain_match,E,beta_sne,volres,beta_sne_volres,17,46,17,False,-5,0.054629868699224385,-0.11031410403550569,0.2186217331042818,0.504,,14,0.43407541348137835,,,
mesh_heldout,PRIMARY,domain_match,E,beta_sne,volres,beta_sne_volres,17,46,17,False,-4,0.0328128754968373,-0.10018225435734741,0.19379064071464433,0.646,,15,0.2607229861236122,,,
mesh_heldout,PRIMARY,domain_match,E,beta_sne,volres,beta_sne_volres,17,46,17,False,-3,0.0018831669582209812,-0.09618509584730685,0.10255753682711094,0.944,,15,0.014963178486567507,,,
mesh_heldout,PRIMARY,domain_match,E,beta_sne,volres,beta_sne_volres,17,46,17,False,-2,0.004032979702574537,-0.11704893115251452,0.13867060897443825,0.987,,17,0.032045058383636624,,,
mesh_heldout,PRIMARY,domain_match,E,beta_sne,volres,beta_sne_volres,17,46,17,False,-1,-0.011600949719357385,-0.07807147265875786,0.04537306994382089,0.711,,17,-0.09217827474438414,,,
mesh_heldout,PRIMARY,domain_match,E,beta_sne,volres,beta_sne_volres,17,46,17,False,D_-3_-1,-0.001894934352853956,-0.07116784373246995,0.06931028731080027,0.955,,49,-0.01505667929139334,,0.0359155743347769,0.967
mesh_heldout,PRIMARY,domain_match,E,accretion_share,raw,accretion_share,17,46,17,True,-5,0.12916044426841772,-0.17014021336882632,0.388239682220337,0.366,,14,0.2889144110899713,,,
mesh_heldout,PRIMARY,domain_match,E,accretion_share,raw,accretion_share,17,46,17,True,-4,0.08783664749712314,-0.15076074327847053,0.32788777878325637,0.445,,15,0.19647867756641013,,,
mesh_heldout,PRIMARY,domain_match,E,accretion_share,raw,accretion_share,17,46,17,True,-3,0.24655570833964083,-0.0208986741557133,0.49469032174433797,0.074,,15,0.5515117083972129,,,
mesh_heldout,PRIMARY,domain_match,E,accretion_share,raw,accretion_share,17,46,17,True,-2,0.1109131030619863,-0.19195145346269313,0.43178484904191244,0.478,,17,0.24809758153758962,,,
mesh_heldout,PRIMARY,domain_match,E,accretion_share,raw,accretion_share,17,46,17,True,-1,-0.04522619365448538,-0.31942038838982223,0.20183975916451466,0.731,,17,-0.1011648665312129,,,
mesh_heldout,PRIMARY,domain_match,E,accretion_share,raw,accretion_share,17,46,17,True,D_-3_-1,0.10408087258238058,-0.03670650444070876,0.23796231831375414,0.136,0.40800000000000003,49,0.2328148078011965,0.42781044639123395,0.06782683242015547,0.47333333333333333
mesh_heldout,PRIMARY,domain_match,E,accretion_share,volres,accretion_share_volres,17,46,17,True,-5,0.12086233548707004,-0.15908723116383566,0.3936605994138985,0.401,,14,0.263473701860791,,,
mesh_heldout,PRIMARY,domain_match,E,accretion_share,volres,accretion_share_volres,17,46,17,True,-4,0.08461051139963562,-0.15428973099773355,0.32412200944554365,0.499,,15,0.18444658184833387,,,
mesh_heldout,PRIMARY,domain_match,E,accretion_share,volres,accretion_share_volres,17,46,17,True,-3,0.24781342686624358,-0.026011573718206858,0.4981045353743619,0.082,,15,0.5402205797540841,,,
mesh_heldout,PRIMARY,domain_match,E,accretion_share,volres,accretion_share_volres,17,46,17,True,-2,0.11226575967001014,-0.19009709265949712,0.42219409222917986,0.484,,17,0.24473360682026418,,,
mesh_heldout,PRIMARY,domain_match,E,accretion_share,volres,accretion_share_volres,17,46,17,True,-1,-0.043641567940383375,-0.3020533816674152,0.20066913895941763,0.737,,17,-0.09513638317449304,,,
mesh_heldout,PRIMARY,domain_match,E,accretion_share,volres,accretion_share_volres,17,46,17,True,D_-3_-1,0.10547920619862344,-0.022076594730214557,0.23481106676214428,0.107,,49,0.22993926779995175,,0.0653332268670285,0.47333333333333333
mesh_heldout,PRIMARY,domain_match,E,closure_lr,raw,closure_lr,17,46,17,True,-5,-0.6642240965329734,-1.023990834920595,-0.30452686549637853,0.0,,14,-0.6640712791903874,,,
mesh_heldout,PRIMARY,domain_match,E,closure_lr,raw,closure_lr,17,46,17,True,-4,-0.5071455797131447,-0.9150326095021485,-0.03783444884632949,0.033,,15,-0.5070289012604952,,,
mesh_heldout,PRIMARY,domain_match,E,closure_lr,raw,closure_lr,17,46,17,True,-3,-0.20577537657728048,-0.710090292502694,0.34838080217346273,0.454,,15,-0.20572803405179502,,,
mesh_heldout,PRIMARY,domain_match,E,closure_lr,raw,closure_lr,17,46,17,True,-2,-0.027969513144849373,-0.4600304618763057,0.4321606419562157,0.928,,17,-0.027963078228238354,,,
mesh_heldout,PRIMARY,domain_match,E,closure_lr,raw,closure_lr,17,46,17,True,-1,0.1725405007103912,-0.2812513650479536,0.6415531797287524,0.432,,17,0.17250080449800648,,,
mesh_heldout,PRIMARY,domain_match,E,closure_lr,raw,closure_lr,17,46,17,True,D_-3_-1,-0.02040146300391289,-0.4016738568761586,0.4212699145911968,0.937,1.0,49,-0.020396769260675632,0.5597589198233689,0.2118083314084785,0.967
mesh_heldout,PRIMARY,domain_match,E,closure_lr,volres,closure_lr_volres,17,46,17,True,-5,-0.5393631773929014,-0.8296558133051462,-0.24225320065352648,0.0,,14,-0.7575059821655088,,,
mesh_heldout,PRIMARY,domain_match,E,closure_lr,volres,closure_lr_volres,17,46,17,True,-4,-0.44464695705899904,-0.7678696811056509,-0.12291630146090718,0.008,,15,-0.6244822487733935,,,
mesh_heldout,PRIMARY,domain_match,E,closure_lr,volres,closure_lr_volres,17,46,17,True,-3,-0.22470015755919492,-0.6770149123801869,0.29851683565509274,0.351,,15,-0.3155790396507381,,,
mesh_heldout,PRIMARY,domain_match,E,closure_lr,volres,closure_lr_volres,17,46,17,True,-2,-0.048322819158188514,-0.43908719596217205,0.3879509473151225,0.782,,17,-0.06786674753060666,,,
mesh_heldout,PRIMARY,domain_match,E,closure_lr,volres,closure_lr_volres,17,46,17,True,-1,0.14869677578833246,-0.30924176237998047,0.5848323403263785,0.525,,17,0.20883646105179532,,,
mesh_heldout,PRIMARY,domain_match,E,closure_lr,volres,closure_lr_volres,17,46,17,True,D_-3_-1,-0.041442066976350334,-0.39143215291362177,0.3517873850084363,0.797,,49,-0.05820310870984982,,0.1942862884102986,0.9611764705882353
mesh_heldout,PRIMARY,domain_match,E,rewire_z,raw,rewire_z,17,46,4,False,-5,,,,,,0,,,,
mesh_heldout,PRIMARY,domain_match,E,rewire_z,raw,rewire_z,17,46,4,False,-4,-0.6840288585225061,-7.1317650213185,5.763707304273488,0.775626423690205,,2,-0.02844447612774047,,,
mesh_heldout,PRIMARY,domain_match,E,rewire_z,raw,rewire_z,17,46,4,False,-3,,,,,,0,,,,
mesh_heldout,PRIMARY,domain_match,E,rewire_z,raw,rewire_z,17,46,4,False,-2,2.7334571664575282,-12.51226364025646,17.979177973171517,0.7400228050171037,,2,0.11366736380895553,,,
mesh_heldout,PRIMARY,domain_match,E,rewire_z,raw,rewire_z,17,46,4,False,-1,5.177063673409394,-2.1772387149310894,12.531366061749878,0.5296127562642369,,2,0.21528165403454358,,,
mesh_heldout,PRIMARY,domain_match,E,rewire_z,raw,rewire_z,17,46,4,False,D_-3_-1,3.9552604199334613,-12.51226364025646,17.979177973171517,0.4815376833586242,,4,0.16447450892174956,,7.05373389184696,0.7408272051671141
mesh_heldout,PRIMARY,domain_match,E,rewire_z,volres,rewire_z_volres,17,46,4,False,-5,,,,,,0,,,,
mesh_heldout,PRIMARY,domain_match,E,rewire_z,volres,rewire_z_volres,17,46,4,False,-4,1.92420558088887,-0.845347439649764,4.693758601427504,0.5295807007466973,,2,0.093137165155064,,,
mesh_heldout,PRIMARY,domain_match,E,rewire_z,volres,rewire_z_volres,17,46,4,False,-3,,,,,,0,,,,
mesh_heldout,PRIMARY,domain_match,E,rewire_z,volres,rewire_z_volres,17,46,4,False,-2,3.516166509204324,-5.473270692176911,12.505603710585559,0.6194491287240023,,2,0.17019271959973672,,,
mesh_heldout,PRIMARY,domain_match,E,rewire_z,volres,rewire_z_volres,17,46,4,False,-1,8.368861926993405,-0.32574138716472234,17.063465241151533,0.49712313003452246,,2,0.4050773385109146,,,
mesh_heldout,PRIMARY,domain_match,E,rewire_z,volres,rewire_z_volres,17,46,4,False,D_-3_-1,5.942514218098864,-5.473270692176911,17.063465241151533,0.28125,,4,0.2876350290553256,,5.4514829150987305,0.5921052631578947
mesh_heldout,PRIMARY,domain_match,E,P,raw,P,17,46,17,False,-5,-0.00921578410490505,-0.13288569188798444,0.09425131353977179,0.895,,14,-0.06311606929784927,,,
mesh_heldout,PRIMARY,domain_match,E,P,raw,P,17,46,17,False,-4,-0.008251147935754426,-0.1433618036547348,0.11041131460922299,0.931,,15,-0.05650957302946149,,,
mesh_heldout,PRIMARY,domain_match,E,P,raw,P,17,46,17,False,-3,0.09268575815643895,0.024229449011106973,0.15502670276309802,0.006,,15,0.6347762347874328,,,
mesh_heldout,PRIMARY,domain_match,E,P,raw,P,17,46,17,False,-2,0.056991842189206304,0.007976069807898419,0.11817268839385187,0.017,,17,0.39031958866218425,,,
mesh_heldout,PRIMARY,domain_match,E,P,raw,P,17,46,17,False,-1,0.050020909533241446,0.013423187495389538,0.0860740204144499,0.002,,17,0.3425778161145458,,,
mesh_heldout,PRIMARY,domain_match,E,P,raw,P,17,46,17,False,D_-3_-1,0.0665661699596289,0.033870921026003066,0.10250900011825677,0.0,,49,0.45589121318805426,,0.017511090122647902,0.0
mesh_heldout,PRIMARY,domain_match,E,P,volres,P_volres,17,46,17,False,-5,0.006259368805158461,-0.12482535127227191,0.11139238859405236,0.858,,14,0.042226137988102375,,,
mesh_heldout,PRIMARY,domain_match,E,P,volres,P_volres,17,46,17,False,-4,-0.0005051234078053384,-0.11757686855151253,0.10369113945528788,0.918,,15,-0.003407597696021805,,,
mesh_heldout,PRIMARY,domain_match,E,P,volres,P_volres,17,46,17,False,-3,0.09034023738419437,0.030157747653295285,0.15014169768155694,0.0,,15,0.6094415345073031,,,
mesh_heldout,PRIMARY,domain_match,E,P,volres,P_volres,17,46,17,False,-2,0.05446927127629799,0.010259284016868386,0.11362130609649009,0.009,,17,0.3674534983669353,,,
mesh_heldout,PRIMARY,domain_match,E,P,volres,P_volres,17,46,17,False,-1,0.04706573915923181,0.009864039202444067,0.08315658476311354,0.01,,17,0.31750875497412767,,,
mesh_heldout,PRIMARY,domain_match,E,P,volres,P_volres,17,46,17,False,D_-3_-1,0.06395841593990806,0.035150873563066676,0.09609636919688533,0.0,,49,0.43146792928278865,,0.015750720129212914,0.0
mesh_heldout,PRIMARY,domain_match,E,z_within,raw,z_within,17,46,17,False,-5,-0.009871260276331258,-0.07679201741929768,0.05325723004623464,0.799,,14,-0.06857013568099016,,,
mesh_heldout,PRIMARY,domain_match,E,z_within,raw,z_within,17,46,17,False,-4,0.027243205886831663,-0.04552590976396131,0.10672357394597567,0.468,,15,0.189243346011689,,,
mesh_heldout,PRIMARY,domain_match,E,z_within,raw,z_within,17,46,17,False,-3,-0.05023812455103733,-0.14229713816885645,0.029930138388264225,0.266,,15,-0.3489762117895868,,,
mesh_heldout,PRIMARY,domain_match,E,z_within,raw,z_within,17,46,17,False,-2,-0.03519600871827565,-0.14516301269558815,0.060738515024405734,0.513,,17,-0.2444870285740691,,,
mesh_heldout,PRIMARY,domain_match,E,z_within,raw,z_within,17,46,17,False,-1,-0.01434752311923847,-0.10324160680010874,0.07024353569964722,0.813,,17,-0.09966423530856056,,,
mesh_heldout,PRIMARY,domain_match,E,z_within,raw,z_within,17,46,17,False,D_-3_-1,-0.03326055212951715,-0.08375322265738551,0.02285290400003679,0.246,,49,-0.23104249189073883,,0.027703789371930333,0.5921052631578947
mesh_heldout,PRIMARY,domain_match,E,z_within,volres,z_within_volres,17,46,17,False,-5,-0.007733436151204772,-0.07330089036141632,0.05782522334059402,0.857,,14,-0.05373418294041088,,,
mesh_heldout,PRIMARY,domain_match,E,z_within,volres,z_within_volres,17,46,17,False,-4,0.028313285013410256,-0.03894138833702764,0.10528801193665009,0.445,,15,0.19672900982282848,,,
mesh_heldout,PRIMARY,domain_match,E,z_within,volres,z_within_volres,17,46,17,False,-3,-0.05056214790137391,-0.14360529663552005,0.03245072080960241,0.282,,15,-0.3513206357524884,,,
mesh_heldout,PRIMARY,domain_match,E,z_within,volres,z_within_volres,17,46,17,False,-2,-0.035544490764708336,-0.146535366294604,0.057206134162813845,0.509,,17,-0.24697354861810503,,,
mesh_heldout,PRIMARY,domain_match,E,z_within,volres,z_within_volres,17,46,17,False,-1,-0.01475576687334759,-0.11065660917264156,0.06788173625404652,0.785,,17,-0.10252739676075194,,,
mesh_heldout,PRIMARY,domain_match,E,z_within,volres,z_within_volres,17,46,17,False,D_-3_-1,-0.03362080184647661,-0.08508640330376298,0.02236160626889316,0.218,,49,-0.23360719371044844,,0.02722322699379539,0.5813333333333334
mesh_heldout,PRIMARY,domain_match,E,betw,raw,betw,17,46,17,False,-5,-1.1693347594088477e-06,-2.225417715901418e-06,-2.4362990630922054e-07,0.01,,15,-0.01684159935181849,,,
mesh_heldout,PRIMARY,domain_match,E,betw,raw,betw,17,46,17,False,-4,-1.395307106452007e-06,-4.185376372077244e-06,1.4394822562558304e-06,0.307,,15,-0.02009621545115941,,,
mesh_heldout,PRIMARY,domain_match,E,betw,raw,betw,17,46,17,False,-3,4.254235062550353e-06,-2.1547773413278466e-06,1.4018331902186392e-05,0.298,,15,0.06127254996520665,,,
mesh_heldout,PRIMARY,domain_match,E,betw,raw,betw,17,46,17,False,-2,1.8926877638638066e-06,-2.86873556672194e-06,6.759860531414549e-06,0.455,,17,0.027259849038609094,,,
mesh_heldout,PRIMARY,domain_match,E,betw,raw,betw,17,46,17,False,-1,1.6410526861893093e-06,-5.652423547270722e-06,9.11724315775946e-06,0.683,,17,0.023635619854487276,,,
mesh_heldout,PRIMARY,domain_match,E,betw,raw,betw,17,46,17,False,D_-3_-1,2.59599183753449e-06,-2.3299660304703387e-06,8.06078542989805e-06,0.36,,49,0.037389339619434345,,2.7288328709442508e-06,0.6304000000000001
mesh_heldout,PRIMARY,domain_match,E,dP,raw,dP,17,46,17,True,-5,-0.03281217865423588,-0.18061328931972348,0.08412543477117826,0.598,,13,-0.22771711910088552,,,
mesh_heldout,PRIMARY,domain_match,E,dP,raw,dP,17,46,17,True,-4,-0.04924395892609931,-0.17814575843326277,0.06314337515086284,0.412,,13,-0.3417539742770492,,,
mesh_heldout,PRIMARY,domain_match,E,dP,raw,dP,17,46,17,True,-3,0.0939391550027315,-0.0019473164782361396,0.2156691411077805,0.057,,15,0.6519394513058955,,,
mesh_heldout,PRIMARY,domain_match,E,dP,raw,dP,17,46,17,True,-2,-0.06096869483089177,-0.12207196166166209,-0.00036449436977181905,0.05,,15,-0.423123855582184,,,
mesh_heldout,PRIMARY,domain_match,E,dP,raw,dP,17,46,17,True,-1,-0.006970932655964844,-0.07319916257242087,0.04482788395869427,0.907,,17,-0.048378399940769354,,,
mesh_heldout,PRIMARY,domain_match,E,dP,raw,dP,17,46,17,True,D_-3_-1,0.008666509171958298,-0.03875748211241645,0.06348848379595841,0.747,1.0,47,0.06014573192764737,0.49151759281077895,0.026426653283238906,0.9611764705882353
mesh_heldout,PRIMARY,domain_match,E,dP,volres,dP_volres,17,46,17,True,-5,-0.035729172970035965,-0.16651153651924938,0.07757683549779283,0.607,,13,-0.2478695788043153,,,
mesh_heldout,PRIMARY,domain_match,E,dP,volres,dP_volres,17,46,17,True,-4,-0.051687081782096876,-0.18551389118137815,0.06177242695167728,0.388,,13,-0.35857687502862046,,,
mesh_heldout,PRIMARY,domain_match,E,dP,volres,dP_volres,17,46,17,True,-3,0.09387952726201908,-0.0006667499218845826,0.21342680881127885,0.054,,15,0.6512851249117921,,,
mesh_heldout,PRIMARY,domain_match,E,dP,volres,dP_volres,17,46,17,True,-2,-0.06021778009995715,-0.1231743250193462,0.0003830213931251233,0.052,,15,-0.4177582224594166,,,
mesh_heldout,PRIMARY,domain_match,E,dP,volres,dP_volres,17,46,17,True,-1,-0.0065257659771137885,-0.0700396538630574,0.046443914175068705,0.932,,17,-0.04527221678148733,,,
mesh_heldout,PRIMARY,domain_match,E,dP,volres,dP_volres,17,46,17,True,D_-3_-1,0.009045327061649379,-0.03952973863021561,0.06284743769955396,0.7,,47,0.0627515618902961,,0.026013623872432938,0.9611764705882353
mesh_heldout,PRIMARY,domain_match,E,dz,raw,dz,17,46,17,False,-5,-0.019328836698060976,-0.11198769892356547,0.06396654447302978,0.645,,13,-0.10300953986567767,,,
mesh_heldout,PRIMARY,domain_match,E,dz,raw,dz,17,46,17,False,-4,0.03616450796569209,-0.0377923892663582,0.11730638611876877,0.334,,13,0.19273220541970273,,,
mesh_heldout,PRIMARY,domain_match,E,dz,raw,dz,17,46,17,False,-3,-0.07374046557815767,-0.16394973777117686,0.006139834285607842,0.073,,15,-0.3929864764933771,,,
mesh_heldout,PRIMARY,domain_match,E,dz,raw,dz,17,46,17,False,-2,0.0428762208885608,-0.09946574912865705,0.18852648213015533,0.545,,15,0.22850106573422882,,,
mesh_heldout,PRIMARY,domain_match,E,dz,raw,dz,17,46,17,False,-1,0.02084848559903716,-0.117315721734388,0.16105521059007644,0.741,,17,0.11110823387878623,,,
mesh_heldout,PRIMARY,domain_match,E,dz,raw,dz,17,46,17,False,D_-3_-1,-0.0033385863635199014,-0.03295323370689972,0.024473401877453907,0.817,,47,-0.017792392293454008,,0.014451453170743898,0.9611764705882353
mesh_heldout,PRIMARY,domain_match,E,dbetw,raw,dbetw,17,46,17,False,-5,1.6530123382726948e-07,-1.359790188809829e-06,1.9544973751954e-06,0.921,,14,0.003969089116816362,,,
mesh_heldout,PRIMARY,domain_match,E,dbetw,raw,dbetw,17,46,17,False,-4,-2.538971651937264e-07,-2.794951126250735e-06,2.4735861985288595e-06,0.858,,15,-0.0060963881020632766,,,
mesh_heldout,PRIMARY,domain_match,E,dbetw,raw,dbetw,17,46,17,False,-3,5.6485583404376506e-06,-7.603972541705706e-07,1.4497781688389927e-05,0.1,,15,0.1356289418756585,,,
mesh_heldout,PRIMARY,domain_match,E,dbetw,raw,dbetw,17,46,17,False,-2,-1.967161780651007e-06,-9.61341772875422e-06,4.972671800375386e-06,0.623,,15,-0.04723401171196194,,,
mesh_heldout,PRIMARY,domain_match,E,dbetw,raw,dbetw,17,46,17,False,-1,-2.516350776744986e-07,-5.742187466527587e-06,5.4263750850908345e-06,0.984,,17,-0.006042072554949847,,,
mesh_heldout,PRIMARY,domain_match,E,dbetw,raw,dbetw,17,46,17,False,D_-3_-1,1.143253827370715e-06,-1.5173519563806937e-06,3.845392961840086e-06,0.394,,47,0.027450952536248904,,1.370008488000078e-06,0.6304000000000001
mesh_heldout,PRIMARY,domain_match,E,dpctl,raw,dpctl,17,46,17,False,-5,-0.23520405169077344,-0.3994885568156725,-0.05896534756626774,0.007,,13,-0.17695105418882826,,,
mesh_heldout,PRIMARY,domain_match,E,dpctl,raw,dpctl,17,46,17,False,-4,-0.0013609457718355316,-0.12703049738975872,0.1165883314328695,0.972,,13,-0.001023880274548743,,,
mesh_heldout,PRIMARY,domain_match,E,dpctl,raw,dpctl,17,46,17,False,-3,0.2650822354384533,0.014921248231487567,0.5404188500374187,0.034,,15,0.19942930689490976,,,
mesh_heldout,PRIMARY,domain_match,E,dpctl,raw,dpctl,17,46,17,False,-2,0.14993010296076428,-0.08719541513259882,0.40671363235759045,0.236,,15,0.11279690797345023,,,
mesh_heldout,PRIMARY,domain_match,E,dpctl,raw,dpctl,17,46,17,False,-1,0.08515291939644228,-0.2075543810224491,0.3679610976495294,0.581,,17,0.06406309222201151,,,
mesh_heldout,PRIMARY,domain_match,E,dpctl,raw,dpctl,17,46,17,False,D_-3_-1,0.1667217525985533,-0.01088434378112011,0.3638436196733008,0.07,,47,0.12542976903012384,,0.09587276840592088,0.47333333333333333
mesh_heldout,PRIMARY,domain_match,E,dk,raw,dk,17,46,17,False,-5,-0.4411764705882354,-1.9019607843137252,1.0098039215686274,0.517,,17,-0.039466484741885334,,,
mesh_heldout,PRIMARY,domain_match,E,dk,raw,dk,17,46,17,False,-4,0.8921568627450981,-1.7455882352941174,3.5497549019607813,0.513,,17,0.07981000247803477,,,
mesh_heldout,PRIMARY,domain_match,E,dk,raw,dk,17,46,17,False,-3,3.7156862745098036,1.0387254901960783,6.706862745098034,0.003,,17,0.3323955048261008,,,
mesh_heldout,PRIMARY,domain_match,E,dk,raw,dk,17,46,17,False,-2,2.676470588235294,-1.7061274509803925,6.932107843137251,0.251,,17,0.23943000743410428,,,
mesh_heldout,PRIMARY,domain_match,E,dk,raw,dk,17,46,17,False,-1,0.6666666666666667,-3.1186274509803926,4.431372549019607,0.705,,17,0.059638243609960055,,,
mesh_heldout,PRIMARY,domain_match,E,dk,raw,dk,17,46,17,False,D_-3_-1,2.3529411764705883,0.4836601307189543,4.37941176470588,0.011,,51,0.2104879186233884,,0.9731478212933973,0.10999999999999999
mesh_heldout,PRIMARY,domain_match,E,comm_change,raw,comm_change,17,46,17,False,-5,0.0,0.0,0.0,1.0,,13,0.0,,,
mesh_heldout,PRIMARY,domain_match,E,comm_change,raw,comm_change,17,46,17,False,-4,-0.038461538461538464,-0.125,0.0,0.651,,13,-0.27015866302720565,,,
mesh_heldout,PRIMARY,domain_match,E,comm_change,raw,comm_change,17,46,17,False,-3,-0.06666666666666667,-0.21428571428571427,0.0,0.687,,15,-0.4682750159138231,,,
mesh_heldout,PRIMARY,domain_match,E,comm_change,raw,comm_change,17,46,17,False,-2,0.022222222222222223,0.0,0.07142857142857142,0.714,,15,0.15609167197127438,,,
mesh_heldout,PRIMARY,domain_match,E,comm_change,raw,comm_change,17,46,17,False,-1,0.0,0.0,0.0,1.0,,17,0.0,,,
mesh_heldout,PRIMARY,domain_match,E,comm_change,raw,comm_change,17,46,17,False,D_-3_-1,-0.014814814814814814,-0.06944444444444443,0.01851851851851852,0.759,,47,-0.10406111464751623,,0.023487666006837122,0.9611764705882353
mesh_heldout,PRIMARY,domain_match,E,n_modules_touched,raw,n_modules_touched,17,46,17,False,-5,-0.9111111111111111,-2.3726102941176475,0.6333854166666663,0.257,,15,-0.1008786877255065,,,
mesh_heldout,PRIMARY,domain_match,E,n_modules_touched,raw,n_modules_touched,17,46,17,False,-4,-0.07777777777777768,-1.6565104166666662,1.555729166666666,0.939,,15,-0.008611595293640788,,,
mesh_heldout,PRIMARY,domain_match,E,n_modules_touched,raw,n_modules_touched,17,46,17,False,-3,2.0222222222222217,-0.4166666666666667,4.428869047619046,0.109,,15,0.2239014776346607,,,
mesh_heldout,PRIMARY,domain_match,E,n_modules_touched,raw,n_modules_touched,17,46,17,False,-2,1.0,-0.9416666666666671,3.019607843137255,0.36,,17,0.11072051091823884,,,
mesh_heldout,PRIMARY,domain_match,E,n_modules_touched,raw,n_modules_touched,17,46,17,False,-1,1.7647058823529411,-0.3147058823529413,4.137745098039213,0.099,,17,0.19538913691453913,,,
mesh_heldout,PRIMARY,domain_match,E,n_modules_touched,raw,n_modules_touched,17,46,17,False,D_-3_-1,1.595642701525054,-0.2004901960784315,3.3160437091503234,0.088,,49,0.17667037515581285,,0.9077328926974021,0.47333333333333333
mesh_heldout,PRIMARY,all,E_cent,s,raw,s,30,72,30,False,-5,-48.922222222222224,-89.13333333333334,-17.399305555555557,0.0,,30,-0.09000521244227597,,,
mesh_heldout,PRIMARY,all,E_cent,s,raw,s,30,72,30,False,-4,-40.93888888888889,-70.77361111111111,-15.094444444444452,0.0,,30,-0.07531778452045555,,,
mesh_heldout,PRIMARY,all,E_cent,s,raw,s,30,72,30,False,-3,-25.37222222222222,-51.900277777777795,-2.702916666666681,0.023,,30,-0.046678833207344346,,,
mesh_heldout,PRIMARY,all,E_cent,s,raw,s,30,72,30,False,-2,-13.47777777777778,-38.65208333333333,7.92888888888888,0.222,,30,-0.02479589432034539,,,
mesh_heldout,PRIMARY,all,E_cent,s,raw,s,30,72,30,False,-1,-10.805555555555554,-29.0225,8.100555555555552,0.24,,30,-0.019879643220557203,,,
mesh_heldout,PRIMARY,all,E_cent,s,raw,s,30,72,30,False,D_-3_-1,-16.55185185185185,-37.876481481481484,1.761898148148143,0.078,,90,-0.030451456916082312,,10.040186182151205,0.3384615384615385
mesh_heldout,PRIMARY,all,E_cent,s,pp,s_pp,30,72,30,False,-5,-0.5870504457783001,-1.3373057992503468,0.18369262771645992,0.127,,29,-0.40305971388951484,,,
mesh_heldout,PRIMARY,all,E_cent,s,pp,s_pp,30,72,30,False,-4,-0.7168567835248285,-1.2695488032464348,-0.183942283802131,0.01,,30,-0.4921827283244958,,,
mesh_heldout,PRIMARY,all,E_cent,s,pp,s_pp,30,72,30,False,-3,-0.2414873859970007,-0.8642789382787045,0.37180461637352713,0.428,,30,-0.16580148675099737,,,
mesh_heldout,PRIMARY,all,E_cent,s,pp,s_pp,30,72,30,False,-2,-0.24674217872170834,-0.8158539435655486,0.28002678777479173,0.336,,30,-0.16940934578151282,,,
mesh_heldout,PRIMARY,all,E_cent,s,pp,s_pp,30,72,30,False,-1,-0.45240651663398856,-0.9615495414053473,0.003037647515833676,0.052,,30,-0.31061528437218977,,,
mesh_heldout,PRIMARY,all,E_cent,s,pp,s_pp,30,72,30,False,D_-3_-1,-0.3135453604508992,-0.8326782272687294,0.1615517993193307,0.197,,90,-0.21527537230156665,,0.2527850391216788,0.45074224021592446
mesh_heldout,PRIMARY,all,E_cent,k,raw,k,30,72,30,False,-5,-5.072222222222222,-9.72861111111111,-1.0166666666666666,0.013,,30,-0.11582291207306444,,,
mesh_heldout,PRIMARY,all,E_cent,k,raw,k,30,72,30,False,-4,-4.144444444444445,-8.290138888888889,-0.322083333333334,0.032,,30,-0.0946373410805105,,,
mesh_heldout,PRIMARY,all,E_cent,k,raw,k,30,72,30,False,-3,-0.933333333333334,-4.83361111111111,2.839166666666665,0.642,,30,-0.021312430699096212,,,
mesh_heldout,PRIMARY,all,E_cent,k,raw,k,30,72,30,False,-2,0.7222222222222221,-3.890416666666665,5.505694444444444,0.771,,30,0.016491761850491102,,,
mesh_heldout,PRIMARY,all,E_cent,k,raw,k,30,72,30,False,-1,-0.17777777777777762,-4.056388888888888,3.911388888888887,0.918,,30,-0.004059510609351653,,,
mesh_heldout,PRIMARY,all,E_cent,k,raw,k,30,72,30,False,D_-3_-1,-0.12962962962962984,-3.9581944444444446,3.6064351851851804,0.936,,90,-0.0029600598193189214,,1.9569952666419819,0.9600000000000001
mesh_heldout,PRIMARY,all,E_cent,k,pp,k_pp,30,72,30,False,-5,0.02170529859488186,-0.21170423764449178,0.24460844699014872,0.865,,29,0.06854898231990121,,,
mesh_heldout,PRIMARY,all,E_cent,k,pp,k_pp,30,72,30,False,-4,-0.08249436813726586,-0.22787644982233324,0.07824708452963987,0.31,,30,-0.2605310845281941,,,
mesh_heldout,PRIMARY,all,E_cent,k,pp,k_pp,30,72,30,False,-3,0.10802036406182536,-0.05202969628913787,0.2651302469781047,0.16,,30,0.34114647139705295,,,
mesh_heldout,PRIMARY,all,E_cent,k,pp,k_pp,30,72,30,False,-2,0.08535063853105178,-0.07215516650942128,0.2370926226948106,0.286,,30,0.2695516666624872,,,
mesh_heldout,PRIMARY,all,E_cent,k,pp,k_pp,30,72,30,False,-1,0.014489451119581935,-0.15228911892541525,0.16805292255903767,0.838,,30,0.04576012277737112,,,
mesh_heldout,PRIMARY,all,E_cent,k,pp,k_pp,30,72,30,False,D_-3_-1,0.06928681790415303,-0.07766933826295144,0.20755122885896,0.329,,90,0.21881942027897044,,0.07179813488188373,0.45074224021592446
mesh_heldout,PRIMARY,all,E_cent,wdeg_pctl,raw,wdeg_pctl,30,72,30,False,-5,-0.6817993588995466,-1.2479172223119783,-0.21585660773209414,0.001,,26,-0.12340991367304907,,,
mesh_heldout,PRIMARY,all,E_cent,wdeg_pctl,raw,wdeg_pctl,30,72,30,False,-4,-0.5910037672229741,-0.9768394726466013,-0.2311260853446118,0.002,,30,-0.10697534830650972,,,
mesh_heldout,PRIMARY,all,E_cent,wdeg_pctl,raw,wdeg_pctl,30,72,30,False,-3,-0.3738457688949432,-0.6696047140440647,-0.11844724698386445,0.003,,30,-0.06766840341537651,,,
mesh_heldout,PRIMARY,all,E_cent,wdeg_pctl,raw,wdeg_pctl,30,72,30,False,-2,-0.1896704557757186,-0.495089509532578,0.0771279084551653,0.173,,30,-0.03433152916334441,,,
mesh_heldout,PRIMARY,all,E_cent,wdeg_pctl,raw,wdeg_pctl,30,72,30,False,-1,-0.18104261659231355,-0.42367857235386847,0.061715158968727556,0.147,,30,-0.032769836746197614,,,
mesh_heldout,PRIMARY,all,E_cent,wdeg_pctl,raw,wdeg_pctl,30,72,30,False,D_-3_-1,-0.24818628042099178,-0.5095013795110374,-0.03248628887602171,0.025,,90,-0.04492325644163951,,0.1210956098732482,0.3333333333333333
mesh_heldout,PRIMARY,all,E_cent,wdeg_pctl_focal,raw,wdeg_pctl_focal,30,72,30,False,-5,-9.312500375848034,-17.05538825682027,-2.168833924918624,0.005,,26,-0.3332904361523728,,,
mesh_heldout,PRIMARY,all,E_cent,wdeg_pctl_focal,raw,wdeg_pctl_focal,30,72,30,False,-4,-9.066259394607078,-16.55654747132015,-1.9908455368042126,0.009,,30,-0.32447757594039,,,
mesh_heldout,PRIMARY,all,E_cent,wdeg_pctl_focal,raw,wdeg_pctl_focal,30,72,30,False,-3,-6.005445614319275,-12.333141787275354,-0.3453188293156688,0.036,,30,-0.21493234977760267,,,
mesh_heldout,PRIMARY,all,E_cent,wdeg_pctl_focal,raw,wdeg_pctl_focal,30,72,30,False,-2,-3.0271372838277557,-9.173711958477304,2.634344325394675,0.295,,30,-0.1083399586470552,,,
mesh_heldout,PRIMARY,all,E_cent,wdeg_pctl_focal,raw,wdeg_pctl_focal,30,72,30,False,-1,-5.034350354620031,-9.40943781874023,-0.9516434921698599,0.015,,30,-0.18017726257351874,,,
mesh_heldout,PRIMARY,all,E_cent,wdeg_pctl_focal,raw,wdeg_pctl_focal,30,72,30,False,D_-3_-1,-4.688977750922354,-9.853878283614323,-0.07950851671982814,0.044,,90,-0.16781652366605887,,2.4889877448719013,0.3384615384615385
mesh_heldout,PRIMARY,all,E_cent,dpctl_focal,raw,dpctl_focal,30,72,30,False,-5,-1.403329335109024,-5.28245688743641,2.066574828342113,0.428,,25,-0.187377252840346,,,
mesh_heldout,PRIMARY,all,E_cent,dpctl_focal,raw,dpctl_focal,30,72,30,False,-4,3.8872385398819223,-1.399406223582567,9.177151214881311,0.148,,26,0.5190371643457484,,,
mesh_heldout,PRIMARY,all,E_cent,dpctl_focal,raw,dpctl_focal,30,72,30,False,-3,2.680222149696172,-0.5760094826881462,5.973750339819747,0.101,,30,0.35787227619872897,,,
mesh_heldout,PRIMARY,all,E_cent,dpctl_focal,raw,dpctl_focal,30,72,30,False,-2,2.203604446645468,-0.8615933254142286,5.255660493473549,0.174,,30,0.2942326774114789,,,
mesh_heldout,PRIMARY,all,E_cent,dpctl_focal,raw,dpctl_focal,30,72,30,False,-1,-2.0072130707922735,-5.458711334753369,1.7278127273867605,0.282,,30,-0.2680098403565915,,,
mesh_heldout,PRIMARY,all,E_cent,dpctl_focal,raw,dpctl_focal,30,72,30,False,D_-3_-1,0.9588711751831221,-1.5120453495136195,3.418371593586328,0.445,,90,0.12803170441787212,,1.2611107598975024,0.57125
mesh_heldout,PRIMARY,all,E_cent,growth,raw,growth,30,72,30,False,-5,-0.0021883137349269703,-0.3669842721958158,0.35397926752232345,0.986,,30,-0.006629903507021444,,,
mesh_heldout,PRIMARY,all,E_cent,growth,raw,growth,30,72,30,False,-4,0.24734292434837693,-0.10942267563849241,0.6323334891954108,0.173,,30,0.7493713974376578,,,
mesh_heldout,PRIMARY,all,E_cent,growth,raw,growth,30,72,30,False,-3,0.17161221711042135,-0.024217627507987678,0.3757970317030502,0.098,,30,0.5199311332321727,,,
mesh_heldout,PRIMARY,all,E_cent,growth,raw,growth,30,72,30,False,-2,-0.023894836689576156,-0.23391124576931108,0.17450612514771194,0.841,,30,-0.07239385241678453,,,
mesh_heldout,PRIMARY,all,E_cent,growth,raw,growth,30,72,30,False,-1,-0.07674397855445013,-0.23691716976828525,0.09960628304195455,0.366,,30,-0.23251015813685763,,,
mesh_heldout,PRIMARY,all,E_cent,growth,raw,growth,30,72,30,False,D_-3_-1,0.02365780062213169,-0.1075259619233853,0.15625548887525395,0.715,,90,0.07167570755951018,,0.0662117875382508,0.8171428571428571
mesh_heldout,PRIMARY,all,E_cent,growth,pp,growth_num_pp,30,72,30,False,-5,-0.08866600178770141,-0.8666919609770932,0.6621260939542516,0.831,,29,-0.05661458620442547,,,
mesh_heldout,PRIMARY,all,E_cent,growth,pp,growth_num_pp,30,72,30,False,-4,0.2687241656428801,-0.5756018435526133,1.2373365132510141,0.58,,30,0.17158445327701008,,,
mesh_heldout,PRIMARY,all,E_cent,growth,pp,growth_num_pp,30,72,30,False,-3,0.6000842373205383,-0.07709555603201933,1.3394883439243035,0.082,,30,0.3831628820373052,,,
mesh_heldout,PRIMARY,all,E_cent,growth,pp,growth_num_pp,30,72,30,False,-2,0.3169292109741455,-0.29117263399800075,1.0036929260982443,0.33,,30,0.20236410544774447,,,
mesh_heldout,PRIMARY,all,E_cent,growth,pp,growth_num_pp,30,72,30,False,-1,-0.1573247551415695,-0.8356350260593348,0.4857874216970882,0.638,,30,-0.10045424099959767,,,
mesh_heldout,PRIMARY,all,E_cent,growth,pp,growth_num_pp,30,72,30,False,D_-3_-1,0.25322956438437144,-0.23912888224273796,0.794313698863337,0.317,,90,0.16169091549515066,,0.2586002519365247,0.45074224021592446
mesh_heldout,PRIMARY,all,E_cent,new_rel_count,raw,new_rel_count,30,72,30,False,-5,-0.4944444444444444,-1.7779166666666668,0.85,0.45,,30,-0.04419350651367182,,,
mesh_heldout,PRIMARY,all,E_cent,new_rel_count,raw,new_rel_count,30,72,30,False,-4,0.027777777777777797,-2.0668055555555553,2.155694444444444,0.985,,30,0.0024827812648130256,,,
mesh_heldout,PRIMARY,all,E_cent,new_rel_count,raw,new_rel_count,30,72,30,False,-3,1.2555555555555553,-0.4666666666666667,3.1501388888888884,0.168,,30,0.11222171316954865,,,
mesh_heldout,PRIMARY,all,E_cent,new_rel_count,raw,new_rel_count,30,72,30,False,-2,0.9777777777777776,-0.8731944444444445,2.911111111111111,0.3,,30,0.08739390052141842,,,
mesh_heldout,PRIMARY,all,E_cent,new_rel_count,raw,new_rel_count,30,72,30,False,-1,0.3611111111111112,-1.133333333333333,1.8888888888888888,0.663,,30,0.032276156442569315,,,
mesh_heldout,PRIMARY,all,E_cent,new_rel_count,raw,new_rel_count,30,72,30,False,D_-3_-1,0.8648148148148147,-0.39263888888888887,2.2667129629629623,0.202,,90,0.07729725671117879,,0.6844650162653192,0.45074224021592446
mesh_heldout,PRIMARY,all,E_cent,new_rel_count,pp,new_rel_pp,30,72,30,False,-5,0.08225131711078085,-0.08202232889110686,0.24312788653257283,0.343,,29,0.49962294675974256,,,
mesh_heldout,PRIMARY,all,E_cent,new_rel_count,pp,new_rel_pp,30,72,30,False,-4,0.019597776411699987,-0.11638368465980377,0.15933921513821586,0.754,,30,0.11904367181821979,,,
mesh_heldout,PRIMARY,all,E_cent,new_rel_count,pp,new_rel_pp,30,72,30,False,-3,0.09006819331505886,-0.0008785479102968723,0.19394391823684762,0.053,,30,0.5471053562921924,,,
mesh_heldout,PRIMARY,all,E_cent,new_rel_count,pp,new_rel_pp,30,72,30,False,-2,0.04722337061773848,-0.03746868944914357,0.14377118824312,0.294,,30,0.28685108534109355,,,
mesh_heldout,PRIMARY,all,E_cent,new_rel_count,pp,new_rel_pp,30,72,30,False,-1,0.028463253600055572,-0.04612498576257161,0.10684402134755377,0.485,,30,0.17289564638674526,,,
mesh_heldout,PRIMARY,all,E_cent,new_rel_count,pp,new_rel_pp,30,72,30,False,D_-3_-1,0.05525160584428431,-0.004074295608993795,0.12238072718128742,0.066,,90,0.33561736267334374,,0.032439565809083686,0.3384615384615385
mesh_heldout,PRIMARY,all,E_cent,new_rel_rate,raw,new_rel_rate,30,72,30,False,-5,0.0801577858725243,0.0015406888550317426,0.16749176357840156,0.048,,26,0.6389234927905555,,,
mesh_heldout,PRIMARY,all,E_cent,new_rel_rate,raw,new_rel_rate,30,72,30,False,-4,0.07995129091184612,-0.039320464136045286,0.20444097386657356,0.196,,30,0.6372775580870949,,,
mesh_heldout,PRIMARY,all,E_cent,new_rel_rate,raw,new_rel_rate,30,72,30,False,-3,0.046328441082762066,-0.028107709227168258,0.12555134637036314,0.231,,30,0.3692757861252991,,,
mesh_heldout,PRIMARY,all,E_cent,new_rel_rate,raw,new_rel_rate,30,72,30,False,-2,0.02636375174333989,-0.03596622961436872,0.09287818390774001,0.471,,30,0.21014078874016884,,,
mesh_heldout,PRIMARY,all,E_cent,new_rel_rate,raw,new_rel_rate,30,72,30,False,-1,0.017374726310807487,-0.03918571470402412,0.07703425081180973,0.572,,30,0.13849086149204898,,,
mesh_heldout,PRIMARY,all,E_cent,new_rel_rate,raw,new_rel_rate,30,72,30,False,D_-3_-1,0.030022306378969812,-0.014237771760490802,0.0711481904269761,0.188,,90,0.23930247878583896,,0.02213236152792694,0.45074224021592446
mesh_heldout,PRIMARY,all,E_cent,new_rel_rate,volres,new_rel_rate_volres,30,72,30,False,-5,0.06393672441529293,-0.0254132415543898,0.15300579224866653,0.16,,26,0.42923957695078846,,,
mesh_heldout,PRIMARY,all,E_cent,new_rel_rate,volres,new_rel_rate_volres,30,72,30,False,-4,0.06782602365355289,-0.048869878410327465,0.1873822350707202,0.267,,30,0.4553504103557356,,,
mesh_heldout,PRIMARY,all,E_cent,new_rel_rate,volres,new_rel_rate_volres,30,72,30,False,-3,0.037620150156911156,-0.03974070770522505,0.11415288972513846,0.33,,30,0.25256310025033524,,,
mesh_heldout,PRIMARY,all,E_cent,new_rel_rate,volres,new_rel_rate_volres,30,72,30,False,-2,0.025841096954226934,-0.035605555937891144,0.08907177107775478,0.449,,30,0.17348435701100123,,,
mesh_heldout,PRIMARY,all,E_cent,new_rel_rate,volres,new_rel_rate_volres,30,72,30,False,-1,0.015981328776236585,-0.037872040994680514,0.07251021708718867,0.55,,30,0.10729074511959928,,,
mesh_heldout,PRIMARY,all,E_cent,new_rel_rate,volres,new_rel_rate_volres,30,72,30,False,D_-3_-1,0.026480858629124897,-0.01591273389000976,0.07175065399582246,0.211,,90,0.1777794007936453,,0.022011536763799227,0.45074224021592446
mesh_heldout,PRIMARY,all,E_cent,nbr_novelty,raw,nbr_novelty,30,72,30,False,-5,-0.023507662318651465,-0.07843981489967156,0.020060917190398913,0.344,,26,-0.9222871683741307,,,
mesh_heldout,PRIMARY,all,E_cent,nbr_novelty,raw,nbr_novelty,30,72,30,False,-4,0.007244491300381202,-0.03198588421064138,0.05508788771550641,0.781,,30,0.2842265333392322,,,
mesh_heldout,PRIMARY,all,E_cent,nbr_novelty,raw,nbr_novelty,30,72,30,False,-3,0.0003883892624148824,-0.01600051511492384,0.017346812037372913,0.985,,30,0.015237858541779831,,,
mesh_heldout,PRIMARY,all,E_cent,nbr_novelty,raw,nbr_novelty,30,72,30,False,-2,0.0025328169391942977,-0.009218693702660001,0.017288252636320053,0.721,,30,0.09937119783306242,,,
mesh_heldout,PRIMARY,all,E_cent,nbr_novelty,raw,nbr_novelty,30,72,30,False,-1,0.004583572741618718,-0.009706980515601203,0.021223330088200758,0.632,,30,0.17982946443595524,,,
mesh_heldout,PRIMARY,all,E_cent,nbr_novelty,raw,nbr_novelty,30,72,30,False,D_-3_-1,0.002501592981075966,-0.00865905423578874,0.014629712041898188,0.702,,90,0.09814617360359916,,0.005960708866021235,0.8171428571428571
mesh_heldout,PRIMARY,all,E_cent,nbr_novelty,volres,nbr_novelty_volres,30,72,30,False,-5,-0.02925224720527096,-0.07907220650187413,0.012804034821424021,0.189,,26,-0.8195442632186837,,,
mesh_heldout,PRIMARY,all,E_cent,nbr_novelty,volres,nbr_novelty_volres,30,72,30,False,-4,0.0029504056622825328,-0.03539109152744843,0.044749172312357054,0.948,,30,0.08265990703975297,,,
mesh_heldout,PRIMARY,all,E_cent,nbr_novelty,volres,nbr_novelty_volres,30,72,30,False,-3,-0.002695596121206671,-0.021737095703294684,0.014221734673942233,0.753,,30,-0.07552104703570926,,,
mesh_heldout,PRIMARY,all,E_cent,nbr_novelty,volres,nbr_novelty_volres,30,72,30,False,-2,0.002347722097505066,-0.011241229686092266,0.016517474378821218,0.777,,30,0.06577485015562551,,,
mesh_heldout,PRIMARY,all,E_cent,nbr_novelty,volres,nbr_novelty_volres,30,72,30,False,-1,0.004090109940848647,-0.010542342321727443,0.02284603931370578,0.652,,30,0.11459038050766293,,,
mesh_heldout,PRIMARY,all,E_cent,nbr_novelty,volres,nbr_novelty_volres,30,72,30,False,D_-3_-1,0.0012474119723823473,-0.011555825097015852,0.01288969938988157,0.852,,90,0.034948061209193054,,0.006326111537370253,0.8968421052631579
mesh_heldout,PRIMARY,all,E_cent,beta_sor,raw,beta_sor,30,72,30,False,-5,0.05479927900182489,-0.024362374978732587,0.13540367439304832,0.185,,27,0.5622421559043856,,,
mesh_heldout,PRIMARY,all,E_cent,beta_sor,raw,beta_sor,30,72,30,False,-4,0.08443891092168412,-0.019664118765618747,0.1900084273431399,0.115,,30,0.8663456195700142,,,
mesh_heldout,PRIMARY,all,E_cent,beta_sor,raw,beta_sor,30,72,30,False,-3,0.01990919683315044,-0.04783735766759466,0.09321342041220067,0.612,,30,0.2042689238561424,,,
mesh_heldout,PRIMARY,all,E_cent,beta_sor,raw,beta_sor,30,72,30,False,-2,-0.026704292358703585,-0.08191096399533872,0.0325582909945228,0.358,,30,-0.2739867965627526,,,
mesh_heldout,PRIMARY,all,E_cent,beta_sor,raw,beta_sor,30,72,30,False,-1,0.02221552457494804,-0.021340822399537822,0.06811798627004062,0.345,,30,0.227931911862375,,,
mesh_heldout,PRIMARY,all,E_cent,beta_sor,raw,beta_sor,30,72,30,False,D_-3_-1,0.0051401430164649655,-0.02747041202106313,0.04246910889483422,0.833,,90,0.0527380130519216,,0.01819289211371594,0.8968421052631579
mesh_heldout,PRIMARY,all,E_cent,beta_sor,volres,beta_sor_volres,30,72,30,False,-5,0.030640802723415916,-0.04250329399999739,0.1094396471443703,0.432,,27,0.2801412947365958,,,
mesh_heldout,PRIMARY,all,E_cent,beta_sor,volres,beta_sor_volres,30,72,30,False,-4,0.06976042622517278,-0.027561611253511115,0.16247899510146072,0.159,,30,0.6378023546087438,,,
mesh_heldout,PRIMARY,all,E_cent,beta_sor,volres,beta_sor_volres,30,72,30,False,-3,0.009367201150503195,-0.06048514662108196,0.08114214574510384,0.835,,30,0.08564200755598056,,,
mesh_heldout,PRIMARY,all,E_cent,beta_sor,volres,beta_sor_volres,30,72,30,False,-2,-0.02733700256295131,-0.07974083766726177,0.02431076942776932,0.275,,30,-0.24993546550757795,,,
mesh_heldout,PRIMARY,all,E_cent,beta_sor,volres,beta_sor_volres,30,72,30,False,-1,0.020528719331676666,-0.020327711831875022,0.062288967059353155,0.357,,30,0.1876890127446033,,,
mesh_heldout,PRIMARY,all,E_cent,beta_sor,volres,beta_sor_volres,30,72,30,False,D_-3_-1,0.0008529726397428506,-0.031070518805010012,0.0340250063845582,0.975,,90,0.007798518264335309,,0.017232725331297626,0.975
mesh_heldout,PRIMARY,all,E_cent,beta_sim,raw,beta_sim,30,72,30,False,-5,-0.048325044153036185,-0.09649516310730459,-0.00037181585154261914,0.049,,27,-0.5356486907472549,,,
mesh_heldout,PRIMARY,all,E_cent,beta_sim,raw,beta_sim,30,72,30,False,-4,-0.008574564320509119,-0.05327940522693785,0.04111111131745256,0.68,,30,-0.09504293751835645,,,
mesh_heldout,PRIMARY,all,E_cent,beta_sim,raw,beta_sim,30,72,30,False,-3,-0.0003295059178274532,-0.06759760984673525,0.08400297566086459,0.959,,30,-0.003652338380050061,,,
mesh_heldout,PRIMARY,all,E_cent,beta_sim,raw,beta_sim,30,72,30,False,-2,0.02201740431919146,-0.017193926295586012,0.06370721439004938,0.286,,30,0.24404724307917444,,,
mesh_heldout,PRIMARY,all,E_cent,beta_sim,raw,beta_sim,30,72,30,False,-1,0.026088825665567757,-0.023560488340236094,0.07715082678414965,0.319,,30,0.28917604848203243,,,
mesh_heldout,PRIMARY,all,E_cent,beta_sim,raw,beta_sim,30,72,30,False,D_-3_-1,0.01592557468897725,-0.01521159119711378,0.04877769299438921,0.32,,90,0.17652365106038556,,0.01651700602893013,0.45074224021592446
mesh_heldout,PRIMARY,all,E_cent,beta_sim,volres,beta_sim_volres,30,72,30,False,-5,-0.04248078775971827,-0.08971024487843224,0.004481005321162143,0.083,,27,-0.4492791907186497,,,
mesh_heldout,PRIMARY,all,E_cent,beta_sim,volres,beta_sim_volres,30,72,30,False,-4,-0.005023643846750864,-0.049231907949110226,0.039284654763409255,0.848,,30,-0.05313033870024262,,,
mesh_heldout,PRIMARY,all,E_cent,beta_sim,volres,beta_sim_volres,30,72,30,False,-3,0.002220742904019949,-0.06720914842380887,0.08457147455822502,0.968,,30,0.023486701337924614,,,
mesh_heldout,PRIMARY,all,E_cent,beta_sim,volres,beta_sim_volres,30,72,30,False,-2,0.02217046532410248,-0.01585442841103862,0.06220840627576263,0.254,,30,0.23447608304744647,,,
mesh_heldout,PRIMARY,all,E_cent,beta_sim,volres,beta_sim_volres,30,72,30,False,-1,0.02649688626565127,-0.022898460444949375,0.07894481760719856,0.308,,30,0.2802325532504404,,,
mesh_heldout,PRIMARY,all,E_cent,beta_sim,volres,beta_sim_volres,30,72,30,False,D_-3_-1,0.01696269816459123,-0.014055708886160779,0.050183269456385696,0.302,,90,0.1793984458786038,,0.01633205096655705,0.45074224021592446
mesh_heldout,PRIMARY,all,E_cent,beta_sne,raw,beta_sne,30,72,30,False,-5,0.10312432315486107,0.011170038723161893,0.19418919394153034,0.021,,27,1.1077065147560785,,,
mesh_heldout,PRIMARY,all,E_cent,beta_sne,raw,beta_sne,30,72,30,False,-4,0.09301347524219326,-0.03052794342488146,0.21821463904714447,0.132,,30,0.9991011754924085,,,
mesh_heldout,PRIMARY,all,E_cent,beta_sne,raw,beta_sne,30,72,30,False,-3,0.020238702750977913,-0.04511629685924471,0.08469062322209876,0.582,,30,0.21739335785801217,,,
mesh_heldout,PRIMARY,all,E_cent,beta_sne,raw,beta_sne,30,72,30,False,-2,-0.04872169667789506,-0.11192439831409753,0.013322059549759416,0.123,,30,-0.5233424973759931,,,
mesh_heldout,PRIMARY,all,E_cent,beta_sne,raw,beta_sne,30,72,30,False,-1,-0.003873301090619711,-0.0432549118671685,0.04239177884675004,0.824,,30,-0.04160493587190185,,,
mesh_heldout,PRIMARY,all,E_cent,beta_sne,raw,beta_sne,30,72,30,False,D_-3_-1,-0.010785431672512287,-0.043781232650140944,0.02327024931828642,0.534,,90,-0.11585135846329428,,0.01741256187141768,0.6472727272727272
mesh_heldout,PRIMARY,all,E_cent,beta_sne,volres,beta_sne_volres,30,72,30,False,-5,0.07312159048313421,-0.014221618352623328,0.16220264660097805,0.094,,27,0.5810060572932173,,,
mesh_heldout,PRIMARY,all,E_cent,beta_sne,volres,beta_sne_volres,30,72,30,False,-4,0.07478407007192364,-0.030333560524246655,0.19866916304293195,0.196,,30,0.5942157085717379,,,
mesh_heldout,PRIMARY,all,E_cent,beta_sne,volres,beta_sne_volres,30,72,30,False,-3,0.0071464582464832544,-0.05411691839462061,0.07407091144189606,0.74,,30,0.05678398817593473,,,
mesh_heldout,PRIMARY,all,E_cent,beta_sne,volres,beta_sne_volres,30,72,30,False,-2,-0.04950746788705378,-0.10289214329672225,0.0032062064664300487,0.069,,30,-0.39337408463868473,,,
mesh_heldout,PRIMARY,all,E_cent,beta_sne,volres,beta_sne_volres,30,72,30,False,-1,-0.005968166933974597,-0.04402951819001399,0.037013622354950676,0.722,,30,-0.047421577083667676,,,
mesh_heldout,PRIMARY,all,E_cent,beta_sne,volres,beta_sne_volres,30,72,30,False,D_-3_-1,-0.016109725524848375,-0.04375407011267253,0.013058128487727982,0.294,,90,-0.12800389118213923,,0.014618601119834478,0.45074224021592446
mesh_heldout,PRIMARY,all,E_cent,accretion_share,raw,accretion_share,30,72,30,True,-5,0.05409877405793192,-0.1990320586255467,0.3055505545032593,0.659,,27,0.12101162655615486,,,
mesh_heldout,PRIMARY,all,E_cent,accretion_share,raw,accretion_share,30,72,30,True,-4,-0.014291988079456187,-0.3004411294607952,0.2982024353739954,0.891,,30,-0.03196924060356949,,,
mesh_heldout,PRIMARY,all,E_cent,accretion_share,raw,accretion_share,30,72,30,True,-3,0.12320316577309795,-0.07288626191696648,0.32020825819424836,0.222,,30,0.2755887863762824,,,
mesh_heldout,PRIMARY,all,E_cent,accretion_share,raw,accretion_share,30,72,30,True,-2,0.14648874293843464,-0.10569027541721802,0.40373465536310105,0.257,,30,0.32767546702931843,,,
mesh_heldout,PRIMARY,all,E_cent,accretion_share,raw,accretion_share,30,72,30,True,-1,-0.05246565005702397,-0.2572299734897711,0.14812010718418522,0.614,,30,-0.11735854947337039,,,
mesh_heldout,PRIMARY,all,E_cent,accretion_share,raw,accretion_share,30,72,30,True,D_-3_-1,0.07240875288483621,-0.06443045000776394,0.2060657337873645,0.29,0.486,90,0.1619685679774102,0.41165708958860725,0.06826728686767389,0.45074224021592446
mesh_heldout,PRIMARY,all,E_cent,accretion_share,volres,accretion_share_volres,30,72,30,True,-5,0.043210559065565146,-0.2218629736482171,0.2752581785311874,0.749,,27,0.09419680589985596,,,
mesh_heldout,PRIMARY,all,E_cent,accretion_share,volres,accretion_share_volres,30,72,30,True,-4,-0.020907574894449943,-0.30323091206930936,0.2902927735812075,0.86,,30,-0.045577442568630305,,,
mesh_heldout,PRIMARY,all,E_cent,accretion_share,volres,accretion_share_volres,30,72,30,True,-3,0.11845189279882298,-0.08323490321329528,0.30947526110604906,0.249,,30,0.258219060241991,,,
mesh_heldout,PRIMARY,all,E_cent,accretion_share,volres,accretion_share_volres,30,72,30,True,-2,0.14620358071825468,-0.10813705113916172,0.4091966484491499,0.275,,30,0.31871631871007916,,,
mesh_heldout,PRIMARY,all,E_cent,accretion_share,volres,accretion_share_volres,30,72,30,True,-1,-0.05322589246334679,-0.25143778981811526,0.1352798451194963,0.573,,30,-0.1160297198101274,,,
mesh_heldout,PRIMARY,all,E_cent,accretion_share,volres,accretion_share_volres,30,72,30,True,D_-3_-1,0.07047652701791028,-0.0654256321143224,0.2028265162931461,0.278,,90,0.1536352197139809,,0.06680517695062155,0.45074224021592446
mesh_heldout,PRIMARY,all,E_cent,closure_lr,raw,closure_lr,30,72,30,True,-5,-0.3434596138469851,-0.6416596232772324,-0.027939312658085434,0.032,,26,-0.3433805944531575,,,
mesh_heldout,PRIMARY,all,E_cent,closure_lr,raw,closure_lr,30,72,30,True,-4,-0.5202139705024608,-0.8444410377092127,-0.20161593995461322,0.001,,30,-0.5200942854188222,,,
mesh_heldout,PRIMARY,all,E_cent,closure_lr,raw,closure_lr,30,72,30,True,-3,-0.08692641498504003,-0.3874438845003585,0.21901568960975182,0.571,,30,-0.08690641591573815,,,
mesh_heldout,PRIMARY,all,E_cent,closure_lr,raw,closure_lr,30,72,30,True,-2,-0.09341930589420643,-0.42176069874503536,0.23821824451186255,0.553,,30,-0.09339781301228976,,,
mesh_heldout,PRIMARY,all,E_cent,closure_lr,raw,closure_lr,30,72,30,True,-1,-0.26405983095990176,-0.5713284505466343,0.045847024527669346,0.086,,30,-0.2639990789910081,,,
mesh_heldout,PRIMARY,all,E_cent,closure_lr,raw,closure_lr,30,72,30,True,D_-3_-1,-0.14813518394638273,-0.39923629433807545,0.10548593877483282,0.243,0.486,90,-0.14810110263967866,0.4087285308025479,0.12883783857630807,0.45074224021592446
mesh_heldout,PRIMARY,all,E_cent,closure_lr,volres,closure_lr_volres,30,72,30,True,-5,-0.21029043350931134,-0.46079548777049834,0.04738125555092995,0.122,,26,-0.2953413730345212,,,
mesh_heldout,PRIMARY,all,E_cent,closure_lr,volres,closure_lr_volres,30,72,30,True,-4,-0.4206698126543746,-0.6910452231395338,-0.13614892622163238,0.001,,30,-0.5908076653330812,,,
mesh_heldout,PRIMARY,all,E_cent,closure_lr,volres,closure_lr_volres,30,72,30,True,-3,-0.015434424908115458,-0.30753764267230593,0.2952207627801094,0.894,,30,-0.02167680273558042,,,
mesh_heldout,PRIMARY,all,E_cent,closure_lr,volres,closure_lr_volres,30,72,30,True,-2,-0.089128494836666,-0.35783174890493397,0.19137911843963318,0.531,,30,-0.12517607958802182,,,
mesh_heldout,PRIMARY,all,E_cent,closure_lr,volres,closure_lr_volres,30,72,30,True,-1,-0.2526205297740586,-0.5500495761360424,0.04352646007652439,0.092,,30,-0.3547916701444957,,,
mesh_heldout,PRIMARY,all,E_cent,closure_lr,volres,closure_lr_volres,30,72,30,True,D_-3_-1,-0.11906114983961336,-0.3358702035842847,0.13422663977998606,0.304,,90,-0.16721485082269932,,0.11884002892473383,0.45074224021592446
mesh_heldout,PRIMARY,all,E_cent,rewire_z,raw,rewire_z,30,72,4,False,-5,,,,,,0,,,,
mesh_heldout,PRIMARY,all,E_cent,rewire_z,raw,rewire_z,30,72,4,False,-4,,,,,,0,,,,
mesh_heldout,PRIMARY,all,E_cent,rewire_z,raw,rewire_z,30,72,4,False,-3,6.790853997253585,6.790853997253585,6.790853997253585,0.0,,1,0.2823890863743362,,,
mesh_heldout,PRIMARY,all,E_cent,rewire_z,raw,rewire_z,30,72,4,False,-2,-5.331377273598898,-12.51226364025646,1.8495090930586642,0.5564516129032258,,2,-0.22169859019460122,,,
mesh_heldout,PRIMARY,all,E_cent,rewire_z,raw,rewire_z,30,72,4,False,-1,12.531366061749878,12.531366061749878,12.531366061749878,0.0,,1,0.5211010300959307,,,
mesh_heldout,PRIMARY,all,E_cent,rewire_z,raw,rewire_z,30,72,4,False,D_-3_-1,4.663614261801522,-12.51226364025646,12.531366061749878,0.33805668016194335,,4,0.1939305087585552,,4.919160485785992,0.45074224021592446
mesh_heldout,PRIMARY,all,E_cent,rewire_z,volres,rewire_z_volres,30,72,4,False,-5,,,,,,0,,,,
mesh_heldout,PRIMARY,all,E_cent,rewire_z,volres,rewire_z_volres,30,72,4,False,-4,,,,,,0,,,,
mesh_heldout,PRIMARY,all,E_cent,rewire_z,volres,rewire_z_volres,30,72,4,False,-3,6.790853997253585,6.790853997253585,6.790853997253585,0.0,,1,0.3286971499136618,,,
mesh_heldout,PRIMARY,all,E_cent,rewire_z,volres,rewire_z_volres,30,72,4,False,-2,0.7285034603252711,-5.473270692176911,6.930277612827453,0.8114285714285714,,2,0.035261693331648754,,,
mesh_heldout,PRIMARY,all,E_cent,rewire_z,volres,rewire_z_volres,30,72,4,False,-1,17.063465241151533,17.063465241151533,17.063465241151533,0.0,,1,0.8259215107092077,,,
mesh_heldout,PRIMARY,all,E_cent,rewire_z,volres,rewire_z_volres,30,72,4,False,D_-3_-1,8.19427423291013,-5.473270692176911,17.063465241151533,0.09919028340080972,,4,0.39662678465150614,,4.238278602908323,0.3384615384615385
mesh_heldout,PRIMARY,all,E_cent,P,raw,P,30,72,30,False,-5,0.03737814978294961,-0.04724562758181376,0.11838081578792216,0.389,,26,0.2559914452282347,,,
mesh_heldout,PRIMARY,all,E_cent,P,raw,P,30,72,30,False,-4,-0.06649024221015588,-0.15689253986460336,0.012106153685226297,0.105,,30,-0.4553712073976823,,,
mesh_heldout,PRIMARY,all,E_cent,P,raw,P,30,72,30,False,-3,0.009053792632721531,-0.07109794861359515,0.08263628992995484,0.803,,30,0.06200663955561456,,,
mesh_heldout,PRIMARY,all,E_cent,P,raw,P,30,72,30,False,-2,0.048665010973737474,-0.008028652281100281,0.11003622707856311,0.099,,30,0.33329168414049515,,,
mesh_heldout,PRIMARY,all,E_cent,P,raw,P,30,72,30,False,-1,0.0876915169507597,0.01394515478534582,0.1718931250507647,0.022,,30,0.6005722136819412,,,
mesh_heldout,PRIMARY,all,E_cent,P,raw,P,30,72,30,False,D_-3_-1,0.048470106852406235,-0.011276435987305003,0.10932456677323331,0.119,,90,0.33195684579268364,,0.0304894356518611,0.33999999999999997
mesh_heldout,PRIMARY,all,E_cent,P,volres,P_volres,30,72,30,False,-5,0.05388302130581143,-0.03408676640979038,0.13213620434831277,0.195,,26,0.36349861522777827,,,
mesh_heldout,PRIMARY,all,E_cent,P,volres,P_volres,30,72,30,False,-4,-0.05415282651105706,-0.13483350111685735,0.021762949108374247,0.177,,30,-0.3653187399370335,,,
mesh_heldout,PRIMARY,all,E_cent,P,volres,P_volres,30,72,30,False,-3,0.017914447238699734,-0.05509868611337512,0.08554543811020442,0.604,,30,0.12085210899515997,,,
mesh_heldout,PRIMARY,all,E_cent,P,volres,P_volres,30,72,30,False,-2,0.049196810336427886,-0.0033724420261244323,0.10446717913287444,0.067,,30,0.3318851095862076,,,
mesh_heldout,PRIMARY,all,E_cent,P,volres,P_volres,30,72,30,False,-1,0.08910929391615756,0.01912208484559288,0.16723508815130605,0.014,,30,0.6011375041242332,,,
mesh_heldout,PRIMARY,all,E_cent,P,volres,P_volres,30,72,30,False,D_-3_-1,0.05207351716376172,-0.00043379253497512964,0.10473413217644335,0.052,,90,0.3512915742352002,,0.026416610509406187,0.3384615384615385
mesh_heldout,PRIMARY,all,E_cent,z_within,raw,z_within,30,72,30,False,-5,-0.004888295168099932,-0.056567066063701904,0.041147096193114546,0.839,,26,-0.033956258222573955,,,
mesh_heldout,PRIMARY,all,E_cent,z_within,raw,z_within,30,72,30,False,-4,0.026323264626745644,-0.02026327583812922,0.07112304997897032,0.27,,30,0.18285302752582247,,,
mesh_heldout,PRIMARY,all,E_cent,z_within,raw,z_within,30,72,30,False,-3,-0.048710328685738546,-0.13114246818016667,0.021237778846923325,0.202,,30,-0.33836346662394834,,,
mesh_heldout,PRIMARY,all,E_cent,z_within,raw,z_within,30,72,30,False,-2,-0.029775982150869584,-0.10625919143179788,0.03767747285537653,0.419,,30,-0.20683712909641772,,,
mesh_heldout,PRIMARY,all,E_cent,z_within,raw,z_within,30,72,30,False,-1,-0.03153817540318742,-0.09457755124074808,0.025300775723452153,0.291,,30,-0.21907810208517456,,,
mesh_heldout,PRIMARY,all,E_cent,z_within,raw,z_within,30,72,30,False,D_-3_-1,-0.03667482874659852,-0.08284487854096009,0.007418570928830664,0.099,,90,-0.25475956593518023,,0.022840249784001763,0.3384615384615385
mesh_heldout,PRIMARY,all,E_cent,z_within,volres,z_within_volres,30,72,30,False,-5,-0.0026082199579388907,-0.0529359922722722,0.042839669490337386,0.904,,26,-0.018122677375035343,,,
mesh_heldout,PRIMARY,all,E_cent,z_within,volres,z_within_volres,30,72,30,False,-4,0.028027624194404303,-0.020366941108353503,0.07597003341768484,0.209,,30,0.1947441546553125,,,
mesh_heldout,PRIMARY,all,E_cent,z_within,volres,z_within_volres,30,72,30,False,-3,-0.04748626832968513,-0.13069475351344018,0.02225465555927085,0.229,,30,-0.32994852219569015,,,
mesh_heldout,PRIMARY,all,E_cent,z_within,volres,z_within_volres,30,72,30,False,-2,-0.029702516414285684,-0.10190963433685668,0.03980631703618926,0.445,,30,-0.20638179711965954,,,
mesh_heldout,PRIMARY,all,E_cent,z_within,volres,z_within_volres,30,72,30,False,-1,-0.03134231576817827,-0.09519814781768751,0.02614408111213088,0.313,,30,-0.21777560405681315,,,
mesh_heldout,PRIMARY,all,E_cent,z_within,volres,z_within_volres,30,72,30,False,D_-3_-1,-0.036177033504049695,-0.08129840197982985,0.008848369125004255,0.11,,90,-0.25136864112405427,,0.023048726537812075,0.3384615384615385
mesh_heldout,PRIMARY,all,E_cent,betw,raw,betw,30,72,30,False,-5,-1.8318253635327598e-06,-4.510411555789008e-06,4.301310807219208e-07,0.146,,29,-0.02638326502045875,,,
mesh_heldout,PRIMARY,all,E_cent,betw,raw,betw,30,72,30,False,-4,-2.1091217235123296e-06,-3.7780279294957282e-06,-6.481581087210784e-07,0.007,,30,-0.030377086429525992,,,
mesh_heldout,PRIMARY,all,E_cent,betw,raw,betw,30,72,30,False,-3,1.0713249642605373e-06,-2.547469084152102e-06,6.447665249822238e-06,0.666,,30,0.015429991863748846,,,
mesh_heldout,PRIMARY,all,E_cent,betw,raw,betw,30,72,30,False,-2,-6.453773497365337e-07,-4.774507785084382e-06,3.4413169963612276e-06,0.772,,30,-0.009295188283375765,,,
mesh_heldout,PRIMARY,all,E_cent,betw,raw,betw,30,72,30,False,-1,5.41737381287137e-07,-3.4897141349271835e-06,4.846439779879757e-06,0.832,,30,0.007802490994241677,,,
mesh_heldout,PRIMARY,all,E_cent,betw,raw,betw,30,72,30,False,D_-3_-1,3.225616652703802e-07,-2.8370039517028583e-06,3.934158343209263e-06,0.822,,90,0.004645764858204919,,1.7197055561300522e-06,0.8968421052631579
mesh_heldout,PRIMARY,all,E_cent,dP,raw,dP,30,72,30,True,-5,-0.008373603625501767,-0.11621636162219193,0.10878235452032392,0.868,,25,-0.058112962085979415,,,
mesh_heldout,PRIMARY,all,E_cent,dP,raw,dP,30,72,30,True,-4,-0.08014944597329943,-0.18806028073387798,0.03000229721978686,0.154,,26,-0.5562386188036818,,,
mesh_heldout,PRIMARY,all,E_cent,dP,raw,dP,30,72,30,True,-3,0.07589623822989022,0.0017694874777280602,0.15061628556263928,0.044,,30,0.5267212793891687,,,
mesh_heldout,PRIMARY,all,E_cent,dP,raw,dP,30,72,30,True,-2,0.03717677491467217,-0.030880771299890145,0.10564095432046915,0.311,,30,0.2580074968578268,,,
mesh_heldout,PRIMARY,all,E_cent,dP,raw,dP,30,72,30,True,-1,0.03902650597702225,-0.018420172609354635,0.0970708941830357,0.181,,30,0.27084466421170517,,,
mesh_heldout,PRIMARY,all,E_cent,dP,raw,dP,30,72,30,True,D_-3_-1,0.05069983970719488,0.014267641326450925,0.08705664256921108,0.005,0.015,90,0.3518578134862336,0.3579432378162783,0.018622993194766287,0.14
mesh_heldout,PRIMARY,all,E_cent,dP,volres,dP_volres,30,72,30,True,-5,-0.010921436745757232,-0.11859770741465606,0.09780977285134106,0.824,,25,-0.07576699097902719,,,
mesh_heldout,PRIMARY,all,E_cent,dP,volres,dP_volres,30,72,30,True,-4,-0.081254393978038,-0.18835309549207635,0.025225798218399823,0.136,,26,-0.5636988135221284,,,
mesh_heldout,PRIMARY,all,E_cent,dP,volres,dP_volres,30,72,30,True,-3,0.07448390632903239,0.004737612264791527,0.14861905392924296,0.034,,30,0.5167288508178068,,,
mesh_heldout,PRIMARY,all,E_cent,dP,volres,dP_volres,30,72,30,True,-2,0.036687604623317466,-0.02879544872175852,0.1057008472372201,0.293,,30,0.25451865658763934,,,
mesh_heldout,PRIMARY,all,E_cent,dP,volres,dP_volres,30,72,30,True,-1,0.03881293214432936,-0.020000823690309026,0.0966353272305856,0.21,,30,0.2692630235478329,,,
mesh_heldout,PRIMARY,all,E_cent,dP,volres,dP_volres,30,72,30,True,D_-3_-1,0.04999481436555974,0.013169590556965967,0.08788865922202496,0.007,,90,0.3468368436510931,,0.01869857650248621,0.14
mesh_heldout,PRIMARY,all,E_cent,dz,raw,dz,30,72,30,False,-5,0.06585332601951369,-0.01238992220713204,0.14293527980635062,0.106,,25,0.3509533924809386,,,
mesh_heldout,PRIMARY,all,E_cent,dz,raw,dz,30,72,30,False,-4,0.04381758768804782,0.0024641335648388192,0.08677138848770823,0.042,,26,0.2335179098606894,,,
mesh_heldout,PRIMARY,all,E_cent,dz,raw,dz,30,72,30,False,-3,-0.07517402326127591,-0.15526974219544906,0.0027524298817845987,0.057,,30,-0.40062636292915677,,,
mesh_heldout,PRIMARY,all,E_cent,dz,raw,dz,30,72,30,False,-2,0.024021334853135495,-0.07443956009469714,0.12857663385409995,0.637,,30,0.12801736021853202,,,
mesh_heldout,PRIMARY,all,E_cent,dz,raw,dz,30,72,30,False,-1,-0.0017621932523178387,-0.08586216549352232,0.08385751059741443,0.944,,30,-0.009391290273246115,,,
mesh_heldout,PRIMARY,all,E_cent,dz,raw,dz,30,72,30,False,D_-3_-1,-0.017638293886819416,-0.03855553495625261,0.004195837071309565,0.105,,90,-0.09400009766129028,,0.010739239874759483,0.3384615384615385
mesh_heldout,PRIMARY,all,E_cent,dbetw,raw,dbetw,30,72,30,False,-5,7.271639068353495e-07,-1.0804259517690217e-06,2.4540397834789867e-06,0.427,,26,0.017460113768889028,,,
mesh_heldout,PRIMARY,all,E_cent,dbetw,raw,dbetw,30,72,30,False,-4,-3.669819806804302e-07,-2.2789485860674117e-06,1.8214504170849552e-06,0.747,,29,-0.008811695786302821,,,
mesh_heldout,PRIMARY,all,E_cent,dbetw,raw,dbetw,30,72,30,False,-3,3.1841240764592217e-06,-2.791606817626904e-07,7.91806303389564e-06,0.078,,30,0.07645479665126591,,,
mesh_heldout,PRIMARY,all,E_cent,dbetw,raw,dbetw,30,72,30,False,-2,-1.728428277487159e-06,-6.377561952097454e-06,2.020239930271622e-06,0.411,,30,-0.04150172207752875,,,
mesh_heldout,PRIMARY,all,E_cent,dbetw,raw,dbetw,30,72,30,False,-1,1.1871147310236703e-06,-2.908135410796304e-06,5.267070278238881e-06,0.61,,30,0.02850410762355205,,,
mesh_heldout,PRIMARY,all,E_cent,dbetw,raw,dbetw,30,72,30,False,D_-3_-1,8.80936843331911e-07,-6.380851029006668e-07,2.3756397617902202e-06,0.264,,90,0.021152394065763067,,7.736556403863536e-07,0.45074224021592446
mesh_heldout,PRIMARY,all,E_cent,dpctl,raw,dpctl,30,72,30,False,-5,-0.07741997301270839,-0.24475515231883344,0.08397559703657902,0.337,,25,-0.05824536499856048,,,
mesh_heldout,PRIMARY,all,E_cent,dpctl,raw,dpctl,30,72,30,False,-4,0.1661386700857838,-0.09977955182454938,0.520803740486883,0.283,,26,0.12499109858813129,,,
mesh_heldout,PRIMARY,all,E_cent,dpctl,raw,dpctl,30,72,30,False,-3,0.20711265244339497,0.002771763736174369,0.44381750080929033,0.049,,30,0.15581705298974147,,,
mesh_heldout,PRIMARY,all,E_cent,dpctl,raw,dpctl,30,72,30,False,-2,0.15106947798293777,-0.022567252917034052,0.33458240745511997,0.094,,30,0.11365409393534463,,,
mesh_heldout,PRIMARY,all,E_cent,dpctl,raw,dpctl,30,72,30,False,-1,0.008627839183405076,-0.16718446273476903,0.18435532108994354,0.92,,30,0.006490981885305239,,,
mesh_heldout,PRIMARY,all,E_cent,dpctl,raw,dpctl,30,72,30,False,D_-3_-1,0.12226998986991261,-0.013937943957213372,0.2648402776648895,0.08,,90,0.09198737627013046,,0.07288203538635583,0.3384615384615385
mesh_heldout,PRIMARY,all,E_cent,dk,raw,dk,30,72,30,False,-5,-0.3277777777777778,-1.7833333333333325,1.077916666666666,0.666,,30,-0.02932213644156369,,,
mesh_heldout,PRIMARY,all,E_cent,dk,raw,dk,30,72,30,False,-4,0.9277777777777779,-2.1838888888888888,4.484027777777774,0.591,,30,0.08299655569052775,,,
mesh_heldout,PRIMARY,all,E_cent,dk,raw,dk,30,72,30,False,-3,3.2111111111111112,0.7722222222222223,6.016805555555556,0.003,,30,0.2872575400546409,,,
mesh_heldout,PRIMARY,all,E_cent,dk,raw,dk,30,72,30,False,-2,1.6555555555555554,-0.9112499999999999,4.239305555555553,0.201,,30,0.14810163829806744,,,
mesh_heldout,PRIMARY,all,E_cent,dk,raw,dk,30,72,30,False,-1,-0.9,-3.6723611111111114,1.511527777777775,0.477,,30,-0.08051162887344607,,,
mesh_heldout,PRIMARY,all,E_cent,dk,raw,dk,30,72,30,False,D_-3_-1,1.3222222222222224,-0.2522685185185185,2.977824074074074,0.098,,90,0.11828251649308744,,0.8138227258132256,0.3384615384615385
mesh_heldout,PRIMARY,all,E_cent,comm_change,raw,comm_change,30,72,30,False,-5,-0.08,-0.2,0.0,0.282,,25,-0.5619300190965877,,,
mesh_heldout,PRIMARY,all,E_cent,comm_change,raw,comm_change,30,72,30,False,-4,0.05128205128205129,0.0,0.11116071428571403,0.086,,26,0.36021155070294086,,,
mesh_heldout,PRIMARY,all,E_cent,comm_change,raw,comm_change,30,72,30,False,-3,-0.005555555555555554,-0.08333333333333333,0.061111111111111116,1.0,,30,-0.03902291799281858,,,
mesh_heldout,PRIMARY,all,E_cent,comm_change,raw,comm_change,30,72,30,False,-2,-0.03333333333333333,-0.1,0.0,0.762,,30,-0.23413750795691154,,,
mesh_heldout,PRIMARY,all,E_cent,comm_change,raw,comm_change,30,72,30,False,-1,-0.03333333333333333,-0.1,0.0,0.727,,30,-0.23413750795691154,,,
mesh_heldout,PRIMARY,all,E_cent,comm_change,raw,comm_change,30,72,30,False,D_-3_-1,-0.02407407407407407,-0.06666666666666667,0.011111111111111112,0.232,,90,-0.16909931130221387,,0.019610262983094286,0.45074224021592446
mesh_heldout,PRIMARY,all,E_cent,n_modules_touched,raw,n_modules_touched,30,72,30,False,-5,-1.5574712643678164,-3.298879310344828,-0.1204997947454857,0.033,,29,-0.17244401413128005,,,
mesh_heldout,PRIMARY,all,E_cent,n_modules_touched,raw,n_modules_touched,30,72,30,False,-4,-1.405555555555556,-3.0222222222222217,0.22222222222222218,0.085,,30,-0.15562382923508017,,,
mesh_heldout,PRIMARY,all,E_cent,n_modules_touched,raw,n_modules_touched,30,72,30,False,-3,0.31666666666666654,-1.233611111111111,1.861249999999999,0.724,,30,0.03506149512410895,,,
mesh_heldout,PRIMARY,all,E_cent,n_modules_touched,raw,n_modules_touched,30,72,30,False,-2,0.7222222222222224,-1.0115277777777776,2.522638888888886,0.416,,30,0.0799648134409503,,,
mesh_heldout,PRIMARY,all,E_cent,n_modules_touched,raw,n_modules_touched,30,72,30,False,-1,0.5944444444444447,-1.083611111111111,2.2890277777777763,0.489,,30,0.06581719260139755,,,
mesh_heldout,PRIMARY,all,E_cent,n_modules_touched,raw,n_modules_touched,30,72,30,False,D_-3_-1,0.5444444444444446,-0.9019444444444444,1.9629629629629628,0.457,,90,0.060281167055485606,,0.7215570962442488,0.57125
